solid OpenSCAD_Model
  facet normal -0.0462702 0.705598 -0.7071
    outer loop
      vertex 8.01945 99.4 0
      vertex 7.03433 99.3354 0
      vertex 8 100 0.599999
    endloop
  endfacet
  facet normal 0.0462481 -0.705613 -0.707086
    outer loop
      vertex 172 0 0.599999
      vertex 171.981 0.600006 0
      vertex 172.966 0.664566 0
    endloop
  endfacet
  facet normal -0.312741 -0.634184 -0.707109
    outer loop
      vertex 4.93854 0.608963 0.599999
      vertex 4.30064 1.59253 0
      vertex 5.16867 1.16447 0
    endloop
  endfacet
  facet normal -0.442281 -0.896876 0
    outer loop
      vertex 4 1.07179 0.599999
      vertex 4.93854 0.608963 23
      vertex 4 1.07179 23
    endloop
  endfacet
  facet normal -0.442281 -0.896876 -0
    outer loop
      vertex 4.93854 0.608963 23
      vertex 4 1.07179 0.599999
      vertex 4.93854 0.608963 0.599999
    endloop
  endfacet
  facet normal -0.0462175 0.70556 -0.707142
    outer loop
      vertex 7.03433 99.3354 0
      vertex 6.9558 99.9316 0.599999
      vertex 8 100 0.599999
    endloop
  endfacet
  facet normal -0.137954 -0.693519 -0.707106
    outer loop
      vertex 6.9558 0.0684357 0.599999
      vertex 5.92944 0.272598 0.599999
      vertex 6.08507 0.853394 0
    endloop
  endfacet
  facet normal 0 -0.707103 -0.707111
    outer loop
      vertex 172 0 0.599999
      vertex 8.01945 0.600006 0
      vertex 171.981 0.600006 0
    endloop
  endfacet
  facet normal 0 -0.707103 -0.707111
    outer loop
      vertex 8.01945 0.600006 0
      vertex 172 0 0.599999
      vertex 8 0 0.599999
    endloop
  endfacet
  facet normal -0.7056 0.0462442 -0.7071
    outer loop
      vertex 0.664566 92.9657 0
      vertex 0 92 0.599999
      vertex 0.0684357 93.0442 0.599999
    endloop
  endfacet
  facet normal -0.466221 -0.531636 -0.707107
    outer loop
      vertex 3.12991 1.65317 0.599999
      vertex 2.76831 2.76831 0
      vertex 3.49593 2.13022 0
    endloop
  endfacet
  facet normal -0.634177 0.312713 -0.707128
    outer loop
      vertex 1.16447 94.8313 0
      vertex 0.608963 95.0615 0.599999
      vertex 1.59253 95.6994 0
    endloop
  endfacet
  facet normal 0.58805 -0.392418 -0.707252
    outer loop
      vertex 178.928 4 0.599999
      vertex 177.87 3.49593 0
      vertex 178.407 4.30064 0
    endloop
  endfacet
  facet normal -0.392845 -0.587934 -0.707111
    outer loop
      vertex 4 1.07179 0.599999
      vertex 3.49593 2.13022 0
      vertex 4.30064 1.59253 0
    endloop
  endfacet
  facet normal -0.0462414 -0.705596 -0.707104
    outer loop
      vertex 8 0 0.599999
      vertex 7.03433 0.664566 0
      vertex 8.01945 0.600006 0
    endloop
  endfacet
  facet normal -0.312738 -0.634183 -0.707111
    outer loop
      vertex 4.93854 0.608963 0.599999
      vertex 4 1.07179 0.599999
      vertex 4.30064 1.59253 0
    endloop
  endfacet
  facet normal -0.751844 -0.659341 0
    outer loop
      vertex 2.34314 2.34314 0.599999
      vertex 1.65317 3.12991 23
      vertex 1.65317 3.12991 0.599999
    endloop
  endfacet
  facet normal -0.751844 -0.659341 0
    outer loop
      vertex 1.65317 3.12991 23
      vertex 2.34314 2.34314 0.599999
      vertex 2.34314 2.34314 23
    endloop
  endfacet
  facet normal -0.659341 -0.751844 0
    outer loop
      vertex 2.34314 2.34314 0.599999
      vertex 3.12991 1.65317 23
      vertex 2.34314 2.34314 23
    endloop
  endfacet
  facet normal -0.659341 -0.751844 -0
    outer loop
      vertex 3.12991 1.65317 23
      vertex 2.34314 2.34314 0.599999
      vertex 3.12991 1.65317 0.599999
    endloop
  endfacet
  facet normal -0.705595 0.0462375 -0.707106
    outer loop
      vertex 0.600006 91.9805 0
      vertex 0 92 0.599999
      vertex 0.664566 92.9657 0
    endloop
  endfacet
  facet normal -0.0462441 -0.705598 -0.707101
    outer loop
      vertex 8 0 0.599999
      vertex 6.9558 0.0684357 0.599999
      vertex 7.03433 0.664566 0
    endloop
  endfacet
  facet normal 0.75183 -0.659357 0
    outer loop
      vertex 177.657 2.34314 23
      vertex 178.347 3.12991 0.599999
      vertex 178.347 3.12991 23
    endloop
  endfacet
  facet normal 0.75183 -0.659357 0
    outer loop
      vertex 178.347 3.12991 0.599999
      vertex 177.657 2.34314 23
      vertex 177.657 2.34314 0.599999
    endloop
  endfacet
  facet normal 1 -0 0
    outer loop
      vertex 180 8 23
      vertex 180 92 0.599999
      vertex 180 92 23
    endloop
  endfacet
  facet normal 1 0 0
    outer loop
      vertex 180 92 0.599999
      vertex 180 8 23
      vertex 180 8 0.599999
    endloop
  endfacet
  facet normal -0.896876 -0.442281 0
    outer loop
      vertex 1.07179 4 0.599999
      vertex 0.608963 4.93854 23
      vertex 0.608963 4.93854 0.599999
    endloop
  endfacet
  facet normal -0.896876 -0.442281 0
    outer loop
      vertex 0.608963 4.93854 23
      vertex 1.07179 4 0.599999
      vertex 1.07179 4 23
    endloop
  endfacet
  facet normal 0.0462276 0.705579 -0.707121
    outer loop
      vertex 172.966 99.3354 0
      vertex 172 100 0.599999
      vertex 173.044 99.9316 0.599999
    endloop
  endfacet
  facet normal -0.137956 -0.693521 -0.707105
    outer loop
      vertex 6.9558 0.0684357 0.599999
      vertex 6.08507 0.853394 0
      vertex 7.03433 0.664566 0
    endloop
  endfacet
  facet normal 0 -1 0
    outer loop
      vertex 8 0 0.599999
      vertex 172 0 3.5
      vertex 8 0 3.5
    endloop
  endfacet
  facet normal 0 -1 -0
    outer loop
      vertex 172 0 3.5
      vertex 8 0 0.599999
      vertex 172 0 0.599999
    endloop
  endfacet
  facet normal 0 -1 0
    outer loop
      vertex 8 0 17.5
      vertex 172 0 23
      vertex 8 0 23
    endloop
  endfacet
  facet normal 0 -1 -0
    outer loop
      vertex 172 0 23
      vertex 8 0 17.5
      vertex 172 0 17.5
    endloop
  endfacet
  facet normal -0.693519 -0.137954 -0.707106
    outer loop
      vertex 0.272598 5.92944 0.599999
      vertex 0.0684357 6.9558 0.599999
      vertex 0.853394 6.08507 0
    endloop
  endfacet
  facet normal 0.705117 -0.0459184 -0.707603
    outer loop
      vertex 179.932 6.9558 0.599999
      vertex 179.335 7.03433 0
      vertex 180 8 0.599999
    endloop
  endfacet
  facet normal 0.466104 0.531772 -0.707083
    outer loop
      vertex 177.232 97.2317 0
      vertex 176.504 97.8698 0
      vertex 176.87 98.3468 0.599999
    endloop
  endfacet
  facet normal 0.980632 0.195859 0
    outer loop
      vertex 179.932 93.0442 23
      vertex 179.727 94.0706 0.599999
      vertex 179.727 94.0706 23
    endloop
  endfacet
  facet normal 0.980632 0.195859 0
    outer loop
      vertex 179.727 94.0706 0.599999
      vertex 179.932 93.0442 23
      vertex 179.932 93.0442 0.599999
    endloop
  endfacet
  facet normal 0 0.707106 -0.707107
    outer loop
      vertex 8.01945 99.4 0
      vertex 172 100 0.599999
      vertex 171.981 99.4 0
    endloop
  endfacet
  facet normal 0 0.707106 -0.707107
    outer loop
      vertex 172 100 0.599999
      vertex 8.01945 99.4 0
      vertex 8 100 0.599999
    endloop
  endfacet
  facet normal 0 1 0
    outer loop
      vertex 172 100 23
      vertex 43.4 100 20.6
      vertex 8 100 23
    endloop
  endfacet
  facet normal 0 1 0
    outer loop
      vertex 172 100 23
      vertex 43.661 100 20.5829
      vertex 43.4 100 20.6
    endloop
  endfacet
  facet normal 0 1 0
    outer loop
      vertex 172 100 23
      vertex 43.9176 100 20.5319
      vertex 43.661 100 20.5829
    endloop
  endfacet
  facet normal 0 1 0
    outer loop
      vertex 172 100 23
      vertex 44.1654 100 20.4478
      vertex 43.9176 100 20.5319
    endloop
  endfacet
  facet normal 0 1 0
    outer loop
      vertex 172 100 23
      vertex 44.4 100 20.3321
      vertex 44.1654 100 20.4478
    endloop
  endfacet
  facet normal 0 1 -0
    outer loop
      vertex 69.7676 100 10.4119
      vertex 44.4 100 20.3321
      vertex 172 100 23
    endloop
  endfacet
  facet normal -0 1 -0
    outer loop
      vertex 69.511 100 10.4629
      vertex 44.4 100 20.3321
      vertex 69.7676 100 10.4119
    endloop
  endfacet
  facet normal 0 1 0
    outer loop
      vertex 44.4 100 20.3321
      vertex 69.511 100 10.4629
      vertex 44.6175 100 20.1867
    endloop
  endfacet
  facet normal -0 1 -0
    outer loop
      vertex 69.25 100 10.48
      vertex 44.6175 100 20.1867
      vertex 69.511 100 10.4629
    endloop
  endfacet
  facet normal 0 1 0
    outer loop
      vertex 44.6175 100 20.1867
      vertex 69.25 100 10.48
      vertex 44.8142 100 20.0142
    endloop
  endfacet
  facet normal 0 1 0
    outer loop
      vertex 44.8142 100 20.0142
      vertex 69.25 100 10.48
      vertex 44.9867 100 19.8175
    endloop
  endfacet
  facet normal 0 1 -0
    outer loop
      vertex 59.75 100 10.48
      vertex 44.9867 100 19.8175
      vertex 69.25 100 10.48
    endloop
  endfacet
  facet normal 0 1 0
    outer loop
      vertex 44.9867 100 19.8175
      vertex 59.75 100 10.48
      vertex 45.1321 100 19.6
    endloop
  endfacet
  facet normal 0 1 0
    outer loop
      vertex 45.1321 100 19.6
      vertex 59.75 100 10.48
      vertex 45.2478 100 19.3654
    endloop
  endfacet
  facet normal 0 1 0
    outer loop
      vertex 45.2478 100 19.3654
      vertex 59.489 100 10.4629
      vertex 45.3319 100 19.1176
    endloop
  endfacet
  facet normal 0 1 -0
    outer loop
      vertex 59.2324 100 10.4119
      vertex 45.3319 100 19.1176
      vertex 59.489 100 10.4629
    endloop
  endfacet
  facet normal 0 1 0
    outer loop
      vertex 45.3319 100 19.1176
      vertex 59.2324 100 10.4119
      vertex 45.3829 100 18.861
    endloop
  endfacet
  facet normal 0 1 -0
    outer loop
      vertex 58.9846 100 10.3278
      vertex 45.3829 100 18.861
      vertex 59.2324 100 10.4119
    endloop
  endfacet
  facet normal 0 1 0
    outer loop
      vertex 45.3829 100 18.861
      vertex 58.9846 100 10.3278
      vertex 45.4 100 18.6
    endloop
  endfacet
  facet normal 0 1 -0
    outer loop
      vertex 58.75 100 10.2121
      vertex 45.4 100 18.6
      vertex 58.9846 100 10.3278
    endloop
  endfacet
  facet normal 0 1 -0
    outer loop
      vertex 58.5325 100 10.0667
      vertex 45.4 100 18.6
      vertex 58.75 100 10.2121
    endloop
  endfacet
  facet normal 0 1 -0
    outer loop
      vertex 58.3358 100 9.89421
      vertex 45.4 100 15
      vertex 58.5325 100 10.0667
    endloop
  endfacet
  facet normal 0 1 -0
    outer loop
      vertex 58.1633 100 9.69753
      vertex 45.4 100 15
      vertex 58.3358 100 9.89421
    endloop
  endfacet
  facet normal 0 1 0
    outer loop
      vertex 45.4 100 15
      vertex 58.1633 100 9.69753
      vertex 45.3829 100 14.739
    endloop
  endfacet
  facet normal 0 1 -0
    outer loop
      vertex 58.0179 100 9.48
      vertex 45.3829 100 14.739
      vertex 58.1633 100 9.69753
    endloop
  endfacet
  facet normal 0 1 0
    outer loop
      vertex 45.3319 100 14.4824
      vertex 57.9022 100 9.24537
      vertex 45.2478 100 14.2346
    endloop
  endfacet
  facet normal 0 1 -0
    outer loop
      vertex 57.9022 100 9.24537
      vertex 45.3319 100 14.4824
      vertex 58.0179 100 9.48
    endloop
  endfacet
  facet normal 0 1 0
    outer loop
      vertex 45.3829 100 14.739
      vertex 58.0179 100 9.48
      vertex 45.3319 100 14.4824
    endloop
  endfacet
  facet normal 0 1 0
    outer loop
      vertex 45.4 100 18.6
      vertex 58.5325 100 10.0667
      vertex 45.4 100 15
    endloop
  endfacet
  facet normal 0 1 -0
    outer loop
      vertex 59.489 100 10.4629
      vertex 45.2478 100 19.3654
      vertex 59.75 100 10.48
    endloop
  endfacet
  facet normal 0 1 0
    outer loop
      vertex 172 100 23
      vertex 70.0154 100 10.3278
      vertex 69.7676 100 10.4119
    endloop
  endfacet
  facet normal 0 1 0
    outer loop
      vertex 172 100 23
      vertex 70.25 100 10.2121
      vertex 70.0154 100 10.3278
    endloop
  endfacet
  facet normal 0 1 0
    outer loop
      vertex 172 100 23
      vertex 70.4675 100 10.0667
      vertex 70.25 100 10.2121
    endloop
  endfacet
  facet normal 0 1 0
    outer loop
      vertex 172 100 23
      vertex 70.6642 100 9.89421
      vertex 70.4675 100 10.0667
    endloop
  endfacet
  facet normal 0 1 0
    outer loop
      vertex 172 100 23
      vertex 70.8367 100 9.69753
      vertex 70.6642 100 9.89421
    endloop
  endfacet
  facet normal 0 1 0
    outer loop
      vertex 172 100 23
      vertex 70.9821 100 9.48
      vertex 70.8367 100 9.69753
    endloop
  endfacet
  facet normal 0 1 0
    outer loop
      vertex 172 100 23
      vertex 71.0978 100 9.24537
      vertex 70.9821 100 9.48
    endloop
  endfacet
  facet normal 0 1 0
    outer loop
      vertex 172 100 23
      vertex 71.1819 100 8.99764
      vertex 71.0978 100 9.24537
    endloop
  endfacet
  facet normal 0 1 0
    outer loop
      vertex 172 100 23
      vertex 71.2329 100 8.74105
      vertex 71.1819 100 8.99764
    endloop
  endfacet
  facet normal 0 1 0
    outer loop
      vertex 172 100 23
      vertex 71.25 100 8.48
      vertex 71.2329 100 8.74105
    endloop
  endfacet
  facet normal 0 1 -0
    outer loop
      vertex 172 100 0.599999
      vertex 71.25 100 8.48
      vertex 172 100 23
    endloop
  endfacet
  facet normal 0 1 0
    outer loop
      vertex 71.25 100 8.48
      vertex 172 100 0.599999
      vertex 71.25 100 4.98
    endloop
  endfacet
  facet normal 0 1 0
    outer loop
      vertex 71.25 100 4.98
      vertex 172 100 0.599999
      vertex 71.2329 100 4.71895
    endloop
  endfacet
  facet normal 0 1 0
    outer loop
      vertex 71.2329 100 4.71895
      vertex 172 100 0.599999
      vertex 71.1819 100 4.46236
    endloop
  endfacet
  facet normal 0 1 0
    outer loop
      vertex 71.1819 100 4.46236
      vertex 172 100 0.599999
      vertex 71.0978 100 4.21463
    endloop
  endfacet
  facet normal 0 1 0
    outer loop
      vertex 71.0978 100 4.21463
      vertex 172 100 0.599999
      vertex 70.9821 100 3.98
    endloop
  endfacet
  facet normal 0 1 0
    outer loop
      vertex 70.9821 100 3.98
      vertex 172 100 0.599999
      vertex 70.8367 100 3.76247
    endloop
  endfacet
  facet normal 0 1 0
    outer loop
      vertex 70.8367 100 3.76247
      vertex 172 100 0.599999
      vertex 70.6642 100 3.56578
    endloop
  endfacet
  facet normal 0 1 0
    outer loop
      vertex 70.6642 100 3.56578
      vertex 172 100 0.599999
      vertex 70.4675 100 3.3933
    endloop
  endfacet
  facet normal 0 1 0
    outer loop
      vertex 70.4675 100 3.3933
      vertex 172 100 0.599999
      vertex 70.25 100 3.24794
    endloop
  endfacet
  facet normal 0 1 0
    outer loop
      vertex 70.25 100 3.24794
      vertex 172 100 0.599999
      vertex 70.0154 100 3.13224
    endloop
  endfacet
  facet normal 0 1 0
    outer loop
      vertex 70.0154 100 3.13224
      vertex 172 100 0.599999
      vertex 69.7676 100 3.04815
    endloop
  endfacet
  facet normal 0 1 0
    outer loop
      vertex 8 100 0.599999
      vertex 69.25 100 2.98
      vertex 172 100 0.599999
    endloop
  endfacet
  facet normal 0 1 0
    outer loop
      vertex 69.511 100 2.9971
      vertex 172 100 0.599999
      vertex 69.25 100 2.98
    endloop
  endfacet
  facet normal 0 1 0
    outer loop
      vertex 69.7676 100 3.04815
      vertex 172 100 0.599999
      vertex 69.511 100 2.9971
    endloop
  endfacet
  facet normal 0 1 -0
    outer loop
      vertex 15.4 100 20.6
      vertex 8 100 23
      vertex 43.4 100 20.6
    endloop
  endfacet
  facet normal 0 1 -0
    outer loop
      vertex 15.139 100 20.5829
      vertex 8 100 23
      vertex 15.4 100 20.6
    endloop
  endfacet
  facet normal 0 1 -0
    outer loop
      vertex 14.8824 100 20.5319
      vertex 8 100 23
      vertex 15.139 100 20.5829
    endloop
  endfacet
  facet normal 0 1 -0
    outer loop
      vertex 14.6346 100 20.4478
      vertex 8 100 23
      vertex 14.8824 100 20.5319
    endloop
  endfacet
  facet normal 0 1 -0
    outer loop
      vertex 14.4 100 20.3321
      vertex 8 100 23
      vertex 14.6346 100 20.4478
    endloop
  endfacet
  facet normal 0 1 -0
    outer loop
      vertex 14.1825 100 20.1867
      vertex 8 100 23
      vertex 14.4 100 20.3321
    endloop
  endfacet
  facet normal 0 1 -0
    outer loop
      vertex 13.9858 100 20.0142
      vertex 8 100 23
      vertex 14.1825 100 20.1867
    endloop
  endfacet
  facet normal 0 1 -0
    outer loop
      vertex 13.8133 100 19.8175
      vertex 8 100 23
      vertex 13.9858 100 20.0142
    endloop
  endfacet
  facet normal 0 1 -0
    outer loop
      vertex 13.6679 100 19.6
      vertex 8 100 23
      vertex 13.8133 100 19.8175
    endloop
  endfacet
  facet normal 0 1 -0
    outer loop
      vertex 13.5522 100 19.3654
      vertex 8 100 23
      vertex 13.6679 100 19.6
    endloop
  endfacet
  facet normal 0 1 -0
    outer loop
      vertex 13.4681 100 19.1176
      vertex 8 100 23
      vertex 13.5522 100 19.3654
    endloop
  endfacet
  facet normal 0 1 -0
    outer loop
      vertex 13.4171 100 18.861
      vertex 8 100 23
      vertex 13.4681 100 19.1176
    endloop
  endfacet
  facet normal 0 1 -0
    outer loop
      vertex 13.4 100 18.6
      vertex 8 100 23
      vertex 13.4171 100 18.861
    endloop
  endfacet
  facet normal 0 1 -0
    outer loop
      vertex 13.4 100 15
      vertex 8 100 23
      vertex 13.4 100 18.6
    endloop
  endfacet
  facet normal 0 1 0
    outer loop
      vertex 13.4171 100 14.739
      vertex 8 100 23
      vertex 13.4 100 15
    endloop
  endfacet
  facet normal 0 1 0
    outer loop
      vertex 13.4681 100 14.4824
      vertex 8 100 23
      vertex 13.4171 100 14.739
    endloop
  endfacet
  facet normal 0 1 0
    outer loop
      vertex 8 100 0.599999
      vertex 13.4681 100 14.4824
      vertex 13.5522 100 14.2346
    endloop
  endfacet
  facet normal 0 1 0
    outer loop
      vertex 8 100 0.599999
      vertex 13.5522 100 14.2346
      vertex 13.6679 100 14
    endloop
  endfacet
  facet normal 0 1 -0
    outer loop
      vertex 57.8181 100 8.99764
      vertex 45.2478 100 14.2346
      vertex 57.9022 100 9.24537
    endloop
  endfacet
  facet normal 0 1 0
    outer loop
      vertex 45.2478 100 14.2346
      vertex 57.8181 100 8.99764
      vertex 45.1321 100 14
    endloop
  endfacet
  facet normal 0 1 -0
    outer loop
      vertex 57.7671 100 8.74105
      vertex 45.1321 100 14
      vertex 57.8181 100 8.99764
    endloop
  endfacet
  facet normal 0 1 0
    outer loop
      vertex 45.1321 100 14
      vertex 57.7671 100 8.74105
      vertex 44.9867 100 13.7825
    endloop
  endfacet
  facet normal 0 1 -0
    outer loop
      vertex 57.75 100 8.48
      vertex 44.9867 100 13.7825
      vertex 57.7671 100 8.74105
    endloop
  endfacet
  facet normal 0 1 0
    outer loop
      vertex 44.9867 100 13.7825
      vertex 57.75 100 8.48
      vertex 44.8142 100 13.5858
    endloop
  endfacet
  facet normal 0 1 0
    outer loop
      vertex 44.8142 100 13.5858
      vertex 57.75 100 8.48
      vertex 44.6175 100 13.4133
    endloop
  endfacet
  facet normal 0 1 -0
    outer loop
      vertex 57.75 100 4.98
      vertex 44.6175 100 13.4133
      vertex 57.75 100 8.48
    endloop
  endfacet
  facet normal 0 1 0
    outer loop
      vertex 44.6175 100 13.4133
      vertex 57.75 100 4.98
      vertex 44.4 100 13.268
    endloop
  endfacet
  facet normal 0 1 0
    outer loop
      vertex 44.4 100 13.268
      vertex 57.75 100 4.98
      vertex 44.1654 100 13.1522
    endloop
  endfacet
  facet normal 0 1 0
    outer loop
      vertex 57.7671 100 4.71895
      vertex 44.1654 100 13.1522
      vertex 57.75 100 4.98
    endloop
  endfacet
  facet normal 0 1 0
    outer loop
      vertex 44.1654 100 13.1522
      vertex 57.7671 100 4.71895
      vertex 43.9176 100 13.0682
    endloop
  endfacet
  facet normal 0 1 0
    outer loop
      vertex 57.8181 100 4.46236
      vertex 43.9176 100 13.0682
      vertex 57.7671 100 4.71895
    endloop
  endfacet
  facet normal 0 1 0
    outer loop
      vertex 43.9176 100 13.0682
      vertex 57.8181 100 4.46236
      vertex 43.661 100 13.0171
    endloop
  endfacet
  facet normal 0 1 0
    outer loop
      vertex 57.9022 100 4.21463
      vertex 43.661 100 13.0171
      vertex 57.8181 100 4.46236
    endloop
  endfacet
  facet normal 0 1 0
    outer loop
      vertex 43.661 100 13.0171
      vertex 57.9022 100 4.21463
      vertex 43.4 100 13
    endloop
  endfacet
  facet normal 0 1 0
    outer loop
      vertex 58.0179 100 3.98
      vertex 43.4 100 13
      vertex 57.9022 100 4.21463
    endloop
  endfacet
  facet normal 0 1 0
    outer loop
      vertex 43.4 100 13
      vertex 8 100 0.599999
      vertex 15.4 100 13
    endloop
  endfacet
  facet normal 0 1 0
    outer loop
      vertex 15.4 100 13
      vertex 8 100 0.599999
      vertex 15.139 100 13.0171
    endloop
  endfacet
  facet normal 0 1 0
    outer loop
      vertex 58.1633 100 3.76247
      vertex 43.4 100 13
      vertex 58.0179 100 3.98
    endloop
  endfacet
  facet normal 0 1 0
    outer loop
      vertex 58.3358 100 3.56578
      vertex 43.4 100 13
      vertex 58.1633 100 3.76247
    endloop
  endfacet
  facet normal 0 1 0
    outer loop
      vertex 43.4 100 13
      vertex 58.3358 100 3.56578
      vertex 8 100 0.599999
    endloop
  endfacet
  facet normal 0 1 0
    outer loop
      vertex 8 100 0.599999
      vertex 58.3358 100 3.56578
      vertex 58.5325 100 3.3933
    endloop
  endfacet
  facet normal 0 1 0
    outer loop
      vertex 8 100 0.599999
      vertex 58.5325 100 3.3933
      vertex 58.75 100 3.24794
    endloop
  endfacet
  facet normal 0 1 0
    outer loop
      vertex 8 100 0.599999
      vertex 58.75 100 3.24794
      vertex 58.9846 100 3.13224
    endloop
  endfacet
  facet normal 0 1 0
    outer loop
      vertex 8 100 0.599999
      vertex 58.9846 100 3.13224
      vertex 59.2324 100 3.04815
    endloop
  endfacet
  facet normal 0 1 0
    outer loop
      vertex 13.4681 100 14.4824
      vertex 8 100 0.599999
      vertex 8 100 23
    endloop
  endfacet
  facet normal 0 1 0
    outer loop
      vertex 13.8133 100 13.7825
      vertex 8 100 0.599999
      vertex 13.6679 100 14
    endloop
  endfacet
  facet normal 0 1 0
    outer loop
      vertex 13.9858 100 13.5858
      vertex 8 100 0.599999
      vertex 13.8133 100 13.7825
    endloop
  endfacet
  facet normal 0 1 0
    outer loop
      vertex 14.1825 100 13.4133
      vertex 8 100 0.599999
      vertex 13.9858 100 13.5858
    endloop
  endfacet
  facet normal 0 1 0
    outer loop
      vertex 14.4 100 13.268
      vertex 8 100 0.599999
      vertex 14.1825 100 13.4133
    endloop
  endfacet
  facet normal 0 1 0
    outer loop
      vertex 14.6346 100 13.1522
      vertex 8 100 0.599999
      vertex 14.4 100 13.268
    endloop
  endfacet
  facet normal 0 1 0
    outer loop
      vertex 14.8824 100 13.0682
      vertex 8 100 0.599999
      vertex 14.6346 100 13.1522
    endloop
  endfacet
  facet normal 0 1 0
    outer loop
      vertex 15.139 100 13.0171
      vertex 8 100 0.599999
      vertex 14.8824 100 13.0682
    endloop
  endfacet
  facet normal 0 1 0
    outer loop
      vertex 59.489 100 2.9971
      vertex 8 100 0.599999
      vertex 59.2324 100 3.04815
    endloop
  endfacet
  facet normal 0 1 0
    outer loop
      vertex 59.75 100 2.98
      vertex 8 100 0.599999
      vertex 59.489 100 2.9971
    endloop
  endfacet
  facet normal 0 1 0
    outer loop
      vertex 69.25 100 2.98
      vertex 8 100 0.599999
      vertex 59.75 100 2.98
    endloop
  endfacet
  facet normal 0.693844 -0.138585 -0.706664
    outer loop
      vertex 179.727 5.92944 0.599999
      vertex 179.147 6.08507 0
      vertex 179.932 6.9558 0.599999
    endloop
  endfacet
  facet normal 0.442107 -0.896962 0
    outer loop
      vertex 175.061 0.608963 0.599999
      vertex 176 1.07179 23
      vertex 175.061 0.608963 23
    endloop
  endfacet
  facet normal 0.442107 -0.896962 0
    outer loop
      vertex 176 1.07179 23
      vertex 175.061 0.608963 0.599999
      vertex 176 1.07179 0.599999
    endloop
  endfacet
  facet normal -0.669581 -0.227292 -0.707107
    outer loop
      vertex 1.16447 5.16867 0
      vertex 0.608963 4.93854 0.599999
      vertex 0.853394 6.08507 0
    endloop
  endfacet
  facet normal 0.707106 0 -0.707107
    outer loop
      vertex 179.4 8.01945 0
      vertex 180 92 0.599999
      vertex 180 8 0.599999
    endloop
  endfacet
  facet normal 0.707106 0 -0.707107
    outer loop
      vertex 180 92 0.599999
      vertex 179.4 8.01945 0
      vertex 179.4 91.9805 0
    endloop
  endfacet
  facet normal -0.227292 -0.669581 -0.707107
    outer loop
      vertex 5.92944 0.272598 0.599999
      vertex 4.93854 0.608963 0.599999
      vertex 6.08507 0.853394 0
    endloop
  endfacet
  facet normal 0.997886 -0.064984 0
    outer loop
      vertex 179.932 6.9558 23
      vertex 180 8 0.599999
      vertex 180 8 23
    endloop
  endfacet
  facet normal 0.997886 -0.064984 0
    outer loop
      vertex 180 8 0.599999
      vertex 179.932 6.9558 23
      vertex 179.932 6.9558 0.599999
    endloop
  endfacet
  facet normal -0.321439 -0.94693 0
    outer loop
      vertex 4.93854 0.608963 0.599999
      vertex 5.92944 0.272598 23
      vertex 4.93854 0.608963 23
    endloop
  endfacet
  facet normal -0.321439 -0.94693 -0
    outer loop
      vertex 5.92944 0.272598 23
      vertex 4.93854 0.608963 0.599999
      vertex 5.92944 0.272598 0.599999
    endloop
  endfacet
  facet normal -0.195096 -0.980784 0
    outer loop
      vertex 5.92944 0.272598 23
      vertex 6.9558 0.0684357 17.4316
      vertex 6.9558 0.0684357 23
    endloop
  endfacet
  facet normal -0.195097 -0.980784 -4.23779e-08
    outer loop
      vertex 5.92944 0.272598 23
      vertex 6.5 0.159103 17.3409
      vertex 6.9558 0.0684357 17.4316
    endloop
  endfacet
  facet normal -0.195096 -0.980784 0
    outer loop
      vertex 5.92944 0.272598 0.599999
      vertex 6.5 0.159103 17.3409
      vertex 5.92944 0.272598 23
    endloop
  endfacet
  facet normal -0.195096 -0.980784 -0
    outer loop
      vertex 6.5 0.159103 17.3409
      vertex 5.92944 0.272598 0.599999
      vertex 6.5 0.159103 3.5
    endloop
  endfacet
  facet normal -0.195096 -0.980784 3.74619e-08
    outer loop
      vertex 6.9558 0.0684357 0.599999
      vertex 6.5 0.159103 3.5
      vertex 5.92944 0.272598 0.599999
    endloop
  endfacet
  facet normal -0.195097 -0.980784 0
    outer loop
      vertex 6.5 0.159103 3.5
      vertex 6.9558 0.0684357 0.599999
      vertex 6.9558 0.0684357 3.5
    endloop
  endfacet
  facet normal 0.442086 0.896973 -0
    outer loop
      vertex 176 98.9282 0.599999
      vertex 175.061 99.391 23
      vertex 176 98.9282 23
    endloop
  endfacet
  facet normal 0.442086 0.896973 0
    outer loop
      vertex 175.061 99.391 23
      vertex 176 98.9282 0.599999
      vertex 175.061 99.391 0.599999
    endloop
  endfacet
  facet normal -0.707103 0 -0.707111
    outer loop
      vertex 0 8 0.599999
      vertex 0.600006 91.9805 0
      vertex 0.600006 8.01945 0
    endloop
  endfacet
  facet normal -0.707103 0 -0.707111
    outer loop
      vertex 0.600006 91.9805 0
      vertex 0 8 0.599999
      vertex 0 92 0.599999
    endloop
  endfacet
  facet normal -0.831471 0.555569 0
    outer loop
      vertex 1.07179 96 0.599999
      vertex 1.65317 96.8701 23
      vertex 1.65317 96.8701 0.599999
    endloop
  endfacet
  facet normal -0.831471 0.555569 0
    outer loop
      vertex 1.65317 96.8701 23
      vertex 1.07179 96 0.599999
      vertex 1.07179 96 23
    endloop
  endfacet
  facet normal -0.705598 -0.0462441 -0.707101
    outer loop
      vertex 0.0684357 6.9558 0.599999
      vertex 0 8 0.599999
      vertex 0.664566 7.03433 0
    endloop
  endfacet
  facet normal 0.705118 0.0459184 -0.707601
    outer loop
      vertex 180 92 0.599999
      vertex 179.335 92.9657 0
      vertex 179.932 93.0442 0.599999
    endloop
  endfacet
  facet normal 0.670069 -0.227211 -0.70667
    outer loop
      vertex 179.391 4.93854 0.599999
      vertex 179.147 6.08507 0
      vertex 179.727 5.92944 0.599999
    endloop
  endfacet
  facet normal 0.659194 0.751973 -0
    outer loop
      vertex 177.657 97.6569 0.599999
      vertex 176.87 98.3468 23
      vertex 177.657 97.6569 23
    endloop
  endfacet
  facet normal 0.659194 0.751973 0
    outer loop
      vertex 176.87 98.3468 23
      vertex 177.657 97.6569 0.599999
      vertex 176.87 98.3468 0.599999
    endloop
  endfacet
  facet normal 0.705583 0.0465518 -0.707097
    outer loop
      vertex 179.4 91.9805 0
      vertex 179.335 92.9657 0
      vertex 180 92 0.599999
    endloop
  endfacet
  facet normal -0.227292 -0.669581 -0.707107
    outer loop
      vertex 6.08507 0.853394 0
      vertex 4.93854 0.608963 0.599999
      vertex 5.16867 1.16447 0
    endloop
  endfacet
  facet normal -0.0653986 -0.997859 0
    outer loop
      vertex 6.9558 0.0684357 23
      vertex 8 0 17.5
      vertex 8 0 23
    endloop
  endfacet
  facet normal -0.0653986 -0.997859 0
    outer loop
      vertex 8 0 17.5
      vertex 6.9558 0.0684357 23
      vertex 6.9558 0.0684357 17.4316
    endloop
  endfacet
  facet normal -0.0653986 -0.997859 0
    outer loop
      vertex 6.9558 0.0684357 0.599999
      vertex 8 0 3.5
      vertex 6.9558 0.0684357 3.5
    endloop
  endfacet
  facet normal -0.0653986 -0.997859 -0
    outer loop
      vertex 8 0 3.5
      vertex 6.9558 0.0684357 0.599999
      vertex 8 0 0.599999
    endloop
  endfacet
  facet normal -0.751856 0.659327 0
    outer loop
      vertex 1.65317 96.8701 0.599999
      vertex 2.34314 97.6569 23
      vertex 2.34314 97.6569 0.599999
    endloop
  endfacet
  facet normal -0.751856 0.659327 0
    outer loop
      vertex 2.34314 97.6569 23
      vertex 1.65317 96.8701 0.599999
      vertex 1.65317 96.8701 23
    endloop
  endfacet
  facet normal 0.0654111 -0.997858 0
    outer loop
      vertex 172 0 0.599999
      vertex 173.044 0.0684357 3.5
      vertex 172 0 3.5
    endloop
  endfacet
  facet normal 0.0654111 -0.997858 0
    outer loop
      vertex 173.044 0.0684357 3.5
      vertex 172 0 0.599999
      vertex 173.044 0.0684357 0.599999
    endloop
  endfacet
  facet normal 0.0654111 -0.997858 0
    outer loop
      vertex 172 0 17.5
      vertex 173.044 0.0684357 23
      vertex 172 0 23
    endloop
  endfacet
  facet normal 0.0654111 -0.997858 0
    outer loop
      vertex 173.044 0.0684357 23
      vertex 172 0 17.5
      vertex 173.044 0.0684357 17.4316
    endloop
  endfacet
  facet normal -0.321469 0.94692 0
    outer loop
      vertex 5.92944 99.7274 0.599999
      vertex 4.93854 99.391 23
      vertex 5.92944 99.7274 23
    endloop
  endfacet
  facet normal -0.321469 0.94692 0
    outer loop
      vertex 4.93854 99.391 23
      vertex 5.92944 99.7274 0.599999
      vertex 4.93854 99.391 0.599999
    endloop
  endfacet
  facet normal -0.587943 0.392856 -0.707098
    outer loop
      vertex 1.59253 95.6994 0
      vertex 1.07179 96 0.599999
      vertex 2.13022 96.5041 0
    endloop
  endfacet
  facet normal 0.896803 0.442429 0
    outer loop
      vertex 179.391 95.0615 23
      vertex 178.928 96 0.599999
      vertex 178.928 96 23
    endloop
  endfacet
  facet normal 0.896803 0.442429 0
    outer loop
      vertex 178.928 96 0.599999
      vertex 179.391 95.0615 23
      vertex 179.391 95.0615 0.599999
    endloop
  endfacet
  facet normal -0.831468 -0.555573 0
    outer loop
      vertex 1.65317 3.12991 0.599999
      vertex 1.07179 4 23
      vertex 1.07179 4 0.599999
    endloop
  endfacet
  facet normal -0.831468 -0.555573 0
    outer loop
      vertex 1.07179 4 23
      vertex 1.65317 3.12991 0.599999
      vertex 1.65317 3.12991 23
    endloop
  endfacet
  facet normal 0.31257 0.634191 -0.707179
    outer loop
      vertex 175.699 98.4075 0
      vertex 175.061 99.391 0.599999
      vertex 176 98.9282 0.599999
    endloop
  endfacet
  facet normal 0.137977 0.693538 -0.707084
    outer loop
      vertex 173.915 99.1466 0
      vertex 172.966 99.3354 0
      vertex 173.044 99.9316 0.599999
    endloop
  endfacet
  facet normal 0.0462769 0.705616 -0.707082
    outer loop
      vertex 172.966 99.3354 0
      vertex 171.981 99.4 0
      vertex 172 100 0.599999
    endloop
  endfacet
  facet normal -1 0 0
    outer loop
      vertex 0 8 0.599999
      vertex 0 92 23
      vertex 0 92 0.599999
    endloop
  endfacet
  facet normal -1 -0 0
    outer loop
      vertex 0 92 23
      vertex 0 8 0.599999
      vertex 0 8 23
    endloop
  endfacet
  facet normal -0 0 1
    outer loop
      vertex 177.547 92.7303 23
      vertex 180 92 23
      vertex 179.932 93.0442 23
    endloop
  endfacet
  facet normal 0 0 1
    outer loop
      vertex 180 92 23
      vertex 177.6 91.9213 23
      vertex 180 8 23
    endloop
  endfacet
  facet normal 0 0 1
    outer loop
      vertex 177.547 92.7303 23
      vertex 179.932 93.0442 23
      vertex 179.727 94.0706 23
    endloop
  endfacet
  facet normal -0 0 1
    outer loop
      vertex 177.6 8.07872 23
      vertex 180 8 23
      vertex 177.6 91.9213 23
    endloop
  endfacet
  facet normal 0 0 1
    outer loop
      vertex 177.404 93.4481 23
      vertex 179.727 94.0706 23
      vertex 179.391 95.0615 23
    endloop
  endfacet
  facet normal 0 0 1
    outer loop
      vertex 177.547 7.2697 23
      vertex 180 8 23
      vertex 177.6 8.07872 23
    endloop
  endfacet
  facet normal 0 0 1
    outer loop
      vertex 177.169 94.1411 23
      vertex 179.391 95.0615 23
      vertex 178.928 96 23
    endloop
  endfacet
  facet normal 0 0 1
    outer loop
      vertex 180 8 23
      vertex 177.547 7.2697 23
      vertex 179.932 6.9558 23
    endloop
  endfacet
  facet normal 0 0 1
    outer loop
      vertex 176.845 94.7974 23
      vertex 178.928 96 23
      vertex 178.347 96.8701 23
    endloop
  endfacet
  facet normal 0 0 1
    outer loop
      vertex 179.932 6.9558 23
      vertex 177.547 7.2697 23
      vertex 179.727 5.92944 23
    endloop
  endfacet
  facet normal 0 0 1
    outer loop
      vertex 176.439 95.406 23
      vertex 178.347 96.8701 23
      vertex 177.657 97.6569 23
    endloop
  endfacet
  facet normal -0 0 1
    outer loop
      vertex 177.404 6.55193 23
      vertex 179.727 5.92944 23
      vertex 177.547 7.2697 23
    endloop
  endfacet
  facet normal 0 0 1
    outer loop
      vertex 179.727 5.92944 23
      vertex 177.404 6.55193 23
      vertex 179.391 4.93854 23
    endloop
  endfacet
  facet normal 0 0 1
    outer loop
      vertex 180 92 23
      vertex 177.547 92.7303 23
      vertex 177.6 91.9213 23
    endloop
  endfacet
  facet normal 0 0 1
    outer loop
      vertex 179.727 94.0706 23
      vertex 177.404 93.4481 23
      vertex 177.547 92.7303 23
    endloop
  endfacet
  facet normal 0 0 1
    outer loop
      vertex 179.391 95.0615 23
      vertex 177.169 94.1411 23
      vertex 177.404 93.4481 23
    endloop
  endfacet
  facet normal 0 0 1
    outer loop
      vertex 175.956 95.9562 23
      vertex 177.657 97.6569 23
      vertex 176.87 98.3468 23
    endloop
  endfacet
  facet normal 0 0 1
    outer loop
      vertex 178.928 96 23
      vertex 176.845 94.7974 23
      vertex 177.169 94.1411 23
    endloop
  endfacet
  facet normal 0 0 1
    outer loop
      vertex 178.347 96.8701 23
      vertex 176.439 95.406 23
      vertex 176.845 94.7974 23
    endloop
  endfacet
  facet normal 0 0 1
    outer loop
      vertex 175.406 96.4387 23
      vertex 176.87 98.3468 23
      vertex 176 98.9282 23
    endloop
  endfacet
  facet normal 0 0 1
    outer loop
      vertex 177.657 97.6569 23
      vertex 175.956 95.9562 23
      vertex 176.439 95.406 23
    endloop
  endfacet
  facet normal 0 0 1
    outer loop
      vertex 176.87 98.3468 23
      vertex 175.406 96.4387 23
      vertex 175.956 95.9562 23
    endloop
  endfacet
  facet normal 0 0 1
    outer loop
      vertex 174.797 96.8453 23
      vertex 176 98.9282 23
      vertex 175.061 99.391 23
    endloop
  endfacet
  facet normal 0 0 1
    outer loop
      vertex 176 98.9282 23
      vertex 174.797 96.8453 23
      vertex 175.406 96.4387 23
    endloop
  endfacet
  facet normal 0 0 1
    outer loop
      vertex 175.061 99.391 23
      vertex 174.141 97.169 23
      vertex 174.797 96.8453 23
    endloop
  endfacet
  facet normal 0 0 1
    outer loop
      vertex 174.071 99.7274 23
      vertex 174.141 97.169 23
      vertex 175.061 99.391 23
    endloop
  endfacet
  facet normal 0 0 1
    outer loop
      vertex 174.071 99.7274 23
      vertex 173.448 97.4042 23
      vertex 174.141 97.169 23
    endloop
  endfacet
  facet normal 0 0 1
    outer loop
      vertex 173.044 99.9316 23
      vertex 173.448 97.4042 23
      vertex 174.071 99.7274 23
    endloop
  endfacet
  facet normal 0 0 1
    outer loop
      vertex 173.044 99.9316 23
      vertex 172.73 97.547 23
      vertex 173.448 97.4042 23
    endloop
  endfacet
  facet normal 0 0 1
    outer loop
      vertex 172 100 23
      vertex 172.73 97.547 23
      vertex 173.044 99.9316 23
    endloop
  endfacet
  facet normal 0 0 1
    outer loop
      vertex 172 100 23
      vertex 171.921 97.6 23
      vertex 172.73 97.547 23
    endloop
  endfacet
  facet normal 0 0 1
    outer loop
      vertex 172 100 23
      vertex 8.07872 97.6 23
      vertex 171.921 97.6 23
    endloop
  endfacet
  facet normal -0 0 1
    outer loop
      vertex 8 100 23
      vertex 8.07872 97.6 23
      vertex 172 100 23
    endloop
  endfacet
  facet normal 0 0 1
    outer loop
      vertex 8 100 23
      vertex 7.2697 97.547 23
      vertex 8.07872 97.6 23
    endloop
  endfacet
  facet normal -0 0 1
    outer loop
      vertex 6.9558 99.9316 23
      vertex 7.2697 97.547 23
      vertex 8 100 23
    endloop
  endfacet
  facet normal 0 0 1
    outer loop
      vertex 6.9558 99.9316 23
      vertex 6.55193 97.4042 23
      vertex 7.2697 97.547 23
    endloop
  endfacet
  facet normal -0 0 1
    outer loop
      vertex 5.92944 99.7274 23
      vertex 6.55193 97.4042 23
      vertex 6.9558 99.9316 23
    endloop
  endfacet
  facet normal 0 0 1
    outer loop
      vertex 5.92944 99.7274 23
      vertex 5.85893 97.169 23
      vertex 6.55193 97.4042 23
    endloop
  endfacet
  facet normal -0 0 1
    outer loop
      vertex 4.93854 99.391 23
      vertex 5.85893 97.169 23
      vertex 5.92944 99.7274 23
    endloop
  endfacet
  facet normal 0 0 1
    outer loop
      vertex 5.85893 97.169 23
      vertex 4.93854 99.391 23
      vertex 5.20264 96.8453 23
    endloop
  endfacet
  facet normal -0 0 1
    outer loop
      vertex 4 98.9282 23
      vertex 5.20264 96.8453 23
      vertex 4.93854 99.391 23
    endloop
  endfacet
  facet normal 0 0 1
    outer loop
      vertex 5.20264 96.8453 23
      vertex 4 98.9282 23
      vertex 4.59402 96.4387 23
    endloop
  endfacet
  facet normal -0 0 1
    outer loop
      vertex 3.12991 98.3468 23
      vertex 4.59402 96.4387 23
      vertex 4 98.9282 23
    endloop
  endfacet
  facet normal 0 0 1
    outer loop
      vertex 4.59402 96.4387 23
      vertex 3.12991 98.3468 23
      vertex 4.04384 95.9562 23
    endloop
  endfacet
  facet normal -0 0 1
    outer loop
      vertex 2.34314 97.6569 23
      vertex 4.04384 95.9562 23
      vertex 3.12991 98.3468 23
    endloop
  endfacet
  facet normal 0 0 1
    outer loop
      vertex 4.04384 95.9562 23
      vertex 2.34314 97.6569 23
      vertex 3.56134 95.406 23
    endloop
  endfacet
  facet normal -0 0 1
    outer loop
      vertex 1.65317 96.8701 23
      vertex 3.56134 95.406 23
      vertex 2.34314 97.6569 23
    endloop
  endfacet
  facet normal 0 0 1
    outer loop
      vertex 3.56134 95.406 23
      vertex 1.65317 96.8701 23
      vertex 3.15468 94.7974 23
    endloop
  endfacet
  facet normal -0 0 1
    outer loop
      vertex 1.07179 96 23
      vertex 3.15468 94.7974 23
      vertex 1.65317 96.8701 23
    endloop
  endfacet
  facet normal 0 0 1
    outer loop
      vertex 2.83104 94.1411 23
      vertex 0.608963 95.0615 23
      vertex 2.59579 93.4481 23
    endloop
  endfacet
  facet normal -0 0 1
    outer loop
      vertex 0.608963 95.0615 23
      vertex 2.83104 94.1411 23
      vertex 1.07179 96 23
    endloop
  endfacet
  facet normal 0 0 1
    outer loop
      vertex 3.15468 94.7974 23
      vertex 1.07179 96 23
      vertex 2.83104 94.1411 23
    endloop
  endfacet
  facet normal -0 0 1
    outer loop
      vertex 177.169 5.85893 23
      vertex 179.391 4.93854 23
      vertex 177.404 6.55193 23
    endloop
  endfacet
  facet normal 0 0 1
    outer loop
      vertex 179.391 4.93854 23
      vertex 177.169 5.85893 23
      vertex 178.928 4 23
    endloop
  endfacet
  facet normal -0 0 1
    outer loop
      vertex 176.845 5.20264 23
      vertex 178.928 4 23
      vertex 177.169 5.85893 23
    endloop
  endfacet
  facet normal 0 0 1
    outer loop
      vertex 178.928 4 23
      vertex 176.845 5.20264 23
      vertex 178.347 3.12991 23
    endloop
  endfacet
  facet normal -0 0 1
    outer loop
      vertex 176.439 4.59402 23
      vertex 178.347 3.12991 23
      vertex 176.845 5.20264 23
    endloop
  endfacet
  facet normal 0 0 1
    outer loop
      vertex 178.347 3.12991 23
      vertex 176.439 4.59402 23
      vertex 177.657 2.34314 23
    endloop
  endfacet
  facet normal -0 0 1
    outer loop
      vertex 175.956 4.04384 23
      vertex 177.657 2.34314 23
      vertex 176.439 4.59402 23
    endloop
  endfacet
  facet normal 0 0 1
    outer loop
      vertex 177.657 2.34314 23
      vertex 175.956 4.04384 23
      vertex 176.87 1.65317 23
    endloop
  endfacet
  facet normal -0 0 1
    outer loop
      vertex 175.406 3.56134 23
      vertex 176.87 1.65317 23
      vertex 175.956 4.04384 23
    endloop
  endfacet
  facet normal 0 0 1
    outer loop
      vertex 176.87 1.65317 23
      vertex 175.406 3.56134 23
      vertex 176 1.07179 23
    endloop
  endfacet
  facet normal -0 0 1
    outer loop
      vertex 174.797 3.15468 23
      vertex 176 1.07179 23
      vertex 175.406 3.56134 23
    endloop
  endfacet
  facet normal 0 0 1
    outer loop
      vertex 176 1.07179 23
      vertex 174.797 3.15468 23
      vertex 175.061 0.608963 23
    endloop
  endfacet
  facet normal -0 0 1
    outer loop
      vertex 174.141 2.83104 23
      vertex 175.061 0.608963 23
      vertex 174.797 3.15468 23
    endloop
  endfacet
  facet normal 0 0 1
    outer loop
      vertex 174.141 2.83104 23
      vertex 174.071 0.272598 23
      vertex 175.061 0.608963 23
    endloop
  endfacet
  facet normal -0 0 1
    outer loop
      vertex 173.448 2.59579 23
      vertex 174.071 0.272598 23
      vertex 174.141 2.83104 23
    endloop
  endfacet
  facet normal 0 0 1
    outer loop
      vertex 173.448 2.59579 23
      vertex 173.044 0.0684357 23
      vertex 174.071 0.272598 23
    endloop
  endfacet
  facet normal -0 0 1
    outer loop
      vertex 172.73 2.45302 23
      vertex 173.044 0.0684357 23
      vertex 173.448 2.59579 23
    endloop
  endfacet
  facet normal 0 0 1
    outer loop
      vertex 172.73 2.45302 23
      vertex 172 0 23
      vertex 173.044 0.0684357 23
    endloop
  endfacet
  facet normal -0 0 1
    outer loop
      vertex 171.921 2.39999 23
      vertex 172 0 23
      vertex 172.73 2.45302 23
    endloop
  endfacet
  facet normal -0 0 1
    outer loop
      vertex 8.07872 2.39999 23
      vertex 172 0 23
      vertex 171.921 2.39999 23
    endloop
  endfacet
  facet normal 0 0 1
    outer loop
      vertex 8.07872 2.39999 23
      vertex 8 0 23
      vertex 172 0 23
    endloop
  endfacet
  facet normal 0 0 1
    outer loop
      vertex 7.2697 2.45302 23
      vertex 8 0 23
      vertex 8.07872 2.39999 23
    endloop
  endfacet
  facet normal 0 0 1
    outer loop
      vertex 7.2697 2.45302 23
      vertex 6.9558 0.0684357 23
      vertex 8 0 23
    endloop
  endfacet
  facet normal 0 0 1
    outer loop
      vertex 6.55193 2.59579 23
      vertex 6.9558 0.0684357 23
      vertex 7.2697 2.45302 23
    endloop
  endfacet
  facet normal 0 0 1
    outer loop
      vertex 6.55193 2.59579 23
      vertex 5.92944 0.272598 23
      vertex 6.9558 0.0684357 23
    endloop
  endfacet
  facet normal 0 0 1
    outer loop
      vertex 5.85893 2.83104 23
      vertex 5.92944 0.272598 23
      vertex 6.55193 2.59579 23
    endloop
  endfacet
  facet normal 0 0 1
    outer loop
      vertex 4.93854 0.608963 23
      vertex 5.85893 2.83104 23
      vertex 5.20264 3.15468 23
    endloop
  endfacet
  facet normal 0 0 1
    outer loop
      vertex 5.85893 2.83104 23
      vertex 4.93854 0.608963 23
      vertex 5.92944 0.272598 23
    endloop
  endfacet
  facet normal 0 0 1
    outer loop
      vertex 4 1.07179 23
      vertex 5.20264 3.15468 23
      vertex 4.59402 3.56134 23
    endloop
  endfacet
  facet normal 0 0 1
    outer loop
      vertex 3.12991 1.65317 23
      vertex 4.59402 3.56134 23
      vertex 4.04384 4.04384 23
    endloop
  endfacet
  facet normal 0 0 1
    outer loop
      vertex 5.20264 3.15468 23
      vertex 4 1.07179 23
      vertex 4.93854 0.608963 23
    endloop
  endfacet
  facet normal 0 0 1
    outer loop
      vertex 2.34314 2.34314 23
      vertex 4.04384 4.04384 23
      vertex 3.56134 4.59402 23
    endloop
  endfacet
  facet normal 0 0 1
    outer loop
      vertex 1.65317 3.12991 23
      vertex 3.56134 4.59402 23
      vertex 3.15468 5.20264 23
    endloop
  endfacet
  facet normal 0 0 1
    outer loop
      vertex 4.59402 3.56134 23
      vertex 3.12991 1.65317 23
      vertex 4 1.07179 23
    endloop
  endfacet
  facet normal 0 0 1
    outer loop
      vertex 1.07179 4 23
      vertex 3.15468 5.20264 23
      vertex 2.83104 5.85893 23
    endloop
  endfacet
  facet normal 0 0 1
    outer loop
      vertex 0.608963 4.93854 23
      vertex 2.83104 5.85893 23
      vertex 2.59579 6.55193 23
    endloop
  endfacet
  facet normal 0 0 1
    outer loop
      vertex 0.272598 5.92944 23
      vertex 2.59579 6.55193 23
      vertex 2.45302 7.2697 23
    endloop
  endfacet
  facet normal 0 0 1
    outer loop
      vertex 4.04384 4.04384 23
      vertex 2.34314 2.34314 23
      vertex 3.12991 1.65317 23
    endloop
  endfacet
  facet normal -0 0 1
    outer loop
      vertex 0 8 23
      vertex 2.45302 7.2697 23
      vertex 2.39999 8.07872 23
    endloop
  endfacet
  facet normal 0 0 1
    outer loop
      vertex 2.39999 91.9213 23
      vertex 0 92 23
      vertex 2.39999 8.07872 23
    endloop
  endfacet
  facet normal -0 0 1
    outer loop
      vertex 0.272598 94.0706 23
      vertex 2.59579 93.4481 23
      vertex 0.608963 95.0615 23
    endloop
  endfacet
  facet normal 0 0 1
    outer loop
      vertex 0 8 23
      vertex 2.39999 8.07872 23
      vertex 0 92 23
    endloop
  endfacet
  facet normal 0 0 1
    outer loop
      vertex 2.59579 93.4481 23
      vertex 0.272598 94.0706 23
      vertex 2.45302 92.7303 23
    endloop
  endfacet
  facet normal 0 0 1
    outer loop
      vertex 2.45302 7.2697 23
      vertex 0 8 23
      vertex 0.0684357 6.9558 23
    endloop
  endfacet
  facet normal -0 0 1
    outer loop
      vertex 0.0684357 93.0442 23
      vertex 2.45302 92.7303 23
      vertex 0.272598 94.0706 23
    endloop
  endfacet
  facet normal 0 0 1
    outer loop
      vertex 3.56134 4.59402 23
      vertex 1.65317 3.12991 23
      vertex 2.34314 2.34314 23
    endloop
  endfacet
  facet normal 0 0 1
    outer loop
      vertex 0 92 23
      vertex 2.45302 92.7303 23
      vertex 0.0684357 93.0442 23
    endloop
  endfacet
  facet normal 0 0 1
    outer loop
      vertex 3.15468 5.20264 23
      vertex 1.07179 4 23
      vertex 1.65317 3.12991 23
    endloop
  endfacet
  facet normal 0 0 1
    outer loop
      vertex 2.45302 92.7303 23
      vertex 0 92 23
      vertex 2.39999 91.9213 23
    endloop
  endfacet
  facet normal 0 0 1
    outer loop
      vertex 2.83104 5.85893 23
      vertex 0.608963 4.93854 23
      vertex 1.07179 4 23
    endloop
  endfacet
  facet normal 0 0 1
    outer loop
      vertex 2.59579 6.55193 23
      vertex 0.272598 5.92944 23
      vertex 0.608963 4.93854 23
    endloop
  endfacet
  facet normal 0 0 1
    outer loop
      vertex 2.45302 7.2697 23
      vertex 0.0684357 6.9558 23
      vertex 0.272598 5.92944 23
    endloop
  endfacet
  facet normal 0.531683 -0.466287 -0.707029
    outer loop
      vertex 177.657 2.34314 0.599999
      vertex 177.232 2.76831 0
      vertex 178.347 3.12991 0.599999
    endloop
  endfacet
  facet normal 0.137887 0.693489 -0.707149
    outer loop
      vertex 173.915 99.1466 0
      vertex 173.044 99.9316 0.599999
      vertex 174.071 99.7274 0.599999
    endloop
  endfacet
  facet normal -0.94693 -0.321439 0
    outer loop
      vertex 0.608963 4.93854 0.599999
      vertex 0.272598 5.92944 23
      vertex 0.272598 5.92944 0.599999
    endloop
  endfacet
  facet normal -0.94693 -0.321439 0
    outer loop
      vertex 0.272598 5.92944 23
      vertex 0.608963 4.93854 0.599999
      vertex 0.608963 4.93854 23
    endloop
  endfacet
  facet normal 0.0653771 0.997861 -0
    outer loop
      vertex 173.044 99.9316 0.599999
      vertex 172 100 23
      vertex 173.044 99.9316 23
    endloop
  endfacet
  facet normal 0.0653771 0.997861 0
    outer loop
      vertex 172 100 23
      vertex 173.044 99.9316 0.599999
      vertex 172 100 0.599999
    endloop
  endfacet
  facet normal -0.392871 0.587949 -0.707085
    outer loop
      vertex 3.49593 97.8698 0
      vertex 3.12991 98.3468 0.599999
      vertex 4 98.9282 0.599999
    endloop
  endfacet
  facet normal -0.705596 -0.0462414 -0.707104
    outer loop
      vertex 0.664566 7.03433 0
      vertex 0 8 0.599999
      vertex 0.600006 8.01945 0
    endloop
  endfacet
  facet normal 0.39288 -0.58792 -0.707103
    outer loop
      vertex 176.87 1.65317 0.599999
      vertex 176 1.07179 0.599999
      vertex 176.504 2.13022 0
    endloop
  endfacet
  facet normal 0.39268 -0.587899 -0.707233
    outer loop
      vertex 176 1.07179 0.599999
      vertex 175.699 1.59253 0
      vertex 176.504 2.13022 0
    endloop
  endfacet
  facet normal 0.321701 -0.946841 0
    outer loop
      vertex 174.071 0.272598 0.599999
      vertex 175.061 0.608963 23
      vertex 174.071 0.272598 23
    endloop
  endfacet
  facet normal 0.321701 -0.946841 0
    outer loop
      vertex 175.061 0.608963 23
      vertex 174.071 0.272598 0.599999
      vertex 175.061 0.608963 0.599999
    endloop
  endfacet
  facet normal 0.312731 0.63423 -0.707073
    outer loop
      vertex 175.699 98.4075 0
      vertex 174.831 98.8355 0
      vertex 175.061 99.391 0.599999
    endloop
  endfacet
  facet normal 0.321731 0.946831 -0
    outer loop
      vertex 175.061 99.391 0.599999
      vertex 174.071 99.7274 23
      vertex 175.061 99.391 23
    endloop
  endfacet
  facet normal 0.321731 0.946831 0
    outer loop
      vertex 174.071 99.7274 23
      vertex 175.061 99.391 0.599999
      vertex 174.071 99.7274 0.599999
    endloop
  endfacet
  facet normal 0.138004 -0.693574 -0.707043
    outer loop
      vertex 173.044 0.0684357 0.599999
      vertex 172.966 0.664566 0
      vertex 173.915 0.853394 0
    endloop
  endfacet
  facet normal 0.0462543 -0.705618 -0.707081
    outer loop
      vertex 173.044 0.0684357 0.599999
      vertex 172 0 0.599999
      vertex 172.966 0.664566 0
    endloop
  endfacet
  facet normal 0.312575 -0.634164 -0.707201
    outer loop
      vertex 176 1.07179 0.599999
      vertex 175.061 0.608963 0.599999
      vertex 175.699 1.59253 0
    endloop
  endfacet
  facet normal -0.980784 -0.195096 0
    outer loop
      vertex 0.272598 5.92944 0.599999
      vertex 0.0684357 6.9558 23
      vertex 0.0684357 6.9558 0.599999
    endloop
  endfacet
  facet normal -0.980784 -0.195096 0
    outer loop
      vertex 0.0684357 6.9558 23
      vertex 0.272598 5.92944 0.599999
      vertex 0.272598 5.92944 23
    endloop
  endfacet
  facet normal 0.669867 -0.227334 -0.706822
    outer loop
      vertex 179.391 4.93854 0.599999
      vertex 178.836 5.16867 0
      vertex 179.147 6.08507 0
    endloop
  endfacet
  facet normal 0.312765 -0.63421 -0.707075
    outer loop
      vertex 175.061 0.608963 0.599999
      vertex 174.831 1.16447 0
      vertex 175.699 1.59253 0
    endloop
  endfacet
  facet normal -0.0653646 0.997861 0
    outer loop
      vertex 8 100 0.599999
      vertex 6.9558 99.9316 23
      vertex 8 100 23
    endloop
  endfacet
  facet normal -0.0653646 0.997861 0
    outer loop
      vertex 6.9558 99.9316 23
      vertex 8 100 0.599999
      vertex 6.9558 99.9316 0.599999
    endloop
  endfacet
  facet normal -0.466227 -0.531636 -0.707104
    outer loop
      vertex 3.12991 1.65317 0.599999
      vertex 2.34314 2.34314 0.599999
      vertex 2.76831 2.76831 0
    endloop
  endfacet
  facet normal 0.392902 0.587934 -0.707079
    outer loop
      vertex 176.504 97.8698 0
      vertex 176 98.9282 0.599999
      vertex 176.87 98.3468 0.599999
    endloop
  endfacet
  facet normal 0.227477 0.669449 -0.707172
    outer loop
      vertex 175.061 99.391 0.599999
      vertex 173.915 99.1466 0
      vertex 174.071 99.7274 0.599999
    endloop
  endfacet
  facet normal 0.466085 -0.531758 -0.707105
    outer loop
      vertex 176.87 1.65317 0.599999
      vertex 176.504 2.13022 0
      vertex 177.232 2.76831 0
    endloop
  endfacet
  facet normal -0.693513 0.137947 -0.707114
    outer loop
      vertex 0.853394 93.9149 0
      vertex 0.0684357 93.0442 0.599999
      vertex 0.272598 94.0706 0.599999
    endloop
  endfacet
  facet normal 0.997886 0.064984 0
    outer loop
      vertex 180 92 23
      vertex 179.932 93.0442 0.599999
      vertex 179.932 93.0442 23
    endloop
  endfacet
  facet normal 0.997886 0.064984 0
    outer loop
      vertex 179.932 93.0442 0.599999
      vertex 180 92 23
      vertex 180 92 0.599999
    endloop
  endfacet
  facet normal 0.63417 -0.313421 -0.706821
    outer loop
      vertex 179.391 4.93854 0.599999
      vertex 178.407 4.30064 0
      vertex 178.836 5.16867 0
    endloop
  endfacet
  facet normal -0.531636 0.466234 -0.707099
    outer loop
      vertex 2.13022 96.5041 0
      vertex 1.65317 96.8701 0.599999
      vertex 2.76831 97.2317 0
    endloop
  endfacet
  facet normal 0.137864 -0.693497 -0.707146
    outer loop
      vertex 174.071 0.272598 0.599999
      vertex 173.044 0.0684357 0.599999
      vertex 173.915 0.853394 0
    endloop
  endfacet
  facet normal 0.227388 -0.669571 -0.707085
    outer loop
      vertex 175.061 0.608963 0.599999
      vertex 173.915 0.853394 0
      vertex 174.831 1.16447 0
    endloop
  endfacet
  facet normal -0.896869 0.442296 0
    outer loop
      vertex 0.608963 95.0615 0.599999
      vertex 1.07179 96 23
      vertex 1.07179 96 0.599999
    endloop
  endfacet
  facet normal -0.896869 0.442296 0
    outer loop
      vertex 1.07179 96 23
      vertex 0.608963 95.0615 0.599999
      vertex 0.608963 95.0615 23
    endloop
  endfacet
  facet normal 0.634014 0.312785 -0.707242
    outer loop
      vertex 179.391 95.0615 0.599999
      vertex 178.407 95.6994 0
      vertex 178.928 96 0.599999
    endloop
  endfacet
  facet normal 0.555626 0.831432 -0
    outer loop
      vertex 176.87 98.3468 0.599999
      vertex 176 98.9282 23
      vertex 176.87 98.3468 23
    endloop
  endfacet
  facet normal 0.555626 0.831432 0
    outer loop
      vertex 176 98.9282 23
      vertex 176.87 98.3468 0.599999
      vertex 176 98.9282 0.599999
    endloop
  endfacet
  facet normal -0.555586 0.831459 0
    outer loop
      vertex 4 98.9282 0.599999
      vertex 3.12991 98.3468 23
      vertex 4 98.9282 23
    endloop
  endfacet
  facet normal -0.555586 0.831459 0
    outer loop
      vertex 3.12991 98.3468 23
      vertex 4 98.9282 0.599999
      vertex 3.12991 98.3468 0.599999
    endloop
  endfacet
  facet normal 0.947036 0.321126 0
    outer loop
      vertex 179.727 94.0706 23
      vertex 179.391 95.0615 0.599999
      vertex 179.391 95.0615 23
    endloop
  endfacet
  facet normal 0.947036 0.321126 0
    outer loop
      vertex 179.391 95.0615 0.599999
      vertex 179.727 94.0706 23
      vertex 179.727 94.0706 0.599999
    endloop
  endfacet
  facet normal 0.227405 0.669569 -0.707082
    outer loop
      vertex 174.831 98.8355 0
      vertex 173.915 99.1466 0
      vertex 175.061 99.391 0.599999
    endloop
  endfacet
  facet normal -0.531636 -0.466227 -0.707104
    outer loop
      vertex 2.34314 2.34314 0.599999
      vertex 1.65317 3.12991 0.599999
      vertex 2.76831 2.76831 0
    endloop
  endfacet
  facet normal -0.634184 -0.312741 -0.707109
    outer loop
      vertex 1.59253 4.30064 0
      vertex 0.608963 4.93854 0.599999
      vertex 1.16447 5.16867 0
    endloop
  endfacet
  facet normal 0.659232 -0.751939 0
    outer loop
      vertex 176.87 1.65317 0.599999
      vertex 177.657 2.34314 23
      vertex 176.87 1.65317 23
    endloop
  endfacet
  facet normal 0.659232 -0.751939 0
    outer loop
      vertex 177.657 2.34314 23
      vertex 176.87 1.65317 0.599999
      vertex 177.657 2.34314 0.599999
    endloop
  endfacet
  facet normal -0.44226 0.896887 0
    outer loop
      vertex 4.93854 99.391 0.599999
      vertex 4 98.9282 23
      vertex 4.93854 99.391 23
    endloop
  endfacet
  facet normal -0.44226 0.896887 0
    outer loop
      vertex 4 98.9282 23
      vertex 4.93854 99.391 0.599999
      vertex 4 98.9282 0.599999
    endloop
  endfacet
  facet normal -0.312733 0.63421 -0.70709
    outer loop
      vertex 4.30064 98.4075 0
      vertex 4 98.9282 0.599999
      vertex 4.93854 99.391 0.599999
    endloop
  endfacet
  facet normal -0.587934 -0.392845 -0.707111
    outer loop
      vertex 2.13022 3.49593 0
      vertex 1.07179 4 0.599999
      vertex 1.59253 4.30064 0
    endloop
  endfacet
  facet normal 0.670057 0.227207 -0.706683
    outer loop
      vertex 179.727 94.0706 0.599999
      vertex 179.147 93.9149 0
      vertex 179.391 95.0615 0.599999
    endloop
  endfacet
  facet normal 0.634011 -0.31277 -0.707252
    outer loop
      vertex 178.928 4 0.599999
      vertex 178.407 4.30064 0
      vertex 179.391 4.93854 0.599999
    endloop
  endfacet
  facet normal -0.980786 0.195089 0
    outer loop
      vertex 0.0684357 93.0442 0.599999
      vertex 0.272598 94.0706 23
      vertex 0.272598 94.0706 0.599999
    endloop
  endfacet
  facet normal -0.980786 0.195089 0
    outer loop
      vertex 0.272598 94.0706 23
      vertex 0.0684357 93.0442 0.599999
      vertex 0.0684357 93.0442 23
    endloop
  endfacet
  facet normal 0.831635 -0.555322 0
    outer loop
      vertex 178.347 3.12991 23
      vertex 178.928 4 0.599999
      vertex 178.928 4 23
    endloop
  endfacet
  facet normal 0.831635 -0.555322 0
    outer loop
      vertex 178.928 4 0.599999
      vertex 178.347 3.12991 23
      vertex 178.347 3.12991 0.599999
    endloop
  endfacet
  facet normal 0.392696 0.587912 -0.707213
    outer loop
      vertex 176.504 97.8698 0
      vertex 175.699 98.4075 0
      vertex 176 98.9282 0.599999
    endloop
  endfacet
  facet normal 0.634163 0.313392 -0.70684
    outer loop
      vertex 178.836 94.8313 0
      vertex 178.407 95.6994 0
      vertex 179.391 95.0615 0.599999
    endloop
  endfacet
  facet normal -0.634183 -0.312738 -0.707111
    outer loop
      vertex 1.07179 4 0.599999
      vertex 0.608963 4.93854 0.599999
      vertex 1.59253 4.30064 0
    endloop
  endfacet
  facet normal -0.693521 -0.137956 -0.707105
    outer loop
      vertex 0.853394 6.08507 0
      vertex 0.0684357 6.9558 0.599999
      vertex 0.664566 7.03433 0
    endloop
  endfacet
  facet normal -0.669581 -0.227292 -0.707107
    outer loop
      vertex 0.608963 4.93854 0.599999
      vertex 0.272598 5.92944 0.599999
      vertex 0.853394 6.08507 0
    endloop
  endfacet
  facet normal 0.227457 -0.669458 -0.70717
    outer loop
      vertex 174.071 0.272598 0.599999
      vertex 173.915 0.853394 0
      vertex 175.061 0.608963 0.599999
    endloop
  endfacet
  facet normal -0.587935 -0.392848 -0.707109
    outer loop
      vertex 1.65317 3.12991 0.599999
      vertex 1.07179 4 0.599999
      vertex 2.13022 3.49593 0
    endloop
  endfacet
  facet normal 0.466195 -0.531756 -0.707034
    outer loop
      vertex 177.657 2.34314 0.599999
      vertex 176.87 1.65317 0.599999
      vertex 177.232 2.76831 0
    endloop
  endfacet
  facet normal -0.555573 -0.831468 0
    outer loop
      vertex 3.12991 1.65317 0.599999
      vertex 4 1.07179 23
      vertex 3.12991 1.65317 23
    endloop
  endfacet
  facet normal -0.555573 -0.831468 -0
    outer loop
      vertex 4 1.07179 23
      vertex 3.12991 1.65317 0.599999
      vertex 4 1.07179 0.599999
    endloop
  endfacet
  facet normal -0.669568 0.227288 -0.70712
    outer loop
      vertex 0.853394 93.9149 0
      vertex 0.272598 94.0706 0.599999
      vertex 0.608963 95.0615 0.599999
    endloop
  endfacet
  facet normal 0.896811 -0.442414 0
    outer loop
      vertex 178.928 4 23
      vertex 179.391 4.93854 0.599999
      vertex 179.391 4.93854 23
    endloop
  endfacet
  facet normal 0.896811 -0.442414 0
    outer loop
      vertex 179.391 4.93854 0.599999
      vertex 178.928 4 23
      vertex 178.928 4 0.599999
    endloop
  endfacet
  facet normal 0.751842 0.659343 0
    outer loop
      vertex 178.347 96.8701 23
      vertex 177.657 97.6569 0.599999
      vertex 177.657 97.6569 23
    endloop
  endfacet
  facet normal 0.751842 0.659343 0
    outer loop
      vertex 177.657 97.6569 0.599999
      vertex 178.347 96.8701 23
      vertex 178.347 96.8701 0.599999
    endloop
  endfacet
  facet normal -0.531636 -0.466221 -0.707107
    outer loop
      vertex 2.76831 2.76831 0
      vertex 1.65317 3.12991 0.599999
      vertex 2.13022 3.49593 0
    endloop
  endfacet
  facet normal -0.634187 0.312753 -0.707101
    outer loop
      vertex 1.59253 95.6994 0
      vertex 0.608963 95.0615 0.599999
      vertex 1.07179 96 0.599999
    endloop
  endfacet
  facet normal -0.997859 -0.0653986 0
    outer loop
      vertex 0.0684357 6.9558 0.599999
      vertex 0 8 23
      vertex 0 8 0.599999
    endloop
  endfacet
  facet normal -0.997859 -0.0653986 0
    outer loop
      vertex 0 8 23
      vertex 0.0684357 6.9558 0.599999
      vertex 0.0684357 6.9558 23
    endloop
  endfacet
  facet normal 0.693124 -0.137273 -0.707626
    outer loop
      vertex 179.932 6.9558 0.599999
      vertex 179.147 6.08507 0
      vertex 179.335 7.03433 0
    endloop
  endfacet
  facet normal 0.693838 0.138578 -0.706672
    outer loop
      vertex 179.932 93.0442 0.599999
      vertex 179.147 93.9149 0
      vertex 179.727 94.0706 0.599999
    endloop
  endfacet
  facet normal 0.195014 0.9808 -0
    outer loop
      vertex 174.071 99.7274 0.599999
      vertex 173.044 99.9316 23
      vertex 174.071 99.7274 23
    endloop
  endfacet
  facet normal 0.195014 0.9808 0
    outer loop
      vertex 173.044 99.9316 23
      vertex 174.071 99.7274 0.599999
      vertex 173.044 99.9316 0.599999
    endloop
  endfacet
  facet normal -0.392848 -0.587935 -0.707109
    outer loop
      vertex 4 1.07179 0.599999
      vertex 3.12991 1.65317 0.599999
      vertex 3.49593 2.13022 0
    endloop
  endfacet
  facet normal 0.947036 -0.321126 0
    outer loop
      vertex 179.391 4.93854 23
      vertex 179.727 5.92944 0.599999
      vertex 179.727 5.92944 23
    endloop
  endfacet
  facet normal 0.947036 -0.321126 0
    outer loop
      vertex 179.727 5.92944 0.599999
      vertex 179.391 4.93854 23
      vertex 179.391 4.93854 0.599999
    endloop
  endfacet
  facet normal 0.669855 0.22733 -0.706835
    outer loop
      vertex 179.147 93.9149 0
      vertex 178.836 94.8313 0
      vertex 179.391 95.0615 0.599999
    endloop
  endfacet
  facet normal -0.587942 0.392849 -0.707102
    outer loop
      vertex 2.13022 96.5041 0
      vertex 1.07179 96 0.599999
      vertex 1.65317 96.8701 0.599999
    endloop
  endfacet
  facet normal -0.531637 0.466209 -0.707115
    outer loop
      vertex 2.76831 97.2317 0
      vertex 1.65317 96.8701 0.599999
      vertex 2.34314 97.6569 0.599999
    endloop
  endfacet
  facet normal -0.137978 0.693512 -0.70711
    outer loop
      vertex 6.08507 99.1466 0
      vertex 5.92944 99.7274 0.599999
      vertex 6.9558 99.9316 0.599999
    endloop
  endfacet
  facet normal 0.555613 -0.831441 0
    outer loop
      vertex 176 1.07179 0.599999
      vertex 176.87 1.65317 23
      vertex 176 1.07179 23
    endloop
  endfacet
  facet normal 0.555613 -0.831441 0
    outer loop
      vertex 176.87 1.65317 23
      vertex 176 1.07179 0.599999
      vertex 176.87 1.65317 0.599999
    endloop
  endfacet
  facet normal 0.705584 -0.0465557 -0.707095
    outer loop
      vertex 180 8 0.599999
      vertex 179.335 7.03433 0
      vertex 179.4 8.01945 0
    endloop
  endfacet
  facet normal 0.531683 0.46627 -0.70704
    outer loop
      vertex 178.347 96.8701 0.599999
      vertex 177.232 97.2317 0
      vertex 177.657 97.6569 0.599999
    endloop
  endfacet
  facet normal 0.466161 0.53177 -0.707046
    outer loop
      vertex 177.232 97.2317 0
      vertex 176.87 98.3468 0.599999
      vertex 177.657 97.6569 0.599999
    endloop
  endfacet
  facet normal 0.980631 -0.195866 0
    outer loop
      vertex 179.727 5.92944 23
      vertex 179.932 6.9558 0.599999
      vertex 179.932 6.9558 23
    endloop
  endfacet
  facet normal 0.980631 -0.195866 0
    outer loop
      vertex 179.932 6.9558 0.599999
      vertex 179.727 5.92944 23
      vertex 179.727 5.92944 0.599999
    endloop
  endfacet
  facet normal 0.195014 -0.9808 0
    outer loop
      vertex 173.044 0.0684357 3.5
      vertex 173.044 0.0684357 0.599999
      vertex 173.5 0.159103 3.5
    endloop
  endfacet
  facet normal 0.194979 -0.980807 0
    outer loop
      vertex 173.044 0.0684357 17.4316
      vertex 174.071 0.272598 23
      vertex 173.044 0.0684357 23
    endloop
  endfacet
  facet normal 0.195013 -0.980801 -6.44901e-06
    outer loop
      vertex 173.5 0.159103 17.3409
      vertex 174.071 0.272598 23
      vertex 173.044 0.0684357 17.4316
    endloop
  endfacet
  facet normal 0.194952 -0.980813 0
    outer loop
      vertex 174.071 0.272598 0.599999
      vertex 173.5 0.159103 17.3409
      vertex 173.5 0.159103 3.5
    endloop
  endfacet
  facet normal 0.194952 -0.980813 0
    outer loop
      vertex 173.5 0.159103 17.3409
      vertex 174.071 0.272598 0.599999
      vertex 174.071 0.272598 23
    endloop
  endfacet
  facet normal 0.194979 -0.980807 5.69993e-06
    outer loop
      vertex 174.071 0.272598 0.599999
      vertex 173.5 0.159103 3.5
      vertex 173.044 0.0684357 0.599999
    endloop
  endfacet
  facet normal -0.392861 0.587947 -0.707091
    outer loop
      vertex 4.30064 98.4075 0
      vertex 3.49593 97.8698 0
      vertex 4 98.9282 0.599999
    endloop
  endfacet
  facet normal -0.693523 0.137965 -0.707101
    outer loop
      vertex 0.664566 92.9657 0
      vertex 0.0684357 93.0442 0.599999
      vertex 0.853394 93.9149 0
    endloop
  endfacet
  facet normal 0.831638 0.555318 0
    outer loop
      vertex 178.928 96 23
      vertex 178.347 96.8701 0.599999
      vertex 178.347 96.8701 23
    endloop
  endfacet
  facet normal 0.831638 0.555318 0
    outer loop
      vertex 178.347 96.8701 0.599999
      vertex 178.928 96 23
      vertex 178.928 96 0.599999
    endloop
  endfacet
  facet normal 0.531685 -0.466198 -0.707086
    outer loop
      vertex 178.347 3.12991 0.599999
      vertex 177.232 2.76831 0
      vertex 177.87 3.49593 0
    endloop
  endfacet
  facet normal 0.531684 0.46621 -0.707078
    outer loop
      vertex 177.87 96.5041 0
      vertex 177.232 97.2317 0
      vertex 178.347 96.8701 0.599999
    endloop
  endfacet
  facet normal -0.997859 0.0653986 0
    outer loop
      vertex 0 92 0.599999
      vertex 0.0684357 93.0442 23
      vertex 0.0684357 93.0442 0.599999
    endloop
  endfacet
  facet normal -0.997859 0.0653986 0
    outer loop
      vertex 0.0684357 93.0442 23
      vertex 0 92 0.599999
      vertex 0 92 23
    endloop
  endfacet
  facet normal -0.466192 0.531651 -0.707116
    outer loop
      vertex 2.76831 97.2317 0
      vertex 2.34314 97.6569 0.599999
      vertex 3.12991 98.3468 0.599999
    endloop
  endfacet
  facet normal -0.659303 0.751877 0
    outer loop
      vertex 3.12991 98.3468 0.599999
      vertex 2.34314 97.6569 23
      vertex 3.12991 98.3468 23
    endloop
  endfacet
  facet normal -0.659303 0.751877 0
    outer loop
      vertex 2.34314 97.6569 23
      vertex 3.12991 98.3468 0.599999
      vertex 2.34314 97.6569 0.599999
    endloop
  endfacet
  facet normal -0.227313 0.669572 -0.707108
    outer loop
      vertex 6.08507 99.1466 0
      vertex 4.93854 99.391 0.599999
      vertex 5.92944 99.7274 0.599999
    endloop
  endfacet
  facet normal -0.137928 0.693484 -0.707146
    outer loop
      vertex 7.03433 99.3354 0
      vertex 6.08507 99.1466 0
      vertex 6.9558 99.9316 0.599999
    endloop
  endfacet
  facet normal -0.195131 0.980777 0
    outer loop
      vertex 6.9558 99.9316 0.599999
      vertex 5.92944 99.7274 23
      vertex 6.9558 99.9316 23
    endloop
  endfacet
  facet normal -0.195131 0.980777 0
    outer loop
      vertex 5.92944 99.7274 23
      vertex 6.9558 99.9316 0.599999
      vertex 5.92944 99.7274 0.599999
    endloop
  endfacet
  facet normal 0.588079 -0.392688 -0.707077
    outer loop
      vertex 178.347 3.12991 0.599999
      vertex 177.87 3.49593 0
      vertex 178.928 4 0.599999
    endloop
  endfacet
  facet normal 0.588059 0.392429 -0.707239
    outer loop
      vertex 178.407 95.6994 0
      vertex 177.87 96.5041 0
      vertex 178.928 96 0.599999
    endloop
  endfacet
  facet normal 0.588087 0.392689 -0.707071
    outer loop
      vertex 178.928 96 0.599999
      vertex 177.87 96.5041 0
      vertex 178.347 96.8701 0.599999
    endloop
  endfacet
  facet normal -0.312707 0.634204 -0.707107
    outer loop
      vertex 5.16867 98.8355 0
      vertex 4.30064 98.4075 0
      vertex 4.93854 99.391 0.599999
    endloop
  endfacet
  facet normal -0.46624 0.53165 -0.707085
    outer loop
      vertex 3.49593 97.8698 0
      vertex 2.76831 97.2317 0
      vertex 3.12991 98.3468 0.599999
    endloop
  endfacet
  facet normal -0.669568 0.227288 -0.70712
    outer loop
      vertex 0.853394 93.9149 0
      vertex 0.608963 95.0615 0.599999
      vertex 1.16447 94.8313 0
    endloop
  endfacet
  facet normal 0.693126 0.137282 -0.707623
    outer loop
      vertex 179.335 92.9657 0
      vertex 179.147 93.9149 0
      vertex 179.932 93.0442 0.599999
    endloop
  endfacet
  facet normal 0 0 -1
    outer loop
      vertex 16.6292 14.25 0
      vertex 121.462 67.38 0
      vertex 17.0052 13.4874 0
    endloop
  endfacet
  facet normal 0 0 -1
    outer loop
      vertex 120.939 68.6438 0
      vertex 17.4444 88.1516 0
      vertex 17.5 89 0
    endloop
  endfacet
  facet normal -0 0 -1
    outer loop
      vertex 121.462 67.38 0
      vertex 16.6292 14.25 0
      vertex 121.159 67.9947 0
    endloop
  endfacet
  facet normal 0 0 -1
    outer loop
      vertex 120.939 68.6438 0
      vertex 17.2785 87.3177 0
      vertex 17.4444 88.1516 0
    endloop
  endfacet
  facet normal 0 0 -1
    outer loop
      vertex 16.1568 14.9569 0
      vertex 121.159 67.9947 0
      vertex 16.6292 14.25 0
    endloop
  endfacet
  facet normal 0 0 -1
    outer loop
      vertex 120.939 68.6438 0
      vertex 17.0052 86.5126 0
      vertex 17.2785 87.3177 0
    endloop
  endfacet
  facet normal -0 0 -1
    outer loop
      vertex 121.159 67.9947 0
      vertex 16.1568 14.9569 0
      vertex 120.939 68.6438 0
    endloop
  endfacet
  facet normal 0 0 -1
    outer loop
      vertex 120.939 68.6438 0
      vertex 16.6292 85.75 0
      vertex 17.0052 86.5126 0
    endloop
  endfacet
  facet normal 0 0 -1
    outer loop
      vertex 16.1568 85.0431 0
      vertex 120.939 68.6438 0
      vertex 16.1568 14.9569 0
    endloop
  endfacet
  facet normal 0 0 -1
    outer loop
      vertex 120.939 68.6438 0
      vertex 16.1568 85.0431 0
      vertex 16.6292 85.75 0
    endloop
  endfacet
  facet normal 0 0 -1
    outer loop
      vertex 15.5962 15.5962 0
      vertex 16.1568 85.0431 0
      vertex 16.1568 14.9569 0
    endloop
  endfacet
  facet normal 0 0 -1
    outer loop
      vertex 15.5962 15.5962 0
      vertex 15.5962 84.4038 0
      vertex 16.1568 85.0431 0
    endloop
  endfacet
  facet normal 0 0 -1
    outer loop
      vertex 14.9569 16.1568 0
      vertex 15.5962 84.4038 0
      vertex 15.5962 15.5962 0
    endloop
  endfacet
  facet normal 0 0 -1
    outer loop
      vertex 14.9569 16.1568 0
      vertex 14.9569 83.8432 0
      vertex 15.5962 84.4038 0
    endloop
  endfacet
  facet normal 0 0 -1
    outer loop
      vertex 14.25 16.6292 0
      vertex 14.9569 83.8432 0
      vertex 14.9569 16.1568 0
    endloop
  endfacet
  facet normal 0 0 -1
    outer loop
      vertex 14.25 16.6292 0
      vertex 14.25 83.3708 0
      vertex 14.9569 83.8432 0
    endloop
  endfacet
  facet normal 0 0 -1
    outer loop
      vertex 13.4874 17.0052 0
      vertex 14.25 83.3708 0
      vertex 14.25 16.6292 0
    endloop
  endfacet
  facet normal 0 0 -1
    outer loop
      vertex 13.4874 17.0052 0
      vertex 13.4874 82.9948 0
      vertex 14.25 83.3708 0
    endloop
  endfacet
  facet normal 0 0 -1
    outer loop
      vertex 12.6823 17.2785 0
      vertex 13.4874 82.9948 0
      vertex 13.4874 17.0052 0
    endloop
  endfacet
  facet normal 0 0 -1
    outer loop
      vertex 12.6823 17.2785 0
      vertex 12.6823 82.7215 0
      vertex 13.4874 82.9948 0
    endloop
  endfacet
  facet normal 0 0 -1
    outer loop
      vertex 11.8484 17.4444 0
      vertex 12.6823 82.7215 0
      vertex 12.6823 17.2785 0
    endloop
  endfacet
  facet normal 0 0 -1
    outer loop
      vertex 11.8484 17.4444 0
      vertex 11.8484 82.5556 0
      vertex 12.6823 82.7215 0
    endloop
  endfacet
  facet normal 0 0 -1
    outer loop
      vertex 11 17.5 0
      vertex 11.8484 82.5556 0
      vertex 11.8484 17.4444 0
    endloop
  endfacet
  facet normal 0 0 -1
    outer loop
      vertex 11 17.5 0
      vertex 11 82.5 0
      vertex 11.8484 82.5556 0
    endloop
  endfacet
  facet normal 0 0 -1
    outer loop
      vertex 10.1516 17.4444 0
      vertex 11 82.5 0
      vertex 11 17.5 0
    endloop
  endfacet
  facet normal 0 0 -1
    outer loop
      vertex 10.1516 17.4444 0
      vertex 10.1516 82.5556 0
      vertex 11 82.5 0
    endloop
  endfacet
  facet normal 0 0 -1
    outer loop
      vertex 9.31768 17.2785 0
      vertex 10.1516 82.5556 0
      vertex 10.1516 17.4444 0
    endloop
  endfacet
  facet normal 0 0 -1
    outer loop
      vertex 9.31768 17.2785 0
      vertex 9.31768 82.7215 0
      vertex 10.1516 82.5556 0
    endloop
  endfacet
  facet normal 0 0 -1
    outer loop
      vertex 8.51256 17.0052 0
      vertex 9.31768 82.7215 0
      vertex 9.31768 17.2785 0
    endloop
  endfacet
  facet normal 0 0 -1
    outer loop
      vertex 8.51256 17.0052 0
      vertex 8.51256 82.9948 0
      vertex 9.31768 82.7215 0
    endloop
  endfacet
  facet normal 0 0 -1
    outer loop
      vertex 7.75 16.6292 0
      vertex 8.51256 82.9948 0
      vertex 8.51256 17.0052 0
    endloop
  endfacet
  facet normal 0 0 -1
    outer loop
      vertex 7.75 16.6292 0
      vertex 7.75 83.3708 0
      vertex 8.51256 82.9948 0
    endloop
  endfacet
  facet normal 0 0 -1
    outer loop
      vertex 7.04305 16.1568 0
      vertex 7.75 83.3708 0
      vertex 7.75 16.6292 0
    endloop
  endfacet
  facet normal 0 0 -1
    outer loop
      vertex 7.04305 16.1568 0
      vertex 7.04305 83.8432 0
      vertex 7.75 83.3708 0
    endloop
  endfacet
  facet normal 0 0 -1
    outer loop
      vertex 6.40381 15.5962 0
      vertex 7.04305 83.8432 0
      vertex 7.04305 16.1568 0
    endloop
  endfacet
  facet normal 0 0 -1
    outer loop
      vertex 6.40381 15.5962 0
      vertex 6.40381 84.4038 0
      vertex 7.04305 83.8432 0
    endloop
  endfacet
  facet normal 0 0 -1
    outer loop
      vertex 5.8432 14.9569 0
      vertex 6.40381 84.4038 0
      vertex 6.40381 15.5962 0
    endloop
  endfacet
  facet normal 0 0 -1
    outer loop
      vertex 5.8432 14.9569 0
      vertex 5.8432 85.0431 0
      vertex 6.40381 84.4038 0
    endloop
  endfacet
  facet normal 0 0 -1
    outer loop
      vertex 5.37083 14.25 0
      vertex 5.8432 85.0431 0
      vertex 5.8432 14.9569 0
    endloop
  endfacet
  facet normal 0 0 -1
    outer loop
      vertex 5.37083 14.25 0
      vertex 5.37083 85.75 0
      vertex 5.8432 85.0431 0
    endloop
  endfacet
  facet normal 0 0 -1
    outer loop
      vertex 0.600006 8.01945 0
      vertex 5.37083 14.25 0
      vertex 4.99478 13.4874 0
    endloop
  endfacet
  facet normal -0 0 -1
    outer loop
      vertex 5.37083 14.25 0
      vertex 0.600006 8.01945 0
      vertex 5.37083 85.75 0
    endloop
  endfacet
  facet normal 0 0 -1
    outer loop
      vertex 0.600006 8.01945 0
      vertex 4.99478 13.4874 0
      vertex 4.72148 12.6823 0
    endloop
  endfacet
  facet normal 0 0 -1
    outer loop
      vertex 0.600006 91.9805 0
      vertex 5.37083 85.75 0
      vertex 0.600006 8.01945 0
    endloop
  endfacet
  facet normal 0 0 -1
    outer loop
      vertex 0.600006 8.01945 0
      vertex 4.72148 12.6823 0
      vertex 4.55561 11.8484 0
    endloop
  endfacet
  facet normal 0 0 -1
    outer loop
      vertex 5.37083 85.75 0
      vertex 0.600006 91.9805 0
      vertex 4.99478 86.5126 0
    endloop
  endfacet
  facet normal 0 0 -1
    outer loop
      vertex 0.600006 8.01945 0
      vertex 4.55561 11.8484 0
      vertex 4.5 11 0
    endloop
  endfacet
  facet normal 0 0 -1
    outer loop
      vertex 4.99478 86.5126 0
      vertex 0.600006 91.9805 0
      vertex 4.72148 87.3177 0
    endloop
  endfacet
  facet normal -0 0 -1
    outer loop
      vertex 163.843 85.0431 0
      vertex 131.061 71.3562 0
      vertex 163.371 85.75 0
    endloop
  endfacet
  facet normal 0 0 -1
    outer loop
      vertex 163.371 85.75 0
      vertex 131.195 84.316 0
      vertex 131.24 85 0
    endloop
  endfacet
  facet normal 0 0 -1
    outer loop
      vertex 131.061 83.6438 0
      vertex 163.371 85.75 0
      vertex 131.061 71.3562 0
    endloop
  endfacet
  facet normal 0 0 -1
    outer loop
      vertex 163.371 85.75 0
      vertex 131.061 83.6438 0
      vertex 131.195 84.316 0
    endloop
  endfacet
  facet normal 0 0 -1
    outer loop
      vertex 130.841 72.0053 0
      vertex 131.061 83.6438 0
      vertex 131.061 71.3562 0
    endloop
  endfacet
  facet normal 0 0 -1
    outer loop
      vertex 130.841 72.0053 0
      vertex 130.841 82.9947 0
      vertex 131.061 83.6438 0
    endloop
  endfacet
  facet normal 0 0 -1
    outer loop
      vertex 130.538 72.62 0
      vertex 130.841 82.9947 0
      vertex 130.841 72.0053 0
    endloop
  endfacet
  facet normal 0 0 -1
    outer loop
      vertex 130.538 72.62 0
      vertex 130.538 82.38 0
      vertex 130.841 82.9947 0
    endloop
  endfacet
  facet normal 0 0 -1
    outer loop
      vertex 130.157 73.1899 0
      vertex 130.538 82.38 0
      vertex 130.538 72.62 0
    endloop
  endfacet
  facet normal 0 0 -1
    outer loop
      vertex 130.157 73.1899 0
      vertex 130.157 81.8101 0
      vertex 130.538 82.38 0
    endloop
  endfacet
  facet normal 0 0 -1
    outer loop
      vertex 129.705 73.7052 0
      vertex 130.157 81.8101 0
      vertex 130.157 73.1899 0
    endloop
  endfacet
  facet normal 0 0 -1
    outer loop
      vertex 129.705 73.7052 0
      vertex 129.705 81.2948 0
      vertex 130.157 81.8101 0
    endloop
  endfacet
  facet normal 0 0 -1
    outer loop
      vertex 129.19 74.1572 0
      vertex 129.705 81.2948 0
      vertex 129.705 73.7052 0
    endloop
  endfacet
  facet normal 0 0 -1
    outer loop
      vertex 129.19 74.1572 0
      vertex 129.19 80.8428 0
      vertex 129.705 81.2948 0
    endloop
  endfacet
  facet normal 0 0 -1
    outer loop
      vertex 128.62 74.538 0
      vertex 129.19 80.8428 0
      vertex 129.19 74.1572 0
    endloop
  endfacet
  facet normal 0 0 -1
    outer loop
      vertex 128.62 74.538 0
      vertex 128.62 80.462 0
      vertex 129.19 80.8428 0
    endloop
  endfacet
  facet normal 0 0 -1
    outer loop
      vertex 128.005 74.8411 0
      vertex 128.62 80.462 0
      vertex 128.62 74.538 0
    endloop
  endfacet
  facet normal 0 0 -1
    outer loop
      vertex 128.005 74.8411 0
      vertex 128.005 80.1589 0
      vertex 128.62 80.462 0
    endloop
  endfacet
  facet normal 0 0 -1
    outer loop
      vertex 127.356 75.0615 0
      vertex 128.005 80.1589 0
      vertex 128.005 74.8411 0
    endloop
  endfacet
  facet normal 0 0 -1
    outer loop
      vertex 127.356 75.0615 0
      vertex 127.356 79.9385 0
      vertex 128.005 80.1589 0
    endloop
  endfacet
  facet normal 0 0 -1
    outer loop
      vertex 126.684 75.1952 0
      vertex 127.356 79.9385 0
      vertex 127.356 75.0615 0
    endloop
  endfacet
  facet normal 0 0 -1
    outer loop
      vertex 126.684 75.1952 0
      vertex 126.684 79.8048 0
      vertex 127.356 79.9385 0
    endloop
  endfacet
  facet normal 0 0 -1
    outer loop
      vertex 126 75.24 0
      vertex 126.684 79.8048 0
      vertex 126.684 75.1952 0
    endloop
  endfacet
  facet normal 0 0 -1
    outer loop
      vertex 126 75.24 0
      vertex 126 79.76 0
      vertex 126.684 79.8048 0
    endloop
  endfacet
  facet normal 0 0 -1
    outer loop
      vertex 125.316 75.1952 0
      vertex 126 79.76 0
      vertex 126 75.24 0
    endloop
  endfacet
  facet normal 0 0 -1
    outer loop
      vertex 125.316 75.1952 0
      vertex 125.316 79.8048 0
      vertex 126 79.76 0
    endloop
  endfacet
  facet normal 0 0 -1
    outer loop
      vertex 124.644 75.0615 0
      vertex 125.316 79.8048 0
      vertex 125.316 75.1952 0
    endloop
  endfacet
  facet normal 0 0 -1
    outer loop
      vertex 124.644 75.0615 0
      vertex 124.644 79.9385 0
      vertex 125.316 79.8048 0
    endloop
  endfacet
  facet normal 0 0 -1
    outer loop
      vertex 123.995 74.8411 0
      vertex 124.644 79.9385 0
      vertex 124.644 75.0615 0
    endloop
  endfacet
  facet normal 0 0 -1
    outer loop
      vertex 123.995 74.8411 0
      vertex 123.995 80.1589 0
      vertex 124.644 79.9385 0
    endloop
  endfacet
  facet normal 0 0 -1
    outer loop
      vertex 123.38 74.538 0
      vertex 123.995 80.1589 0
      vertex 123.995 74.8411 0
    endloop
  endfacet
  facet normal 0 0 -1
    outer loop
      vertex 123.38 74.538 0
      vertex 123.38 80.462 0
      vertex 123.995 80.1589 0
    endloop
  endfacet
  facet normal 0 0 -1
    outer loop
      vertex 122.81 74.1572 0
      vertex 123.38 80.462 0
      vertex 123.38 74.538 0
    endloop
  endfacet
  facet normal 0 0 -1
    outer loop
      vertex 122.81 74.1572 0
      vertex 122.81 80.8428 0
      vertex 123.38 80.462 0
    endloop
  endfacet
  facet normal 0 0 -1
    outer loop
      vertex 122.295 73.7052 0
      vertex 122.81 80.8428 0
      vertex 122.81 74.1572 0
    endloop
  endfacet
  facet normal 0 0 -1
    outer loop
      vertex 122.295 73.7052 0
      vertex 122.295 81.2948 0
      vertex 122.81 80.8428 0
    endloop
  endfacet
  facet normal 0 0 -1
    outer loop
      vertex 121.843 73.1899 0
      vertex 122.295 81.2948 0
      vertex 122.295 73.7052 0
    endloop
  endfacet
  facet normal 0 0 -1
    outer loop
      vertex 121.843 73.1899 0
      vertex 121.843 81.8101 0
      vertex 122.295 81.2948 0
    endloop
  endfacet
  facet normal 0 0 -1
    outer loop
      vertex 121.462 72.62 0
      vertex 121.843 81.8101 0
      vertex 121.843 73.1899 0
    endloop
  endfacet
  facet normal 0 0 -1
    outer loop
      vertex 121.462 72.62 0
      vertex 121.462 82.38 0
      vertex 121.843 81.8101 0
    endloop
  endfacet
  facet normal 0 0 -1
    outer loop
      vertex 121.159 72.0053 0
      vertex 121.462 82.38 0
      vertex 121.462 72.62 0
    endloop
  endfacet
  facet normal 0 0 -1
    outer loop
      vertex 121.159 72.0053 0
      vertex 121.159 82.9947 0
      vertex 121.462 82.38 0
    endloop
  endfacet
  facet normal 0 0 -1
    outer loop
      vertex 120.939 71.3562 0
      vertex 121.159 82.9947 0
      vertex 121.159 72.0053 0
    endloop
  endfacet
  facet normal 0 0 -1
    outer loop
      vertex 120.939 71.3562 0
      vertex 120.939 83.6438 0
      vertex 121.159 82.9947 0
    endloop
  endfacet
  facet normal 0 0 -1
    outer loop
      vertex 120.805 70.684 0
      vertex 120.939 83.6438 0
      vertex 120.939 71.3562 0
    endloop
  endfacet
  facet normal 0 0 -1
    outer loop
      vertex 120.805 70.684 0
      vertex 120.805 84.316 0
      vertex 120.939 83.6438 0
    endloop
  endfacet
  facet normal 0 0 -1
    outer loop
      vertex 17.5 89 0
      vertex 120.805 70.684 0
      vertex 120.76 70 0
    endloop
  endfacet
  facet normal 0 0 -1
    outer loop
      vertex 120.805 70.684 0
      vertex 17.5 89 0
      vertex 120.805 84.316 0
    endloop
  endfacet
  facet normal 0 0 -1
    outer loop
      vertex 175.005 13.4874 0
      vertex 179.4 8.01945 0
      vertex 175.279 12.6823 0
    endloop
  endfacet
  facet normal 0 0 -1
    outer loop
      vertex 179.4 91.9805 0
      vertex 175.444 88.1516 0
      vertex 175.5 89 0
    endloop
  endfacet
  facet normal 0 0 -1
    outer loop
      vertex 174.629 14.25 0
      vertex 179.4 8.01945 0
      vertex 175.005 13.4874 0
    endloop
  endfacet
  facet normal 0 0 -1
    outer loop
      vertex 179.4 91.9805 0
      vertex 175.279 87.3177 0
      vertex 175.444 88.1516 0
    endloop
  endfacet
  facet normal 0 0 -1
    outer loop
      vertex 179.4 8.01945 0
      vertex 174.629 14.25 0
      vertex 179.4 91.9805 0
    endloop
  endfacet
  facet normal 0 0 -1
    outer loop
      vertex 179.4 91.9805 0
      vertex 175.005 86.5126 0
      vertex 175.279 87.3177 0
    endloop
  endfacet
  facet normal 0 0 -1
    outer loop
      vertex 174.629 85.75 0
      vertex 179.4 91.9805 0
      vertex 174.629 14.25 0
    endloop
  endfacet
  facet normal 0 0 -1
    outer loop
      vertex 179.4 91.9805 0
      vertex 174.629 85.75 0
      vertex 175.005 86.5126 0
    endloop
  endfacet
  facet normal 0 0 -1
    outer loop
      vertex 174.157 14.9569 0
      vertex 174.629 85.75 0
      vertex 174.629 14.25 0
    endloop
  endfacet
  facet normal 0 0 -1
    outer loop
      vertex 174.157 14.9569 0
      vertex 174.157 85.0431 0
      vertex 174.629 85.75 0
    endloop
  endfacet
  facet normal 0 0 -1
    outer loop
      vertex 173.596 15.5962 0
      vertex 174.157 85.0431 0
      vertex 174.157 14.9569 0
    endloop
  endfacet
  facet normal 0 0 -1
    outer loop
      vertex 173.596 15.5962 0
      vertex 173.596 84.4038 0
      vertex 174.157 85.0431 0
    endloop
  endfacet
  facet normal 0 0 -1
    outer loop
      vertex 172.957 16.1568 0
      vertex 173.596 84.4038 0
      vertex 173.596 15.5962 0
    endloop
  endfacet
  facet normal 0 0 -1
    outer loop
      vertex 172.957 16.1568 0
      vertex 172.957 83.8432 0
      vertex 173.596 84.4038 0
    endloop
  endfacet
  facet normal 0 0 -1
    outer loop
      vertex 172.25 16.6292 0
      vertex 172.957 83.8432 0
      vertex 172.957 16.1568 0
    endloop
  endfacet
  facet normal 0 0 -1
    outer loop
      vertex 172.25 16.6292 0
      vertex 172.25 83.3708 0
      vertex 172.957 83.8432 0
    endloop
  endfacet
  facet normal 0 0 -1
    outer loop
      vertex 171.487 17.0052 0
      vertex 172.25 83.3708 0
      vertex 172.25 16.6292 0
    endloop
  endfacet
  facet normal 0 0 -1
    outer loop
      vertex 171.487 17.0052 0
      vertex 171.487 82.9948 0
      vertex 172.25 83.3708 0
    endloop
  endfacet
  facet normal 0 0 -1
    outer loop
      vertex 170.682 17.2785 0
      vertex 171.487 82.9948 0
      vertex 171.487 17.0052 0
    endloop
  endfacet
  facet normal 0 0 -1
    outer loop
      vertex 170.682 17.2785 0
      vertex 170.682 82.7215 0
      vertex 171.487 82.9948 0
    endloop
  endfacet
  facet normal 0 0 -1
    outer loop
      vertex 169.848 17.4444 0
      vertex 170.682 82.7215 0
      vertex 170.682 17.2785 0
    endloop
  endfacet
  facet normal 0 0 -1
    outer loop
      vertex 169.848 17.4444 0
      vertex 169.848 82.5556 0
      vertex 170.682 82.7215 0
    endloop
  endfacet
  facet normal 0 0 -1
    outer loop
      vertex 169 17.5 0
      vertex 169.848 82.5556 0
      vertex 169.848 17.4444 0
    endloop
  endfacet
  facet normal 0 0 -1
    outer loop
      vertex 169 17.5 0
      vertex 169 82.5 0
      vertex 169.848 82.5556 0
    endloop
  endfacet
  facet normal 0 0 -1
    outer loop
      vertex 168.152 17.4444 0
      vertex 169 82.5 0
      vertex 169 17.5 0
    endloop
  endfacet
  facet normal 0 0 -1
    outer loop
      vertex 168.152 17.4444 0
      vertex 168.152 82.5556 0
      vertex 169 82.5 0
    endloop
  endfacet
  facet normal 0 0 -1
    outer loop
      vertex 167.318 17.2785 0
      vertex 168.152 82.5556 0
      vertex 168.152 17.4444 0
    endloop
  endfacet
  facet normal 0 0 -1
    outer loop
      vertex 167.318 17.2785 0
      vertex 167.318 82.7215 0
      vertex 168.152 82.5556 0
    endloop
  endfacet
  facet normal 0 0 -1
    outer loop
      vertex 130.157 66.8101 0
      vertex 167.318 17.2785 0
      vertex 166.513 17.0052 0
    endloop
  endfacet
  facet normal 0 0 -1
    outer loop
      vertex 167.318 17.2785 0
      vertex 130.538 67.38 0
      vertex 167.318 82.7215 0
    endloop
  endfacet
  facet normal 0 0 -1
    outer loop
      vertex 129.705 66.2948 0
      vertex 166.513 17.0052 0
      vertex 165.75 16.6292 0
    endloop
  endfacet
  facet normal -0 0 -1
    outer loop
      vertex 167.318 82.7215 0
      vertex 130.538 67.38 0
      vertex 166.513 82.9948 0
    endloop
  endfacet
  facet normal 0 0 -1
    outer loop
      vertex 129.19 65.8428 0
      vertex 165.75 16.6292 0
      vertex 165.043 16.1568 0
    endloop
  endfacet
  facet normal 0 -0 -1
    outer loop
      vertex 130.841 67.9947 0
      vertex 166.513 82.9948 0
      vertex 130.538 67.38 0
    endloop
  endfacet
  facet normal 0 0 -1
    outer loop
      vertex 128.62 65.462 0
      vertex 165.043 16.1568 0
      vertex 164.404 15.5962 0
    endloop
  endfacet
  facet normal 0 -0 -1
    outer loop
      vertex 131.061 68.6438 0
      vertex 166.513 82.9948 0
      vertex 130.841 67.9947 0
    endloop
  endfacet
  facet normal 0 0 -1
    outer loop
      vertex 128.005 65.1589 0
      vertex 164.404 15.5962 0
      vertex 163.843 14.9569 0
    endloop
  endfacet
  facet normal -0 0 -1
    outer loop
      vertex 166.513 82.9948 0
      vertex 131.061 68.6438 0
      vertex 165.75 83.3708 0
    endloop
  endfacet
  facet normal 0 0 -1
    outer loop
      vertex 127.356 64.9385 0
      vertex 163.843 14.9569 0
      vertex 163.371 14.25 0
    endloop
  endfacet
  facet normal 0 -0 -1
    outer loop
      vertex 131.195 69.316 0
      vertex 165.75 83.3708 0
      vertex 131.061 68.6438 0
    endloop
  endfacet
  facet normal 0 0 -1
    outer loop
      vertex 126.684 64.8048 0
      vertex 163.371 14.25 0
      vertex 162.995 13.4874 0
    endloop
  endfacet
  facet normal -0 0 -1
    outer loop
      vertex 165.75 83.3708 0
      vertex 131.195 69.316 0
      vertex 165.043 83.8432 0
    endloop
  endfacet
  facet normal 0 0 -1
    outer loop
      vertex 126 64.76 0
      vertex 162.995 13.4874 0
      vertex 162.721 12.6823 0
    endloop
  endfacet
  facet normal 0 -0 -1
    outer loop
      vertex 131.24 70 0
      vertex 165.043 83.8432 0
      vertex 131.195 69.316 0
    endloop
  endfacet
  facet normal 0 0 -1
    outer loop
      vertex 125.316 64.8048 0
      vertex 162.721 12.6823 0
      vertex 162.556 11.8484 0
    endloop
  endfacet
  facet normal -0 0 -1
    outer loop
      vertex 165.043 83.8432 0
      vertex 131.24 70 0
      vertex 164.404 84.4038 0
    endloop
  endfacet
  facet normal 0 0 -1
    outer loop
      vertex 124.644 64.9385 0
      vertex 162.556 11.8484 0
      vertex 162.5 11 0
    endloop
  endfacet
  facet normal 0 0 -1
    outer loop
      vertex 131.195 70.684 0
      vertex 164.404 84.4038 0
      vertex 131.24 70 0
    endloop
  endfacet
  facet normal 0 0 -1
    outer loop
      vertex 175.005 8.51256 0
      vertex 179.4 8.01945 0
      vertex 179.335 7.03433 0
    endloop
  endfacet
  facet normal 0 0 -1
    outer loop
      vertex 175.444 11.8484 0
      vertex 179.4 8.01945 0
      vertex 175.5 11 0
    endloop
  endfacet
  facet normal 0 0 -1
    outer loop
      vertex 174.629 7.75 0
      vertex 179.335 7.03433 0
      vertex 179.147 6.08507 0
    endloop
  endfacet
  facet normal 0 0 -1
    outer loop
      vertex 175.279 12.6823 0
      vertex 179.4 8.01945 0
      vertex 175.444 11.8484 0
    endloop
  endfacet
  facet normal 0 0 -1
    outer loop
      vertex 174.629 7.75 0
      vertex 179.147 6.08507 0
      vertex 178.836 5.16867 0
    endloop
  endfacet
  facet normal 0 0 -1
    outer loop
      vertex 175.444 89.8484 0
      vertex 179.4 91.9805 0
      vertex 175.5 89 0
    endloop
  endfacet
  facet normal 0 0 -1
    outer loop
      vertex 174.157 7.04305 0
      vertex 178.836 5.16867 0
      vertex 178.407 4.30064 0
    endloop
  endfacet
  facet normal 0 0 -1
    outer loop
      vertex 175.279 90.6823 0
      vertex 179.4 91.9805 0
      vertex 175.444 89.8484 0
    endloop
  endfacet
  facet normal 0 0 -1
    outer loop
      vertex 174.157 7.04305 0
      vertex 178.407 4.30064 0
      vertex 177.87 3.49593 0
    endloop
  endfacet
  facet normal 0 0 -1
    outer loop
      vertex 175.005 91.4874 0
      vertex 179.4 91.9805 0
      vertex 175.279 90.6823 0
    endloop
  endfacet
  facet normal 0 0 -1
    outer loop
      vertex 173.596 6.40381 0
      vertex 177.87 3.49593 0
      vertex 177.232 2.76831 0
    endloop
  endfacet
  facet normal -0 0 -1
    outer loop
      vertex 179.4 91.9805 0
      vertex 175.005 91.4874 0
      vertex 179.335 92.9657 0
    endloop
  endfacet
  facet normal 0 0 -1
    outer loop
      vertex 173.596 6.40381 0
      vertex 177.232 2.76831 0
      vertex 176.504 2.13022 0
    endloop
  endfacet
  facet normal 0 0 -1
    outer loop
      vertex 174.629 92.25 0
      vertex 179.335 92.9657 0
      vertex 175.005 91.4874 0
    endloop
  endfacet
  facet normal 0 0 -1
    outer loop
      vertex 172.957 5.8432 0
      vertex 176.504 2.13022 0
      vertex 175.699 1.59253 0
    endloop
  endfacet
  facet normal -0 0 -1
    outer loop
      vertex 179.335 92.9657 0
      vertex 174.629 92.25 0
      vertex 179.147 93.9149 0
    endloop
  endfacet
  facet normal -0 0 -1
    outer loop
      vertex 179.147 93.9149 0
      vertex 174.629 92.25 0
      vertex 178.836 94.8313 0
    endloop
  endfacet
  facet normal 0 0 -1
    outer loop
      vertex 179.4 8.01945 0
      vertex 175.444 10.1516 0
      vertex 175.5 11 0
    endloop
  endfacet
  facet normal 0 0 -1
    outer loop
      vertex 179.4 8.01945 0
      vertex 175.279 9.31768 0
      vertex 175.444 10.1516 0
    endloop
  endfacet
  facet normal 0 0 -1
    outer loop
      vertex 179.4 8.01945 0
      vertex 175.005 8.51256 0
      vertex 175.279 9.31768 0
    endloop
  endfacet
  facet normal 0 0 -1
    outer loop
      vertex 172.957 5.8432 0
      vertex 175.699 1.59253 0
      vertex 174.831 1.16447 0
    endloop
  endfacet
  facet normal 0 0 -1
    outer loop
      vertex 179.335 7.03433 0
      vertex 174.629 7.75 0
      vertex 175.005 8.51256 0
    endloop
  endfacet
  facet normal 0 0 -1
    outer loop
      vertex 178.836 5.16867 0
      vertex 174.157 7.04305 0
      vertex 174.629 7.75 0
    endloop
  endfacet
  facet normal 0 0 -1
    outer loop
      vertex 172.25 5.37083 0
      vertex 174.831 1.16447 0
      vertex 173.915 0.853394 0
    endloop
  endfacet
  facet normal 0 0 -1
    outer loop
      vertex 177.87 3.49593 0
      vertex 173.596 6.40381 0
      vertex 174.157 7.04305 0
    endloop
  endfacet
  facet normal 0 0 -1
    outer loop
      vertex 172.25 5.37083 0
      vertex 173.915 0.853394 0
      vertex 172.966 0.664566 0
    endloop
  endfacet
  facet normal 0 0 -1
    outer loop
      vertex 176.504 2.13022 0
      vertex 172.957 5.8432 0
      vertex 173.596 6.40381 0
    endloop
  endfacet
  facet normal 0 0 -1
    outer loop
      vertex 174.831 1.16447 0
      vertex 172.25 5.37083 0
      vertex 172.957 5.8432 0
    endloop
  endfacet
  facet normal 0 0 -1
    outer loop
      vertex 171.487 4.99478 0
      vertex 172.966 0.664566 0
      vertex 171.981 0.600006 0
    endloop
  endfacet
  facet normal 0 0 -1
    outer loop
      vertex 172.966 0.664566 0
      vertex 171.487 4.99478 0
      vertex 172.25 5.37083 0
    endloop
  endfacet
  facet normal 0 0 -1
    outer loop
      vertex 171.981 0.600006 0
      vertex 170.682 4.72148 0
      vertex 171.487 4.99478 0
    endloop
  endfacet
  facet normal 0 0 -1
    outer loop
      vertex 171.981 0.600006 0
      vertex 169.848 4.55561 0
      vertex 170.682 4.72148 0
    endloop
  endfacet
  facet normal 0 0 -1
    outer loop
      vertex 171.981 0.600006 0
      vertex 169 4.5 0
      vertex 169.848 4.55561 0
    endloop
  endfacet
  facet normal 0 0 -1
    outer loop
      vertex 171.981 0.600006 0
      vertex 168.152 4.55561 0
      vertex 169 4.5 0
    endloop
  endfacet
  facet normal 0 0 -1
    outer loop
      vertex 171.981 0.600006 0
      vertex 167.318 4.72148 0
      vertex 168.152 4.55561 0
    endloop
  endfacet
  facet normal 0 0 -1
    outer loop
      vertex 171.981 0.600006 0
      vertex 166.513 4.99478 0
      vertex 167.318 4.72148 0
    endloop
  endfacet
  facet normal 0 0 -1
    outer loop
      vertex 171.981 0.600006 0
      vertex 165.75 5.37083 0
      vertex 166.513 4.99478 0
    endloop
  endfacet
  facet normal 0 0 -1
    outer loop
      vertex 171.981 0.600006 0
      vertex 165.043 5.8432 0
      vertex 165.75 5.37083 0
    endloop
  endfacet
  facet normal -0 0 -1
    outer loop
      vertex 164.404 84.4038 0
      vertex 131.195 70.684 0
      vertex 163.843 85.0431 0
    endloop
  endfacet
  facet normal 0 0 -1
    outer loop
      vertex 123.995 65.1589 0
      vertex 162.5 11 0
      vertex 162.556 10.1516 0
    endloop
  endfacet
  facet normal 0 0 -1
    outer loop
      vertex 17.4444 10.1516 0
      vertex 162.556 10.1516 0
      vertex 162.721 9.31768 0
    endloop
  endfacet
  facet normal 0 0 -1
    outer loop
      vertex 17.2785 9.31768 0
      vertex 162.721 9.31768 0
      vertex 162.995 8.51256 0
    endloop
  endfacet
  facet normal 0 0 -1
    outer loop
      vertex 17.0052 8.51256 0
      vertex 162.995 8.51256 0
      vertex 163.371 7.75 0
    endloop
  endfacet
  facet normal -0 0 -1
    outer loop
      vertex 162.721 87.3177 0
      vertex 131.24 85 0
      vertex 162.556 88.1516 0
    endloop
  endfacet
  facet normal -0 0 -1
    outer loop
      vertex 162.995 86.5126 0
      vertex 131.24 85 0
      vertex 162.721 87.3177 0
    endloop
  endfacet
  facet normal -0 0 -1
    outer loop
      vertex 163.371 85.75 0
      vertex 131.24 85 0
      vertex 162.995 86.5126 0
    endloop
  endfacet
  facet normal 0 0 -1
    outer loop
      vertex 131.061 71.3562 0
      vertex 163.843 85.0431 0
      vertex 131.195 70.684 0
    endloop
  endfacet
  facet normal 0 0 -1
    outer loop
      vertex 167.318 17.2785 0
      vertex 130.157 66.8101 0
      vertex 130.538 67.38 0
    endloop
  endfacet
  facet normal 0 0 -1
    outer loop
      vertex 166.513 17.0052 0
      vertex 129.705 66.2948 0
      vertex 130.157 66.8101 0
    endloop
  endfacet
  facet normal 0 0 -1
    outer loop
      vertex 165.75 16.6292 0
      vertex 129.19 65.8428 0
      vertex 129.705 66.2948 0
    endloop
  endfacet
  facet normal 0 0 -1
    outer loop
      vertex 165.043 16.1568 0
      vertex 128.62 65.462 0
      vertex 129.19 65.8428 0
    endloop
  endfacet
  facet normal 0 0 -1
    outer loop
      vertex 164.404 15.5962 0
      vertex 128.005 65.1589 0
      vertex 128.62 65.462 0
    endloop
  endfacet
  facet normal 0 0 -1
    outer loop
      vertex 163.843 14.9569 0
      vertex 127.356 64.9385 0
      vertex 128.005 65.1589 0
    endloop
  endfacet
  facet normal 0 0 -1
    outer loop
      vertex 163.371 14.25 0
      vertex 126.684 64.8048 0
      vertex 127.356 64.9385 0
    endloop
  endfacet
  facet normal 0 0 -1
    outer loop
      vertex 162.995 13.4874 0
      vertex 126 64.76 0
      vertex 126.684 64.8048 0
    endloop
  endfacet
  facet normal 0 0 -1
    outer loop
      vertex 162.721 12.6823 0
      vertex 125.316 64.8048 0
      vertex 126 64.76 0
    endloop
  endfacet
  facet normal 0 0 -1
    outer loop
      vertex 162.556 11.8484 0
      vertex 124.644 64.9385 0
      vertex 125.316 64.8048 0
    endloop
  endfacet
  facet normal 0 0 -1
    outer loop
      vertex 16.6292 7.75 0
      vertex 163.371 7.75 0
      vertex 163.843 7.04305 0
    endloop
  endfacet
  facet normal 0 0 -1
    outer loop
      vertex 162.5 11 0
      vertex 123.995 65.1589 0
      vertex 124.644 64.9385 0
    endloop
  endfacet
  facet normal 0 0 -1
    outer loop
      vertex 162.556 10.1516 0
      vertex 123.38 65.462 0
      vertex 123.995 65.1589 0
    endloop
  endfacet
  facet normal 0 0 -1
    outer loop
      vertex 162.556 10.1516 0
      vertex 17.4444 10.1516 0
      vertex 123.38 65.462 0
    endloop
  endfacet
  facet normal 0 -0 -1
    outer loop
      vertex 17.5 11 0
      vertex 123.38 65.462 0
      vertex 17.4444 10.1516 0
    endloop
  endfacet
  facet normal -0 0 -1
    outer loop
      vertex 123.38 65.462 0
      vertex 17.5 11 0
      vertex 122.81 65.8428 0
    endloop
  endfacet
  facet normal 0 0 -1
    outer loop
      vertex 120.805 69.316 0
      vertex 17.5 89 0
      vertex 120.76 70 0
    endloop
  endfacet
  facet normal 0 0 -1
    outer loop
      vertex 120.939 68.6438 0
      vertex 17.5 89 0
      vertex 120.805 69.316 0
    endloop
  endfacet
  facet normal -0 0 -1
    outer loop
      vertex 121.843 66.8101 0
      vertex 17.0052 13.4874 0
      vertex 121.462 67.38 0
    endloop
  endfacet
  facet normal 0 0 -1
    outer loop
      vertex 17.0052 13.4874 0
      vertex 121.843 66.8101 0
      vertex 17.2785 12.6823 0
    endloop
  endfacet
  facet normal -0 0 -1
    outer loop
      vertex 122.295 66.2948 0
      vertex 17.2785 12.6823 0
      vertex 121.843 66.8101 0
    endloop
  endfacet
  facet normal 0 0 -1
    outer loop
      vertex 17.2785 12.6823 0
      vertex 122.295 66.2948 0
      vertex 17.4444 11.8484 0
    endloop
  endfacet
  facet normal 0 0 -1
    outer loop
      vertex 17.4444 11.8484 0
      vertex 122.81 65.8428 0
      vertex 17.5 11 0
    endloop
  endfacet
  facet normal 0 0 -1
    outer loop
      vertex 16.1568 7.04305 0
      vertex 163.843 7.04305 0
      vertex 164.404 6.40381 0
    endloop
  endfacet
  facet normal 0 0 -1
    outer loop
      vertex 15.5962 6.40381 0
      vertex 164.404 6.40381 0
      vertex 165.043 5.8432 0
    endloop
  endfacet
  facet normal 0 0 -1
    outer loop
      vertex 14.9569 5.8432 0
      vertex 165.043 5.8432 0
      vertex 171.981 0.600006 0
    endloop
  endfacet
  facet normal -0 0 -1
    outer loop
      vertex 122.81 65.8428 0
      vertex 17.4444 11.8484 0
      vertex 122.295 66.2948 0
    endloop
  endfacet
  facet normal 0 0 -1
    outer loop
      vertex 162.721 9.31768 0
      vertex 17.2785 9.31768 0
      vertex 17.4444 10.1516 0
    endloop
  endfacet
  facet normal 0 0 -1
    outer loop
      vertex 162.995 8.51256 0
      vertex 17.0052 8.51256 0
      vertex 17.2785 9.31768 0
    endloop
  endfacet
  facet normal 0 0 -1
    outer loop
      vertex 163.371 7.75 0
      vertex 16.6292 7.75 0
      vertex 17.0052 8.51256 0
    endloop
  endfacet
  facet normal 0 0 -1
    outer loop
      vertex 163.843 7.04305 0
      vertex 16.1568 7.04305 0
      vertex 16.6292 7.75 0
    endloop
  endfacet
  facet normal 0 0 -1
    outer loop
      vertex 164.404 6.40381 0
      vertex 15.5962 6.40381 0
      vertex 16.1568 7.04305 0
    endloop
  endfacet
  facet normal 0 0 -1
    outer loop
      vertex 165.043 5.8432 0
      vertex 14.9569 5.8432 0
      vertex 15.5962 6.40381 0
    endloop
  endfacet
  facet normal 0 0 -1
    outer loop
      vertex 8.01945 0.600006 0
      vertex 14.9569 5.8432 0
      vertex 171.981 0.600006 0
    endloop
  endfacet
  facet normal 0 0 -1
    outer loop
      vertex 14.9569 5.8432 0
      vertex 8.01945 0.600006 0
      vertex 14.25 5.37083 0
    endloop
  endfacet
  facet normal 0 0 -1
    outer loop
      vertex 14.25 5.37083 0
      vertex 8.01945 0.600006 0
      vertex 13.4874 4.99478 0
    endloop
  endfacet
  facet normal 0 0 -1
    outer loop
      vertex 13.4874 4.99478 0
      vertex 8.01945 0.600006 0
      vertex 12.6823 4.72148 0
    endloop
  endfacet
  facet normal 0 0 -1
    outer loop
      vertex 12.6823 4.72148 0
      vertex 8.01945 0.600006 0
      vertex 11.8484 4.55561 0
    endloop
  endfacet
  facet normal 0 0 -1
    outer loop
      vertex 11.8484 4.55561 0
      vertex 8.01945 0.600006 0
      vertex 11 4.5 0
    endloop
  endfacet
  facet normal 0 0 -1
    outer loop
      vertex 8.01945 0.600006 0
      vertex 10.1516 4.55561 0
      vertex 11 4.5 0
    endloop
  endfacet
  facet normal 0 0 -1
    outer loop
      vertex 8.01945 0.600006 0
      vertex 9.31768 4.72148 0
      vertex 10.1516 4.55561 0
    endloop
  endfacet
  facet normal 0 0 -1
    outer loop
      vertex 8.01945 0.600006 0
      vertex 8.51256 4.99478 0
      vertex 9.31768 4.72148 0
    endloop
  endfacet
  facet normal 0 0 -1
    outer loop
      vertex 7.03433 0.664566 0
      vertex 8.51256 4.99478 0
      vertex 8.01945 0.600006 0
    endloop
  endfacet
  facet normal -0 0 -1
    outer loop
      vertex 8.51256 4.99478 0
      vertex 7.03433 0.664566 0
      vertex 7.75 5.37083 0
    endloop
  endfacet
  facet normal 0 0 -1
    outer loop
      vertex 6.08507 0.853394 0
      vertex 7.75 5.37083 0
      vertex 7.03433 0.664566 0
    endloop
  endfacet
  facet normal 0 0 -1
    outer loop
      vertex 5.16867 1.16447 0
      vertex 7.75 5.37083 0
      vertex 6.08507 0.853394 0
    endloop
  endfacet
  facet normal -0 0 -1
    outer loop
      vertex 7.75 5.37083 0
      vertex 5.16867 1.16447 0
      vertex 7.04305 5.8432 0
    endloop
  endfacet
  facet normal 0 0 -1
    outer loop
      vertex 4.30064 1.59253 0
      vertex 7.04305 5.8432 0
      vertex 5.16867 1.16447 0
    endloop
  endfacet
  facet normal 0 0 -1
    outer loop
      vertex 3.49593 2.13022 0
      vertex 7.04305 5.8432 0
      vertex 4.30064 1.59253 0
    endloop
  endfacet
  facet normal -0 0 -1
    outer loop
      vertex 7.04305 5.8432 0
      vertex 3.49593 2.13022 0
      vertex 6.40381 6.40381 0
    endloop
  endfacet
  facet normal 0 0 -1
    outer loop
      vertex 2.76831 2.76831 0
      vertex 6.40381 6.40381 0
      vertex 3.49593 2.13022 0
    endloop
  endfacet
  facet normal 0 0 -1
    outer loop
      vertex 2.13022 3.49593 0
      vertex 6.40381 6.40381 0
      vertex 2.76831 2.76831 0
    endloop
  endfacet
  facet normal -0 0 -1
    outer loop
      vertex 6.40381 6.40381 0
      vertex 2.13022 3.49593 0
      vertex 5.8432 7.04305 0
    endloop
  endfacet
  facet normal -0 0 -1
    outer loop
      vertex 5.8432 7.04305 0
      vertex 1.16447 5.16867 0
      vertex 5.37083 7.75 0
    endloop
  endfacet
  facet normal 0 0 -1
    outer loop
      vertex 1.16447 5.16867 0
      vertex 5.8432 7.04305 0
      vertex 1.59253 4.30064 0
    endloop
  endfacet
  facet normal 0 0 -1
    outer loop
      vertex 1.59253 4.30064 0
      vertex 5.8432 7.04305 0
      vertex 2.13022 3.49593 0
    endloop
  endfacet
  facet normal 0 0 -1
    outer loop
      vertex 174.157 92.9569 0
      vertex 178.836 94.8313 0
      vertex 174.629 92.25 0
    endloop
  endfacet
  facet normal -0 0 -1
    outer loop
      vertex 178.836 94.8313 0
      vertex 174.157 92.9569 0
      vertex 178.407 95.6994 0
    endloop
  endfacet
  facet normal -0 0 -1
    outer loop
      vertex 178.407 95.6994 0
      vertex 174.157 92.9569 0
      vertex 177.87 96.5041 0
    endloop
  endfacet
  facet normal 0 0 -1
    outer loop
      vertex 173.596 93.5962 0
      vertex 177.87 96.5041 0
      vertex 174.157 92.9569 0
    endloop
  endfacet
  facet normal -0 0 -1
    outer loop
      vertex 177.87 96.5041 0
      vertex 173.596 93.5962 0
      vertex 177.232 97.2317 0
    endloop
  endfacet
  facet normal -0 0 -1
    outer loop
      vertex 177.232 97.2317 0
      vertex 173.596 93.5962 0
      vertex 176.504 97.8698 0
    endloop
  endfacet
  facet normal 0 0 -1
    outer loop
      vertex 172.957 94.1568 0
      vertex 176.504 97.8698 0
      vertex 173.596 93.5962 0
    endloop
  endfacet
  facet normal -0 0 -1
    outer loop
      vertex 176.504 97.8698 0
      vertex 172.957 94.1568 0
      vertex 175.699 98.4075 0
    endloop
  endfacet
  facet normal -0 0 -1
    outer loop
      vertex 175.699 98.4075 0
      vertex 172.957 94.1568 0
      vertex 174.831 98.8355 0
    endloop
  endfacet
  facet normal 0 0 -1
    outer loop
      vertex 172.25 94.6292 0
      vertex 174.831 98.8355 0
      vertex 172.957 94.1568 0
    endloop
  endfacet
  facet normal -0 0 -1
    outer loop
      vertex 174.831 98.8355 0
      vertex 172.25 94.6292 0
      vertex 173.915 99.1466 0
    endloop
  endfacet
  facet normal -0 0 -1
    outer loop
      vertex 173.915 99.1466 0
      vertex 172.25 94.6292 0
      vertex 172.966 99.3354 0
    endloop
  endfacet
  facet normal 0 0 -1
    outer loop
      vertex 171.487 95.0052 0
      vertex 172.966 99.3354 0
      vertex 172.25 94.6292 0
    endloop
  endfacet
  facet normal -0 0 -1
    outer loop
      vertex 172.966 99.3354 0
      vertex 171.487 95.0052 0
      vertex 171.981 99.4 0
    endloop
  endfacet
  facet normal 0 0 -1
    outer loop
      vertex 170.682 95.2785 0
      vertex 171.981 99.4 0
      vertex 171.487 95.0052 0
    endloop
  endfacet
  facet normal 0 0 -1
    outer loop
      vertex 169.848 95.4444 0
      vertex 171.981 99.4 0
      vertex 170.682 95.2785 0
    endloop
  endfacet
  facet normal 0 0 -1
    outer loop
      vertex 169 95.5 0
      vertex 171.981 99.4 0
      vertex 169.848 95.4444 0
    endloop
  endfacet
  facet normal 0 0 -1
    outer loop
      vertex 168.152 95.4444 0
      vertex 171.981 99.4 0
      vertex 169 95.5 0
    endloop
  endfacet
  facet normal 0 0 -1
    outer loop
      vertex 167.318 95.2785 0
      vertex 171.981 99.4 0
      vertex 168.152 95.4444 0
    endloop
  endfacet
  facet normal 0 0 -1
    outer loop
      vertex 166.513 95.0052 0
      vertex 171.981 99.4 0
      vertex 167.318 95.2785 0
    endloop
  endfacet
  facet normal 0 0 -1
    outer loop
      vertex 165.75 94.6292 0
      vertex 171.981 99.4 0
      vertex 166.513 95.0052 0
    endloop
  endfacet
  facet normal 0 0 -1
    outer loop
      vertex 128.005 89.8411 0
      vertex 165.75 94.6292 0
      vertex 165.043 94.1568 0
    endloop
  endfacet
  facet normal 0 0 -1
    outer loop
      vertex 131.195 85.684 0
      vertex 162.556 88.1516 0
      vertex 131.24 85 0
    endloop
  endfacet
  facet normal -0 0 -1
    outer loop
      vertex 162.556 88.1516 0
      vertex 131.195 85.684 0
      vertex 162.5 89 0
    endloop
  endfacet
  facet normal 0 0 -1
    outer loop
      vertex 131.061 86.3562 0
      vertex 162.5 89 0
      vertex 131.195 85.684 0
    endloop
  endfacet
  facet normal -0 0 -1
    outer loop
      vertex 162.5 89 0
      vertex 131.061 86.3562 0
      vertex 162.556 89.8484 0
    endloop
  endfacet
  facet normal 0 0 -1
    outer loop
      vertex 130.841 87.0053 0
      vertex 162.556 89.8484 0
      vertex 131.061 86.3562 0
    endloop
  endfacet
  facet normal -0 0 -1
    outer loop
      vertex 162.556 89.8484 0
      vertex 130.841 87.0053 0
      vertex 162.721 90.6823 0
    endloop
  endfacet
  facet normal 0 0 -1
    outer loop
      vertex 130.538 87.62 0
      vertex 162.721 90.6823 0
      vertex 130.841 87.0053 0
    endloop
  endfacet
  facet normal -0 0 -1
    outer loop
      vertex 162.721 90.6823 0
      vertex 130.538 87.62 0
      vertex 162.995 91.4874 0
    endloop
  endfacet
  facet normal 0 0 -1
    outer loop
      vertex 130.157 88.1899 0
      vertex 162.995 91.4874 0
      vertex 130.538 87.62 0
    endloop
  endfacet
  facet normal -0 0 -1
    outer loop
      vertex 162.995 91.4874 0
      vertex 130.157 88.1899 0
      vertex 163.371 92.25 0
    endloop
  endfacet
  facet normal 0 0 -1
    outer loop
      vertex 129.705 88.7052 0
      vertex 163.371 92.25 0
      vertex 130.157 88.1899 0
    endloop
  endfacet
  facet normal -0 0 -1
    outer loop
      vertex 163.371 92.25 0
      vertex 129.705 88.7052 0
      vertex 163.843 92.9569 0
    endloop
  endfacet
  facet normal 0 0 -1
    outer loop
      vertex 129.19 89.1572 0
      vertex 163.843 92.9569 0
      vertex 129.705 88.7052 0
    endloop
  endfacet
  facet normal -0 0 -1
    outer loop
      vertex 163.843 92.9569 0
      vertex 129.19 89.1572 0
      vertex 164.404 93.5962 0
    endloop
  endfacet
  facet normal 0 0 -1
    outer loop
      vertex 128.62 89.538 0
      vertex 164.404 93.5962 0
      vertex 129.19 89.1572 0
    endloop
  endfacet
  facet normal -0 0 -1
    outer loop
      vertex 164.404 93.5962 0
      vertex 128.62 89.538 0
      vertex 165.043 94.1568 0
    endloop
  endfacet
  facet normal 0 0 -1
    outer loop
      vertex 128.005 89.8411 0
      vertex 165.043 94.1568 0
      vertex 128.62 89.538 0
    endloop
  endfacet
  facet normal -0 0 -1
    outer loop
      vertex 165.75 94.6292 0
      vertex 128.005 89.8411 0
      vertex 171.981 99.4 0
    endloop
  endfacet
  facet normal 0 0 -1
    outer loop
      vertex 127.356 90.0615 0
      vertex 171.981 99.4 0
      vertex 128.005 89.8411 0
    endloop
  endfacet
  facet normal 0 0 -1
    outer loop
      vertex 126.684 90.1952 0
      vertex 171.981 99.4 0
      vertex 127.356 90.0615 0
    endloop
  endfacet
  facet normal 0 0 -1
    outer loop
      vertex 126 90.24 0
      vertex 171.981 99.4 0
      vertex 126.684 90.1952 0
    endloop
  endfacet
  facet normal 0 0 -1
    outer loop
      vertex 125.316 90.1952 0
      vertex 171.981 99.4 0
      vertex 126 90.24 0
    endloop
  endfacet
  facet normal 0 0 -1
    outer loop
      vertex 120.805 84.316 0
      vertex 17.5 89 0
      vertex 120.76 85 0
    endloop
  endfacet
  facet normal 0 0 -1
    outer loop
      vertex 120.76 85 0
      vertex 17.5 89 0
      vertex 120.805 85.684 0
    endloop
  endfacet
  facet normal 0 0 -1
    outer loop
      vertex 17.4444 89.8484 0
      vertex 120.805 85.684 0
      vertex 17.5 89 0
    endloop
  endfacet
  facet normal 0 0 -1
    outer loop
      vertex 120.805 85.684 0
      vertex 17.4444 89.8484 0
      vertex 120.939 86.3562 0
    endloop
  endfacet
  facet normal 0 0 -1
    outer loop
      vertex 17.2785 90.6823 0
      vertex 120.939 86.3562 0
      vertex 17.4444 89.8484 0
    endloop
  endfacet
  facet normal 0 0 -1
    outer loop
      vertex 120.939 86.3562 0
      vertex 17.2785 90.6823 0
      vertex 121.159 87.0053 0
    endloop
  endfacet
  facet normal 0 0 -1
    outer loop
      vertex 17.0052 91.4874 0
      vertex 121.159 87.0053 0
      vertex 17.2785 90.6823 0
    endloop
  endfacet
  facet normal 0 0 -1
    outer loop
      vertex 121.159 87.0053 0
      vertex 17.0052 91.4874 0
      vertex 121.462 87.62 0
    endloop
  endfacet
  facet normal 0 0 -1
    outer loop
      vertex 16.6292 92.25 0
      vertex 121.462 87.62 0
      vertex 17.0052 91.4874 0
    endloop
  endfacet
  facet normal 0 0 -1
    outer loop
      vertex 121.462 87.62 0
      vertex 16.6292 92.25 0
      vertex 121.843 88.1899 0
    endloop
  endfacet
  facet normal 0 0 -1
    outer loop
      vertex 16.1568 92.9569 0
      vertex 121.843 88.1899 0
      vertex 16.6292 92.25 0
    endloop
  endfacet
  facet normal 0 0 -1
    outer loop
      vertex 121.843 88.1899 0
      vertex 16.1568 92.9569 0
      vertex 122.295 88.7052 0
    endloop
  endfacet
  facet normal 0 0 -1
    outer loop
      vertex 15.5962 93.5962 0
      vertex 122.295 88.7052 0
      vertex 16.1568 92.9569 0
    endloop
  endfacet
  facet normal 0 0 -1
    outer loop
      vertex 122.295 88.7052 0
      vertex 15.5962 93.5962 0
      vertex 122.81 89.1572 0
    endloop
  endfacet
  facet normal 0 0 -1
    outer loop
      vertex 14.9569 94.1568 0
      vertex 122.81 89.1572 0
      vertex 15.5962 93.5962 0
    endloop
  endfacet
  facet normal 0 0 -1
    outer loop
      vertex 122.81 89.1572 0
      vertex 14.9569 94.1568 0
      vertex 123.38 89.538 0
    endloop
  endfacet
  facet normal 0 0 -1
    outer loop
      vertex 8.01945 99.4 0
      vertex 123.38 89.538 0
      vertex 14.9569 94.1568 0
    endloop
  endfacet
  facet normal 0 0 -1
    outer loop
      vertex 123.38 89.538 0
      vertex 8.01945 99.4 0
      vertex 123.995 89.8411 0
    endloop
  endfacet
  facet normal 0 0 -1
    outer loop
      vertex 123.995 89.8411 0
      vertex 8.01945 99.4 0
      vertex 124.644 90.0615 0
    endloop
  endfacet
  facet normal 0 0 -1
    outer loop
      vertex 124.644 90.0615 0
      vertex 8.01945 99.4 0
      vertex 125.316 90.1952 0
    endloop
  endfacet
  facet normal 0 0 -1
    outer loop
      vertex 8.01945 99.4 0
      vertex 14.9569 94.1568 0
      vertex 14.25 94.6292 0
    endloop
  endfacet
  facet normal 0 0 -1
    outer loop
      vertex 8.01945 99.4 0
      vertex 14.25 94.6292 0
      vertex 13.4874 95.0052 0
    endloop
  endfacet
  facet normal 0 0 -1
    outer loop
      vertex 8.01945 99.4 0
      vertex 13.4874 95.0052 0
      vertex 12.6823 95.2785 0
    endloop
  endfacet
  facet normal 0 0 -1
    outer loop
      vertex 8.01945 99.4 0
      vertex 12.6823 95.2785 0
      vertex 11.8484 95.4444 0
    endloop
  endfacet
  facet normal 0 0 -1
    outer loop
      vertex 8.01945 99.4 0
      vertex 11.8484 95.4444 0
      vertex 11 95.5 0
    endloop
  endfacet
  facet normal 0 0 -1
    outer loop
      vertex 125.316 90.1952 0
      vertex 8.01945 99.4 0
      vertex 171.981 99.4 0
    endloop
  endfacet
  facet normal 0 0 -1
    outer loop
      vertex 10.1516 95.4444 0
      vertex 8.01945 99.4 0
      vertex 11 95.5 0
    endloop
  endfacet
  facet normal 0 0 -1
    outer loop
      vertex 9.31768 95.2785 0
      vertex 8.01945 99.4 0
      vertex 10.1516 95.4444 0
    endloop
  endfacet
  facet normal 0 0 -1
    outer loop
      vertex 8.51256 95.0052 0
      vertex 8.01945 99.4 0
      vertex 9.31768 95.2785 0
    endloop
  endfacet
  facet normal 0 0 -1
    outer loop
      vertex 7.03433 99.3354 0
      vertex 8.51256 95.0052 0
      vertex 7.75 94.6292 0
    endloop
  endfacet
  facet normal 0 0 -1
    outer loop
      vertex 5.16867 98.8355 0
      vertex 7.75 94.6292 0
      vertex 7.04305 94.1568 0
    endloop
  endfacet
  facet normal 0 0 -1
    outer loop
      vertex 8.51256 95.0052 0
      vertex 7.03433 99.3354 0
      vertex 8.01945 99.4 0
    endloop
  endfacet
  facet normal 0 0 -1
    outer loop
      vertex 3.49593 97.8698 0
      vertex 7.04305 94.1568 0
      vertex 6.40381 93.5962 0
    endloop
  endfacet
  facet normal 0 0 -1
    outer loop
      vertex 7.75 94.6292 0
      vertex 6.08507 99.1466 0
      vertex 7.03433 99.3354 0
    endloop
  endfacet
  facet normal 0 0 -1
    outer loop
      vertex 2.13022 96.5041 0
      vertex 6.40381 93.5962 0
      vertex 5.8432 92.9569 0
    endloop
  endfacet
  facet normal 0 0 -1
    outer loop
      vertex 1.16447 94.8313 0
      vertex 5.8432 92.9569 0
      vertex 5.37083 92.25 0
    endloop
  endfacet
  facet normal 0 0 -1
    outer loop
      vertex 7.75 94.6292 0
      vertex 5.16867 98.8355 0
      vertex 6.08507 99.1466 0
    endloop
  endfacet
  facet normal 0 0 -1
    outer loop
      vertex 0.664566 92.9657 0
      vertex 5.37083 92.25 0
      vertex 4.99478 91.4874 0
    endloop
  endfacet
  facet normal 0 0 -1
    outer loop
      vertex 0.600006 91.9805 0
      vertex 4.99478 91.4874 0
      vertex 4.72148 90.6823 0
    endloop
  endfacet
  facet normal 0 0 -1
    outer loop
      vertex 0.600006 91.9805 0
      vertex 4.72148 90.6823 0
      vertex 4.55561 89.8484 0
    endloop
  endfacet
  facet normal 0 0 -1
    outer loop
      vertex 7.04305 94.1568 0
      vertex 4.30064 98.4075 0
      vertex 5.16867 98.8355 0
    endloop
  endfacet
  facet normal 0 0 -1
    outer loop
      vertex 0.600006 91.9805 0
      vertex 4.55561 89.8484 0
      vertex 4.5 89 0
    endloop
  endfacet
  facet normal 0 0 -1
    outer loop
      vertex 4.72148 87.3177 0
      vertex 0.600006 91.9805 0
      vertex 4.55561 88.1516 0
    endloop
  endfacet
  facet normal 0 0 -1
    outer loop
      vertex 0.853394 6.08507 0
      vertex 5.37083 7.75 0
      vertex 1.16447 5.16867 0
    endloop
  endfacet
  facet normal 0 0 -1
    outer loop
      vertex 4.55561 88.1516 0
      vertex 0.600006 91.9805 0
      vertex 4.5 89 0
    endloop
  endfacet
  facet normal 0 0 -1
    outer loop
      vertex 0.664566 7.03433 0
      vertex 5.37083 7.75 0
      vertex 0.853394 6.08507 0
    endloop
  endfacet
  facet normal 0 0 -1
    outer loop
      vertex 4.99478 91.4874 0
      vertex 0.600006 91.9805 0
      vertex 0.664566 92.9657 0
    endloop
  endfacet
  facet normal -0 0 -1
    outer loop
      vertex 5.37083 7.75 0
      vertex 0.664566 7.03433 0
      vertex 4.99478 8.51256 0
    endloop
  endfacet
  facet normal 0 0 -1
    outer loop
      vertex 7.04305 94.1568 0
      vertex 3.49593 97.8698 0
      vertex 4.30064 98.4075 0
    endloop
  endfacet
  facet normal 0 0 -1
    outer loop
      vertex 0.600006 8.01945 0
      vertex 4.99478 8.51256 0
      vertex 0.664566 7.03433 0
    endloop
  endfacet
  facet normal 0 0 -1
    outer loop
      vertex 6.40381 93.5962 0
      vertex 2.76831 97.2317 0
      vertex 3.49593 97.8698 0
    endloop
  endfacet
  facet normal -0 0 -1
    outer loop
      vertex 4.99478 8.51256 0
      vertex 0.600006 8.01945 0
      vertex 4.72148 9.31768 0
    endloop
  endfacet
  facet normal 0 0 -1
    outer loop
      vertex 6.40381 93.5962 0
      vertex 2.13022 96.5041 0
      vertex 2.76831 97.2317 0
    endloop
  endfacet
  facet normal -0 0 -1
    outer loop
      vertex 4.72148 9.31768 0
      vertex 0.600006 8.01945 0
      vertex 4.55561 10.1516 0
    endloop
  endfacet
  facet normal 0 0 -1
    outer loop
      vertex 5.8432 92.9569 0
      vertex 1.59253 95.6994 0
      vertex 2.13022 96.5041 0
    endloop
  endfacet
  facet normal -0 0 -1
    outer loop
      vertex 4.55561 10.1516 0
      vertex 0.600006 8.01945 0
      vertex 4.5 11 0
    endloop
  endfacet
  facet normal 0 0 -1
    outer loop
      vertex 5.8432 92.9569 0
      vertex 1.16447 94.8313 0
      vertex 1.59253 95.6994 0
    endloop
  endfacet
  facet normal 0 0 -1
    outer loop
      vertex 5.37083 92.25 0
      vertex 0.853394 93.9149 0
      vertex 1.16447 94.8313 0
    endloop
  endfacet
  facet normal 0 0 -1
    outer loop
      vertex 5.37083 92.25 0
      vertex 0.664566 92.9657 0
      vertex 0.853394 93.9149 0
    endloop
  endfacet
  facet normal -0.94693 0.321439 0
    outer loop
      vertex 0.272598 94.0706 0.599999
      vertex 0.608963 95.0615 23
      vertex 0.608963 95.0615 0.599999
    endloop
  endfacet
  facet normal -0.94693 0.321439 0
    outer loop
      vertex 0.608963 95.0615 23
      vertex 0.272598 94.0706 0.599999
      vertex 0.272598 94.0706 23
    endloop
  endfacet
  facet normal -0.227309 0.669578 -0.707104
    outer loop
      vertex 5.16867 98.8355 0
      vertex 4.93854 99.391 0.599999
      vertex 6.08507 99.1466 0
    endloop
  endfacet
  facet normal -0.32145 0.946927 0
    outer loop
      vertex 174.141 2.83104 15.99
      vertex 173.448 2.59579 23
      vertex 174.141 2.83104 23
    endloop
  endfacet
  facet normal -0.32145 0.946927 0
    outer loop
      vertex 173.448 2.59579 23
      vertex 174.141 2.83104 15.99
      vertex 173.448 2.59579 15.99
    endloop
  endfacet
  facet normal 0.831477 0.55556 0
    outer loop
      vertex 3.15468 5.20264 23
      vertex 3.22326 5.1 15.99
      vertex 3.15468 5.20264 2
    endloop
  endfacet
  facet normal 0.831474 0.555564 -8.23985e-08
    outer loop
      vertex 3.56134 4.59402 23
      vertex 3.22326 5.1 15.99
      vertex 3.15468 5.20264 23
    endloop
  endfacet
  facet normal 0.831473 0.555565 0
    outer loop
      vertex 3.22326 5.1 15.99
      vertex 3.56134 4.59402 23
      vertex 3.56134 4.59402 15.99
    endloop
  endfacet
  facet normal 0.831477 0.55556 0
    outer loop
      vertex 3.15468 5.20264 2
      vertex 3.22326 5.1 15.99
      vertex 3.22326 5.1 2
    endloop
  endfacet
  facet normal -0.195026 0.980798 0
    outer loop
      vertex 173.448 2.59579 15.99
      vertex 172.73 2.45302 23
      vertex 173.448 2.59579 23
    endloop
  endfacet
  facet normal -0.195026 0.980798 0
    outer loop
      vertex 172.73 2.45302 23
      vertex 173.448 2.59579 15.99
      vertex 172.73 2.45302 15.99
    endloop
  endfacet
  facet normal 0.0654081 0.997859 -0
    outer loop
      vertex 8.07872 2.39999 15.99
      vertex 7.2697 2.45302 23
      vertex 8.07872 2.39999 23
    endloop
  endfacet
  facet normal 0.0654081 0.997859 0
    outer loop
      vertex 7.2697 2.45302 23
      vertex 8.07872 2.39999 15.99
      vertex 7.2697 2.45302 15.99
    endloop
  endfacet
  facet normal 0.32145 0.946927 -0
    outer loop
      vertex 6.55193 2.59579 15.99
      vertex 5.85893 2.83104 23
      vertex 6.55193 2.59579 23
    endloop
  endfacet
  facet normal 0.32145 0.946927 0
    outer loop
      vertex 5.85893 2.83104 23
      vertex 6.55193 2.59579 15.99
      vertex 5.85893 2.83104 15.99
    endloop
  endfacet
  facet normal 0.555564 0.831474 -0
    outer loop
      vertex 5.20264 3.15468 15.99
      vertex 4.59402 3.56134 23
      vertex 5.20264 3.15468 23
    endloop
  endfacet
  facet normal 0.555564 0.831474 0
    outer loop
      vertex 4.59402 3.56134 23
      vertex 5.20264 3.15468 15.99
      vertex 4.59402 3.56134 15.99
    endloop
  endfacet
  facet normal 0.442348 -0.896844 0
    outer loop
      vertex 5.20264 96.8453 2
      vertex 5.85893 97.169 23
      vertex 5.20264 96.8453 23
    endloop
  endfacet
  facet normal 0.442348 -0.896844 0
    outer loop
      vertex 5.85893 97.169 23
      vertex 5.20264 96.8453 2
      vertex 5.85893 97.169 2
    endloop
  endfacet
  facet normal 0.946927 0.32145 0
    outer loop
      vertex 2.83104 5.85893 23
      vertex 2.59579 6.55193 2
      vertex 2.59579 6.55193 23
    endloop
  endfacet
  facet normal 0.946927 0.32145 0
    outer loop
      vertex 2.59579 6.55193 2
      vertex 2.83104 5.85893 23
      vertex 2.83104 5.85893 2
    endloop
  endfacet
  facet normal -1 0 0
    outer loop
      vertex 177.6 17.86 2
      vertex 177.6 8.07872 2
      vertex 177.6 17.86 20.99
    endloop
  endfacet
  facet normal -1 0 0
    outer loop
      vertex 177.6 77.86 2
      vertex 177.6 22.14 2
      vertex 177.6 77.86 20.99
    endloop
  endfacet
  facet normal -1 0 0
    outer loop
      vertex 177.6 82.14 20.99
      vertex 177.6 91.9213 2
      vertex 177.6 82.14 2
    endloop
  endfacet
  facet normal -1 0 0
    outer loop
      vertex 177.6 91.9213 2
      vertex 177.6 82.14 20.99
      vertex 177.6 91.9213 23
    endloop
  endfacet
  facet normal -1 0 0
    outer loop
      vertex 177.6 77.86 20.99
      vertex 177.6 91.9213 23
      vertex 177.6 82.14 20.99
    endloop
  endfacet
  facet normal -1 0 0
    outer loop
      vertex 177.6 22.14 20.99
      vertex 177.6 77.86 20.99
      vertex 177.6 22.14 2
    endloop
  endfacet
  facet normal -1 0 0
    outer loop
      vertex 177.6 22.14 20.99
      vertex 177.6 91.9213 23
      vertex 177.6 77.86 20.99
    endloop
  endfacet
  facet normal -1 0 0
    outer loop
      vertex 177.6 8.07872 23
      vertex 177.6 22.14 20.99
      vertex 177.6 17.86 20.99
    endloop
  endfacet
  facet normal -1 0 0
    outer loop
      vertex 177.6 22.14 20.99
      vertex 177.6 8.07872 23
      vertex 177.6 91.9213 23
    endloop
  endfacet
  facet normal -1 0 0
    outer loop
      vertex 177.6 8.07872 23
      vertex 177.6 17.86 20.99
      vertex 177.6 8.07872 2
    endloop
  endfacet
  facet normal 1 -0 0
    outer loop
      vertex 2.39999 8.07872 23
      vertex 2.39999 91.9213 2
      vertex 2.39999 91.9213 23
    endloop
  endfacet
  facet normal 1 0 0
    outer loop
      vertex 2.39999 91.9213 2
      vertex 2.39999 8.07872 23
      vertex 2.39999 8.07872 2
    endloop
  endfacet
  facet normal 0.0653712 -0.997861 0
    outer loop
      vertex 7.2697 97.547 2
      vertex 8.07872 97.6 23
      vertex 7.2697 97.547 23
    endloop
  endfacet
  facet normal 0.0653712 -0.997861 0
    outer loop
      vertex 8.07872 97.6 23
      vertex 7.2697 97.547 2
      vertex 8.07872 97.6 2
    endloop
  endfacet
  facet normal 0 1 0
    outer loop
      vertex 171.921 2.39999 23
      vertex 79.1871 2.39999 20.99
      vertex 8.07872 2.39999 23
    endloop
  endfacet
  facet normal 0 1 -0
    outer loop
      vertex 171.921 2.39999 15.99
      vertex 79.1871 2.39999 20.99
      vertex 171.921 2.39999 23
    endloop
  endfacet
  facet normal 0 1 0
    outer loop
      vertex 79.1871 2.39999 20.99
      vertex 171.921 2.39999 15.99
      vertex 79.1871 2.39999 15.99
    endloop
  endfacet
  facet normal 0 1 -0
    outer loop
      vertex 74.8129 2.39999 20.99
      vertex 8.07872 2.39999 23
      vertex 79.1871 2.39999 20.99
    endloop
  endfacet
  facet normal 0 1 0
    outer loop
      vertex 8.07872 2.39999 15.99
      vertex 74.8129 2.39999 20.99
      vertex 74.8129 2.39999 15.99
    endloop
  endfacet
  facet normal 0 1 0
    outer loop
      vertex 74.8129 2.39999 20.99
      vertex 8.07872 2.39999 15.99
      vertex 8.07872 2.39999 23
    endloop
  endfacet
  facet normal -0.321388 -0.946948 0
    outer loop
      vertex 173.448 97.4042 2
      vertex 174.141 97.169 23
      vertex 173.448 97.4042 23
    endloop
  endfacet
  facet normal -0.321388 -0.946948 -0
    outer loop
      vertex 174.141 97.169 23
      vertex 173.448 97.4042 2
      vertex 174.141 97.169 2
    endloop
  endfacet
  facet normal -0.0654097 0.997858 0
    outer loop
      vertex 172.73 2.45302 15.99
      vertex 171.921 2.39999 23
      vertex 172.73 2.45302 23
    endloop
  endfacet
  facet normal -0.0654097 0.997858 0
    outer loop
      vertex 171.921 2.39999 23
      vertex 172.73 2.45302 15.99
      vertex 171.921 2.39999 15.99
    endloop
  endfacet
  facet normal -0.195065 -0.98079 0
    outer loop
      vertex 172.73 97.547 2
      vertex 173.448 97.4042 23
      vertex 172.73 97.547 23
    endloop
  endfacet
  facet normal -0.195065 -0.98079 -0
    outer loop
      vertex 173.448 97.4042 23
      vertex 172.73 97.547 2
      vertex 173.448 97.4042 2
    endloop
  endfacet
  facet normal 0.195086 0.980786 -0
    outer loop
      vertex 7.2697 2.45302 15.99
      vertex 6.55193 2.59579 23
      vertex 7.2697 2.45302 23
    endloop
  endfacet
  facet normal 0.195086 0.980786 0
    outer loop
      vertex 6.55193 2.59579 23
      vertex 7.2697 2.45302 15.99
      vertex 6.55193 2.59579 15.99
    endloop
  endfacet
  facet normal -0.831882 -0.554953 0
    outer loop
      vertex 176.845 94.7974 2
      vertex 176.439 95.406 23
      vertex 176.439 95.406 2
    endloop
  endfacet
  facet normal -0.831882 -0.554953 0
    outer loop
      vertex 176.439 95.406 23
      vertex 176.845 94.7974 2
      vertex 176.845 94.7974 23
    endloop
  endfacet
  facet normal 0.442282 0.896876 -0
    outer loop
      vertex 5.85893 2.83104 15.99
      vertex 5.20264 3.15468 23
      vertex 5.85893 2.83104 23
    endloop
  endfacet
  facet normal 0.442282 0.896876 0
    outer loop
      vertex 5.20264 3.15468 23
      vertex 5.85893 2.83104 15.99
      vertex 5.20264 3.15468 15.99
    endloop
  endfacet
  facet normal 0 -1 0
    outer loop
      vertex 14.65 97.6 2
      vertex 44.15 97.6 4.99
      vertex 14.65 97.6 4.99
    endloop
  endfacet
  facet normal 0 -1 -0
    outer loop
      vertex 44.15 97.6 4.99
      vertex 14.65 97.6 2
      vertex 44.15 97.6 2
    endloop
  endfacet
  facet normal 0 -1 0
    outer loop
      vertex 8.07872 97.6 23
      vertex 74.8129 97.6 20.99
      vertex 171.921 97.6 23
    endloop
  endfacet
  facet normal 0 -1 0
    outer loop
      vertex 43.4 97.6 20.6
      vertex 8.07872 97.6 23
      vertex 15.4 97.6 20.6
    endloop
  endfacet
  facet normal 0 -1 0
    outer loop
      vertex 8.07872 97.6 23
      vertex 15.139 97.6 20.5829
      vertex 15.4 97.6 20.6
    endloop
  endfacet
  facet normal 0 -1 0
    outer loop
      vertex 8.07872 97.6 23
      vertex 14.8824 97.6 20.5319
      vertex 15.139 97.6 20.5829
    endloop
  endfacet
  facet normal 0 -1 0
    outer loop
      vertex 8.07872 97.6 23
      vertex 14.6346 97.6 20.4478
      vertex 14.8824 97.6 20.5319
    endloop
  endfacet
  facet normal 0 -1 0
    outer loop
      vertex 8.07872 97.6 23
      vertex 14.4 97.6 20.3321
      vertex 14.6346 97.6 20.4478
    endloop
  endfacet
  facet normal 0 -1 0
    outer loop
      vertex 8.07872 97.6 23
      vertex 14.1825 97.6 20.1867
      vertex 14.4 97.6 20.3321
    endloop
  endfacet
  facet normal 0 -1 0
    outer loop
      vertex 8.07872 97.6 23
      vertex 13.9858 97.6 20.0142
      vertex 14.1825 97.6 20.1867
    endloop
  endfacet
  facet normal 0 -1 0
    outer loop
      vertex 8.07872 97.6 23
      vertex 13.8133 97.6 19.8175
      vertex 13.9858 97.6 20.0142
    endloop
  endfacet
  facet normal 0 -1 0
    outer loop
      vertex 8.07872 97.6 23
      vertex 13.6679 97.6 19.6
      vertex 13.8133 97.6 19.8175
    endloop
  endfacet
  facet normal 0 -1 0
    outer loop
      vertex 8.07872 97.6 23
      vertex 13.5522 97.6 19.3654
      vertex 13.6679 97.6 19.6
    endloop
  endfacet
  facet normal 0 -1 0
    outer loop
      vertex 8.07872 97.6 23
      vertex 13.4681 97.6 19.1176
      vertex 13.5522 97.6 19.3654
    endloop
  endfacet
  facet normal 0 -1 0
    outer loop
      vertex 8.07872 97.6 23
      vertex 13.4171 97.6 18.861
      vertex 13.4681 97.6 19.1176
    endloop
  endfacet
  facet normal 0 -1 0
    outer loop
      vertex 8.07872 97.6 23
      vertex 13.4 97.6 18.6
      vertex 13.4171 97.6 18.861
    endloop
  endfacet
  facet normal 0 -1 0
    outer loop
      vertex 8.07872 97.6 23
      vertex 13.4 97.6 15
      vertex 13.4 97.6 18.6
    endloop
  endfacet
  facet normal 0 -1 0
    outer loop
      vertex 8.07872 97.6 23
      vertex 13.4171 97.6 14.739
      vertex 13.4 97.6 15
    endloop
  endfacet
  facet normal 0 -1 0
    outer loop
      vertex 10.65 97.6 4.99
      vertex 13.4171 97.6 14.739
      vertex 8.07872 97.6 23
    endloop
  endfacet
  facet normal 0 -1 -0
    outer loop
      vertex 13.4171 97.6 14.739
      vertex 10.65 97.6 4.99
      vertex 13.4681 97.6 14.4824
    endloop
  endfacet
  facet normal 0 -1 -0
    outer loop
      vertex 13.4681 97.6 14.4824
      vertex 10.65 97.6 4.99
      vertex 13.5522 97.6 14.2346
    endloop
  endfacet
  facet normal 0 -1 0
    outer loop
      vertex 44.15 97.6 4.99
      vertex 43.4 97.6 13
      vertex 15.4 97.6 13
    endloop
  endfacet
  facet normal 0 -1 0
    outer loop
      vertex 14.65 97.6 4.99
      vertex 15.4 97.6 13
      vertex 15.139 97.6 13.0171
    endloop
  endfacet
  facet normal 0 -1 0
    outer loop
      vertex 43.4 97.6 13
      vertex 60.8042 97.6 8.96717
      vertex 61 97.6 8.98
    endloop
  endfacet
  facet normal 0 -1 0
    outer loop
      vertex 43.4 97.6 13
      vertex 60.6118 97.6 8.92888
      vertex 60.8042 97.6 8.96717
    endloop
  endfacet
  facet normal 0 -1 0
    outer loop
      vertex 43.4 97.6 13
      vertex 60.426 97.6 8.86582
      vertex 60.6118 97.6 8.92888
    endloop
  endfacet
  facet normal 0 -1 0
    outer loop
      vertex 48.15 97.6 4.99
      vertex 43.4 97.6 13
      vertex 44.15 97.6 4.99
    endloop
  endfacet
  facet normal 0 -1 0
    outer loop
      vertex 43.4 97.6 13
      vertex 60.25 97.6 8.77904
      vertex 60.426 97.6 8.86582
    endloop
  endfacet
  facet normal -0 -1 0
    outer loop
      vertex 59.701 97.6 8.23
      vertex 43.4 97.6 13
      vertex 48.15 97.6 4.99
    endloop
  endfacet
  facet normal 0 -1 0
    outer loop
      vertex 43.4 97.6 13
      vertex 60.0869 97.6 8.67003
      vertex 60.25 97.6 8.77904
    endloop
  endfacet
  facet normal 0 -1 0
    outer loop
      vertex 43.4 97.6 13
      vertex 59.9393 97.6 8.54065
      vertex 60.0869 97.6 8.67003
    endloop
  endfacet
  facet normal 0 -1 0
    outer loop
      vertex 43.4 97.6 13
      vertex 59.81 97.6 8.39315
      vertex 59.9393 97.6 8.54065
    endloop
  endfacet
  facet normal 0 -1 0
    outer loop
      vertex 43.4 97.6 13
      vertex 59.701 97.6 8.23
      vertex 59.81 97.6 8.39315
    endloop
  endfacet
  facet normal 0 -1 0
    outer loop
      vertex 59.701 97.6 8.23
      vertex 48.15 97.6 4.99
      vertex 59.6142 97.6 8.05402
    endloop
  endfacet
  facet normal 0 -1 0
    outer loop
      vertex 59.6142 97.6 8.05402
      vertex 48.15 97.6 4.99
      vertex 59.5511 97.6 7.86823
    endloop
  endfacet
  facet normal 0 -1 0
    outer loop
      vertex 59.5511 97.6 7.86823
      vertex 48.15 97.6 4.99
      vertex 59.5128 97.6 7.67579
    endloop
  endfacet
  facet normal 0 -1 -0
    outer loop
      vertex 59.5 97.6 7.48
      vertex 48.15 97.6 4.99
      vertex 59.5 97.6 5.98
    endloop
  endfacet
  facet normal 0 -1 -0
    outer loop
      vertex 59.5 97.6 5.98
      vertex 48.15 97.6 4.99
      vertex 59.5128 97.6 5.78421
    endloop
  endfacet
  facet normal 0 -1 -0
    outer loop
      vertex 59.5128 97.6 5.78421
      vertex 48.15 97.6 4.99
      vertex 59.5511 97.6 5.59177
    endloop
  endfacet
  facet normal 0 -1 -0
    outer loop
      vertex 59.5511 97.6 5.59177
      vertex 48.15 97.6 4.99
      vertex 59.6142 97.6 5.40598
    endloop
  endfacet
  facet normal 0 -1 0
    outer loop
      vertex 48.15 97.6 2
      vertex 59.6142 97.6 5.40598
      vertex 48.15 97.6 4.99
    endloop
  endfacet
  facet normal 0 -1 -0
    outer loop
      vertex 14.8824 97.6 13.0682
      vertex 14.65 97.6 4.99
      vertex 15.139 97.6 13.0171
    endloop
  endfacet
  facet normal 0 -1 0
    outer loop
      vertex 14.6346 97.6 13.1522
      vertex 14.65 97.6 4.99
      vertex 14.8824 97.6 13.0682
    endloop
  endfacet
  facet normal 0 -1 0
    outer loop
      vertex 14.65 97.6 4.99
      vertex 14.6346 97.6 13.1522
      vertex 10.65 97.6 4.99
    endloop
  endfacet
  facet normal 0 -1 -0
    outer loop
      vertex 14.4 97.6 13.268
      vertex 10.65 97.6 4.99
      vertex 14.6346 97.6 13.1522
    endloop
  endfacet
  facet normal 0 -1 -0
    outer loop
      vertex 14.1825 97.6 13.4133
      vertex 10.65 97.6 4.99
      vertex 14.4 97.6 13.268
    endloop
  endfacet
  facet normal 0 -1 -0
    outer loop
      vertex 13.9858 97.6 13.5858
      vertex 10.65 97.6 4.99
      vertex 14.1825 97.6 13.4133
    endloop
  endfacet
  facet normal 0 -1 -0
    outer loop
      vertex 13.8133 97.6 13.7825
      vertex 10.65 97.6 4.99
      vertex 13.9858 97.6 13.5858
    endloop
  endfacet
  facet normal 0 -1 -0
    outer loop
      vertex 13.6679 97.6 14
      vertex 10.65 97.6 4.99
      vertex 13.8133 97.6 13.7825
    endloop
  endfacet
  facet normal 0 -1 -0
    outer loop
      vertex 13.5522 97.6 14.2346
      vertex 10.65 97.6 4.99
      vertex 13.6679 97.6 14
    endloop
  endfacet
  facet normal 0 -1 0
    outer loop
      vertex 8.07872 97.6 2
      vertex 10.65 97.6 4.99
      vertex 8.07872 97.6 23
    endloop
  endfacet
  facet normal 0 -1 -0
    outer loop
      vertex 10.65 97.6 4.99
      vertex 8.07872 97.6 2
      vertex 10.65 97.6 2
    endloop
  endfacet
  facet normal 0 -1 0
    outer loop
      vertex 79.1871 97.6 20.99
      vertex 171.921 97.6 23
      vertex 74.8129 97.6 20.99
    endloop
  endfacet
  facet normal 0 -1 0
    outer loop
      vertex 171.921 97.6 2
      vertex 79.1871 97.6 20.99
      vertex 79.1871 97.6 2
    endloop
  endfacet
  facet normal 0 -1 0
    outer loop
      vertex 79.1871 97.6 20.99
      vertex 171.921 97.6 2
      vertex 171.921 97.6 23
    endloop
  endfacet
  facet normal 0 -1 0
    outer loop
      vertex 8.07872 97.6 23
      vertex 43.4 97.6 20.6
      vertex 74.8129 97.6 20.99
    endloop
  endfacet
  facet normal 0 -1 0
    outer loop
      vertex 43.661 97.6 20.5829
      vertex 74.8129 97.6 20.99
      vertex 43.4 97.6 20.6
    endloop
  endfacet
  facet normal 0 -1 0
    outer loop
      vertex 43.9176 97.6 20.5319
      vertex 74.8129 97.6 20.99
      vertex 43.661 97.6 20.5829
    endloop
  endfacet
  facet normal 0 -1 0
    outer loop
      vertex 44.1654 97.6 20.4478
      vertex 74.8129 97.6 20.99
      vertex 43.9176 97.6 20.5319
    endloop
  endfacet
  facet normal 0 -1 0
    outer loop
      vertex 44.4 97.6 20.3321
      vertex 74.8129 97.6 20.99
      vertex 44.1654 97.6 20.4478
    endloop
  endfacet
  facet normal 0 -1 0
    outer loop
      vertex 44.6175 97.6 20.1867
      vertex 74.8129 97.6 20.99
      vertex 44.4 97.6 20.3321
    endloop
  endfacet
  facet normal 0 -1 0
    outer loop
      vertex 44.8142 97.6 20.0142
      vertex 74.8129 97.6 20.99
      vertex 44.6175 97.6 20.1867
    endloop
  endfacet
  facet normal 0 -1 0
    outer loop
      vertex 44.9867 97.6 19.8175
      vertex 74.8129 97.6 20.99
      vertex 44.8142 97.6 20.0142
    endloop
  endfacet
  facet normal 0 -1 0
    outer loop
      vertex 45.1321 97.6 19.6
      vertex 74.8129 97.6 20.99
      vertex 44.9867 97.6 19.8175
    endloop
  endfacet
  facet normal 0 -1 0
    outer loop
      vertex 45.2478 97.6 19.3654
      vertex 74.8129 97.6 20.99
      vertex 45.1321 97.6 19.6
    endloop
  endfacet
  facet normal 0 -1 0
    outer loop
      vertex 45.3319 97.6 19.1176
      vertex 74.8129 97.6 20.99
      vertex 45.2478 97.6 19.3654
    endloop
  endfacet
  facet normal 0 -1 0
    outer loop
      vertex 61 97.6 8.98
      vertex 45.3319 97.6 19.1176
      vertex 45.3829 97.6 18.861
    endloop
  endfacet
  facet normal 0 -1 0
    outer loop
      vertex 61 97.6 8.98
      vertex 45.3829 97.6 18.861
      vertex 45.4 97.6 18.6
    endloop
  endfacet
  facet normal 0 -1 0
    outer loop
      vertex 61 97.6 8.98
      vertex 45.4 97.6 18.6
      vertex 45.4 97.6 15
    endloop
  endfacet
  facet normal 0 -1 0
    outer loop
      vertex 61 97.6 8.98
      vertex 45.4 97.6 15
      vertex 45.3829 97.6 14.739
    endloop
  endfacet
  facet normal 0 -1 0
    outer loop
      vertex 61 97.6 8.98
      vertex 45.3829 97.6 14.739
      vertex 45.3319 97.6 14.4824
    endloop
  endfacet
  facet normal 0 -1 0
    outer loop
      vertex 61 97.6 8.98
      vertex 45.3319 97.6 14.4824
      vertex 45.2478 97.6 14.2346
    endloop
  endfacet
  facet normal 0 -1 0
    outer loop
      vertex 61 97.6 8.98
      vertex 45.2478 97.6 14.2346
      vertex 45.1321 97.6 14
    endloop
  endfacet
  facet normal 0 -1 0
    outer loop
      vertex 61 97.6 8.98
      vertex 45.1321 97.6 14
      vertex 44.9867 97.6 13.7825
    endloop
  endfacet
  facet normal 0 -1 0
    outer loop
      vertex 61 97.6 8.98
      vertex 44.9867 97.6 13.7825
      vertex 44.8142 97.6 13.5858
    endloop
  endfacet
  facet normal 0 -1 0
    outer loop
      vertex 61 97.6 8.98
      vertex 44.8142 97.6 13.5858
      vertex 44.6175 97.6 13.4133
    endloop
  endfacet
  facet normal 0 -1 0
    outer loop
      vertex 61 97.6 8.98
      vertex 44.6175 97.6 13.4133
      vertex 44.4 97.6 13.268
    endloop
  endfacet
  facet normal 0 -1 0
    outer loop
      vertex 61 97.6 8.98
      vertex 44.4 97.6 13.268
      vertex 44.1654 97.6 13.1522
    endloop
  endfacet
  facet normal 0 -1 0
    outer loop
      vertex 61 97.6 8.98
      vertex 44.1654 97.6 13.1522
      vertex 43.9176 97.6 13.0682
    endloop
  endfacet
  facet normal 0 -1 0
    outer loop
      vertex 61 97.6 8.98
      vertex 43.661 97.6 13.0171
      vertex 43.4 97.6 13
    endloop
  endfacet
  facet normal 0 -1 0
    outer loop
      vertex 61 97.6 8.98
      vertex 43.9176 97.6 13.0682
      vertex 43.661 97.6 13.0171
    endloop
  endfacet
  facet normal 0 -1 0
    outer loop
      vertex 45.3319 97.6 19.1176
      vertex 61 97.6 8.98
      vertex 74.8129 97.6 20.99
    endloop
  endfacet
  facet normal 0 -1 0
    outer loop
      vertex 68 97.6 8.98
      vertex 74.8129 97.6 20.99
      vertex 61 97.6 8.98
    endloop
  endfacet
  facet normal 0 -1 0
    outer loop
      vertex 68.1958 97.6 8.96717
      vertex 74.8129 97.6 20.99
      vertex 68 97.6 8.98
    endloop
  endfacet
  facet normal 0 -1 0
    outer loop
      vertex 68.3882 97.6 8.92888
      vertex 74.8129 97.6 20.99
      vertex 68.1958 97.6 8.96717
    endloop
  endfacet
  facet normal 0 -1 0
    outer loop
      vertex 68.574 97.6 8.86582
      vertex 74.8129 97.6 20.99
      vertex 68.3882 97.6 8.92888
    endloop
  endfacet
  facet normal 0 -1 0
    outer loop
      vertex 68.75 97.6 8.77904
      vertex 74.8129 97.6 20.99
      vertex 68.574 97.6 8.86582
    endloop
  endfacet
  facet normal 0 -1 0
    outer loop
      vertex 68.9131 97.6 8.67003
      vertex 74.8129 97.6 20.99
      vertex 68.75 97.6 8.77904
    endloop
  endfacet
  facet normal 0 -1 0
    outer loop
      vertex 69.0607 97.6 8.54065
      vertex 74.8129 97.6 20.99
      vertex 68.9131 97.6 8.67003
    endloop
  endfacet
  facet normal 0 -1 0
    outer loop
      vertex 69.19 97.6 8.39315
      vertex 74.8129 97.6 20.99
      vertex 69.0607 97.6 8.54065
    endloop
  endfacet
  facet normal 0 -1 0
    outer loop
      vertex 69.299 97.6 8.23
      vertex 74.8129 97.6 20.99
      vertex 69.19 97.6 8.39315
    endloop
  endfacet
  facet normal 0 -1 0
    outer loop
      vertex 69.3858 97.6 8.05402
      vertex 74.8129 97.6 20.99
      vertex 69.299 97.6 8.23
    endloop
  endfacet
  facet normal 0 -1 0
    outer loop
      vertex 74.8129 97.6 2
      vertex 69.3858 97.6 8.05402
      vertex 69.4489 97.6 7.86823
    endloop
  endfacet
  facet normal 0 -1 0
    outer loop
      vertex 74.8129 97.6 2
      vertex 69.4489 97.6 7.86823
      vertex 69.4872 97.6 7.67579
    endloop
  endfacet
  facet normal 0 -1 0
    outer loop
      vertex 74.8129 97.6 2
      vertex 69.4872 97.6 7.67579
      vertex 69.5 97.6 7.48
    endloop
  endfacet
  facet normal 0 -1 0
    outer loop
      vertex 74.8129 97.6 2
      vertex 69.5 97.6 7.48
      vertex 69.5 97.6 5.98
    endloop
  endfacet
  facet normal 0 -1 0
    outer loop
      vertex 74.8129 97.6 2
      vertex 69.5 97.6 5.98
      vertex 69.4872 97.6 5.78421
    endloop
  endfacet
  facet normal 0 -1 0
    outer loop
      vertex 74.8129 97.6 2
      vertex 69.4872 97.6 5.78421
      vertex 69.4489 97.6 5.59177
    endloop
  endfacet
  facet normal 0 -1 0
    outer loop
      vertex 74.8129 97.6 2
      vertex 69.4489 97.6 5.59177
      vertex 69.3858 97.6 5.40598
    endloop
  endfacet
  facet normal 0 -1 0
    outer loop
      vertex 61 97.6 4.48
      vertex 74.8129 97.6 2
      vertex 68 97.6 4.48
    endloop
  endfacet
  facet normal 0 -1 0
    outer loop
      vertex 69.3858 97.6 8.05402
      vertex 74.8129 97.6 2
      vertex 74.8129 97.6 20.99
    endloop
  endfacet
  facet normal 0 -1 0
    outer loop
      vertex 69.299 97.6 5.23
      vertex 74.8129 97.6 2
      vertex 69.3858 97.6 5.40598
    endloop
  endfacet
  facet normal 0 -1 0
    outer loop
      vertex 69.19 97.6 5.06685
      vertex 74.8129 97.6 2
      vertex 69.299 97.6 5.23
    endloop
  endfacet
  facet normal 0 -1 0
    outer loop
      vertex 69.0607 97.6 4.91935
      vertex 74.8129 97.6 2
      vertex 69.19 97.6 5.06685
    endloop
  endfacet
  facet normal 0 -1 0
    outer loop
      vertex 68.9131 97.6 4.78997
      vertex 74.8129 97.6 2
      vertex 69.0607 97.6 4.91935
    endloop
  endfacet
  facet normal 0 -1 0
    outer loop
      vertex 68.75 97.6 4.68096
      vertex 74.8129 97.6 2
      vertex 68.9131 97.6 4.78997
    endloop
  endfacet
  facet normal 0 -1 0
    outer loop
      vertex 68.574 97.6 4.59418
      vertex 74.8129 97.6 2
      vertex 68.75 97.6 4.68096
    endloop
  endfacet
  facet normal 0 -1 0
    outer loop
      vertex 68.3882 97.6 4.53112
      vertex 74.8129 97.6 2
      vertex 68.574 97.6 4.59418
    endloop
  endfacet
  facet normal 0 -1 0
    outer loop
      vertex 68.1958 97.6 4.49283
      vertex 74.8129 97.6 2
      vertex 68.3882 97.6 4.53112
    endloop
  endfacet
  facet normal 0 -1 0
    outer loop
      vertex 68 97.6 4.48
      vertex 74.8129 97.6 2
      vertex 68.1958 97.6 4.49283
    endloop
  endfacet
  facet normal 0 -1 -0
    outer loop
      vertex 15.4 97.6 13
      vertex 14.65 97.6 4.99
      vertex 44.15 97.6 4.99
    endloop
  endfacet
  facet normal 0 -1 0
    outer loop
      vertex 59.5128 97.6 7.67579
      vertex 48.15 97.6 4.99
      vertex 59.5 97.6 7.48
    endloop
  endfacet
  facet normal 0 -1 -0
    outer loop
      vertex 59.6142 97.6 5.40598
      vertex 48.15 97.6 2
      vertex 59.701 97.6 5.23
    endloop
  endfacet
  facet normal 0 -1 -0
    outer loop
      vertex 59.701 97.6 5.23
      vertex 48.15 97.6 2
      vertex 59.81 97.6 5.06685
    endloop
  endfacet
  facet normal 0 -1 -0
    outer loop
      vertex 59.81 97.6 5.06685
      vertex 48.15 97.6 2
      vertex 59.9393 97.6 4.91935
    endloop
  endfacet
  facet normal 0 -1 -0
    outer loop
      vertex 59.9393 97.6 4.91935
      vertex 48.15 97.6 2
      vertex 60.0869 97.6 4.78997
    endloop
  endfacet
  facet normal 0 -1 -0
    outer loop
      vertex 60.0869 97.6 4.78997
      vertex 48.15 97.6 2
      vertex 60.25 97.6 4.68096
    endloop
  endfacet
  facet normal 0 -1 -0
    outer loop
      vertex 60.25 97.6 4.68096
      vertex 48.15 97.6 2
      vertex 60.426 97.6 4.59418
    endloop
  endfacet
  facet normal 0 -1 -0
    outer loop
      vertex 60.426 97.6 4.59418
      vertex 48.15 97.6 2
      vertex 60.6118 97.6 4.53112
    endloop
  endfacet
  facet normal 0 -1 -0
    outer loop
      vertex 60.6118 97.6 4.53112
      vertex 48.15 97.6 2
      vertex 60.8042 97.6 4.49283
    endloop
  endfacet
  facet normal 0 -1 0
    outer loop
      vertex 74.8129 97.6 2
      vertex 61 97.6 4.48
      vertex 48.15 97.6 2
    endloop
  endfacet
  facet normal 0 -1 -0
    outer loop
      vertex 60.8042 97.6 4.49283
      vertex 48.15 97.6 2
      vertex 61 97.6 4.48
    endloop
  endfacet
  facet normal 0.751836 0.65935 0
    outer loop
      vertex 4.04384 4.04384 23
      vertex 3.56134 4.59402 15.99
      vertex 3.56134 4.59402 23
    endloop
  endfacet
  facet normal 0.751836 0.65935 0
    outer loop
      vertex 3.56134 4.59402 15.99
      vertex 4.04384 4.04384 23
      vertex 4.04384 4.04384 15.99
    endloop
  endfacet
  facet normal 0.980788 -0.195078 0
    outer loop
      vertex 2.45302 92.7303 23
      vertex 2.59579 93.4481 2
      vertex 2.59579 93.4481 23
    endloop
  endfacet
  facet normal 0.980788 -0.195078 0
    outer loop
      vertex 2.59579 93.4481 2
      vertex 2.45302 92.7303 23
      vertex 2.45302 92.7303 2
    endloop
  endfacet
  facet normal 0.321388 -0.946948 0
    outer loop
      vertex 5.85893 97.169 2
      vertex 6.55193 97.4042 23
      vertex 5.85893 97.169 23
    endloop
  endfacet
  facet normal 0.321388 -0.946948 0
    outer loop
      vertex 6.55193 97.4042 23
      vertex 5.85893 97.169 2
      vertex 6.55193 97.4042 2
    endloop
  endfacet
  facet normal 0.555507 -0.831512 0
    outer loop
      vertex 4.59402 96.4387 2
      vertex 5.20264 96.8453 23
      vertex 4.59402 96.4387 23
    endloop
  endfacet
  facet normal 0.555507 -0.831512 0
    outer loop
      vertex 5.20264 96.8453 23
      vertex 4.59402 96.4387 2
      vertex 5.20264 96.8453 2
    endloop
  endfacet
  facet normal 0.831466 -0.555576 0
    outer loop
      vertex 3.15468 94.7974 23
      vertex 3.56134 95.406 2
      vertex 3.56134 95.406 23
    endloop
  endfacet
  facet normal 0.831466 -0.555576 0
    outer loop
      vertex 3.56134 95.406 2
      vertex 3.15468 94.7974 23
      vertex 3.15468 94.7974 2
    endloop
  endfacet
  facet normal -0.659472 -0.751729 0
    outer loop
      vertex 175.406 96.4387 2
      vertex 175.956 95.9562 23
      vertex 175.406 96.4387 23
    endloop
  endfacet
  facet normal -0.659472 -0.751729 -0
    outer loop
      vertex 175.956 95.9562 23
      vertex 175.406 96.4387 2
      vertex 175.956 95.9562 2
    endloop
  endfacet
  facet normal 0.195125 -0.980778 0
    outer loop
      vertex 6.55193 97.4042 2
      vertex 7.2697 97.547 23
      vertex 6.55193 97.4042 23
    endloop
  endfacet
  facet normal 0.195125 -0.980778 0
    outer loop
      vertex 7.2697 97.547 23
      vertex 6.55193 97.4042 2
      vertex 7.2697 97.547 2
    endloop
  endfacet
  facet normal 0.896879 -0.442276 0
    outer loop
      vertex 2.83104 94.1411 23
      vertex 3.15468 94.7974 2
      vertex 3.15468 94.7974 23
    endloop
  endfacet
  facet normal 0.896879 -0.442276 0
    outer loop
      vertex 3.15468 94.7974 2
      vertex 2.83104 94.1411 23
      vertex 2.83104 94.1411 2
    endloop
  endfacet
  facet normal -0.947031 -0.321143 0
    outer loop
      vertex 177.404 93.4481 2
      vertex 177.169 94.1411 23
      vertex 177.169 94.1411 2
    endloop
  endfacet
  facet normal -0.947031 -0.321143 0
    outer loop
      vertex 177.169 94.1411 23
      vertex 177.404 93.4481 2
      vertex 177.404 93.4481 23
    endloop
  endfacet
  facet normal -0.896681 0.442677 0
    outer loop
      vertex 176.845 5.20264 2
      vertex 177.169 5.85893 23
      vertex 177.169 5.85893 2
    endloop
  endfacet
  facet normal -0.896681 0.442677 0
    outer loop
      vertex 177.169 5.85893 23
      vertex 176.845 5.20264 2
      vertex 176.845 5.20264 23
    endloop
  endfacet
  facet normal -0.659472 0.751729 0
    outer loop
      vertex 175.956 4.04384 15.99
      vertex 175.406 3.56134 23
      vertex 175.956 4.04384 23
    endloop
  endfacet
  facet normal -0.659472 0.751729 0
    outer loop
      vertex 175.406 3.56134 23
      vertex 175.956 4.04384 15.99
      vertex 175.406 3.56134 15.99
    endloop
  endfacet
  facet normal -0.980726 0.195388 0
    outer loop
      vertex 177.404 6.55193 2
      vertex 177.547 7.2697 23
      vertex 177.547 7.2697 2
    endloop
  endfacet
  facet normal -0.980726 0.195388 0
    outer loop
      vertex 177.547 7.2697 23
      vertex 177.404 6.55193 2
      vertex 177.404 6.55193 23
    endloop
  endfacet
  facet normal -0.442505 -0.896766 0
    outer loop
      vertex 174.141 97.169 2
      vertex 174.797 96.8453 23
      vertex 174.141 97.169 23
    endloop
  endfacet
  facet normal -0.442505 -0.896766 -0
    outer loop
      vertex 174.797 96.8453 23
      vertex 174.141 97.169 2
      vertex 174.797 96.8453 2
    endloop
  endfacet
  facet normal -0.555267 -0.831672 0
    outer loop
      vertex 174.797 96.8453 2
      vertex 175.406 96.4387 23
      vertex 174.797 96.8453 23
    endloop
  endfacet
  facet normal -0.555267 -0.831672 -0
    outer loop
      vertex 175.406 96.4387 23
      vertex 174.797 96.8453 2
      vertex 175.406 96.4387 2
    endloop
  endfacet
  facet normal 0.65935 -0.751836 0
    outer loop
      vertex 4.04384 95.9562 2
      vertex 4.59402 96.4387 23
      vertex 4.04384 95.9562 23
    endloop
  endfacet
  facet normal 0.65935 -0.751836 0
    outer loop
      vertex 4.59402 96.4387 23
      vertex 4.04384 95.9562 2
      vertex 4.59402 96.4387 2
    endloop
  endfacet
  facet normal -0.0653728 -0.997861 0
    outer loop
      vertex 171.921 97.6 2
      vertex 172.73 97.547 23
      vertex 171.921 97.6 23
    endloop
  endfacet
  facet normal -0.0653728 -0.997861 -0
    outer loop
      vertex 172.73 97.547 23
      vertex 171.921 97.6 2
      vertex 172.73 97.547 2
    endloop
  endfacet
  facet normal 0.997859 0.0654081 0
    outer loop
      vertex 2.45302 7.2697 23
      vertex 2.39999 8.07872 2
      vertex 2.39999 8.07872 23
    endloop
  endfacet
  facet normal 0.997859 0.0654081 0
    outer loop
      vertex 2.39999 8.07872 2
      vertex 2.45302 7.2697 23
      vertex 2.45302 7.2697 2
    endloop
  endfacet
  facet normal 0.946927 -0.32145 0
    outer loop
      vertex 2.59579 93.4481 23
      vertex 2.83104 94.1411 2
      vertex 2.83104 94.1411 23
    endloop
  endfacet
  facet normal 0.946927 -0.32145 0
    outer loop
      vertex 2.83104 94.1411 2
      vertex 2.59579 93.4481 23
      vertex 2.59579 93.4481 2
    endloop
  endfacet
  facet normal -0.997861 -0.0653728 0
    outer loop
      vertex 177.6 91.9213 2
      vertex 177.547 92.7303 23
      vertex 177.547 92.7303 2
    endloop
  endfacet
  facet normal -0.997861 -0.0653728 0
    outer loop
      vertex 177.547 92.7303 23
      vertex 177.6 91.9213 2
      vertex 177.6 91.9213 23
    endloop
  endfacet
  facet normal -0.833646 0.552299 0
    outer loop
      vertex 176.777 5.1 15.99
      vertex 176.845 5.20264 2
      vertex 176.777 5.1 2
    endloop
  endfacet
  facet normal -0.833646 0.552299 0
    outer loop
      vertex 176.845 5.20264 2
      vertex 176.777 5.1 15.99
      vertex 176.845 5.20264 23
    endloop
  endfacet
  facet normal -0.831534 0.555474 0
    outer loop
      vertex 176.439 4.59402 23
      vertex 176.777 5.1 15.99
      vertex 176.439 4.59402 15.99
    endloop
  endfacet
  facet normal -0.83189 0.55494 -5.57034e-05
    outer loop
      vertex 176.777 5.1 15.99
      vertex 176.439 4.59402 23
      vertex 176.845 5.20264 23
    endloop
  endfacet
  facet normal -0.751498 0.659736 0
    outer loop
      vertex 175.956 4.04384 15.99
      vertex 176.439 4.59402 23
      vertex 176.439 4.59402 15.99
    endloop
  endfacet
  facet normal -0.751498 0.659736 0
    outer loop
      vertex 176.439 4.59402 23
      vertex 175.956 4.04384 15.99
      vertex 175.956 4.04384 23
    endloop
  endfacet
  facet normal 0.997858 -0.0654097 0
    outer loop
      vertex 2.39999 91.9213 23
      vertex 2.45302 92.7303 2
      vertex 2.45302 92.7303 23
    endloop
  endfacet
  facet normal 0.997858 -0.0654097 0
    outer loop
      vertex 2.45302 92.7303 2
      vertex 2.39999 91.9213 23
      vertex 2.39999 91.9213 2
    endloop
  endfacet
  facet normal -0.75151 -0.659722 0
    outer loop
      vertex 176.439 95.406 2
      vertex 175.956 95.9562 23
      vertex 175.956 95.9562 2
    endloop
  endfacet
  facet normal -0.75151 -0.659722 0
    outer loop
      vertex 175.956 95.9562 23
      vertex 176.439 95.406 2
      vertex 176.439 95.406 23
    endloop
  endfacet
  facet normal -0.947031 0.321143 0
    outer loop
      vertex 177.169 5.85893 2
      vertex 177.404 6.55193 23
      vertex 177.404 6.55193 2
    endloop
  endfacet
  facet normal -0.947031 0.321143 0
    outer loop
      vertex 177.404 6.55193 23
      vertex 177.169 5.85893 2
      vertex 177.169 5.85893 23
    endloop
  endfacet
  facet normal 0.65935 0.751836 -0
    outer loop
      vertex 4.59402 3.56134 15.99
      vertex 4.04384 4.04384 23
      vertex 4.59402 3.56134 23
    endloop
  endfacet
  facet normal 0.65935 0.751836 0
    outer loop
      vertex 4.04384 4.04384 23
      vertex 4.59402 3.56134 15.99
      vertex 4.04384 4.04384 15.99
    endloop
  endfacet
  facet normal 0.751848 -0.659336 0
    outer loop
      vertex 3.56134 95.406 23
      vertex 4.04384 95.9562 2
      vertex 4.04384 95.9562 23
    endloop
  endfacet
  facet normal 0.751848 -0.659336 0
    outer loop
      vertex 4.04384 95.9562 2
      vertex 3.56134 95.406 23
      vertex 3.56134 95.406 2
    endloop
  endfacet
  facet normal -0.896684 -0.442672 0
    outer loop
      vertex 177.169 94.1411 2
      vertex 176.845 94.7974 23
      vertex 176.845 94.7974 2
    endloop
  endfacet
  facet normal -0.896684 -0.442672 0
    outer loop
      vertex 176.845 94.7974 23
      vertex 177.169 94.1411 2
      vertex 177.169 94.1411 23
    endloop
  endfacet
  facet normal -0.980728 -0.19538 0
    outer loop
      vertex 177.547 92.7303 2
      vertex 177.404 93.4481 23
      vertex 177.404 93.4481 2
    endloop
  endfacet
  facet normal -0.980728 -0.19538 0
    outer loop
      vertex 177.404 93.4481 23
      vertex 177.547 92.7303 2
      vertex 177.547 92.7303 23
    endloop
  endfacet
  facet normal 0.980786 0.195086 0
    outer loop
      vertex 2.59579 6.55193 23
      vertex 2.45302 7.2697 2
      vertex 2.45302 7.2697 23
    endloop
  endfacet
  facet normal 0.980786 0.195086 0
    outer loop
      vertex 2.45302 7.2697 2
      vertex 2.59579 6.55193 23
      vertex 2.59579 6.55193 2
    endloop
  endfacet
  facet normal 0.896876 0.442282 0
    outer loop
      vertex 3.15468 5.20264 23
      vertex 2.83104 5.85893 2
      vertex 2.83104 5.85893 23
    endloop
  endfacet
  facet normal 0.896876 0.442282 0
    outer loop
      vertex 2.83104 5.85893 2
      vertex 3.15468 5.20264 23
      vertex 3.15468 5.20264 2
    endloop
  endfacet
  facet normal 0 0 1
    outer loop
      vertex 47.1778 93.2242 2
      vertex 46.95 94.5 2
      vertex 47.15 92.8 2
    endloop
  endfacet
  facet normal 0 0 1
    outer loop
      vertex 47.2607 93.6412 2
      vertex 46.95 94.5 2
      vertex 47.1778 93.2242 2
    endloop
  endfacet
  facet normal 0 0 1
    outer loop
      vertex 47.3974 94.0437 2
      vertex 46.95 94.5 2
      vertex 47.2607 93.6412 2
    endloop
  endfacet
  facet normal 0 0 1
    outer loop
      vertex 47.5854 94.425 2
      vertex 46.95 94.5 2
      vertex 47.3974 94.0437 2
    endloop
  endfacet
  facet normal -0 0 1
    outer loop
      vertex 46.95 94.5 2
      vertex 47.5854 94.425 2
      vertex 47.6355 94.5 2
    endloop
  endfacet
  facet normal -0 0 1
    outer loop
      vertex 10.3785 90.2216 2
      vertex 54.5 69 2
      vertex 10.6981 90.5019 2
    endloop
  endfacet
  facet normal 0 0 1
    outer loop
      vertex 10.6981 90.5019 2
      vertex 48.1019 90.5019 2
      vertex 47.8216 90.8215 2
    endloop
  endfacet
  facet normal 0 0 1
    outer loop
      vertex 10.9784 90.8215 2
      vertex 47.8216 90.8215 2
      vertex 47.5854 91.175 2
    endloop
  endfacet
  facet normal 0 0 1
    outer loop
      vertex 11.2146 91.175 2
      vertex 47.5854 91.175 2
      vertex 47.3974 91.5563 2
    endloop
  endfacet
  facet normal 0 0 1
    outer loop
      vertex 44.15 97.3 2
      vertex 47.3974 91.5563 2
      vertex 47.2607 91.9588 2
    endloop
  endfacet
  facet normal 0 0 1
    outer loop
      vertex 44.15 97.3 2
      vertex 47.2607 91.9588 2
      vertex 47.1778 92.3758 2
    endloop
  endfacet
  facet normal 0 0 1
    outer loop
      vertex 44.15 97.3 2
      vertex 47.1778 92.3758 2
      vertex 47.15 92.8 2
    endloop
  endfacet
  facet normal 0 0 1
    outer loop
      vertex 44.15 97.3 2
      vertex 47.15 92.8 2
      vertex 46.95 94.5 2
    endloop
  endfacet
  facet normal 0 0 1
    outer loop
      vertex 54.5 65 2
      vertex 46.95 43.5 2
      vertex 48.15 43.5 2
    endloop
  endfacet
  facet normal -0 0 1
    outer loop
      vertex 45.4 36.3 2
      vertex 48.2 33.5 2
      vertex 48.2 36.3 2
    endloop
  endfacet
  facet normal 0 0 1
    outer loop
      vertex 48.2 33.5 2
      vertex 45.4 36.3 2
      vertex 48.2 21.5 2
    endloop
  endfacet
  facet normal 0 0 1
    outer loop
      vertex 45.4 18.7 2
      vertex 48.2 21.5 2
      vertex 45.4 36.3 2
    endloop
  endfacet
  facet normal 0 0 1
    outer loop
      vertex 48.2 21.5 2
      vertex 45.4 18.7 2
      vertex 48.2 18.7 2
    endloop
  endfacet
  facet normal -0 0 1
    outer loop
      vertex 48.2 33.5 2
      vertex 49.4 21.5 2
      vertex 49.4 33.5 2
    endloop
  endfacet
  facet normal 0 0 1
    outer loop
      vertex 49.4 21.5 2
      vertex 48.2 33.5 2
      vertex 48.2 21.5 2
    endloop
  endfacet
  facet normal -0 0 1
    outer loop
      vertex 52.9784 90.8215 2
      vertex 54.5 71.6 2
      vertex 53.2146 91.175 2
    endloop
  endfacet
  facet normal 0 0 1
    outer loop
      vertex 54.5 40 2
      vertex 53.6222 15.2242 2
      vertex 53.65 14.8 2
    endloop
  endfacet
  facet normal -0 0 1
    outer loop
      vertex 52.6981 90.5019 2
      vertex 54.5 71.6 2
      vertex 52.9784 90.8215 2
    endloop
  endfacet
  facet normal 0 0 1
    outer loop
      vertex 54.5 40 2
      vertex 53.5393 15.6412 2
      vertex 53.6222 15.2242 2
    endloop
  endfacet
  facet normal -0 0 1
    outer loop
      vertex 52.3785 90.2216 2
      vertex 54.5 71.6 2
      vertex 52.6981 90.5019 2
    endloop
  endfacet
  facet normal 0 0 1
    outer loop
      vertex 49.4 33.5 2
      vertex 54.5 40 2
      vertex 49.4 37.5 2
    endloop
  endfacet
  facet normal -0 0 1
    outer loop
      vertex 52.025 89.9854 2
      vertex 54.5 71.6 2
      vertex 52.3785 90.2216 2
    endloop
  endfacet
  facet normal 0 0 1
    outer loop
      vertex 54.5 40 2
      vertex 53.4026 16.0437 2
      vertex 53.5393 15.6412 2
    endloop
  endfacet
  facet normal -0 0 1
    outer loop
      vertex 51.6437 89.7974 2
      vertex 54.5 71.6 2
      vertex 52.025 89.9854 2
    endloop
  endfacet
  facet normal 0 -0 1
    outer loop
      vertex 52.6981 17.0981 2
      vertex 54.5 40 2
      vertex 49.4 33.5 2
    endloop
  endfacet
  facet normal -0 0 1
    outer loop
      vertex 51.2412 89.6607 2
      vertex 54.5 71.6 2
      vertex 51.6437 89.7974 2
    endloop
  endfacet
  facet normal 0 0 1
    outer loop
      vertex 54.5 40 2
      vertex 53.2146 16.425 2
      vertex 53.4026 16.0437 2
    endloop
  endfacet
  facet normal -0 0 1
    outer loop
      vertex 50.8242 89.5778 2
      vertex 54.5 71.6 2
      vertex 51.2412 89.6607 2
    endloop
  endfacet
  facet normal 0 0 1
    outer loop
      vertex 54.5 40 2
      vertex 52.9784 16.7785 2
      vertex 53.2146 16.425 2
    endloop
  endfacet
  facet normal 0 0 1
    outer loop
      vertex 54.5 65 2
      vertex 48.15 43.5 2
      vertex 54.5 40 2
    endloop
  endfacet
  facet normal 0 0 1
    outer loop
      vertex 54.5 40 2
      vertex 52.6981 17.0981 2
      vertex 52.9784 16.7785 2
    endloop
  endfacet
  facet normal -0 0 1
    outer loop
      vertex 50.4 89.55 2
      vertex 54.5 71.6 2
      vertex 50.8242 89.5778 2
    endloop
  endfacet
  facet normal -0 0 1
    outer loop
      vertex 49.4 21.5 2
      vertex 52.6981 17.0981 2
      vertex 49.4 33.5 2
    endloop
  endfacet
  facet normal 0 0 1
    outer loop
      vertex 49.9758 89.5778 2
      vertex 54.5 71.6 2
      vertex 50.4 89.55 2
    endloop
  endfacet
  facet normal 0 0 1
    outer loop
      vertex 52.6981 17.0981 2
      vertex 49.4 21.5 2
      vertex 52.3785 17.3784 2
    endloop
  endfacet
  facet normal 0 0 1
    outer loop
      vertex 49.5588 89.6607 2
      vertex 54.5 71.6 2
      vertex 49.9758 89.5778 2
    endloop
  endfacet
  facet normal 0 0 1
    outer loop
      vertex 52.3785 17.3784 2
      vertex 49.4 21.5 2
      vertex 52.025 17.6146 2
    endloop
  endfacet
  facet normal 0 0 1
    outer loop
      vertex 49.1563 89.7974 2
      vertex 54.5 71.6 2
      vertex 49.5588 89.6607 2
    endloop
  endfacet
  facet normal 0 0 1
    outer loop
      vertex 52.025 17.6146 2
      vertex 49.4 21.5 2
      vertex 51.6437 17.8026 2
    endloop
  endfacet
  facet normal 0 0 1
    outer loop
      vertex 48.775 89.9854 2
      vertex 54.5 71.6 2
      vertex 49.1563 89.7974 2
    endloop
  endfacet
  facet normal 0 0 1
    outer loop
      vertex 51.6437 17.8026 2
      vertex 49.4 21.5 2
      vertex 51.2412 17.9393 2
    endloop
  endfacet
  facet normal 0 0 1
    outer loop
      vertex 48.4215 90.2216 2
      vertex 54.5 71.6 2
      vertex 48.775 89.9854 2
    endloop
  endfacet
  facet normal 0 0 1
    outer loop
      vertex 51.2412 17.9393 2
      vertex 49.4 21.5 2
      vertex 50.8242 18.0222 2
    endloop
  endfacet
  facet normal 0 0 1
    outer loop
      vertex 50.8242 18.0222 2
      vertex 49.4 21.5 2
      vertex 50.4 18.05 2
    endloop
  endfacet
  facet normal 0 0 1
    outer loop
      vertex 48.1019 90.5019 2
      vertex 54.5 71.6 2
      vertex 48.4215 90.2216 2
    endloop
  endfacet
  facet normal -0 0 1
    outer loop
      vertex 10.6981 90.5019 2
      vertex 54.5 71.6 2
      vertex 48.1019 90.5019 2
    endloop
  endfacet
  facet normal 0 0 1
    outer loop
      vertex 54.5 71.6 2
      vertex 10.6981 90.5019 2
      vertex 54.5 69 2
    endloop
  endfacet
  facet normal 0 0 1
    outer loop
      vertex 48.15 39.5 2
      vertex 54.5 40 2
      vertex 48.15 43.5 2
    endloop
  endfacet
  facet normal 0 0 1
    outer loop
      vertex 54.5 40 2
      vertex 48.15 39.5 2
      vertex 49.4 37.5 2
    endloop
  endfacet
  facet normal 0 0 1
    outer loop
      vertex 48.15 39.5 2
      vertex 45.4 37.5 2
      vertex 49.4 37.5 2
    endloop
  endfacet
  facet normal 0 0 1
    outer loop
      vertex 44.15 39.5 2
      vertex 45.4 36.3 2
      vertex 45.4 37.5 2
    endloop
  endfacet
  facet normal 0 0 1
    outer loop
      vertex 45.4 36.3 2
      vertex 13.4 36.3 2
      vertex 45.4 18.7 2
    endloop
  endfacet
  facet normal 0 0 1
    outer loop
      vertex 45.4 36.3 2
      vertex 44.15 39.5 2
      vertex 13.4 36.3 2
    endloop
  endfacet
  facet normal -0 0 1
    outer loop
      vertex 44.15 39.5 2
      vertex 45.4 37.5 2
      vertex 48.15 39.5 2
    endloop
  endfacet
  facet normal 0 0 1
    outer loop
      vertex 53.65 14.8 2
      vertex 55.7 32.8 2
      vertex 54.5 32.8 2
    endloop
  endfacet
  facet normal 0 0 1
    outer loop
      vertex 55.7 32.8 2
      vertex 53.65 14.8 2
      vertex 55.7 7.8 2
    endloop
  endfacet
  facet normal -0 0 1
    outer loop
      vertex 54.5 65 2
      vertex 55.7 40 2
      vertex 55.7 65 2
    endloop
  endfacet
  facet normal 0 0 1
    outer loop
      vertex 55.7 40 2
      vertex 54.5 65 2
      vertex 54.5 40 2
    endloop
  endfacet
  facet normal 0 0 1
    outer loop
      vertex 55.7 65 2
      vertex 58.5 67.8 2
      vertex 55.7 67.8 2
    endloop
  endfacet
  facet normal 0 0 1
    outer loop
      vertex 58.5 67.8 2
      vertex 55.7 65 2
      vertex 58.5 37.2 2
    endloop
  endfacet
  facet normal -0 0 1
    outer loop
      vertex 55.7 40 2
      vertex 58.5 37.2 2
      vertex 55.7 65 2
    endloop
  endfacet
  facet normal 0 0 1
    outer loop
      vertex 58.5 37.2 2
      vertex 55.7 40 2
      vertex 55.7 37.2 2
    endloop
  endfacet
  facet normal -0 0 1
    outer loop
      vertex 69.5 35.6 2
      vertex 72.3 32.8 2
      vertex 72.3 35.6 2
    endloop
  endfacet
  facet normal 0 0 1
    outer loop
      vertex 55.7 32.8 2
      vertex 72.3 32.8 2
      vertex 69.5 35.6 2
    endloop
  endfacet
  facet normal 0 0 1
    outer loop
      vertex 72.3 32.8 2
      vertex 55.7 32.8 2
      vertex 72.3 7.8 2
    endloop
  endfacet
  facet normal 0 0 1
    outer loop
      vertex 58.5 37.2 2
      vertex 73.3 40 2
      vertex 58.5 67.8 2
    endloop
  endfacet
  facet normal 0 0 1
    outer loop
      vertex 58.5 67.8 2
      vertex 67.5 70.1 2
      vertex 61.5 70.1 2
    endloop
  endfacet
  facet normal 0 0 1
    outer loop
      vertex 73.3 40 2
      vertex 58.5 37.2 2
      vertex 69.5 36.8 2
    endloop
  endfacet
  facet normal 0 0 1
    outer loop
      vertex 58.5 67.8 2
      vertex 61.5 70.1 2
      vertex 58.5 69 2
    endloop
  endfacet
  facet normal 0 0 1
    outer loop
      vertex 58.5 35.6 2
      vertex 69.5 36.8 2
      vertex 58.5 37.2 2
    endloop
  endfacet
  facet normal 0 0 1
    outer loop
      vertex 69.5 36.8 2
      vertex 58.5 35.6 2
      vertex 69.5 35.6 2
    endloop
  endfacet
  facet normal 0 0 1
    outer loop
      vertex 55.7 32.8 2
      vertex 69.5 35.6 2
      vertex 58.5 35.6 2
    endloop
  endfacet
  facet normal 0 0 1
    outer loop
      vertex 55.7 32.8 2
      vertex 58.5 35.6 2
      vertex 55.7 35.6 2
    endloop
  endfacet
  facet normal 0 0 1
    outer loop
      vertex 72.3 7.8 2
      vertex 55.7 32.8 2
      vertex 55.7 7.8 2
    endloop
  endfacet
  facet normal 0 0 1
    outer loop
      vertex 72.3 7.8 2
      vertex 55.7 7.8 2
      vertex 72.3 5.1 2
    endloop
  endfacet
  facet normal 0 0 1
    outer loop
      vertex 72.3 5.1 2
      vertex 55.7 7.8 2
      vertex 55.7 5.1 2
    endloop
  endfacet
  facet normal -0 0 1
    outer loop
      vertex 70.5 67.8 2
      vertex 73.3 65 2
      vertex 73.3 67.8 2
    endloop
  endfacet
  facet normal -0 0 1
    outer loop
      vertex 58.5 67.8 2
      vertex 73.3 65 2
      vertex 70.5 67.8 2
    endloop
  endfacet
  facet normal 0 0 1
    outer loop
      vertex 58.5 67.8 2
      vertex 73.3 40 2
      vertex 73.3 65 2
    endloop
  endfacet
  facet normal 0 0 1
    outer loop
      vertex 73.3 40 2
      vertex 70.5 37.2 2
      vertex 73.3 37.2 2
    endloop
  endfacet
  facet normal 0 0 0
    outer loop
      vertex 74.8129 97.6 2
      vertex 73.3 97.6 2
      vertex 74.5 97.6 2
    endloop
  endfacet
  facet normal 0 0 1
    outer loop
      vertex 73.3 97.6 2
      vertex 73 97.6 2
      vertex 73.3 71.6 2
    endloop
  endfacet
  facet normal 0 0 0
    outer loop
      vertex 74.8129 97.6 2
      vertex 73 97.6 2
      vertex 73.3 97.6 2
    endloop
  endfacet
  facet normal 0 0 0
    outer loop
      vertex 74.8129 97.6 2
      vertex 71.5 97.6 2
      vertex 73 97.6 2
    endloop
  endfacet
  facet normal 0 0 1
    outer loop
      vertex 67.5 71.3 2
      vertex 71.5 71.6 2
      vertex 71.5 97.6 2
    endloop
  endfacet
  facet normal -0 0 1
    outer loop
      vertex 67.5 70.1 2
      vertex 70.5 69 2
      vertex 67.5 71.3 2
    endloop
  endfacet
  facet normal 0 0 1
    outer loop
      vertex 73.3 40 2
      vertex 69.5 36.8 2
      vertex 70.5 37.2 2
    endloop
  endfacet
  facet normal 0 0 1
    outer loop
      vertex 70.5 37.2 2
      vertex 69.5 36.8 2
      vertex 70.5 36.8 2
    endloop
  endfacet
  facet normal 0 0 1
    outer loop
      vertex 58.5 67.8 2
      vertex 70.5 67.8 2
      vertex 67.5 70.1 2
    endloop
  endfacet
  facet normal 0 0 1
    outer loop
      vertex 70.5 69 2
      vertex 67.5 70.1 2
      vertex 70.5 67.8 2
    endloop
  endfacet
  facet normal 0 0 1
    outer loop
      vertex 71.5 71.6 2
      vertex 67.5 71.3 2
      vertex 70.5 69 2
    endloop
  endfacet
  facet normal 0 0 1
    outer loop
      vertex 71.5 97.6 2
      vertex 61.5 71.3 2
      vertex 67.5 71.3 2
    endloop
  endfacet
  facet normal 0 0 1
    outer loop
      vertex 61.5 71.3 2
      vertex 58.5 69 2
      vertex 61.5 70.1 2
    endloop
  endfacet
  facet normal -0 0 1
    outer loop
      vertex 57.5 97.6 2
      vertex 61.5 71.3 2
      vertex 71.5 97.6 2
    endloop
  endfacet
  facet normal 0 0 1
    outer loop
      vertex 61.5 71.3 2
      vertex 57.5 97.6 2
      vertex 57.5 71.6 2
    endloop
  endfacet
  facet normal 0 0 0
    outer loop
      vertex 74.8129 97.6 2
      vertex 57.5 97.6 2
      vertex 71.5 97.6 2
    endloop
  endfacet
  facet normal 0 0 0
    outer loop
      vertex 74.8129 97.6 2
      vertex 56 97.6 2
      vertex 57.5 97.6 2
    endloop
  endfacet
  facet normal 0 0 1
    outer loop
      vertex 56 97.6 2
      vertex 55.7 97.6 2
      vertex 56 71.6 2
    endloop
  endfacet
  facet normal 0 0 0
    outer loop
      vertex 74.8129 97.6 2
      vertex 55.7 97.6 2
      vertex 56 97.6 2
    endloop
  endfacet
  facet normal 0 0 0
    outer loop
      vertex 74.8129 97.6 2
      vertex 54.5 97.6 2
      vertex 55.7 97.6 2
    endloop
  endfacet
  facet normal 0 0 1
    outer loop
      vertex 53.6222 92.3758 2
      vertex 54.5 97.6 2
      vertex 53.65 92.8 2
    endloop
  endfacet
  facet normal 0 0 1
    outer loop
      vertex 54.5 97.6 2
      vertex 53.6222 92.3758 2
      vertex 54.5 71.6 2
    endloop
  endfacet
  facet normal -0 0 1
    outer loop
      vertex 53.5393 91.9588 2
      vertex 54.5 71.6 2
      vertex 53.6222 92.3758 2
    endloop
  endfacet
  facet normal -0 0 1
    outer loop
      vertex 53.4026 91.5563 2
      vertex 54.5 71.6 2
      vertex 53.5393 91.9588 2
    endloop
  endfacet
  facet normal -0 0 1
    outer loop
      vertex 53.2146 91.175 2
      vertex 54.5 71.6 2
      vertex 53.4026 91.5563 2
    endloop
  endfacet
  facet normal -0 0 1
    outer loop
      vertex 53.6222 14.3758 2
      vertex 55.7 7.8 2
      vertex 53.65 14.8 2
    endloop
  endfacet
  facet normal 0 0 1
    outer loop
      vertex 54.5 40 2
      vertex 53.65 14.8 2
      vertex 54.5 32.8 2
    endloop
  endfacet
  facet normal 0 0 1
    outer loop
      vertex 54.5 97.6 2
      vertex 53.6222 93.2242 2
      vertex 53.65 92.8 2
    endloop
  endfacet
  facet normal 0 0 1
    outer loop
      vertex 54.5 97.6 2
      vertex 53.5393 93.6412 2
      vertex 53.6222 93.2242 2
    endloop
  endfacet
  facet normal 0 0 1
    outer loop
      vertex 54.5 97.6 2
      vertex 53.4026 94.0437 2
      vertex 53.5393 93.6412 2
    endloop
  endfacet
  facet normal 0 0 1
    outer loop
      vertex 54.5 97.6 2
      vertex 53.2146 94.425 2
      vertex 53.4026 94.0437 2
    endloop
  endfacet
  facet normal 0 0 1
    outer loop
      vertex 54.5 97.6 2
      vertex 52.9784 94.7785 2
      vertex 53.2146 94.425 2
    endloop
  endfacet
  facet normal 0 0 1
    outer loop
      vertex 54.5 97.6 2
      vertex 52.6981 95.0981 2
      vertex 52.9784 94.7785 2
    endloop
  endfacet
  facet normal 0 0 1
    outer loop
      vertex 54.5 97.6 2
      vertex 52.3785 95.3784 2
      vertex 52.6981 95.0981 2
    endloop
  endfacet
  facet normal 0 0 1
    outer loop
      vertex 54.5 97.6 2
      vertex 52.025 95.6146 2
      vertex 52.3785 95.3784 2
    endloop
  endfacet
  facet normal 0 0 1
    outer loop
      vertex 54.5 97.6 2
      vertex 51.6437 95.8026 2
      vertex 52.025 95.6146 2
    endloop
  endfacet
  facet normal 0 0 1
    outer loop
      vertex 54.5 97.6 2
      vertex 51.2412 95.9393 2
      vertex 51.6437 95.8026 2
    endloop
  endfacet
  facet normal 0 0 1
    outer loop
      vertex 54.5 97.6 2
      vertex 50.8242 96.0222 2
      vertex 51.2412 95.9393 2
    endloop
  endfacet
  facet normal -0 0 1
    outer loop
      vertex 48.15 97.6 2
      vertex 50.8242 96.0222 2
      vertex 54.5 97.6 2
    endloop
  endfacet
  facet normal 0 0 1
    outer loop
      vertex 50.8242 96.0222 2
      vertex 48.15 97.6 2
      vertex 50.4 96.05 2
    endloop
  endfacet
  facet normal 0 0 1
    outer loop
      vertex 50.4 96.05 2
      vertex 48.15 97.6 2
      vertex 49.9758 96.0222 2
    endloop
  endfacet
  facet normal 0 0 0
    outer loop
      vertex 48.15 97.6 2
      vertex 54.5 97.6 2
      vertex 74.8129 97.6 2
    endloop
  endfacet
  facet normal 0 0 1
    outer loop
      vertex 49.9758 96.0222 2
      vertex 48.15 97.6 2
      vertex 49.5588 95.9393 2
    endloop
  endfacet
  facet normal 0 0 1
    outer loop
      vertex 48.15 97.6 2
      vertex 49.1563 95.8026 2
      vertex 49.5588 95.9393 2
    endloop
  endfacet
  facet normal 0 0 1
    outer loop
      vertex 48.15 97.6 2
      vertex 48.775 95.6146 2
      vertex 49.1563 95.8026 2
    endloop
  endfacet
  facet normal 0 0 1
    outer loop
      vertex 48.15 97.6 2
      vertex 48.4215 95.3784 2
      vertex 48.775 95.6146 2
    endloop
  endfacet
  facet normal 0 0 1
    outer loop
      vertex 48.4215 95.3784 2
      vertex 48.15 97.6 2
      vertex 48.15 95.1403 2
    endloop
  endfacet
  facet normal 0 0 1
    outer loop
      vertex 74.8129 97.6 2
      vertex 74.5 97.6 2
      vertex 74.5 95.9272 2
    endloop
  endfacet
  facet normal -0 0 1
    outer loop
      vertex 73.3 65 2
      vertex 74.5 40 2
      vertex 74.5 65 2
    endloop
  endfacet
  facet normal 0 0 1
    outer loop
      vertex 74.5 40 2
      vertex 73.3 65 2
      vertex 73.3 40 2
    endloop
  endfacet
  facet normal -0 0 1
    outer loop
      vertex 73.3 71.6 2
      vertex 74.5 69 2
      vertex 74.5 71.6 2
    endloop
  endfacet
  facet normal 0 0 1
    outer loop
      vertex 73 71.6 2
      vertex 73.3 71.6 2
      vertex 73 97.6 2
    endloop
  endfacet
  facet normal -0 0 1
    outer loop
      vertex 73 71.6 2
      vertex 74.5 69 2
      vertex 73.3 71.6 2
    endloop
  endfacet
  facet normal 0 0 1
    outer loop
      vertex 70.5 69 2
      vertex 73 71.6 2
      vertex 71.5 71.6 2
    endloop
  endfacet
  facet normal 0 0 1
    outer loop
      vertex 73 71.6 2
      vertex 70.5 69 2
      vertex 74.5 69 2
    endloop
  endfacet
  facet normal 0 0 1
    outer loop
      vertex 171.921 97.6 2
      vertex 177.6 91.9213 2
      vertex 177.547 92.7303 2
    endloop
  endfacet
  facet normal 0 0 1
    outer loop
      vertex 171.921 97.6 2
      vertex 177.547 92.7303 2
      vertex 177.404 93.4481 2
    endloop
  endfacet
  facet normal 0 0 1
    outer loop
      vertex 177.6 91.9213 2
      vertex 177.326 82.3801 2
      vertex 177.6 82.14 2
    endloop
  endfacet
  facet normal 0 0 1
    outer loop
      vertex 171.921 97.6 2
      vertex 177.404 93.4481 2
      vertex 177.169 94.1411 2
    endloop
  endfacet
  facet normal 0 0 1
    outer loop
      vertex 177.6 91.9213 2
      vertex 177 82.5981 2
      vertex 177.326 82.3801 2
    endloop
  endfacet
  facet normal 0 0 1
    outer loop
      vertex 171.921 97.6 2
      vertex 177.169 94.1411 2
      vertex 176.845 94.7974 2
    endloop
  endfacet
  facet normal 0 0 1
    outer loop
      vertex 177.6 91.9213 2
      vertex 176.648 82.7716 2
      vertex 177 82.5981 2
    endloop
  endfacet
  facet normal 0 0 1
    outer loop
      vertex 171.921 97.6 2
      vertex 176.845 94.7974 2
      vertex 176.439 95.406 2
    endloop
  endfacet
  facet normal 0 0 1
    outer loop
      vertex 177.6 91.9213 2
      vertex 176.276 82.8978 2
      vertex 176.648 82.7716 2
    endloop
  endfacet
  facet normal 0 0 1
    outer loop
      vertex 171.921 97.6 2
      vertex 176.439 95.406 2
      vertex 175.956 95.9562 2
    endloop
  endfacet
  facet normal 0 0 1
    outer loop
      vertex 177.6 91.9213 2
      vertex 175.892 82.9743 2
      vertex 176.276 82.8978 2
    endloop
  endfacet
  facet normal 0 0 1
    outer loop
      vertex 177.6 91.9213 2
      vertex 175.5 83 2
      vertex 175.892 82.9743 2
    endloop
  endfacet
  facet normal 0 0 1
    outer loop
      vertex 171.921 97.6 2
      vertex 175.956 95.9562 2
      vertex 175.406 96.4387 2
    endloop
  endfacet
  facet normal 0 0 1
    outer loop
      vertex 177.6 91.9213 2
      vertex 175.108 82.9743 2
      vertex 175.5 83 2
    endloop
  endfacet
  facet normal 0 0 1
    outer loop
      vertex 171.921 97.6 2
      vertex 175.406 96.4387 2
      vertex 174.797 96.8453 2
    endloop
  endfacet
  facet normal 0 0 1
    outer loop
      vertex 177.6 91.9213 2
      vertex 174.724 82.8978 2
      vertex 175.108 82.9743 2
    endloop
  endfacet
  facet normal 0 0 1
    outer loop
      vertex 177.6 91.9213 2
      vertex 171.5 82.5 2
      vertex 174.352 82.7716 2
    endloop
  endfacet
  facet normal 0 0 1
    outer loop
      vertex 171.921 97.6 2
      vertex 174.797 96.8453 2
      vertex 174.141 97.169 2
    endloop
  endfacet
  facet normal 0 0 1
    outer loop
      vertex 177.6 91.9213 2
      vertex 174.352 82.7716 2
      vertex 174.724 82.8978 2
    endloop
  endfacet
  facet normal 0 0 1
    outer loop
      vertex 174.352 82.7716 2
      vertex 171.5 82.5 2
      vertex 174 82.5981 2
    endloop
  endfacet
  facet normal 0 0 1
    outer loop
      vertex 171.921 97.6 2
      vertex 174.141 97.169 2
      vertex 173.448 97.4042 2
    endloop
  endfacet
  facet normal 0 0 1
    outer loop
      vertex 174 82.5981 2
      vertex 171.5 82.5 2
      vertex 173.674 82.3801 2
    endloop
  endfacet
  facet normal 0 0 1
    outer loop
      vertex 173.674 82.3801 2
      vertex 171.5 82.5 2
      vertex 173.379 82.1213 2
    endloop
  endfacet
  facet normal 0 0 1
    outer loop
      vertex 173.379 82.1213 2
      vertex 171.5 82.5 2
      vertex 173.12 81.8263 2
    endloop
  endfacet
  facet normal 0 0 1
    outer loop
      vertex 171.921 97.6 2
      vertex 173.448 97.4042 2
      vertex 172.73 97.547 2
    endloop
  endfacet
  facet normal 0 0 1
    outer loop
      vertex 173.12 81.8263 2
      vertex 171.5 82.5 2
      vertex 172.902 81.5 2
    endloop
  endfacet
  facet normal 0 0 1
    outer loop
      vertex 172.902 81.5 2
      vertex 171.5 82.5 2
      vertex 172.728 81.148 2
    endloop
  endfacet
  facet normal 0 0 1
    outer loop
      vertex 172.728 81.148 2
      vertex 171.5 82.5 2
      vertex 172.602 80.7765 2
    endloop
  endfacet
  facet normal 0 0 1
    outer loop
      vertex 172.602 80.7765 2
      vertex 171.5 82.5 2
      vertex 172.526 80.3916 2
    endloop
  endfacet
  facet normal 0 0 1
    outer loop
      vertex 171.5 78.5 2
      vertex 172.526 80.3916 2
      vertex 171.5 82.5 2
    endloop
  endfacet
  facet normal 0 0 1
    outer loop
      vertex 177.6 91.9213 2
      vertex 171.921 97.6 2
      vertex 171.5 82.5 2
    endloop
  endfacet
  facet normal -0 0 1
    outer loop
      vertex 177.326 77.6199 2
      vertex 177.6 22.14 2
      vertex 177.6 77.86 2
    endloop
  endfacet
  facet normal 0 0 1
    outer loop
      vertex 177.326 77.6199 2
      vertex 177.326 22.3801 2
      vertex 177.6 22.14 2
    endloop
  endfacet
  facet normal -0 0 1
    outer loop
      vertex 177 77.4019 2
      vertex 177.326 22.3801 2
      vertex 177.326 77.6199 2
    endloop
  endfacet
  facet normal 0 0 1
    outer loop
      vertex 177 77.4019 2
      vertex 177 22.5981 2
      vertex 177.326 22.3801 2
    endloop
  endfacet
  facet normal -0 0 1
    outer loop
      vertex 176.648 77.2284 2
      vertex 177 22.5981 2
      vertex 177 77.4019 2
    endloop
  endfacet
  facet normal 0 0 1
    outer loop
      vertex 176.648 77.2284 2
      vertex 176.648 22.7716 2
      vertex 177 22.5981 2
    endloop
  endfacet
  facet normal -0 0 1
    outer loop
      vertex 176.276 77.1022 2
      vertex 176.648 22.7716 2
      vertex 176.648 77.2284 2
    endloop
  endfacet
  facet normal 0 0 1
    outer loop
      vertex 176.276 77.1022 2
      vertex 176.276 22.8978 2
      vertex 176.648 22.7716 2
    endloop
  endfacet
  facet normal -0 0 1
    outer loop
      vertex 175.892 77.0257 2
      vertex 176.276 22.8978 2
      vertex 176.276 77.1022 2
    endloop
  endfacet
  facet normal 0 0 1
    outer loop
      vertex 175.892 77.0257 2
      vertex 175.892 22.9743 2
      vertex 176.276 22.8978 2
    endloop
  endfacet
  facet normal -0 0 1
    outer loop
      vertex 175.5 77 2
      vertex 175.892 22.9743 2
      vertex 175.892 77.0257 2
    endloop
  endfacet
  facet normal 0 0 1
    outer loop
      vertex 175.5 77 2
      vertex 175.5 23 2
      vertex 175.892 22.9743 2
    endloop
  endfacet
  facet normal 0 0 1
    outer loop
      vertex 175.108 77.0257 2
      vertex 175.5 23 2
      vertex 175.5 77 2
    endloop
  endfacet
  facet normal 0 0 1
    outer loop
      vertex 175.108 77.0257 2
      vertex 175.108 22.9743 2
      vertex 175.5 23 2
    endloop
  endfacet
  facet normal 0 0 1
    outer loop
      vertex 174.724 77.1022 2
      vertex 175.108 22.9743 2
      vertex 175.108 77.0257 2
    endloop
  endfacet
  facet normal 0 0 1
    outer loop
      vertex 174.724 77.1022 2
      vertex 174.724 22.8978 2
      vertex 175.108 22.9743 2
    endloop
  endfacet
  facet normal 0 0 1
    outer loop
      vertex 174.352 77.2284 2
      vertex 174.724 22.8978 2
      vertex 174.724 77.1022 2
    endloop
  endfacet
  facet normal 0 0 1
    outer loop
      vertex 174.352 77.2284 2
      vertex 174.352 22.7716 2
      vertex 174.724 22.8978 2
    endloop
  endfacet
  facet normal 0 0 1
    outer loop
      vertex 174 77.4019 2
      vertex 174.352 22.7716 2
      vertex 174.352 77.2284 2
    endloop
  endfacet
  facet normal 0 0 1
    outer loop
      vertex 174 77.4019 2
      vertex 174 22.5981 2
      vertex 174.352 22.7716 2
    endloop
  endfacet
  facet normal 0 0 1
    outer loop
      vertex 173.674 77.6199 2
      vertex 174 22.5981 2
      vertex 174 77.4019 2
    endloop
  endfacet
  facet normal 0 0 1
    outer loop
      vertex 173.674 77.6199 2
      vertex 173.674 22.3801 2
      vertex 174 22.5981 2
    endloop
  endfacet
  facet normal 0 0 1
    outer loop
      vertex 173.379 77.8787 2
      vertex 173.674 22.3801 2
      vertex 173.674 77.6199 2
    endloop
  endfacet
  facet normal 0 0 1
    outer loop
      vertex 173.379 77.8787 2
      vertex 173.379 22.1213 2
      vertex 173.674 22.3801 2
    endloop
  endfacet
  facet normal 0 0 1
    outer loop
      vertex 173.12 78.1737 2
      vertex 173.379 22.1213 2
      vertex 173.379 77.8787 2
    endloop
  endfacet
  facet normal 0 0 1
    outer loop
      vertex 173.12 78.1737 2
      vertex 173.12 21.8263 2
      vertex 173.379 22.1213 2
    endloop
  endfacet
  facet normal 0 0 1
    outer loop
      vertex 172.902 78.5 2
      vertex 173.12 21.8263 2
      vertex 173.12 78.1737 2
    endloop
  endfacet
  facet normal 0 0 1
    outer loop
      vertex 172.902 78.5 2
      vertex 172.902 21.5 2
      vertex 173.12 21.8263 2
    endloop
  endfacet
  facet normal 0 0 1
    outer loop
      vertex 172.728 78.852 2
      vertex 172.902 21.5 2
      vertex 172.902 78.5 2
    endloop
  endfacet
  facet normal 0 0 1
    outer loop
      vertex 172.728 78.852 2
      vertex 172.728 21.148 2
      vertex 172.902 21.5 2
    endloop
  endfacet
  facet normal 0 0 1
    outer loop
      vertex 172.602 79.2235 2
      vertex 172.728 21.148 2
      vertex 172.728 78.852 2
    endloop
  endfacet
  facet normal 0 0 1
    outer loop
      vertex 172.602 79.2235 2
      vertex 172.602 20.7765 2
      vertex 172.728 21.148 2
    endloop
  endfacet
  facet normal 0 0 1
    outer loop
      vertex 172.526 79.6084 2
      vertex 172.602 20.7765 2
      vertex 172.602 79.2235 2
    endloop
  endfacet
  facet normal 0 0 1
    outer loop
      vertex 172.526 79.6084 2
      vertex 172.526 20.3916 2
      vertex 172.602 20.7765 2
    endloop
  endfacet
  facet normal 0 0 1
    outer loop
      vertex 172.5 80 2
      vertex 172.526 20.3916 2
      vertex 172.526 79.6084 2
    endloop
  endfacet
  facet normal 0 0 1
    outer loop
      vertex 172.526 20.3916 2
      vertex 172.5 80 2
      vertex 172.5 20 2
    endloop
  endfacet
  facet normal -0 0 1
    outer loop
      vertex 177.326 17.6199 2
      vertex 177.6 8.07872 2
      vertex 177.6 17.86 2
    endloop
  endfacet
  facet normal -0 0 1
    outer loop
      vertex 177 17.4019 2
      vertex 177.6 8.07872 2
      vertex 177.326 17.6199 2
    endloop
  endfacet
  facet normal -0 0 1
    outer loop
      vertex 176.648 17.2284 2
      vertex 177.6 8.07872 2
      vertex 177 17.4019 2
    endloop
  endfacet
  facet normal -0 0 1
    outer loop
      vertex 176.276 17.1022 2
      vertex 177.6 8.07872 2
      vertex 176.648 17.2284 2
    endloop
  endfacet
  facet normal -0 0 1
    outer loop
      vertex 175.892 17.0257 2
      vertex 177.6 8.07872 2
      vertex 176.276 17.1022 2
    endloop
  endfacet
  facet normal -0 0 1
    outer loop
      vertex 175.5 17 2
      vertex 177.6 8.07872 2
      vertex 175.892 17.0257 2
    endloop
  endfacet
  facet normal 0 0 1
    outer loop
      vertex 175.108 17.0257 2
      vertex 177.6 8.07872 2
      vertex 175.5 17 2
    endloop
  endfacet
  facet normal 0 0 1
    outer loop
      vertex 174.724 17.1022 2
      vertex 177.6 8.07872 2
      vertex 175.108 17.0257 2
    endloop
  endfacet
  facet normal 0 0 1
    outer loop
      vertex 174.352 17.2284 2
      vertex 177.6 8.07872 2
      vertex 174.724 17.1022 2
    endloop
  endfacet
  facet normal 0 0 1
    outer loop
      vertex 174 17.4019 2
      vertex 177.6 8.07872 2
      vertex 174.352 17.2284 2
    endloop
  endfacet
  facet normal 0 0 1
    outer loop
      vertex 173.674 17.6199 2
      vertex 177.6 8.07872 2
      vertex 174 17.4019 2
    endloop
  endfacet
  facet normal 0 -0 1
    outer loop
      vertex 176.777 5.1 2
      vertex 177.6 8.07872 2
      vertex 173.674 17.6199 2
    endloop
  endfacet
  facet normal 0 0 1
    outer loop
      vertex 177.6 8.07872 2
      vertex 176.777 5.1 2
      vertex 177.547 7.2697 2
    endloop
  endfacet
  facet normal 0 0 1
    outer loop
      vertex 177.404 6.55193 2
      vertex 176.777 5.1 2
      vertex 177.169 5.85893 2
    endloop
  endfacet
  facet normal 0 0 1
    outer loop
      vertex 177.169 5.85893 2
      vertex 176.777 5.1 2
      vertex 176.845 5.20264 2
    endloop
  endfacet
  facet normal 0 0 1
    outer loop
      vertex 177.547 7.2697 2
      vertex 176.777 5.1 2
      vertex 177.404 6.55193 2
    endloop
  endfacet
  facet normal 0 0 1
    outer loop
      vertex 173.379 17.8787 2
      vertex 176.777 5.1 2
      vertex 173.674 17.6199 2
    endloop
  endfacet
  facet normal 0 0 1
    outer loop
      vertex 173.12 18.1737 2
      vertex 176.777 5.1 2
      vertex 173.379 17.8787 2
    endloop
  endfacet
  facet normal 0 0 1
    outer loop
      vertex 172.902 18.5 2
      vertex 176.777 5.1 2
      vertex 173.12 18.1737 2
    endloop
  endfacet
  facet normal 0 0 1
    outer loop
      vertex 116 19.5 2
      vertex 172.902 18.5 2
      vertex 172.728 18.8519 2
    endloop
  endfacet
  facet normal 0 0 1
    outer loop
      vertex 116 19.5 2
      vertex 172.728 18.8519 2
      vertex 172.602 19.2235 2
    endloop
  endfacet
  facet normal 0 0 1
    outer loop
      vertex 172.526 80.3916 2
      vertex 171.5 78.5 2
      vertex 172.5 80 2
    endloop
  endfacet
  facet normal 0 0 1
    outer loop
      vertex 171.5 62.5 2
      vertex 172.5 80 2
      vertex 171.5 78.5 2
    endloop
  endfacet
  facet normal 0 0 1
    outer loop
      vertex 171.5 58.5 2
      vertex 172.5 80 2
      vertex 171.5 62.5 2
    endloop
  endfacet
  facet normal 0 0 1
    outer loop
      vertex 172.5 80 2
      vertex 171.5 58.5 2
      vertex 172.5 20 2
    endloop
  endfacet
  facet normal -0 0 1
    outer loop
      vertex 167.5 58.5 2
      vertex 172.5 20 2
      vertex 171.5 58.5 2
    endloop
  endfacet
  facet normal -0 0 1
    outer loop
      vertex 138.5 58.5 2
      vertex 172.5 20 2
      vertex 167.5 58.5 2
    endloop
  endfacet
  facet normal 0 0 1
    outer loop
      vertex 138.5 59.7 2
      vertex 167.5 59.7 2
      vertex 138.5 81.3 2
    endloop
  endfacet
  facet normal 0 0 1
    outer loop
      vertex 167.5 59.7 2
      vertex 138.5 59.7 2
      vertex 167.5 58.5 2
    endloop
  endfacet
  facet normal 0 0 1
    outer loop
      vertex 138.5 58.5 2
      vertex 167.5 58.5 2
      vertex 138.5 59.7 2
    endloop
  endfacet
  facet normal 0 0 1
    outer loop
      vertex 116 19.5 2
      vertex 172.5 20 2
      vertex 138.5 58.5 2
    endloop
  endfacet
  facet normal 0 0 1
    outer loop
      vertex 172.5 20 2
      vertex 116 19.5 2
      vertex 172.526 19.6084 2
    endloop
  endfacet
  facet normal 0 0 1
    outer loop
      vertex 172.526 19.6084 2
      vertex 116 19.5 2
      vertex 172.602 19.2235 2
    endloop
  endfacet
  facet normal 0 0 1
    outer loop
      vertex 116 19.5 2
      vertex 138.5 58.5 2
      vertex 134.5 58.5 2
    endloop
  endfacet
  facet normal -0 0 1
    outer loop
      vertex 118 65.5 2
      vertex 134.5 62.5 2
      vertex 134 65.5 2
    endloop
  endfacet
  facet normal 0 0 1
    outer loop
      vertex 134.5 62.5 2
      vertex 118 65.5 2
      vertex 134.5 58.5 2
    endloop
  endfacet
  facet normal 0 0 1
    outer loop
      vertex 116 19.5 2
      vertex 134.5 58.5 2
      vertex 118 65.5 2
    endloop
  endfacet
  facet normal 0 0 1
    outer loop
      vertex 116 19.5 2
      vertex 118 65.5 2
      vertex 116 74.5 2
    endloop
  endfacet
  facet normal 0 0 1
    outer loop
      vertex 172.902 18.5 2
      vertex 116 19.5 2
      vertex 176.777 5.1 2
    endloop
  endfacet
  facet normal 0 0 1
    outer loop
      vertex 79.9743 6.60842 2
      vertex 116 19.5 2
      vertex 80 7 2
    endloop
  endfacet
  facet normal 0 0 1
    outer loop
      vertex 79.6922 5.1 2
      vertex 116 19.5 2
      vertex 79.9743 6.60842 2
    endloop
  endfacet
  facet normal 0 0 1
    outer loop
      vertex 116 19.5 2
      vertex 79.6922 5.1 2
      vertex 176.777 5.1 2
    endloop
  endfacet
  facet normal 0 0 1
    outer loop
      vertex 74.1022 7.77646 2
      vertex 73.5 7.8 2
      vertex 74.0257 7.39158 2
    endloop
  endfacet
  facet normal 0 0 1
    outer loop
      vertex 74.0257 7.39158 2
      vertex 73.5 7.8 2
      vertex 74 7 2
    endloop
  endfacet
  facet normal 0 0 1
    outer loop
      vertex 73.5 7.8 2
      vertex 74.0257 6.60842 2
      vertex 74 7 2
    endloop
  endfacet
  facet normal 0 0 1
    outer loop
      vertex 73.5 5.1 2
      vertex 74.0257 6.60842 2
      vertex 73.5 7.8 2
    endloop
  endfacet
  facet normal 0 0 1
    outer loop
      vertex 74.0257 6.60842 2
      vertex 73.5 5.1 2
      vertex 74.3078 5.1 2
    endloop
  endfacet
  facet normal -0 0 1
    outer loop
      vertex 72.3 32.8 2
      vertex 73.5 7.8 2
      vertex 73.5 32.8 2
    endloop
  endfacet
  facet normal 0 0 1
    outer loop
      vertex 73.5 7.8 2
      vertex 72.3 32.8 2
      vertex 72.3 7.8 2
    endloop
  endfacet
  facet normal 0 0 1
    outer loop
      vertex 61.5 71.3 2
      vertex 57.5 71.6 2
      vertex 58.5 69 2
    endloop
  endfacet
  facet normal -0 0 1
    outer loop
      vertex 56 71.6 2
      vertex 58.5 69 2
      vertex 57.5 71.6 2
    endloop
  endfacet
  facet normal 0 0 1
    outer loop
      vertex 55.7 71.6 2
      vertex 56 71.6 2
      vertex 55.7 97.6 2
    endloop
  endfacet
  facet normal 0 0 1
    outer loop
      vertex 54.5 69 2
      vertex 56 71.6 2
      vertex 55.7 71.6 2
    endloop
  endfacet
  facet normal 0 0 1
    outer loop
      vertex 54.5 69 2
      vertex 55.7 71.6 2
      vertex 54.5 71.6 2
    endloop
  endfacet
  facet normal 0 0 1
    outer loop
      vertex 56 71.6 2
      vertex 54.5 69 2
      vertex 58.5 69 2
    endloop
  endfacet
  facet normal -0 0 1
    outer loop
      vertex 53.5393 13.9588 2
      vertex 55.7 7.8 2
      vertex 53.6222 14.3758 2
    endloop
  endfacet
  facet normal -0 0 1
    outer loop
      vertex 53.4026 13.5563 2
      vertex 55.7 7.8 2
      vertex 53.5393 13.9588 2
    endloop
  endfacet
  facet normal -0 0 1
    outer loop
      vertex 53.2146 13.175 2
      vertex 55.7 7.8 2
      vertex 53.4026 13.5563 2
    endloop
  endfacet
  facet normal -0 0 1
    outer loop
      vertex 52.9784 12.8215 2
      vertex 55.7 7.8 2
      vertex 53.2146 13.175 2
    endloop
  endfacet
  facet normal 0 0 1
    outer loop
      vertex 55.7 7.8 2
      vertex 52.9784 12.8215 2
      vertex 54.5 7.8 2
    endloop
  endfacet
  facet normal -0 0 1
    outer loop
      vertex 52.6981 12.5019 2
      vertex 54.5 7.8 2
      vertex 52.9784 12.8215 2
    endloop
  endfacet
  facet normal -0 0 1
    outer loop
      vertex 52.3785 12.2216 2
      vertex 54.5 7.8 2
      vertex 52.6981 12.5019 2
    endloop
  endfacet
  facet normal -0 0 1
    outer loop
      vertex 52.025 11.9854 2
      vertex 54.5 7.8 2
      vertex 52.3785 12.2216 2
    endloop
  endfacet
  facet normal -0 0 1
    outer loop
      vertex 51.6437 11.7974 2
      vertex 54.5 7.8 2
      vertex 52.025 11.9854 2
    endloop
  endfacet
  facet normal -0 0 1
    outer loop
      vertex 51.2412 11.6607 2
      vertex 54.5 7.8 2
      vertex 51.6437 11.7974 2
    endloop
  endfacet
  facet normal -0 0 1
    outer loop
      vertex 50.8242 11.5778 2
      vertex 54.5 7.8 2
      vertex 51.2412 11.6607 2
    endloop
  endfacet
  facet normal -0 0 1
    outer loop
      vertex 50.4 11.55 2
      vertex 54.5 7.8 2
      vertex 50.8242 11.5778 2
    endloop
  endfacet
  facet normal 0 0 1
    outer loop
      vertex 49.9758 11.5778 2
      vertex 54.5 7.8 2
      vertex 50.4 11.55 2
    endloop
  endfacet
  facet normal 0 0 1
    outer loop
      vertex 54.5 7.8 2
      vertex 49.9758 11.5778 2
      vertex 54.5 5.1 2
    endloop
  endfacet
  facet normal 0 0 1
    outer loop
      vertex 49.5588 11.6607 2
      vertex 54.5 5.1 2
      vertex 49.9758 11.5778 2
    endloop
  endfacet
  facet normal 0 0 1
    outer loop
      vertex 49.1563 11.7974 2
      vertex 54.5 5.1 2
      vertex 49.5588 11.6607 2
    endloop
  endfacet
  facet normal 0 0 1
    outer loop
      vertex 48.775 11.9854 2
      vertex 54.5 5.1 2
      vertex 49.1563 11.7974 2
    endloop
  endfacet
  facet normal 0 0 1
    outer loop
      vertex 48.4215 12.2216 2
      vertex 54.5 5.1 2
      vertex 48.775 11.9854 2
    endloop
  endfacet
  facet normal 0 0 1
    outer loop
      vertex 10.3785 12.2216 2
      vertex 48.4215 12.2216 2
      vertex 48.1019 12.5019 2
    endloop
  endfacet
  facet normal 0 0 1
    outer loop
      vertex 10.6981 12.5019 2
      vertex 48.1019 12.5019 2
      vertex 47.8216 12.8215 2
    endloop
  endfacet
  facet normal 0 0 1
    outer loop
      vertex 45.4 17.5 2
      vertex 47.1778 14.3758 2
      vertex 47.15 14.8 2
    endloop
  endfacet
  facet normal 0 0 1
    outer loop
      vertex 45.4 17.5 2
      vertex 47.2607 13.9588 2
      vertex 47.1778 14.3758 2
    endloop
  endfacet
  facet normal 0 0 1
    outer loop
      vertex 45.4 17.5 2
      vertex 47.3974 13.5563 2
      vertex 47.2607 13.9588 2
    endloop
  endfacet
  facet normal -0 0 1
    outer loop
      vertex 13.4 17.5 2
      vertex 47.3974 13.5563 2
      vertex 45.4 17.5 2
    endloop
  endfacet
  facet normal 0 0 1
    outer loop
      vertex 47.5854 91.175 2
      vertex 11.2146 91.175 2
      vertex 10.9784 90.8215 2
    endloop
  endfacet
  facet normal 0 0 1
    outer loop
      vertex 47.8216 90.8215 2
      vertex 10.9784 90.8215 2
      vertex 10.6981 90.5019 2
    endloop
  endfacet
  facet normal 0 0 1
    outer loop
      vertex 14.65 39.5 2
      vertex 44.15 39.5 2
      vertex 14.65 40.7 2
    endloop
  endfacet
  facet normal 0 0 1
    outer loop
      vertex 13.4 36.3 2
      vertex 44.15 39.5 2
      vertex 14.65 39.5 2
    endloop
  endfacet
  facet normal 0 0 1
    outer loop
      vertex 13.4 18.7 2
      vertex 45.4 18.7 2
      vertex 13.4 36.3 2
    endloop
  endfacet
  facet normal 0 0 1
    outer loop
      vertex 45.4 18.7 2
      vertex 13.4 18.7 2
      vertex 45.4 17.5 2
    endloop
  endfacet
  facet normal 0 0 1
    outer loop
      vertex 13.4 17.5 2
      vertex 45.4 17.5 2
      vertex 13.4 18.7 2
    endloop
  endfacet
  facet normal 0 0 1
    outer loop
      vertex 13.4 36.3 2
      vertex 14.65 39.5 2
      vertex 13.4 37.5 2
    endloop
  endfacet
  facet normal 0 0 1
    outer loop
      vertex 11.4026 13.5563 2
      vertex 47.3974 13.5563 2
      vertex 13.4 17.5 2
    endloop
  endfacet
  facet normal 0 0 1
    outer loop
      vertex 47.3974 13.5563 2
      vertex 11.4026 13.5563 2
      vertex 47.5854 13.175 2
    endloop
  endfacet
  facet normal 0 0 1
    outer loop
      vertex 11.2146 13.175 2
      vertex 47.5854 13.175 2
      vertex 11.4026 13.5563 2
    endloop
  endfacet
  facet normal 0 0 1
    outer loop
      vertex 11.6222 14.3758 2
      vertex 13.4 17.5 2
      vertex 11.65 14.8 2
    endloop
  endfacet
  facet normal 0 0 1
    outer loop
      vertex 11.5393 13.9588 2
      vertex 13.4 17.5 2
      vertex 11.6222 14.3758 2
    endloop
  endfacet
  facet normal 0 0 1
    outer loop
      vertex 11.4026 13.5563 2
      vertex 13.4 17.5 2
      vertex 11.5393 13.9588 2
    endloop
  endfacet
  facet normal 0 0 1
    outer loop
      vertex 47.5854 13.175 2
      vertex 11.2146 13.175 2
      vertex 47.8216 12.8215 2
    endloop
  endfacet
  facet normal 0 0 1
    outer loop
      vertex 10.9784 12.8215 2
      vertex 47.8216 12.8215 2
      vertex 11.2146 13.175 2
    endloop
  endfacet
  facet normal 0 0 1
    outer loop
      vertex 10.6981 12.5019 2
      vertex 47.8216 12.8215 2
      vertex 10.9784 12.8215 2
    endloop
  endfacet
  facet normal 0 0 1
    outer loop
      vertex 48.1019 12.5019 2
      vertex 10.6981 12.5019 2
      vertex 10.3785 12.2216 2
    endloop
  endfacet
  facet normal 0 0 1
    outer loop
      vertex 48.4215 12.2216 2
      vertex 10.3785 12.2216 2
      vertex 54.5 5.1 2
    endloop
  endfacet
  facet normal 0 0 1
    outer loop
      vertex 3.22326 5.1 2
      vertex 10.3785 12.2216 2
      vertex 10.025 11.9854 2
    endloop
  endfacet
  facet normal 0 0 1
    outer loop
      vertex 3.22326 5.1 2
      vertex 10.025 11.9854 2
      vertex 9.64372 11.7974 2
    endloop
  endfacet
  facet normal 0 0 1
    outer loop
      vertex 3.22326 5.1 2
      vertex 9.64372 11.7974 2
      vertex 9.24116 11.6607 2
    endloop
  endfacet
  facet normal 0 0 1
    outer loop
      vertex 3.22326 5.1 2
      vertex 9.24116 11.6607 2
      vertex 8.82421 11.5778 2
    endloop
  endfacet
  facet normal 0 0 1
    outer loop
      vertex 3.22326 5.1 2
      vertex 8.82421 11.5778 2
      vertex 8.4 11.55 2
    endloop
  endfacet
  facet normal 0 0 1
    outer loop
      vertex 3.22326 5.1 2
      vertex 8.4 11.55 2
      vertex 7.97579 11.5778 2
    endloop
  endfacet
  facet normal 0 0 1
    outer loop
      vertex 9.4 37.5 2
      vertex 2.39999 8.07872 2
      vertex 5.26074 15.6412 2
    endloop
  endfacet
  facet normal 0 0 1
    outer loop
      vertex 2.39999 91.9213 2
      vertex 4.04384 95.9562 2
      vertex 3.56134 95.406 2
    endloop
  endfacet
  facet normal 0 0 1
    outer loop
      vertex 10.3785 12.2216 2
      vertex 3.22326 5.1 2
      vertex 54.5 5.1 2
    endloop
  endfacet
  facet normal 0 0 1
    outer loop
      vertex 7.55884 11.6607 2
      vertex 3.22326 5.1 2
      vertex 7.97579 11.5778 2
    endloop
  endfacet
  facet normal 0 0 1
    outer loop
      vertex 2.39999 8.07872 2
      vertex 7.55884 11.6607 2
      vertex 7.15628 11.7974 2
    endloop
  endfacet
  facet normal 0 0 1
    outer loop
      vertex 2.39999 8.07872 2
      vertex 7.15628 11.7974 2
      vertex 6.775 11.9854 2
    endloop
  endfacet
  facet normal 0 0 1
    outer loop
      vertex 2.39999 8.07872 2
      vertex 6.775 11.9854 2
      vertex 6.42153 12.2216 2
    endloop
  endfacet
  facet normal 0 0 1
    outer loop
      vertex 2.39999 8.07872 2
      vertex 6.42153 12.2216 2
      vertex 6.1019 12.5019 2
    endloop
  endfacet
  facet normal 0 0 1
    outer loop
      vertex 2.39999 8.07872 2
      vertex 6.1019 12.5019 2
      vertex 5.8216 12.8215 2
    endloop
  endfacet
  facet normal 0 0 1
    outer loop
      vertex 2.39999 8.07872 2
      vertex 5.8216 12.8215 2
      vertex 5.58542 13.175 2
    endloop
  endfacet
  facet normal 0 0 1
    outer loop
      vertex 2.39999 8.07872 2
      vertex 5.58542 13.175 2
      vertex 5.39739 13.5563 2
    endloop
  endfacet
  facet normal 0 0 1
    outer loop
      vertex 2.39999 8.07872 2
      vertex 5.39739 13.5563 2
      vertex 5.26074 13.9588 2
    endloop
  endfacet
  facet normal 0 0 1
    outer loop
      vertex 2.39999 8.07872 2
      vertex 5.26074 13.9588 2
      vertex 5.1778 14.3758 2
    endloop
  endfacet
  facet normal 0 0 1
    outer loop
      vertex 2.39999 8.07872 2
      vertex 5.1778 14.3758 2
      vertex 5.15 14.8 2
    endloop
  endfacet
  facet normal 0 0 1
    outer loop
      vertex 5.26074 15.6412 2
      vertex 2.39999 8.07872 2
      vertex 5.1778 15.2242 2
    endloop
  endfacet
  facet normal 0 0 1
    outer loop
      vertex 2.39999 91.9213 2
      vertex 3.56134 95.406 2
      vertex 3.15468 94.7974 2
    endloop
  endfacet
  facet normal 0 0 1
    outer loop
      vertex 5.1778 15.2242 2
      vertex 2.39999 8.07872 2
      vertex 5.15 14.8 2
    endloop
  endfacet
  facet normal 0 0 1
    outer loop
      vertex 2.39999 91.9213 2
      vertex 3.15468 94.7974 2
      vertex 2.83104 94.1411 2
    endloop
  endfacet
  facet normal 0 0 1
    outer loop
      vertex 7.55884 11.6607 2
      vertex 2.39999 8.07872 2
      vertex 2.45302 7.2697 2
    endloop
  endfacet
  facet normal 0 0 1
    outer loop
      vertex 2.39999 91.9213 2
      vertex 2.83104 94.1411 2
      vertex 2.59579 93.4481 2
    endloop
  endfacet
  facet normal 0 0 1
    outer loop
      vertex 7.55884 11.6607 2
      vertex 2.83104 5.85893 2
      vertex 3.22326 5.1 2
    endloop
  endfacet
  facet normal 0 0 1
    outer loop
      vertex 2.39999 91.9213 2
      vertex 2.59579 93.4481 2
      vertex 2.45302 92.7303 2
    endloop
  endfacet
  facet normal 0 0 1
    outer loop
      vertex 3.22326 5.1 2
      vertex 2.83104 5.85893 2
      vertex 3.15468 5.20264 2
    endloop
  endfacet
  facet normal 0 0 1
    outer loop
      vertex 7.55884 11.6607 2
      vertex 2.59579 6.55193 2
      vertex 2.83104 5.85893 2
    endloop
  endfacet
  facet normal 0 0 1
    outer loop
      vertex 7.55884 11.6607 2
      vertex 2.45302 7.2697 2
      vertex 2.59579 6.55193 2
    endloop
  endfacet
  facet normal 0 0 1
    outer loop
      vertex 50.4 18.05 2
      vertex 49.4 21.5 2
      vertex 49.9758 18.0222 2
    endloop
  endfacet
  facet normal 0 0 1
    outer loop
      vertex 49.9758 18.0222 2
      vertex 49.4 21.5 2
      vertex 49.5588 17.9393 2
    endloop
  endfacet
  facet normal 0 0 1
    outer loop
      vertex 49.5588 17.9393 2
      vertex 49.4 21.5 2
      vertex 49.4 17.8853 2
    endloop
  endfacet
  facet normal 0 0 1
    outer loop
      vertex 10.65 97.6 2
      vertex 10.3785 95.3784 2
      vertex 10.65 95.1403 2
    endloop
  endfacet
  facet normal 0 0 1
    outer loop
      vertex 10.65 97.6 2
      vertex 10.025 95.6146 2
      vertex 10.3785 95.3784 2
    endloop
  endfacet
  facet normal 0 0 1
    outer loop
      vertex 10.65 97.6 2
      vertex 9.64372 95.8026 2
      vertex 10.025 95.6146 2
    endloop
  endfacet
  facet normal 0 0 1
    outer loop
      vertex 10.65 97.6 2
      vertex 9.24116 95.9393 2
      vertex 9.64372 95.8026 2
    endloop
  endfacet
  facet normal -0 0 1
    outer loop
      vertex 8.07872 97.6 2
      vertex 9.24116 95.9393 2
      vertex 10.65 97.6 2
    endloop
  endfacet
  facet normal 0 0 1
    outer loop
      vertex 9.24116 95.9393 2
      vertex 8.07872 97.6 2
      vertex 8.82421 96.0222 2
    endloop
  endfacet
  facet normal 0 0 1
    outer loop
      vertex 8.82421 96.0222 2
      vertex 8.07872 97.6 2
      vertex 8.4 96.05 2
    endloop
  endfacet
  facet normal 0 0 1
    outer loop
      vertex 8.07872 97.6 2
      vertex 7.97579 96.0222 2
      vertex 8.4 96.05 2
    endloop
  endfacet
  facet normal -0 0 1
    outer loop
      vertex 7.2697 97.547 2
      vertex 7.97579 96.0222 2
      vertex 8.07872 97.6 2
    endloop
  endfacet
  facet normal 0 0 1
    outer loop
      vertex 7.97579 96.0222 2
      vertex 7.2697 97.547 2
      vertex 7.55884 95.9393 2
    endloop
  endfacet
  facet normal 0 0 1
    outer loop
      vertex 7.2697 97.547 2
      vertex 7.15628 95.8026 2
      vertex 7.55884 95.9393 2
    endloop
  endfacet
  facet normal -0 0 1
    outer loop
      vertex 6.55193 97.4042 2
      vertex 7.15628 95.8026 2
      vertex 7.2697 97.547 2
    endloop
  endfacet
  facet normal 0 0 1
    outer loop
      vertex 7.15628 95.8026 2
      vertex 6.55193 97.4042 2
      vertex 6.775 95.6146 2
    endloop
  endfacet
  facet normal -0 0 1
    outer loop
      vertex 5.85893 97.169 2
      vertex 6.775 95.6146 2
      vertex 6.55193 97.4042 2
    endloop
  endfacet
  facet normal 0 0 1
    outer loop
      vertex 6.775 95.6146 2
      vertex 5.85893 97.169 2
      vertex 6.42153 95.3784 2
    endloop
  endfacet
  facet normal -0 0 1
    outer loop
      vertex 5.20264 96.8453 2
      vertex 6.42153 95.3784 2
      vertex 5.85893 97.169 2
    endloop
  endfacet
  facet normal 0 0 1
    outer loop
      vertex 6.42153 95.3784 2
      vertex 5.20264 96.8453 2
      vertex 6.1019 95.0981 2
    endloop
  endfacet
  facet normal -0 0 1
    outer loop
      vertex 4.59402 96.4387 2
      vertex 6.1019 95.0981 2
      vertex 5.20264 96.8453 2
    endloop
  endfacet
  facet normal 0 0 1
    outer loop
      vertex 6.1019 95.0981 2
      vertex 4.59402 96.4387 2
      vertex 5.8216 94.7785 2
    endloop
  endfacet
  facet normal -0 0 1
    outer loop
      vertex 4.04384 95.9562 2
      vertex 5.8216 94.7785 2
      vertex 4.59402 96.4387 2
    endloop
  endfacet
  facet normal 0 0 1
    outer loop
      vertex 5.8216 94.7785 2
      vertex 4.04384 95.9562 2
      vertex 5.58542 94.425 2
    endloop
  endfacet
  facet normal 0 0 1
    outer loop
      vertex 5.58542 94.425 2
      vertex 4.04384 95.9562 2
      vertex 5.39739 94.0437 2
    endloop
  endfacet
  facet normal 0 0 1
    outer loop
      vertex 5.39739 94.0437 2
      vertex 4.04384 95.9562 2
      vertex 5.26074 93.6412 2
    endloop
  endfacet
  facet normal 0 0 1
    outer loop
      vertex 2.39999 8.07872 2
      vertex 9.4 37.5 2
      vertex 2.39999 91.9213 2
    endloop
  endfacet
  facet normal 0 0 1
    outer loop
      vertex 2.39999 91.9213 2
      vertex 5.26074 93.6412 2
      vertex 4.04384 95.9562 2
    endloop
  endfacet
  facet normal -0 0 1
    outer loop
      vertex 9.4 33.5 2
      vertex 10.6 21.5 2
      vertex 10.6 33.5 2
    endloop
  endfacet
  facet normal 0 0 1
    outer loop
      vertex 10.6 21.5 2
      vertex 9.4 33.5 2
      vertex 9.4 21.5 2
    endloop
  endfacet
  facet normal 0 0 1
    outer loop
      vertex 13.4 17.5 2
      vertex 11.6222 15.2242 2
      vertex 11.65 14.8 2
    endloop
  endfacet
  facet normal 0 0 1
    outer loop
      vertex 13.4 17.5 2
      vertex 11.5393 15.6412 2
      vertex 11.6222 15.2242 2
    endloop
  endfacet
  facet normal 0 0 1
    outer loop
      vertex 13.4 17.5 2
      vertex 11.4026 16.0437 2
      vertex 11.5393 15.6412 2
    endloop
  endfacet
  facet normal 0 0 1
    outer loop
      vertex 13.4 17.5 2
      vertex 11.2146 16.425 2
      vertex 11.4026 16.0437 2
    endloop
  endfacet
  facet normal 0 0 1
    outer loop
      vertex 13.4 17.5 2
      vertex 10.9784 16.7785 2
      vertex 11.2146 16.425 2
    endloop
  endfacet
  facet normal 0 0 1
    outer loop
      vertex 13.4 17.5 2
      vertex 10.6981 17.0981 2
      vertex 10.9784 16.7785 2
    endloop
  endfacet
  facet normal 0 0 1
    outer loop
      vertex 13.4 17.5 2
      vertex 10.3785 17.3784 2
      vertex 10.6981 17.0981 2
    endloop
  endfacet
  facet normal 0 -0 1
    outer loop
      vertex 10.3785 17.3784 2
      vertex 13.4 17.5 2
      vertex 10.1965 17.5 2
    endloop
  endfacet
  facet normal 0 0 1
    outer loop
      vertex 11.5393 91.9588 2
      vertex 14.65 97.3 2
      vertex 11.6222 92.3758 2
    endloop
  endfacet
  facet normal 0 0 1
    outer loop
      vertex 11.85 94.5 2
      vertex 11.6222 93.2242 2
      vertex 11.65 92.8 2
    endloop
  endfacet
  facet normal 0 0 1
    outer loop
      vertex 11.85 94.5 2
      vertex 11.5393 93.6412 2
      vertex 11.6222 93.2242 2
    endloop
  endfacet
  facet normal 0 0 1
    outer loop
      vertex 11.85 94.5 2
      vertex 11.4026 94.0437 2
      vertex 11.5393 93.6412 2
    endloop
  endfacet
  facet normal 0 0 1
    outer loop
      vertex 11.85 94.5 2
      vertex 11.2146 94.425 2
      vertex 11.4026 94.0437 2
    endloop
  endfacet
  facet normal 0 -0 1
    outer loop
      vertex 11.2146 94.425 2
      vertex 11.85 94.5 2
      vertex 11.1645 94.5 2
    endloop
  endfacet
  facet normal 0 0 1
    outer loop
      vertex 10.6 33.5 2
      vertex 13.4 36.3 2
      vertex 10.6 36.3 2
    endloop
  endfacet
  facet normal 0 0 1
    outer loop
      vertex 13.4 36.3 2
      vertex 10.6 33.5 2
      vertex 13.4 18.7 2
    endloop
  endfacet
  facet normal -0 0 1
    outer loop
      vertex 10.6 21.5 2
      vertex 13.4 18.7 2
      vertex 10.6 33.5 2
    endloop
  endfacet
  facet normal 0 0 1
    outer loop
      vertex 13.4 18.7 2
      vertex 10.6 21.5 2
      vertex 10.6 18.7 2
    endloop
  endfacet
  facet normal -0 0 1
    outer loop
      vertex 10.65 39.5 2
      vertex 13.4 37.5 2
      vertex 14.65 39.5 2
    endloop
  endfacet
  facet normal -0 0 1
    outer loop
      vertex 9.24116 89.6607 2
      vertex 11.85 43.5 2
      vertex 9.64372 89.7974 2
    endloop
  endfacet
  facet normal -0 0 1
    outer loop
      vertex 8.82421 89.5778 2
      vertex 11.85 43.5 2
      vertex 9.24116 89.6607 2
    endloop
  endfacet
  facet normal 0 0 1
    outer loop
      vertex 10.65 39.5 2
      vertex 9.4 37.5 2
      vertex 13.4 37.5 2
    endloop
  endfacet
  facet normal 0 0 1
    outer loop
      vertex 11.85 43.5 2
      vertex 8.82421 89.5778 2
      vertex 10.65 43.5 2
    endloop
  endfacet
  facet normal 0 0 1
    outer loop
      vertex 5.39739 16.0437 2
      vertex 9.4 33.5 2
      vertex 9.4 37.5 2
    endloop
  endfacet
  facet normal 0 0 1
    outer loop
      vertex 9.4 33.5 2
      vertex 6.1019 17.0981 2
      vertex 9.4 21.5 2
    endloop
  endfacet
  facet normal -0 0 1
    outer loop
      vertex 8.4 89.55 2
      vertex 10.65 43.5 2
      vertex 8.82421 89.5778 2
    endloop
  endfacet
  facet normal 0 0 1
    outer loop
      vertex 7.97579 89.5778 2
      vertex 10.65 43.5 2
      vertex 8.4 89.55 2
    endloop
  endfacet
  facet normal 0 0 1
    outer loop
      vertex 9.4 21.5 2
      vertex 9.24116 17.9393 2
      vertex 9.4 17.8853 2
    endloop
  endfacet
  facet normal 0 0 1
    outer loop
      vertex 7.55884 89.6607 2
      vertex 10.65 43.5 2
      vertex 7.97579 89.5778 2
    endloop
  endfacet
  facet normal 0 0 1
    outer loop
      vertex 9.4 21.5 2
      vertex 8.82421 18.0222 2
      vertex 9.24116 17.9393 2
    endloop
  endfacet
  facet normal 0 0 1
    outer loop
      vertex 7.15628 89.7974 2
      vertex 10.65 43.5 2
      vertex 7.55884 89.6607 2
    endloop
  endfacet
  facet normal 0 0 1
    outer loop
      vertex 9.4 21.5 2
      vertex 8.4 18.05 2
      vertex 8.82421 18.0222 2
    endloop
  endfacet
  facet normal 0 0 1
    outer loop
      vertex 6.775 89.9854 2
      vertex 10.65 43.5 2
      vertex 7.15628 89.7974 2
    endloop
  endfacet
  facet normal 0 0 1
    outer loop
      vertex 9.4 21.5 2
      vertex 7.97579 18.0222 2
      vertex 8.4 18.05 2
    endloop
  endfacet
  facet normal 0 0 1
    outer loop
      vertex 2.39999 91.9213 2
      vertex 6.775 89.9854 2
      vertex 6.42153 90.2216 2
    endloop
  endfacet
  facet normal 0 0 1
    outer loop
      vertex 9.4 21.5 2
      vertex 7.55884 17.9393 2
      vertex 7.97579 18.0222 2
    endloop
  endfacet
  facet normal 0 0 1
    outer loop
      vertex 2.39999 91.9213 2
      vertex 6.42153 90.2216 2
      vertex 6.1019 90.5019 2
    endloop
  endfacet
  facet normal 0 0 1
    outer loop
      vertex 9.4 21.5 2
      vertex 7.15628 17.8026 2
      vertex 7.55884 17.9393 2
    endloop
  endfacet
  facet normal 0 0 1
    outer loop
      vertex 2.39999 91.9213 2
      vertex 6.1019 90.5019 2
      vertex 5.8216 90.8215 2
    endloop
  endfacet
  facet normal 0 0 1
    outer loop
      vertex 9.4 21.5 2
      vertex 6.775 17.6146 2
      vertex 7.15628 17.8026 2
    endloop
  endfacet
  facet normal 0 0 1
    outer loop
      vertex 10.65 43.5 2
      vertex 9.4 37.5 2
      vertex 10.65 39.5 2
    endloop
  endfacet
  facet normal 0 0 1
    outer loop
      vertex 9.4 21.5 2
      vertex 6.42153 17.3784 2
      vertex 6.775 17.6146 2
    endloop
  endfacet
  facet normal 0 0 1
    outer loop
      vertex 2.39999 91.9213 2
      vertex 5.8216 90.8215 2
      vertex 5.58542 91.175 2
    endloop
  endfacet
  facet normal 0 0 1
    outer loop
      vertex 9.4 21.5 2
      vertex 6.1019 17.0981 2
      vertex 6.42153 17.3784 2
    endloop
  endfacet
  facet normal 0 0 1
    outer loop
      vertex 2.39999 91.9213 2
      vertex 5.58542 91.175 2
      vertex 5.39739 91.5563 2
    endloop
  endfacet
  facet normal 0 0 1
    outer loop
      vertex 9.4 33.5 2
      vertex 5.8216 16.7785 2
      vertex 6.1019 17.0981 2
    endloop
  endfacet
  facet normal 0 0 1
    outer loop
      vertex 6.775 89.9854 2
      vertex 2.39999 91.9213 2
      vertex 10.65 43.5 2
    endloop
  endfacet
  facet normal 0 0 1
    outer loop
      vertex 9.4 33.5 2
      vertex 5.58542 16.425 2
      vertex 5.8216 16.7785 2
    endloop
  endfacet
  facet normal -0 0 1
    outer loop
      vertex 2.39999 91.9213 2
      vertex 5.39739 91.5563 2
      vertex 5.26074 91.9588 2
    endloop
  endfacet
  facet normal 0 0 1
    outer loop
      vertex 9.4 33.5 2
      vertex 5.39739 16.0437 2
      vertex 5.58542 16.425 2
    endloop
  endfacet
  facet normal 0 0 1
    outer loop
      vertex 5.1778 92.3758 2
      vertex 2.39999 91.9213 2
      vertex 5.26074 91.9588 2
    endloop
  endfacet
  facet normal 0 0 1
    outer loop
      vertex 9.4 37.5 2
      vertex 5.26074 15.6412 2
      vertex 5.39739 16.0437 2
    endloop
  endfacet
  facet normal 0 0 1
    outer loop
      vertex 5.15 92.8 2
      vertex 2.39999 91.9213 2
      vertex 5.1778 92.3758 2
    endloop
  endfacet
  facet normal 0 0 1
    outer loop
      vertex 10.65 43.5 2
      vertex 2.39999 91.9213 2
      vertex 9.4 37.5 2
    endloop
  endfacet
  facet normal 0 0 1
    outer loop
      vertex 5.26074 93.6412 2
      vertex 2.39999 91.9213 2
      vertex 5.1778 93.2242 2
    endloop
  endfacet
  facet normal 0 0 1
    outer loop
      vertex 5.1778 93.2242 2
      vertex 2.39999 91.9213 2
      vertex 5.15 92.8 2
    endloop
  endfacet
  facet normal 0 0 1
    outer loop
      vertex 11.85 94.5 2
      vertex 14.65 97.3 2
      vertex 11.85 97.3 2
    endloop
  endfacet
  facet normal 0 0 1
    outer loop
      vertex 11.65 92.8 2
      vertex 14.65 97.3 2
      vertex 11.85 94.5 2
    endloop
  endfacet
  facet normal 0 0 1
    outer loop
      vertex 11.6222 92.3758 2
      vertex 14.65 97.3 2
      vertex 11.65 92.8 2
    endloop
  endfacet
  facet normal 0 0 1
    outer loop
      vertex 14.65 40.7 2
      vertex 11.85 43.5 2
      vertex 11.85 40.7 2
    endloop
  endfacet
  facet normal 0 0 1
    outer loop
      vertex 11.4026 91.5563 2
      vertex 14.65 97.3 2
      vertex 11.5393 91.9588 2
    endloop
  endfacet
  facet normal 0 -0 1
    outer loop
      vertex 11.85 43.5 2
      vertex 54.5 69 2
      vertex 10.3785 90.2216 2
    endloop
  endfacet
  facet normal 0 0 1
    outer loop
      vertex 54.5 69 2
      vertex 11.85 43.5 2
      vertex 54.5 65 2
    endloop
  endfacet
  facet normal 0 0 1
    outer loop
      vertex 54.5 65 2
      vertex 11.85 43.5 2
      vertex 46.95 43.5 2
    endloop
  endfacet
  facet normal 0 0 1
    outer loop
      vertex 44.15 40.7 2
      vertex 14.65 40.7 2
      vertex 44.15 39.5 2
    endloop
  endfacet
  facet normal 0 -0 1
    outer loop
      vertex 14.65 40.7 2
      vertex 44.15 40.7 2
      vertex 11.85 43.5 2
    endloop
  endfacet
  facet normal 0 0 1
    outer loop
      vertex 46.95 43.5 2
      vertex 11.85 43.5 2
      vertex 44.15 40.7 2
    endloop
  endfacet
  facet normal -0 0 1
    outer loop
      vertex 9.64372 89.7974 2
      vertex 11.85 43.5 2
      vertex 10.025 89.9854 2
    endloop
  endfacet
  facet normal -0 0 1
    outer loop
      vertex 10.025 89.9854 2
      vertex 11.85 43.5 2
      vertex 10.3785 90.2216 2
    endloop
  endfacet
  facet normal -0 0 1
    outer loop
      vertex 14.65 97.6 2
      vertex 44.15 97.3 2
      vertex 44.15 97.6 2
    endloop
  endfacet
  facet normal 0 0 1
    outer loop
      vertex 14.65 97.3 2
      vertex 44.15 97.3 2
      vertex 14.65 97.6 2
    endloop
  endfacet
  facet normal 0 0 1
    outer loop
      vertex 47.3974 91.5563 2
      vertex 44.15 97.3 2
      vertex 11.4026 91.5563 2
    endloop
  endfacet
  facet normal -0 0 1
    outer loop
      vertex 44.15 97.3 2
      vertex 46.95 94.5 2
      vertex 46.95 97.3 2
    endloop
  endfacet
  facet normal 0 0 1
    outer loop
      vertex 11.4026 91.5563 2
      vertex 44.15 97.3 2
      vertex 14.65 97.3 2
    endloop
  endfacet
  facet normal 0 0 1
    outer loop
      vertex 47.3974 91.5563 2
      vertex 11.4026 91.5563 2
      vertex 11.2146 91.175 2
    endloop
  endfacet
  facet normal 0 0 1
    outer loop
      vertex 46.95 43.5 2
      vertex 44.15 40.7 2
      vertex 46.95 40.7 2
    endloop
  endfacet
  facet normal 0 0 1
    outer loop
      vertex 47.1778 15.2242 2
      vertex 45.4 17.5 2
      vertex 47.15 14.8 2
    endloop
  endfacet
  facet normal 0 0 1
    outer loop
      vertex 47.2607 15.6412 2
      vertex 45.4 17.5 2
      vertex 47.1778 15.2242 2
    endloop
  endfacet
  facet normal 0 0 1
    outer loop
      vertex 47.3974 16.0437 2
      vertex 45.4 17.5 2
      vertex 47.2607 15.6412 2
    endloop
  endfacet
  facet normal 0 0 1
    outer loop
      vertex 47.5854 16.425 2
      vertex 45.4 17.5 2
      vertex 47.3974 16.0437 2
    endloop
  endfacet
  facet normal 0 0 1
    outer loop
      vertex 47.8216 16.7785 2
      vertex 45.4 17.5 2
      vertex 47.5854 16.425 2
    endloop
  endfacet
  facet normal 0 0 1
    outer loop
      vertex 48.1019 17.0981 2
      vertex 45.4 17.5 2
      vertex 47.8216 16.7785 2
    endloop
  endfacet
  facet normal 0 0 1
    outer loop
      vertex 48.4215 17.3784 2
      vertex 45.4 17.5 2
      vertex 48.1019 17.0981 2
    endloop
  endfacet
  facet normal -0 0 1
    outer loop
      vertex 45.4 17.5 2
      vertex 48.4215 17.3784 2
      vertex 48.6035 17.5 2
    endloop
  endfacet
  facet normal 0 0 1
    outer loop
      vertex 116 19.5 2
      vertex 79.9743 7.39158 2
      vertex 80 7 2
    endloop
  endfacet
  facet normal 0 0 1
    outer loop
      vertex 116 19.5 2
      vertex 79.8978 7.77646 2
      vertex 79.9743 7.39158 2
    endloop
  endfacet
  facet normal 0 0 1
    outer loop
      vertex 116 19.5 2
      vertex 79.7716 8.14805 2
      vertex 79.8978 7.77646 2
    endloop
  endfacet
  facet normal 0 0 1
    outer loop
      vertex 116 19.5 2
      vertex 79.5981 8.5 2
      vertex 79.7716 8.14805 2
    endloop
  endfacet
  facet normal 0 0 1
    outer loop
      vertex 116 19.5 2
      vertex 79.3801 8.82628 2
      vertex 79.5981 8.5 2
    endloop
  endfacet
  facet normal -0 0 1
    outer loop
      vertex 75 19.5 2
      vertex 79.3801 8.82628 2
      vertex 116 19.5 2
    endloop
  endfacet
  facet normal 0 0 1
    outer loop
      vertex 79.3801 8.82628 2
      vertex 75 19.5 2
      vertex 79.1213 9.12132 2
    endloop
  endfacet
  facet normal 0 0 1
    outer loop
      vertex 79.1213 9.12132 2
      vertex 75 19.5 2
      vertex 78.8263 9.38006 2
    endloop
  endfacet
  facet normal 0 0 1
    outer loop
      vertex 78.8263 9.38006 2
      vertex 75 19.5 2
      vertex 78.5 9.59808 2
    endloop
  endfacet
  facet normal 0 0 1
    outer loop
      vertex 78.5 9.59808 2
      vertex 75 19.5 2
      vertex 78.148 9.77164 2
    endloop
  endfacet
  facet normal 0 0 1
    outer loop
      vertex 78.148 9.77164 2
      vertex 75 19.5 2
      vertex 77.7765 9.89778 2
    endloop
  endfacet
  facet normal 0 0 1
    outer loop
      vertex 77.7765 9.89778 2
      vertex 75 19.5 2
      vertex 77.3916 9.97433 2
    endloop
  endfacet
  facet normal 0 0 1
    outer loop
      vertex 77.3916 9.97433 2
      vertex 75 19.5 2
      vertex 77 10 2
    endloop
  endfacet
  facet normal 0 0 1
    outer loop
      vertex 77 10 2
      vertex 75 19.5 2
      vertex 76.6084 9.97433 2
    endloop
  endfacet
  facet normal 0 0 1
    outer loop
      vertex 76.6084 9.97433 2
      vertex 75 19.5 2
      vertex 76.2235 9.89778 2
    endloop
  endfacet
  facet normal 0 0 1
    outer loop
      vertex 75 19.5 2
      vertex 75.852 9.77164 2
      vertex 76.2235 9.89778 2
    endloop
  endfacet
  facet normal 0 0 1
    outer loop
      vertex 75 19.5 2
      vertex 75.5 9.59808 2
      vertex 75.852 9.77164 2
    endloop
  endfacet
  facet normal 0 0 1
    outer loop
      vertex 75 19.5 2
      vertex 75.1737 9.38006 2
      vertex 75.5 9.59808 2
    endloop
  endfacet
  facet normal 0 0 1
    outer loop
      vertex 75 19.5 2
      vertex 74.8787 9.12132 2
      vertex 75.1737 9.38006 2
    endloop
  endfacet
  facet normal 0 0 1
    outer loop
      vertex 74.5 40 2
      vertex 75 74.5 2
      vertex 74.5 65 2
    endloop
  endfacet
  facet normal 0 0 1
    outer loop
      vertex 74.5 71.6 2
      vertex 74.8787 90.8787 2
      vertex 74.6199 91.1737 2
    endloop
  endfacet
  facet normal 0 0 1
    outer loop
      vertex 74.5 69 2
      vertex 74.8787 90.8787 2
      vertex 74.5 71.6 2
    endloop
  endfacet
  facet normal 0 0 1
    outer loop
      vertex 74.5 71.6 2
      vertex 74.6199 91.1737 2
      vertex 74.5 91.3532 2
    endloop
  endfacet
  facet normal 0 0 1
    outer loop
      vertex 74.5 65 2
      vertex 74.8787 90.8787 2
      vertex 74.5 69 2
    endloop
  endfacet
  facet normal 0 0 1
    outer loop
      vertex 75 74.5 2
      vertex 74.5 40 2
      vertex 75 19.5 2
    endloop
  endfacet
  facet normal -0 0 1
    outer loop
      vertex 74.5 36 2
      vertex 75 19.5 2
      vertex 74.5 40 2
    endloop
  endfacet
  facet normal 0 0 1
    outer loop
      vertex 73.5 32.8 2
      vertex 74.5 36 2
      vertex 73.5 36 2
    endloop
  endfacet
  facet normal 0 0 1
    outer loop
      vertex 74.5 36 2
      vertex 73.5 32.8 2
      vertex 75 19.5 2
    endloop
  endfacet
  facet normal 0 0 1
    outer loop
      vertex 75 19.5 2
      vertex 74.6199 8.82628 2
      vertex 74.8787 9.12132 2
    endloop
  endfacet
  facet normal 0 0 1
    outer loop
      vertex 73.5 7.8 2
      vertex 74.6199 8.82628 2
      vertex 75 19.5 2
    endloop
  endfacet
  facet normal 0 0 1
    outer loop
      vertex 74.6199 8.82628 2
      vertex 73.5 7.8 2
      vertex 74.4019 8.5 2
    endloop
  endfacet
  facet normal 0 0 1
    outer loop
      vertex 74.4019 8.5 2
      vertex 73.5 7.8 2
      vertex 74.2284 8.14805 2
    endloop
  endfacet
  facet normal 0 0 1
    outer loop
      vertex 74.2284 8.14805 2
      vertex 73.5 7.8 2
      vertex 74.1022 7.77646 2
    endloop
  endfacet
  facet normal 0 0 1
    outer loop
      vertex 73.5 7.8 2
      vertex 75 19.5 2
      vertex 73.5 32.8 2
    endloop
  endfacet
  facet normal 0 0 1
    outer loop
      vertex 134 65.5 2
      vertex 135.7 78.5 2
      vertex 134.5 78.5 2
    endloop
  endfacet
  facet normal 0 0 1
    outer loop
      vertex 135.7 78.5 2
      vertex 134 65.5 2
      vertex 135.7 62.5 2
    endloop
  endfacet
  facet normal 0 0 1
    outer loop
      vertex 135.7 78.5 2
      vertex 138.5 81.3 2
      vertex 135.7 81.3 2
    endloop
  endfacet
  facet normal 0 0 1
    outer loop
      vertex 138.5 81.3 2
      vertex 135.7 78.5 2
      vertex 138.5 59.7 2
    endloop
  endfacet
  facet normal -0 0 1
    outer loop
      vertex 135.7 62.5 2
      vertex 138.5 59.7 2
      vertex 135.7 78.5 2
    endloop
  endfacet
  facet normal 0 0 1
    outer loop
      vertex 138.5 59.7 2
      vertex 135.7 62.5 2
      vertex 135.7 59.7 2
    endloop
  endfacet
  facet normal -0 0 1
    outer loop
      vertex 167.5 81.3 2
      vertex 170.3 78.5 2
      vertex 170.3 81.3 2
    endloop
  endfacet
  facet normal 0 0 1
    outer loop
      vertex 170.3 78.5 2
      vertex 167.5 81.3 2
      vertex 170.3 62.5 2
    endloop
  endfacet
  facet normal 0 0 1
    outer loop
      vertex 167.5 59.7 2
      vertex 170.3 62.5 2
      vertex 167.5 81.3 2
    endloop
  endfacet
  facet normal 0 0 1
    outer loop
      vertex 170.3 62.5 2
      vertex 167.5 59.7 2
      vertex 170.3 59.7 2
    endloop
  endfacet
  facet normal -0 0 1
    outer loop
      vertex 170.3 78.5 2
      vertex 171.5 62.5 2
      vertex 171.5 78.5 2
    endloop
  endfacet
  facet normal 0 0 1
    outer loop
      vertex 171.5 62.5 2
      vertex 170.3 78.5 2
      vertex 170.3 62.5 2
    endloop
  endfacet
  facet normal 0 0 1
    outer loop
      vertex 171.921 97.6 2
      vertex 167.5 82.5 2
      vertex 171.5 82.5 2
    endloop
  endfacet
  facet normal -0 0 1
    outer loop
      vertex 138.5 82.5 2
      vertex 167.5 81.3 2
      vertex 167.5 82.5 2
    endloop
  endfacet
  facet normal 0 0 1
    outer loop
      vertex 138.5 81.3 2
      vertex 167.5 81.3 2
      vertex 138.5 82.5 2
    endloop
  endfacet
  facet normal 0 0 1
    outer loop
      vertex 167.5 81.3 2
      vertex 138.5 81.3 2
      vertex 167.5 59.7 2
    endloop
  endfacet
  facet normal 0 0 1
    outer loop
      vertex 171.921 97.6 2
      vertex 138.5 82.5 2
      vertex 167.5 82.5 2
    endloop
  endfacet
  facet normal -0 0 1
    outer loop
      vertex 134 92 2
      vertex 138.5 82.5 2
      vertex 171.921 97.6 2
    endloop
  endfacet
  facet normal 0 0 1
    outer loop
      vertex 134 92 2
      vertex 134.5 78.5 2
      vertex 134.5 82.5 2
    endloop
  endfacet
  facet normal 0 0 1
    outer loop
      vertex 134 65.5 2
      vertex 134.5 78.5 2
      vertex 134 92 2
    endloop
  endfacet
  facet normal 0 0 1
    outer loop
      vertex 135.7 62.5 2
      vertex 134 65.5 2
      vertex 134.5 62.5 2
    endloop
  endfacet
  facet normal 0 0 1
    outer loop
      vertex 138.5 82.5 2
      vertex 134 92 2
      vertex 134.5 82.5 2
    endloop
  endfacet
  facet normal 0 0 1
    outer loop
      vertex 171.921 97.6 2
      vertex 118 92 2
      vertex 134 92 2
    endloop
  endfacet
  facet normal 0 0 1
    outer loop
      vertex 118 92 2
      vertex 116 74.5 2
      vertex 118 65.5 2
    endloop
  endfacet
  facet normal -0 0 1
    outer loop
      vertex 79.9743 92.6084 2
      vertex 118 92 2
      vertex 80 93 2
    endloop
  endfacet
  facet normal -0 0 1
    outer loop
      vertex 79.1871 97.6 2
      vertex 118 92 2
      vertex 171.921 97.6 2
    endloop
  endfacet
  facet normal 0 0 1
    outer loop
      vertex 118 92 2
      vertex 79.9743 93.3916 2
      vertex 80 93 2
    endloop
  endfacet
  facet normal 0 0 1
    outer loop
      vertex 118 92 2
      vertex 79.1871 97.6 2
      vertex 79.9743 93.3916 2
    endloop
  endfacet
  facet normal -0 0 1
    outer loop
      vertex 79.8978 92.2235 2
      vertex 118 92 2
      vertex 79.9743 92.6084 2
    endloop
  endfacet
  facet normal 0 0 1
    outer loop
      vertex 79.7716 91.852 2
      vertex 118 92 2
      vertex 79.8978 92.2235 2
    endloop
  endfacet
  facet normal 0 0 1
    outer loop
      vertex 118 92 2
      vertex 79.7716 91.852 2
      vertex 116 74.5 2
    endloop
  endfacet
  facet normal -0 0 1
    outer loop
      vertex 79.5981 91.5 2
      vertex 116 74.5 2
      vertex 79.7716 91.852 2
    endloop
  endfacet
  facet normal -0 0 1
    outer loop
      vertex 79.3801 91.1737 2
      vertex 116 74.5 2
      vertex 79.5981 91.5 2
    endloop
  endfacet
  facet normal 0 0 1
    outer loop
      vertex 75 74.5 2
      vertex 79.3801 91.1737 2
      vertex 79.1213 90.8787 2
    endloop
  endfacet
  facet normal 0 0 1
    outer loop
      vertex 75 74.5 2
      vertex 79.1213 90.8787 2
      vertex 78.8263 90.6199 2
    endloop
  endfacet
  facet normal 0 0 1
    outer loop
      vertex 75 74.5 2
      vertex 78.8263 90.6199 2
      vertex 78.5 90.4019 2
    endloop
  endfacet
  facet normal 0 0 1
    outer loop
      vertex 75 74.5 2
      vertex 78.5 90.4019 2
      vertex 78.148 90.2284 2
    endloop
  endfacet
  facet normal 0 0 1
    outer loop
      vertex 75 74.5 2
      vertex 78.148 90.2284 2
      vertex 77.7765 90.1022 2
    endloop
  endfacet
  facet normal 0 0 1
    outer loop
      vertex 75 74.5 2
      vertex 77.7765 90.1022 2
      vertex 77.3916 90.0257 2
    endloop
  endfacet
  facet normal 0 0 1
    outer loop
      vertex 75 74.5 2
      vertex 77.3916 90.0257 2
      vertex 77 90 2
    endloop
  endfacet
  facet normal 0 0 1
    outer loop
      vertex 75 74.5 2
      vertex 77 90 2
      vertex 76.6084 90.0257 2
    endloop
  endfacet
  facet normal 0 0 1
    outer loop
      vertex 75 74.5 2
      vertex 76.6084 90.0257 2
      vertex 76.2235 90.1022 2
    endloop
  endfacet
  facet normal 0 0 1
    outer loop
      vertex 75 74.5 2
      vertex 76.2235 90.1022 2
      vertex 75.852 90.2284 2
    endloop
  endfacet
  facet normal 0 0 1
    outer loop
      vertex 79.3801 91.1737 2
      vertex 75 74.5 2
      vertex 116 74.5 2
    endloop
  endfacet
  facet normal 0 0 1
    outer loop
      vertex 75.5 90.4019 2
      vertex 75 74.5 2
      vertex 75.852 90.2284 2
    endloop
  endfacet
  facet normal 0 0 1
    outer loop
      vertex 75.1737 90.6199 2
      vertex 75 74.5 2
      vertex 75.5 90.4019 2
    endloop
  endfacet
  facet normal 0 0 1
    outer loop
      vertex 74.5 65 2
      vertex 75 74.5 2
      vertex 74.8787 90.8787 2
    endloop
  endfacet
  facet normal 0 0 1
    outer loop
      vertex 74.8787 90.8787 2
      vertex 75 74.5 2
      vertex 75.1737 90.6199 2
    endloop
  endfacet
  facet normal -0.997861 0.0653712 0
    outer loop
      vertex 177.547 7.2697 2
      vertex 177.6 8.07872 23
      vertex 177.6 8.07872 2
    endloop
  endfacet
  facet normal -0.997861 0.0653712 0
    outer loop
      vertex 177.6 8.07872 23
      vertex 177.547 7.2697 2
      vertex 177.547 7.2697 23
    endloop
  endfacet
  facet normal -0.442439 0.896799 0
    outer loop
      vertex 174.797 3.15468 15.99
      vertex 174.141 2.83104 23
      vertex 174.797 3.15468 23
    endloop
  endfacet
  facet normal -0.442439 0.896799 0
    outer loop
      vertex 174.141 2.83104 23
      vertex 174.797 3.15468 15.99
      vertex 174.141 2.83104 15.99
    endloop
  endfacet
  facet normal -0.555324 0.831634 0
    outer loop
      vertex 175.406 3.56134 15.99
      vertex 174.797 3.15468 23
      vertex 175.406 3.56134 23
    endloop
  endfacet
  facet normal -0.555324 0.831634 0
    outer loop
      vertex 174.797 3.15468 23
      vertex 175.406 3.56134 15.99
      vertex 174.797 3.15468 15.99
    endloop
  endfacet
  facet normal 0 0 1
    outer loop
      vertex 74.3078 5.1 15.99
      vertex 8.07872 2.39999 15.99
      vertex 74.8129 2.39999 15.99
    endloop
  endfacet
  facet normal -0 0 1
    outer loop
      vertex 3.22326 5.1 15.99
      vertex 8.07872 2.39999 15.99
      vertex 74.3078 5.1 15.99
    endloop
  endfacet
  facet normal 0 0 1
    outer loop
      vertex 8.07872 2.39999 15.99
      vertex 3.22326 5.1 15.99
      vertex 7.2697 2.45302 15.99
    endloop
  endfacet
  facet normal 0 0 1
    outer loop
      vertex 7.2697 2.45302 15.99
      vertex 3.22326 5.1 15.99
      vertex 6.55193 2.59579 15.99
    endloop
  endfacet
  facet normal 0 0 1
    outer loop
      vertex 6.55193 2.59579 15.99
      vertex 3.22326 5.1 15.99
      vertex 5.85893 2.83104 15.99
    endloop
  endfacet
  facet normal 0 0 1
    outer loop
      vertex 5.85893 2.83104 15.99
      vertex 3.22326 5.1 15.99
      vertex 5.20264 3.15468 15.99
    endloop
  endfacet
  facet normal 0 0 1
    outer loop
      vertex 5.20264 3.15468 15.99
      vertex 3.22326 5.1 15.99
      vertex 4.59402 3.56134 15.99
    endloop
  endfacet
  facet normal 0 0 1
    outer loop
      vertex 4.59402 3.56134 15.99
      vertex 3.22326 5.1 15.99
      vertex 4.04384 4.04384 15.99
    endloop
  endfacet
  facet normal 0 0 1
    outer loop
      vertex 4.04384 4.04384 15.99
      vertex 3.22326 5.1 15.99
      vertex 3.56134 4.59402 15.99
    endloop
  endfacet
  facet normal 0 0 1
    outer loop
      vertex 176.777 5.1 15.99
      vertex 175.956 4.04384 15.99
      vertex 176.439 4.59402 15.99
    endloop
  endfacet
  facet normal 0 0 1
    outer loop
      vertex 176.777 5.1 15.99
      vertex 175.406 3.56134 15.99
      vertex 175.956 4.04384 15.99
    endloop
  endfacet
  facet normal 0 0 1
    outer loop
      vertex 176.777 5.1 15.99
      vertex 174.797 3.15468 15.99
      vertex 175.406 3.56134 15.99
    endloop
  endfacet
  facet normal 0 0 1
    outer loop
      vertex 176.777 5.1 15.99
      vertex 174.141 2.83104 15.99
      vertex 174.797 3.15468 15.99
    endloop
  endfacet
  facet normal 0 0 1
    outer loop
      vertex 176.777 5.1 15.99
      vertex 173.448 2.59579 15.99
      vertex 174.141 2.83104 15.99
    endloop
  endfacet
  facet normal 0 0 1
    outer loop
      vertex 176.777 5.1 15.99
      vertex 172.73 2.45302 15.99
      vertex 173.448 2.59579 15.99
    endloop
  endfacet
  facet normal 0 0 1
    outer loop
      vertex 176.777 5.1 15.99
      vertex 171.921 2.39999 15.99
      vertex 172.73 2.45302 15.99
    endloop
  endfacet
  facet normal -0 0 1
    outer loop
      vertex 79.6922 5.1 15.99
      vertex 171.921 2.39999 15.99
      vertex 176.777 5.1 15.99
    endloop
  endfacet
  facet normal 0 0 1
    outer loop
      vertex 171.921 2.39999 15.99
      vertex 79.6922 5.1 15.99
      vertex 79.1871 2.39999 15.99
    endloop
  endfacet
  facet normal 0 1 -0
    outer loop
      vertex 72.3 5.1 2
      vertex 55.7 5.1 4.99
      vertex 72.3 5.1 4.99
    endloop
  endfacet
  facet normal 0 1 0
    outer loop
      vertex 55.7 5.1 4.99
      vertex 72.3 5.1 2
      vertex 55.7 5.1 2
    endloop
  endfacet
  facet normal 0 1 -0
    outer loop
      vertex 11.75 5.1 10.6651
      vertex 3.22326 5.1 15.99
      vertex 74.3078 5.1 15.99
    endloop
  endfacet
  facet normal 0 1 0
    outer loop
      vertex 3.22326 5.1 15.99
      vertex 10.8263 5.1 10.9786
      vertex 10.5 5.1 11
    endloop
  endfacet
  facet normal 0 1 0
    outer loop
      vertex 3.22326 5.1 15.99
      vertex 11.147 5.1 10.9148
      vertex 10.8263 5.1 10.9786
    endloop
  endfacet
  facet normal 0 1 0
    outer loop
      vertex 3.22326 5.1 15.99
      vertex 11.4567 5.1 10.8097
      vertex 11.147 5.1 10.9148
    endloop
  endfacet
  facet normal 0 1 0
    outer loop
      vertex 3.22326 5.1 15.99
      vertex 11.75 5.1 10.6651
      vertex 11.4567 5.1 10.8097
    endloop
  endfacet
  facet normal 0 1 -0
    outer loop
      vertex 54.5 5.1 4.99
      vertex 11.75 5.1 10.6651
      vertex 74.3078 5.1 15.99
    endloop
  endfacet
  facet normal 0 1 0
    outer loop
      vertex 11.75 5.1 10.6651
      vertex 54.5 5.1 4.99
      vertex 12.0219 5.1 10.4834
    endloop
  endfacet
  facet normal 0 1 0
    outer loop
      vertex 12.0219 5.1 10.4834
      vertex 54.5 5.1 4.99
      vertex 12.2678 5.1 10.2678
    endloop
  endfacet
  facet normal 0 1 0
    outer loop
      vertex 12.2678 5.1 10.2678
      vertex 54.5 5.1 4.99
      vertex 12.4834 5.1 10.0219
    endloop
  endfacet
  facet normal 0 1 0
    outer loop
      vertex 12.4834 5.1 10.0219
      vertex 54.5 5.1 4.99
      vertex 12.6651 5.1 9.75
    endloop
  endfacet
  facet normal 0 1 0
    outer loop
      vertex 12.6651 5.1 9.75
      vertex 54.5 5.1 4.99
      vertex 12.8097 5.1 9.45671
    endloop
  endfacet
  facet normal 0 1 0
    outer loop
      vertex 12.8097 5.1 9.45671
      vertex 54.5 5.1 4.99
      vertex 12.9148 5.1 9.14705
    endloop
  endfacet
  facet normal 0 1 0
    outer loop
      vertex 12.9148 5.1 9.14705
      vertex 54.5 5.1 4.99
      vertex 12.9786 5.1 8.82631
    endloop
  endfacet
  facet normal 0 1 0
    outer loop
      vertex 12.9786 5.1 8.82631
      vertex 54.5 5.1 4.99
      vertex 13 5.1 8.5
    endloop
  endfacet
  facet normal 0 1 0
    outer loop
      vertex 13 5.1 8.5
      vertex 54.5 5.1 4.99
      vertex 12.9786 5.1 8.17368
    endloop
  endfacet
  facet normal 0 1 0
    outer loop
      vertex 12.9786 5.1 8.17368
      vertex 54.5 5.1 4.99
      vertex 12.9148 5.1 7.85295
    endloop
  endfacet
  facet normal 0 1 -0
    outer loop
      vertex 54.5 5.1 2
      vertex 12.9148 5.1 7.85295
      vertex 54.5 5.1 4.99
    endloop
  endfacet
  facet normal 0 1 0
    outer loop
      vertex 12.9148 5.1 7.85295
      vertex 54.5 5.1 2
      vertex 12.8097 5.1 7.54329
    endloop
  endfacet
  facet normal 0 1 0
    outer loop
      vertex 12.8097 5.1 7.54329
      vertex 54.5 5.1 2
      vertex 12.6651 5.1 7.25
    endloop
  endfacet
  facet normal 0 1 0
    outer loop
      vertex 12.6651 5.1 7.25
      vertex 54.5 5.1 2
      vertex 12.4834 5.1 6.9781
    endloop
  endfacet
  facet normal 0 1 0
    outer loop
      vertex 12.4834 5.1 6.9781
      vertex 54.5 5.1 2
      vertex 12.2678 5.1 6.73223
    endloop
  endfacet
  facet normal 0 1 0
    outer loop
      vertex 12.2678 5.1 6.73223
      vertex 54.5 5.1 2
      vertex 12.0219 5.1 6.51662
    endloop
  endfacet
  facet normal 0 1 0
    outer loop
      vertex 12.0219 5.1 6.51662
      vertex 54.5 5.1 2
      vertex 11.75 5.1 6.33494
    endloop
  endfacet
  facet normal 0 1 0
    outer loop
      vertex 11.75 5.1 6.33494
      vertex 54.5 5.1 2
      vertex 11.4567 5.1 6.1903
    endloop
  endfacet
  facet normal 0 1 0
    outer loop
      vertex 55.7 5.1 4.99
      vertex 74.3078 5.1 15.99
      vertex 72.3 5.1 4.99
    endloop
  endfacet
  facet normal 0 1 0
    outer loop
      vertex 72.3 5.1 4.99
      vertex 74.3078 5.1 15.99
      vertex 73.5 5.1 4.99
    endloop
  endfacet
  facet normal 0 1 -0
    outer loop
      vertex 74.3078 5.1 2
      vertex 73.5 5.1 4.99
      vertex 74.3078 5.1 15.99
    endloop
  endfacet
  facet normal 0 1 0
    outer loop
      vertex 73.5 5.1 4.99
      vertex 74.3078 5.1 2
      vertex 73.5 5.1 2
    endloop
  endfacet
  facet normal 0 1 -0
    outer loop
      vertex 10.1737 5.1 10.9786
      vertex 3.22326 5.1 15.99
      vertex 10.5 5.1 11
    endloop
  endfacet
  facet normal 0 1 -0
    outer loop
      vertex 9.85295 5.1 10.9148
      vertex 3.22326 5.1 15.99
      vertex 10.1737 5.1 10.9786
    endloop
  endfacet
  facet normal 0 1 -0
    outer loop
      vertex 9.54329 5.1 10.8097
      vertex 3.22326 5.1 15.99
      vertex 9.85295 5.1 10.9148
    endloop
  endfacet
  facet normal 0 1 -0
    outer loop
      vertex 9.25 5.1 10.6651
      vertex 3.22326 5.1 15.99
      vertex 9.54329 5.1 10.8097
    endloop
  endfacet
  facet normal 0 1 -0
    outer loop
      vertex 8.9781 5.1 10.4834
      vertex 3.22326 5.1 15.99
      vertex 9.25 5.1 10.6651
    endloop
  endfacet
  facet normal 0 1 -0
    outer loop
      vertex 8.73223 5.1 10.2678
      vertex 3.22326 5.1 15.99
      vertex 8.9781 5.1 10.4834
    endloop
  endfacet
  facet normal 0 1 -0
    outer loop
      vertex 8.51662 5.1 10.0219
      vertex 3.22326 5.1 15.99
      vertex 8.73223 5.1 10.2678
    endloop
  endfacet
  facet normal 0 1 -0
    outer loop
      vertex 8.33494 5.1 9.75
      vertex 3.22326 5.1 15.99
      vertex 8.51662 5.1 10.0219
    endloop
  endfacet
  facet normal 0 1 -0
    outer loop
      vertex 8.1903 5.1 9.45671
      vertex 3.22326 5.1 15.99
      vertex 8.33494 5.1 9.75
    endloop
  endfacet
  facet normal 0 1 -0
    outer loop
      vertex 8.08519 5.1 9.14705
      vertex 3.22326 5.1 15.99
      vertex 8.1903 5.1 9.45671
    endloop
  endfacet
  facet normal 0 1 -0
    outer loop
      vertex 8.02139 5.1 8.82631
      vertex 3.22326 5.1 15.99
      vertex 8.08519 5.1 9.14705
    endloop
  endfacet
  facet normal 0 1 -0
    outer loop
      vertex 8 5.1 8.5
      vertex 3.22326 5.1 15.99
      vertex 8.02139 5.1 8.82631
    endloop
  endfacet
  facet normal 0 1 0
    outer loop
      vertex 3.22326 5.1 2
      vertex 8 5.1 8.5
      vertex 8.02139 5.1 8.17368
    endloop
  endfacet
  facet normal 0 1 0
    outer loop
      vertex 3.22326 5.1 2
      vertex 8.02139 5.1 8.17368
      vertex 8.08519 5.1 7.85295
    endloop
  endfacet
  facet normal 0 1 0
    outer loop
      vertex 3.22326 5.1 2
      vertex 8.08519 5.1 7.85295
      vertex 8.1903 5.1 7.54329
    endloop
  endfacet
  facet normal 0 1 0
    outer loop
      vertex 3.22326 5.1 2
      vertex 8.1903 5.1 7.54329
      vertex 8.33494 5.1 7.25
    endloop
  endfacet
  facet normal 0 1 0
    outer loop
      vertex 54.5 5.1 4.99
      vertex 74.3078 5.1 15.99
      vertex 55.7 5.1 4.99
    endloop
  endfacet
  facet normal 0 1 0
    outer loop
      vertex 3.22326 5.1 2
      vertex 11.4567 5.1 6.1903
      vertex 54.5 5.1 2
    endloop
  endfacet
  facet normal 0 1 0
    outer loop
      vertex 11.4567 5.1 6.1903
      vertex 3.22326 5.1 2
      vertex 11.147 5.1 6.08519
    endloop
  endfacet
  facet normal 0 1 0
    outer loop
      vertex 11.147 5.1 6.08519
      vertex 3.22326 5.1 2
      vertex 10.8263 5.1 6.02139
    endloop
  endfacet
  facet normal 0 1 0
    outer loop
      vertex 10.8263 5.1 6.02139
      vertex 3.22326 5.1 2
      vertex 10.5 5.1 6
    endloop
  endfacet
  facet normal 0 1 0
    outer loop
      vertex 8 5.1 8.5
      vertex 3.22326 5.1 2
      vertex 3.22326 5.1 15.99
    endloop
  endfacet
  facet normal 0 1 0
    outer loop
      vertex 8.51662 5.1 6.9781
      vertex 3.22326 5.1 2
      vertex 8.33494 5.1 7.25
    endloop
  endfacet
  facet normal 0 1 0
    outer loop
      vertex 8.73223 5.1 6.73223
      vertex 3.22326 5.1 2
      vertex 8.51662 5.1 6.9781
    endloop
  endfacet
  facet normal 0 1 0
    outer loop
      vertex 8.9781 5.1 6.51662
      vertex 3.22326 5.1 2
      vertex 8.73223 5.1 6.73223
    endloop
  endfacet
  facet normal 0 1 0
    outer loop
      vertex 9.25 5.1 6.33494
      vertex 3.22326 5.1 2
      vertex 8.9781 5.1 6.51662
    endloop
  endfacet
  facet normal 0 1 0
    outer loop
      vertex 9.54329 5.1 6.1903
      vertex 3.22326 5.1 2
      vertex 9.25 5.1 6.33494
    endloop
  endfacet
  facet normal 0 1 0
    outer loop
      vertex 9.85295 5.1 6.08519
      vertex 3.22326 5.1 2
      vertex 9.54329 5.1 6.1903
    endloop
  endfacet
  facet normal 0 1 0
    outer loop
      vertex 10.1737 5.1 6.02139
      vertex 3.22326 5.1 2
      vertex 9.85295 5.1 6.08519
    endloop
  endfacet
  facet normal 0 1 0
    outer loop
      vertex 10.5 5.1 6
      vertex 3.22326 5.1 2
      vertex 10.1737 5.1 6.02139
    endloop
  endfacet
  facet normal 0 1 -0
    outer loop
      vertex 176.777 5.1 2
      vertex 79.6922 5.1 15.99
      vertex 176.777 5.1 15.99
    endloop
  endfacet
  facet normal 0 1 0
    outer loop
      vertex 79.6922 5.1 15.99
      vertex 176.777 5.1 2
      vertex 79.6922 5.1 2
    endloop
  endfacet
  facet normal 0.65937 -0.751818 0
    outer loop
      vertex 10.3785 12.2216 2
      vertex 10.6981 12.5019 18.4
      vertex 10.3785 12.2216 18.4
    endloop
  endfacet
  facet normal 0.65937 -0.751818 0
    outer loop
      vertex 10.6981 12.5019 18.4
      vertex 10.3785 12.2216 2
      vertex 10.6981 12.5019 2
    endloop
  endfacet
  facet normal 0.94688 0.321586 0
    outer loop
      vertex 11.5393 15.6412 18.4
      vertex 11.4026 16.0437 2
      vertex 11.4026 16.0437 18.4
    endloop
  endfacet
  facet normal 0.94688 0.321586 0
    outer loop
      vertex 11.4026 16.0437 2
      vertex 11.5393 15.6412 18.4
      vertex 11.5393 15.6412 2
    endloop
  endfacet
  facet normal -0.0653933 0.99786 0
    outer loop
      vertex 8.4 18.05 2
      vertex 7.97579 18.0222 18.4
      vertex 8.4 18.05 18.4
    endloop
  endfacet
  facet normal -0.0653933 0.99786 0
    outer loop
      vertex 7.97579 18.0222 18.4
      vertex 8.4 18.05 2
      vertex 7.97579 18.0222 2
    endloop
  endfacet
  facet normal 0.980806 0.194985 0
    outer loop
      vertex 11.6222 15.2242 18.4
      vertex 11.5393 15.6412 2
      vertex 11.5393 15.6412 18.4
    endloop
  endfacet
  facet normal 0.980806 0.194985 0
    outer loop
      vertex 11.5393 15.6412 2
      vertex 11.6222 15.2242 18.4
      vertex 11.6222 15.2242 2
    endloop
  endfacet
  facet normal 0.997859 -0.0653948 0
    outer loop
      vertex 11.6222 14.3758 18.4
      vertex 11.65 14.8 2
      vertex 11.65 14.8 18.4
    endloop
  endfacet
  facet normal 0.997859 -0.0653948 0
    outer loop
      vertex 11.65 14.8 2
      vertex 11.6222 14.3758 18.4
      vertex 11.6222 14.3758 2
    endloop
  endfacet
  facet normal -0.997859 0.0653948 0
    outer loop
      vertex 5.15 14.8 2
      vertex 5.1778 15.2242 18.4
      vertex 5.1778 15.2242 2
    endloop
  endfacet
  facet normal -0.997859 0.0653948 0
    outer loop
      vertex 5.1778 15.2242 18.4
      vertex 5.15 14.8 2
      vertex 5.15 14.8 18.4
    endloop
  endfacet
  facet normal 0.442239 0.896897 -0
    outer loop
      vertex 10.025 17.6146 4.49
      vertex 9.64372 17.8026 18.4
      vertex 10.025 17.6146 18.4
    endloop
  endfacet
  facet normal 0.442239 0.896897 0
    outer loop
      vertex 9.64372 17.8026 18.4
      vertex 10.025 17.6146 4.49
      vertex 9.64372 17.8026 4.49
    endloop
  endfacet
  facet normal -0.555601 -0.831449 0
    outer loop
      vertex 6.42153 12.2216 2
      vertex 6.775 11.9854 18.4
      vertex 6.42153 12.2216 18.4
    endloop
  endfacet
  facet normal -0.555601 -0.831449 -0
    outer loop
      vertex 6.775 11.9854 18.4
      vertex 6.42153 12.2216 2
      vertex 6.775 11.9854 2
    endloop
  endfacet
  facet normal -0.896879 0.442277 0
    outer loop
      vertex 5.39739 16.0437 2
      vertex 5.58542 16.425 18.4
      vertex 5.58542 16.425 2
    endloop
  endfacet
  facet normal -0.896879 0.442277 0
    outer loop
      vertex 5.58542 16.425 18.4
      vertex 5.39739 16.0437 2
      vertex 5.39739 16.0437 18.4
    endloop
  endfacet
  facet normal 0.0653933 -0.99786 0
    outer loop
      vertex 8.4 11.55 2
      vertex 8.82421 11.5778 18.4
      vertex 8.4 11.55 18.4
    endloop
  endfacet
  facet normal 0.0653933 -0.99786 0
    outer loop
      vertex 8.82421 11.5778 18.4
      vertex 8.4 11.55 2
      vertex 8.82421 11.5778 2
    endloop
  endfacet
  facet normal -0.831493 0.555536 0
    outer loop
      vertex 5.58542 16.425 2
      vertex 5.8216 16.7785 18.4
      vertex 5.8216 16.7785 2
    endloop
  endfacet
  facet normal -0.831493 0.555536 0
    outer loop
      vertex 5.8216 16.7785 18.4
      vertex 5.58542 16.425 2
      vertex 5.58542 16.425 18.4
    endloop
  endfacet
  facet normal 0.195008 -0.980802 0
    outer loop
      vertex 8.82421 11.5778 2
      vertex 9.24116 11.6607 18.4
      vertex 8.82421 11.5778 18.4
    endloop
  endfacet
  facet normal 0.195008 -0.980802 0
    outer loop
      vertex 9.24116 11.6607 18.4
      vertex 8.82421 11.5778 2
      vertex 9.24116 11.6607 2
    endloop
  endfacet
  facet normal 0.997859 0.0653948 0
    outer loop
      vertex 11.65 14.8 18.4
      vertex 11.6222 15.2242 2
      vertex 11.6222 15.2242 18.4
    endloop
  endfacet
  facet normal 0.997859 0.0653948 0
    outer loop
      vertex 11.6222 15.2242 2
      vertex 11.65 14.8 18.4
      vertex 11.65 14.8 2
    endloop
  endfacet
  facet normal 0.896907 -0.44222 0
    outer loop
      vertex 11.2146 13.175 18.4
      vertex 11.4026 13.5563 2
      vertex 11.4026 13.5563 18.4
    endloop
  endfacet
  facet normal 0.896907 -0.44222 0
    outer loop
      vertex 11.4026 13.5563 2
      vertex 11.2146 13.175 18.4
      vertex 11.2146 13.175 2
    endloop
  endfacet
  facet normal -0.831493 -0.555536 0
    outer loop
      vertex 5.8216 12.8215 2
      vertex 5.58542 13.175 18.4
      vertex 5.58542 13.175 2
    endloop
  endfacet
  facet normal -0.831493 -0.555536 0
    outer loop
      vertex 5.58542 13.175 18.4
      vertex 5.8216 12.8215 2
      vertex 5.8216 12.8215 18.4
    endloop
  endfacet
  facet normal 0.0653933 0.99786 -0
    outer loop
      vertex 8.82421 18.0222 2
      vertex 8.4 18.05 18.4
      vertex 8.82421 18.0222 18.4
    endloop
  endfacet
  facet normal 0.0653933 0.99786 0
    outer loop
      vertex 8.4 18.05 18.4
      vertex 8.82421 18.0222 2
      vertex 8.4 18.05 2
    endloop
  endfacet
  facet normal 0.896907 0.44222 0
    outer loop
      vertex 11.4026 16.0437 18.4
      vertex 11.2146 16.425 2
      vertex 11.2146 16.425 18.4
    endloop
  endfacet
  facet normal 0.896907 0.44222 0
    outer loop
      vertex 11.2146 16.425 2
      vertex 11.4026 16.0437 18.4
      vertex 11.4026 16.0437 2
    endloop
  endfacet
  facet normal -0.321543 0.946895 0
    outer loop
      vertex 7.55884 17.9393 2
      vertex 7.15628 17.8026 18.4
      vertex 7.55884 17.9393 18.4
    endloop
  endfacet
  facet normal -0.321543 0.946895 0
    outer loop
      vertex 7.15628 17.8026 18.4
      vertex 7.55884 17.9393 2
      vertex 7.15628 17.8026 2
    endloop
  endfacet
  facet normal 0.831471 0.555568 0
    outer loop
      vertex 11.2146 16.425 18.4
      vertex 10.9784 16.7785 2
      vertex 10.9784 16.7785 18.4
    endloop
  endfacet
  facet normal 0.831471 0.555568 0
    outer loop
      vertex 10.9784 16.7785 2
      vertex 11.2146 16.425 18.4
      vertex 11.2146 16.425 2
    endloop
  endfacet
  facet normal -0.442239 0.896897 0
    outer loop
      vertex 7.15628 17.8026 2
      vertex 6.775 17.6146 18.4
      vertex 7.15628 17.8026 18.4
    endloop
  endfacet
  facet normal -0.442239 0.896897 0
    outer loop
      vertex 6.775 17.6146 18.4
      vertex 7.15628 17.8026 2
      vertex 6.775 17.6146 2
    endloop
  endfacet
  facet normal -0.946916 -0.321481 0
    outer loop
      vertex 5.39739 13.5563 2
      vertex 5.26074 13.9588 18.4
      vertex 5.26074 13.9588 2
    endloop
  endfacet
  facet normal -0.946916 -0.321481 0
    outer loop
      vertex 5.26074 13.9588 18.4
      vertex 5.39739 13.5563 2
      vertex 5.39739 13.5563 18.4
    endloop
  endfacet
  facet normal 0.555568 -0.831471 0
    outer loop
      vertex 10.025 11.9854 2
      vertex 10.3785 12.2216 18.4
      vertex 10.025 11.9854 18.4
    endloop
  endfacet
  facet normal 0.555568 -0.831471 0
    outer loop
      vertex 10.3785 12.2216 18.4
      vertex 10.025 11.9854 2
      vertex 10.3785 12.2216 2
    endloop
  endfacet
  facet normal 0.442239 -0.896897 0
    outer loop
      vertex 9.64372 11.7974 2
      vertex 10.025 11.9854 18.4
      vertex 9.64372 11.7974 18.4
    endloop
  endfacet
  facet normal 0.442239 -0.896897 0
    outer loop
      vertex 10.025 11.9854 18.4
      vertex 9.64372 11.7974 2
      vertex 10.025 11.9854 2
    endloop
  endfacet
  facet normal 0.321329 0.946968 0
    outer loop
      vertex 9.4 17.8853 4.49
      vertex 9.64372 17.8026 18.4
      vertex 9.64372 17.8026 4.49
    endloop
  endfacet
  facet normal 0.321543 0.946895 -4.19571e-06
    outer loop
      vertex 9.64372 17.8026 18.4
      vertex 9.4 17.8853 4.49
      vertex 9.24116 17.9393 18.4
    endloop
  endfacet
  facet normal 0.321873 0.946783 0
    outer loop
      vertex 9.24116 17.9393 2
      vertex 9.4 17.8853 4.49
      vertex 9.4 17.8853 2
    endloop
  endfacet
  facet normal 0.321873 0.946783 0
    outer loop
      vertex 9.4 17.8853 4.49
      vertex 9.24116 17.9393 2
      vertex 9.24116 17.9393 18.4
    endloop
  endfacet
  facet normal -0.0653933 -0.99786 0
    outer loop
      vertex 7.97579 11.5778 2
      vertex 8.4 11.55 18.4
      vertex 7.97579 11.5778 18.4
    endloop
  endfacet
  facet normal -0.0653933 -0.99786 -0
    outer loop
      vertex 8.4 11.55 18.4
      vertex 7.97579 11.5778 2
      vertex 8.4 11.55 2
    endloop
  endfacet
  facet normal 0.195008 0.980802 -0
    outer loop
      vertex 9.24116 17.9393 2
      vertex 8.82421 18.0222 18.4
      vertex 9.24116 17.9393 18.4
    endloop
  endfacet
  facet normal 0.195008 0.980802 0
    outer loop
      vertex 8.82421 18.0222 18.4
      vertex 9.24116 17.9393 2
      vertex 8.82421 18.0222 2
    endloop
  endfacet
  facet normal 0.94688 -0.321586 0
    outer loop
      vertex 11.4026 13.5563 18.4
      vertex 11.5393 13.9588 2
      vertex 11.5393 13.9588 18.4
    endloop
  endfacet
  facet normal 0.94688 -0.321586 0
    outer loop
      vertex 11.5393 13.9588 2
      vertex 11.4026 13.5563 18.4
      vertex 11.4026 13.5563 2
    endloop
  endfacet
  facet normal 0 0 1
    outer loop
      vertex 9.65 14.8 18.4
      vertex 11.65 14.8 18.4
      vertex 11.6222 15.2242 18.4
    endloop
  endfacet
  facet normal 0 0 1
    outer loop
      vertex 9.63931 14.9632 18.4
      vertex 11.6222 15.2242 18.4
      vertex 11.5393 15.6412 18.4
    endloop
  endfacet
  facet normal 0 0 1
    outer loop
      vertex 11.65 14.8 18.4
      vertex 9.65 14.8 18.4
      vertex 11.6222 14.3758 18.4
    endloop
  endfacet
  facet normal 0 0 1
    outer loop
      vertex 9.60741 15.1235 18.4
      vertex 11.5393 15.6412 18.4
      vertex 11.4026 16.0437 18.4
    endloop
  endfacet
  facet normal -0 0 1
    outer loop
      vertex 9.63931 14.6368 18.4
      vertex 11.6222 14.3758 18.4
      vertex 9.65 14.8 18.4
    endloop
  endfacet
  facet normal 0 0 1
    outer loop
      vertex 9.55485 15.2784 18.4
      vertex 11.4026 16.0437 18.4
      vertex 11.2146 16.425 18.4
    endloop
  endfacet
  facet normal 0 0 1
    outer loop
      vertex 11.6222 14.3758 18.4
      vertex 9.63931 14.6368 18.4
      vertex 11.5393 13.9588 18.4
    endloop
  endfacet
  facet normal 0 0 1
    outer loop
      vertex 9.48253 15.425 18.4
      vertex 11.2146 16.425 18.4
      vertex 10.9784 16.7785 18.4
    endloop
  endfacet
  facet normal -0 0 1
    outer loop
      vertex 9.60741 14.4765 18.4
      vertex 11.5393 13.9588 18.4
      vertex 9.63931 14.6368 18.4
    endloop
  endfacet
  facet normal 0 0 1
    outer loop
      vertex 9.39169 15.561 18.4
      vertex 10.9784 16.7785 18.4
      vertex 10.6981 17.0981 18.4
    endloop
  endfacet
  facet normal 0 0 1
    outer loop
      vertex 11.5393 13.9588 18.4
      vertex 9.60741 14.4765 18.4
      vertex 11.4026 13.5563 18.4
    endloop
  endfacet
  facet normal 0 0 1
    outer loop
      vertex 9.28388 15.6839 18.4
      vertex 10.6981 17.0981 18.4
      vertex 10.3785 17.3784 18.4
    endloop
  endfacet
  facet normal -0 0 1
    outer loop
      vertex 9.55485 14.3216 18.4
      vertex 11.4026 13.5563 18.4
      vertex 9.60741 14.4765 18.4
    endloop
  endfacet
  facet normal 0 0 1
    outer loop
      vertex 9.16095 15.7917 18.4
      vertex 10.3785 17.3784 18.4
      vertex 10.025 17.6146 18.4
    endloop
  endfacet
  facet normal 0 0 1
    outer loop
      vertex 11.4026 13.5563 18.4
      vertex 9.55485 14.3216 18.4
      vertex 11.2146 13.175 18.4
    endloop
  endfacet
  facet normal -0 0 1
    outer loop
      vertex 9.48253 14.175 18.4
      vertex 11.2146 13.175 18.4
      vertex 9.55485 14.3216 18.4
    endloop
  endfacet
  facet normal 0 0 1
    outer loop
      vertex 9.025 15.8825 18.4
      vertex 10.025 17.6146 18.4
      vertex 9.64372 17.8026 18.4
    endloop
  endfacet
  facet normal 0 0 1
    outer loop
      vertex 11.6222 15.2242 18.4
      vertex 9.63931 14.9632 18.4
      vertex 9.65 14.8 18.4
    endloop
  endfacet
  facet normal 0 0 1
    outer loop
      vertex 11.5393 15.6412 18.4
      vertex 9.60741 15.1235 18.4
      vertex 9.63931 14.9632 18.4
    endloop
  endfacet
  facet normal 0 0 1
    outer loop
      vertex 11.4026 16.0437 18.4
      vertex 9.55485 15.2784 18.4
      vertex 9.60741 15.1235 18.4
    endloop
  endfacet
  facet normal 0 0 1
    outer loop
      vertex 11.2146 16.425 18.4
      vertex 9.48253 15.425 18.4
      vertex 9.55485 15.2784 18.4
    endloop
  endfacet
  facet normal 0 0 1
    outer loop
      vertex 10.9784 16.7785 18.4
      vertex 9.39169 15.561 18.4
      vertex 9.48253 15.425 18.4
    endloop
  endfacet
  facet normal 0 0 1
    outer loop
      vertex 10.6981 17.0981 18.4
      vertex 9.28388 15.6839 18.4
      vertex 9.39169 15.561 18.4
    endloop
  endfacet
  facet normal 0 0 1
    outer loop
      vertex 8.87835 15.9548 18.4
      vertex 9.64372 17.8026 18.4
      vertex 9.24116 17.9393 18.4
    endloop
  endfacet
  facet normal 0 0 1
    outer loop
      vertex 10.3785 17.3784 18.4
      vertex 9.16095 15.7917 18.4
      vertex 9.28388 15.6839 18.4
    endloop
  endfacet
  facet normal 0 0 1
    outer loop
      vertex 10.025 17.6146 18.4
      vertex 9.025 15.8825 18.4
      vertex 9.16095 15.7917 18.4
    endloop
  endfacet
  facet normal 0 0 1
    outer loop
      vertex 9.64372 17.8026 18.4
      vertex 8.87835 15.9548 18.4
      vertex 9.025 15.8825 18.4
    endloop
  endfacet
  facet normal 0 0 1
    outer loop
      vertex 8.72352 16.0074 18.4
      vertex 9.24116 17.9393 18.4
      vertex 8.82421 18.0222 18.4
    endloop
  endfacet
  facet normal 0 0 1
    outer loop
      vertex 9.24116 17.9393 18.4
      vertex 8.72352 16.0074 18.4
      vertex 8.87835 15.9548 18.4
    endloop
  endfacet
  facet normal 0 0 1
    outer loop
      vertex 8.82421 18.0222 18.4
      vertex 8.56316 16.0393 18.4
      vertex 8.72352 16.0074 18.4
    endloop
  endfacet
  facet normal 0 0 1
    outer loop
      vertex 8.4 18.05 18.4
      vertex 8.56316 16.0393 18.4
      vertex 8.82421 18.0222 18.4
    endloop
  endfacet
  facet normal 0 0 1
    outer loop
      vertex 8.4 18.05 18.4
      vertex 8.4 16.05 18.4
      vertex 8.56316 16.0393 18.4
    endloop
  endfacet
  facet normal 0 0 1
    outer loop
      vertex 8.4 18.05 18.4
      vertex 8.23684 16.0393 18.4
      vertex 8.4 16.05 18.4
    endloop
  endfacet
  facet normal -0 0 1
    outer loop
      vertex 7.97579 18.0222 18.4
      vertex 8.23684 16.0393 18.4
      vertex 8.4 18.05 18.4
    endloop
  endfacet
  facet normal 0 0 1
    outer loop
      vertex 8.23684 16.0393 18.4
      vertex 7.97579 18.0222 18.4
      vertex 8.07648 16.0074 18.4
    endloop
  endfacet
  facet normal -0 0 1
    outer loop
      vertex 7.55884 17.9393 18.4
      vertex 8.07648 16.0074 18.4
      vertex 7.97579 18.0222 18.4
    endloop
  endfacet
  facet normal 0 0 1
    outer loop
      vertex 8.07648 16.0074 18.4
      vertex 7.55884 17.9393 18.4
      vertex 7.92165 15.9548 18.4
    endloop
  endfacet
  facet normal -0 0 1
    outer loop
      vertex 7.15628 17.8026 18.4
      vertex 7.92165 15.9548 18.4
      vertex 7.55884 17.9393 18.4
    endloop
  endfacet
  facet normal 0 0 1
    outer loop
      vertex 7.92165 15.9548 18.4
      vertex 7.15628 17.8026 18.4
      vertex 7.775 15.8825 18.4
    endloop
  endfacet
  facet normal -0 0 1
    outer loop
      vertex 6.775 17.6146 18.4
      vertex 7.775 15.8825 18.4
      vertex 7.15628 17.8026 18.4
    endloop
  endfacet
  facet normal 0 0 1
    outer loop
      vertex 7.775 15.8825 18.4
      vertex 6.775 17.6146 18.4
      vertex 7.63905 15.7917 18.4
    endloop
  endfacet
  facet normal -0 0 1
    outer loop
      vertex 6.42153 17.3784 18.4
      vertex 7.63905 15.7917 18.4
      vertex 6.775 17.6146 18.4
    endloop
  endfacet
  facet normal 0 0 1
    outer loop
      vertex 7.63905 15.7917 18.4
      vertex 6.42153 17.3784 18.4
      vertex 7.51612 15.6839 18.4
    endloop
  endfacet
  facet normal -0 0 1
    outer loop
      vertex 6.1019 17.0981 18.4
      vertex 7.51612 15.6839 18.4
      vertex 6.42153 17.3784 18.4
    endloop
  endfacet
  facet normal 0 0 1
    outer loop
      vertex 7.51612 15.6839 18.4
      vertex 6.1019 17.0981 18.4
      vertex 7.40831 15.561 18.4
    endloop
  endfacet
  facet normal -0 0 1
    outer loop
      vertex 5.8216 16.7785 18.4
      vertex 7.40831 15.561 18.4
      vertex 6.1019 17.0981 18.4
    endloop
  endfacet
  facet normal 0 0 1
    outer loop
      vertex 7.40831 15.561 18.4
      vertex 5.8216 16.7785 18.4
      vertex 7.31747 15.425 18.4
    endloop
  endfacet
  facet normal -0 0 1
    outer loop
      vertex 5.58542 16.425 18.4
      vertex 7.31747 15.425 18.4
      vertex 5.8216 16.7785 18.4
    endloop
  endfacet
  facet normal 0 0 1
    outer loop
      vertex 11.2146 13.175 18.4
      vertex 9.48253 14.175 18.4
      vertex 10.9784 12.8215 18.4
    endloop
  endfacet
  facet normal -0 0 1
    outer loop
      vertex 9.39169 14.039 18.4
      vertex 10.9784 12.8215 18.4
      vertex 9.48253 14.175 18.4
    endloop
  endfacet
  facet normal 0 0 1
    outer loop
      vertex 10.9784 12.8215 18.4
      vertex 9.39169 14.039 18.4
      vertex 10.6981 12.5019 18.4
    endloop
  endfacet
  facet normal -0 0 1
    outer loop
      vertex 9.28388 13.9161 18.4
      vertex 10.6981 12.5019 18.4
      vertex 9.39169 14.039 18.4
    endloop
  endfacet
  facet normal 0 0 1
    outer loop
      vertex 10.6981 12.5019 18.4
      vertex 9.28388 13.9161 18.4
      vertex 10.3785 12.2216 18.4
    endloop
  endfacet
  facet normal -0 0 1
    outer loop
      vertex 9.16095 13.8083 18.4
      vertex 10.3785 12.2216 18.4
      vertex 9.28388 13.9161 18.4
    endloop
  endfacet
  facet normal 0 0 1
    outer loop
      vertex 10.3785 12.2216 18.4
      vertex 9.16095 13.8083 18.4
      vertex 10.025 11.9854 18.4
    endloop
  endfacet
  facet normal -0 0 1
    outer loop
      vertex 9.025 13.7175 18.4
      vertex 10.025 11.9854 18.4
      vertex 9.16095 13.8083 18.4
    endloop
  endfacet
  facet normal 0 0 1
    outer loop
      vertex 10.025 11.9854 18.4
      vertex 9.025 13.7175 18.4
      vertex 9.64372 11.7974 18.4
    endloop
  endfacet
  facet normal -0 0 1
    outer loop
      vertex 8.87835 13.6452 18.4
      vertex 9.64372 11.7974 18.4
      vertex 9.025 13.7175 18.4
    endloop
  endfacet
  facet normal 0 0 1
    outer loop
      vertex 9.64372 11.7974 18.4
      vertex 8.87835 13.6452 18.4
      vertex 9.24116 11.6607 18.4
    endloop
  endfacet
  facet normal -0 0 1
    outer loop
      vertex 8.72352 13.5926 18.4
      vertex 9.24116 11.6607 18.4
      vertex 8.87835 13.6452 18.4
    endloop
  endfacet
  facet normal 0 0 1
    outer loop
      vertex 9.24116 11.6607 18.4
      vertex 8.72352 13.5926 18.4
      vertex 8.82421 11.5778 18.4
    endloop
  endfacet
  facet normal -0 0 1
    outer loop
      vertex 8.56316 13.5607 18.4
      vertex 8.82421 11.5778 18.4
      vertex 8.72352 13.5926 18.4
    endloop
  endfacet
  facet normal -0 0 1
    outer loop
      vertex 8.4 13.55 18.4
      vertex 8.82421 11.5778 18.4
      vertex 8.56316 13.5607 18.4
    endloop
  endfacet
  facet normal 0 0 1
    outer loop
      vertex 8.4 13.55 18.4
      vertex 8.4 11.55 18.4
      vertex 8.82421 11.5778 18.4
    endloop
  endfacet
  facet normal 0 0 1
    outer loop
      vertex 8.23684 13.5607 18.4
      vertex 8.4 11.55 18.4
      vertex 8.4 13.55 18.4
    endloop
  endfacet
  facet normal 0 0 1
    outer loop
      vertex 7.97579 11.5778 18.4
      vertex 8.23684 13.5607 18.4
      vertex 8.07648 13.5926 18.4
    endloop
  endfacet
  facet normal 0 0 1
    outer loop
      vertex 8.23684 13.5607 18.4
      vertex 7.97579 11.5778 18.4
      vertex 8.4 11.55 18.4
    endloop
  endfacet
  facet normal 0 0 1
    outer loop
      vertex 7.55884 11.6607 18.4
      vertex 8.07648 13.5926 18.4
      vertex 7.92165 13.6452 18.4
    endloop
  endfacet
  facet normal 0 0 1
    outer loop
      vertex 7.15628 11.7974 18.4
      vertex 7.92165 13.6452 18.4
      vertex 7.775 13.7175 18.4
    endloop
  endfacet
  facet normal 0 0 1
    outer loop
      vertex 6.775 11.9854 18.4
      vertex 7.775 13.7175 18.4
      vertex 7.63905 13.8083 18.4
    endloop
  endfacet
  facet normal 0 0 1
    outer loop
      vertex 8.07648 13.5926 18.4
      vertex 7.55884 11.6607 18.4
      vertex 7.97579 11.5778 18.4
    endloop
  endfacet
  facet normal 0 0 1
    outer loop
      vertex 6.42153 12.2216 18.4
      vertex 7.63905 13.8083 18.4
      vertex 7.51612 13.9161 18.4
    endloop
  endfacet
  facet normal 0 0 1
    outer loop
      vertex 6.1019 12.5019 18.4
      vertex 7.51612 13.9161 18.4
      vertex 7.40831 14.039 18.4
    endloop
  endfacet
  facet normal 0 0 1
    outer loop
      vertex 5.8216 12.8215 18.4
      vertex 7.40831 14.039 18.4
      vertex 7.31747 14.175 18.4
    endloop
  endfacet
  facet normal 0 0 1
    outer loop
      vertex 5.58542 13.175 18.4
      vertex 7.31747 14.175 18.4
      vertex 7.24515 14.3216 18.4
    endloop
  endfacet
  facet normal 0 0 1
    outer loop
      vertex 5.39739 13.5563 18.4
      vertex 7.24515 14.3216 18.4
      vertex 7.19259 14.4765 18.4
    endloop
  endfacet
  facet normal 0 0 1
    outer loop
      vertex 5.26074 13.9588 18.4
      vertex 7.19259 14.4765 18.4
      vertex 7.16069 14.6368 18.4
    endloop
  endfacet
  facet normal 0 0 1
    outer loop
      vertex 7.92165 13.6452 18.4
      vertex 7.15628 11.7974 18.4
      vertex 7.55884 11.6607 18.4
    endloop
  endfacet
  facet normal 0 0 1
    outer loop
      vertex 5.1778 14.3758 18.4
      vertex 7.16069 14.6368 18.4
      vertex 7.15 14.8 18.4
    endloop
  endfacet
  facet normal 0 0 1
    outer loop
      vertex 7.31747 15.425 18.4
      vertex 5.58542 16.425 18.4
      vertex 7.24515 15.2784 18.4
    endloop
  endfacet
  facet normal 0 0 1
    outer loop
      vertex 7.775 13.7175 18.4
      vertex 6.775 11.9854 18.4
      vertex 7.15628 11.7974 18.4
    endloop
  endfacet
  facet normal -0 0 1
    outer loop
      vertex 5.39739 16.0437 18.4
      vertex 7.24515 15.2784 18.4
      vertex 5.58542 16.425 18.4
    endloop
  endfacet
  facet normal 0 0 1
    outer loop
      vertex 7.63905 13.8083 18.4
      vertex 6.42153 12.2216 18.4
      vertex 6.775 11.9854 18.4
    endloop
  endfacet
  facet normal 0 0 1
    outer loop
      vertex 7.24515 15.2784 18.4
      vertex 5.39739 16.0437 18.4
      vertex 7.19259 15.1235 18.4
    endloop
  endfacet
  facet normal 0 0 1
    outer loop
      vertex 7.51612 13.9161 18.4
      vertex 6.1019 12.5019 18.4
      vertex 6.42153 12.2216 18.4
    endloop
  endfacet
  facet normal -0 0 1
    outer loop
      vertex 5.26074 15.6412 18.4
      vertex 7.19259 15.1235 18.4
      vertex 5.39739 16.0437 18.4
    endloop
  endfacet
  facet normal 0 0 1
    outer loop
      vertex 7.40831 14.039 18.4
      vertex 5.8216 12.8215 18.4
      vertex 6.1019 12.5019 18.4
    endloop
  endfacet
  facet normal 0 0 1
    outer loop
      vertex 7.19259 15.1235 18.4
      vertex 5.26074 15.6412 18.4
      vertex 7.16069 14.9632 18.4
    endloop
  endfacet
  facet normal 0 0 1
    outer loop
      vertex 7.31747 14.175 18.4
      vertex 5.58542 13.175 18.4
      vertex 5.8216 12.8215 18.4
    endloop
  endfacet
  facet normal -0 0 1
    outer loop
      vertex 5.1778 15.2242 18.4
      vertex 7.16069 14.9632 18.4
      vertex 5.26074 15.6412 18.4
    endloop
  endfacet
  facet normal 0 0 1
    outer loop
      vertex 7.24515 14.3216 18.4
      vertex 5.39739 13.5563 18.4
      vertex 5.58542 13.175 18.4
    endloop
  endfacet
  facet normal 0 0 1
    outer loop
      vertex 7.16069 14.9632 18.4
      vertex 5.1778 15.2242 18.4
      vertex 7.15 14.8 18.4
    endloop
  endfacet
  facet normal 0 0 1
    outer loop
      vertex 7.19259 14.4765 18.4
      vertex 5.26074 13.9588 18.4
      vertex 5.39739 13.5563 18.4
    endloop
  endfacet
  facet normal 0 0 1
    outer loop
      vertex 5.15 14.8 18.4
      vertex 7.15 14.8 18.4
      vertex 5.1778 15.2242 18.4
    endloop
  endfacet
  facet normal 0 0 1
    outer loop
      vertex 7.16069 14.6368 18.4
      vertex 5.1778 14.3758 18.4
      vertex 5.26074 13.9588 18.4
    endloop
  endfacet
  facet normal 0 0 1
    outer loop
      vertex 7.15 14.8 18.4
      vertex 5.15 14.8 18.4
      vertex 5.1778 14.3758 18.4
    endloop
  endfacet
  facet normal -0.997859 -0.0653948 0
    outer loop
      vertex 5.1778 14.3758 2
      vertex 5.15 14.8 18.4
      vertex 5.15 14.8 2
    endloop
  endfacet
  facet normal -0.997859 -0.0653948 0
    outer loop
      vertex 5.15 14.8 18.4
      vertex 5.1778 14.3758 2
      vertex 5.1778 14.3758 18.4
    endloop
  endfacet
  facet normal -0.321543 -0.946895 0
    outer loop
      vertex 7.15628 11.7974 2
      vertex 7.55884 11.6607 18.4
      vertex 7.15628 11.7974 18.4
    endloop
  endfacet
  facet normal -0.321543 -0.946895 -0
    outer loop
      vertex 7.55884 11.6607 18.4
      vertex 7.15628 11.7974 2
      vertex 7.55884 11.6607 2
    endloop
  endfacet
  facet normal -0.659335 -0.751849 0
    outer loop
      vertex 6.1019 12.5019 2
      vertex 6.42153 12.2216 18.4
      vertex 6.1019 12.5019 18.4
    endloop
  endfacet
  facet normal -0.659335 -0.751849 -0
    outer loop
      vertex 6.42153 12.2216 18.4
      vertex 6.1019 12.5019 2
      vertex 6.42153 12.2216 2
    endloop
  endfacet
  facet normal -0.659335 0.751849 0
    outer loop
      vertex 6.42153 17.3784 2
      vertex 6.1019 17.0981 18.4
      vertex 6.42153 17.3784 18.4
    endloop
  endfacet
  facet normal -0.659335 0.751849 0
    outer loop
      vertex 6.1019 17.0981 18.4
      vertex 6.42153 17.3784 2
      vertex 6.1019 17.0981 2
    endloop
  endfacet
  facet normal 0.980806 -0.194985 0
    outer loop
      vertex 11.5393 13.9588 18.4
      vertex 11.6222 14.3758 2
      vertex 11.6222 14.3758 18.4
    endloop
  endfacet
  facet normal 0.980806 -0.194985 0
    outer loop
      vertex 11.6222 14.3758 2
      vertex 11.5393 13.9588 18.4
      vertex 11.5393 13.9588 2
    endloop
  endfacet
  facet normal 0.831471 -0.555568 0
    outer loop
      vertex 10.9784 12.8215 18.4
      vertex 11.2146 13.175 2
      vertex 11.2146 13.175 18.4
    endloop
  endfacet
  facet normal 0.831471 -0.555568 0
    outer loop
      vertex 11.2146 13.175 2
      vertex 10.9784 12.8215 18.4
      vertex 10.9784 12.8215 2
    endloop
  endfacet
  facet normal 0.555568 0.831471 -4.73466e-07
    outer loop
      vertex 10.3785 17.3784 18.4
      vertex 10.1965 17.5 4.49
      vertex 10.025 17.6146 18.4
    endloop
  endfacet
  facet normal 0.555543 0.831488 -0
    outer loop
      vertex 10.3785 17.3784 2
      vertex 10.1965 17.5 4.49
      vertex 10.3785 17.3784 18.4
    endloop
  endfacet
  facet normal 0.555543 0.831488 0
    outer loop
      vertex 10.1965 17.5 4.49
      vertex 10.3785 17.3784 2
      vertex 10.1965 17.5 2
    endloop
  endfacet
  facet normal 0.555595 0.831453 0
    outer loop
      vertex 10.025 17.6146 18.4
      vertex 10.1965 17.5 4.49
      vertex 10.025 17.6146 4.49
    endloop
  endfacet
  facet normal 0.751818 0.65937 0
    outer loop
      vertex 10.9784 16.7785 18.4
      vertex 10.6981 17.0981 2
      vertex 10.6981 17.0981 18.4
    endloop
  endfacet
  facet normal 0.751818 0.65937 0
    outer loop
      vertex 10.6981 17.0981 2
      vertex 10.9784 16.7785 18.4
      vertex 10.9784 16.7785 2
    endloop
  endfacet
  facet normal -0.946916 0.321481 0
    outer loop
      vertex 5.26074 15.6412 2
      vertex 5.39739 16.0437 18.4
      vertex 5.39739 16.0437 2
    endloop
  endfacet
  facet normal -0.946916 0.321481 0
    outer loop
      vertex 5.39739 16.0437 18.4
      vertex 5.26074 15.6412 2
      vertex 5.26074 15.6412 18.4
    endloop
  endfacet
  facet normal -0.555601 0.831449 0
    outer loop
      vertex 6.775 17.6146 2
      vertex 6.42153 17.3784 18.4
      vertex 6.775 17.6146 18.4
    endloop
  endfacet
  facet normal -0.555601 0.831449 0
    outer loop
      vertex 6.42153 17.3784 18.4
      vertex 6.775 17.6146 2
      vertex 6.42153 17.3784 2
    endloop
  endfacet
  facet normal -0.896879 -0.442277 0
    outer loop
      vertex 5.58542 13.175 2
      vertex 5.39739 13.5563 18.4
      vertex 5.39739 13.5563 2
    endloop
  endfacet
  facet normal -0.896879 -0.442277 0
    outer loop
      vertex 5.39739 13.5563 18.4
      vertex 5.58542 13.175 2
      vertex 5.58542 13.175 18.4
    endloop
  endfacet
  facet normal -0.195008 -0.980802 0
    outer loop
      vertex 7.55884 11.6607 2
      vertex 7.97579 11.5778 18.4
      vertex 7.55884 11.6607 18.4
    endloop
  endfacet
  facet normal -0.195008 -0.980802 -0
    outer loop
      vertex 7.97579 11.5778 18.4
      vertex 7.55884 11.6607 2
      vertex 7.97579 11.5778 2
    endloop
  endfacet
  facet normal -0.751818 0.65937 0
    outer loop
      vertex 5.8216 16.7785 2
      vertex 6.1019 17.0981 18.4
      vertex 6.1019 17.0981 2
    endloop
  endfacet
  facet normal -0.751818 0.65937 0
    outer loop
      vertex 6.1019 17.0981 18.4
      vertex 5.8216 16.7785 2
      vertex 5.8216 16.7785 18.4
    endloop
  endfacet
  facet normal -0.195008 0.980802 0
    outer loop
      vertex 7.97579 18.0222 2
      vertex 7.55884 17.9393 18.4
      vertex 7.97579 18.0222 18.4
    endloop
  endfacet
  facet normal -0.195008 0.980802 0
    outer loop
      vertex 7.55884 17.9393 18.4
      vertex 7.97579 18.0222 2
      vertex 7.55884 17.9393 2
    endloop
  endfacet
  facet normal -0.980788 0.195076 0
    outer loop
      vertex 5.1778 15.2242 2
      vertex 5.26074 15.6412 18.4
      vertex 5.26074 15.6412 2
    endloop
  endfacet
  facet normal -0.980788 0.195076 0
    outer loop
      vertex 5.26074 15.6412 18.4
      vertex 5.1778 15.2242 2
      vertex 5.1778 15.2242 18.4
    endloop
  endfacet
  facet normal -0.751818 -0.65937 0
    outer loop
      vertex 6.1019 12.5019 2
      vertex 5.8216 12.8215 18.4
      vertex 5.8216 12.8215 2
    endloop
  endfacet
  facet normal -0.751818 -0.65937 0
    outer loop
      vertex 5.8216 12.8215 18.4
      vertex 6.1019 12.5019 2
      vertex 6.1019 12.5019 18.4
    endloop
  endfacet
  facet normal 0.65937 0.751818 -0
    outer loop
      vertex 10.6981 17.0981 2
      vertex 10.3785 17.3784 18.4
      vertex 10.6981 17.0981 18.4
    endloop
  endfacet
  facet normal 0.65937 0.751818 0
    outer loop
      vertex 10.3785 17.3784 18.4
      vertex 10.6981 17.0981 2
      vertex 10.3785 17.3784 2
    endloop
  endfacet
  facet normal -0.442239 -0.896897 0
    outer loop
      vertex 6.775 11.9854 2
      vertex 7.15628 11.7974 18.4
      vertex 6.775 11.9854 18.4
    endloop
  endfacet
  facet normal -0.442239 -0.896897 -0
    outer loop
      vertex 7.15628 11.7974 18.4
      vertex 6.775 11.9854 2
      vertex 7.15628 11.7974 2
    endloop
  endfacet
  facet normal -0.980788 -0.195076 0
    outer loop
      vertex 5.26074 13.9588 2
      vertex 5.1778 14.3758 18.4
      vertex 5.1778 14.3758 2
    endloop
  endfacet
  facet normal -0.980788 -0.195076 0
    outer loop
      vertex 5.1778 14.3758 18.4
      vertex 5.26074 13.9588 2
      vertex 5.26074 13.9588 18.4
    endloop
  endfacet
  facet normal 0.321543 -0.946895 0
    outer loop
      vertex 9.24116 11.6607 2
      vertex 9.64372 11.7974 18.4
      vertex 9.24116 11.6607 18.4
    endloop
  endfacet
  facet normal 0.321543 -0.946895 0
    outer loop
      vertex 9.64372 11.7974 18.4
      vertex 9.24116 11.6607 2
      vertex 9.64372 11.7974 2
    endloop
  endfacet
  facet normal 0.751818 -0.65937 0
    outer loop
      vertex 10.6981 12.5019 18.4
      vertex 10.9784 12.8215 2
      vertex 10.9784 12.8215 18.4
    endloop
  endfacet
  facet normal 0.751818 -0.65937 0
    outer loop
      vertex 10.9784 12.8215 2
      vertex 10.6981 12.5019 18.4
      vertex 10.6981 12.5019 2
    endloop
  endfacet
  facet normal -0.659335 0.751849 0
    outer loop
      vertex 6.42153 95.3784 2
      vertex 6.1019 95.0981 18.4
      vertex 6.42153 95.3784 18.4
    endloop
  endfacet
  facet normal -0.659335 0.751849 0
    outer loop
      vertex 6.1019 95.0981 18.4
      vertex 6.42153 95.3784 2
      vertex 6.1019 95.0981 2
    endloop
  endfacet
  facet normal 0.0653933 -0.99786 0
    outer loop
      vertex 8.4 89.55 2
      vertex 8.82421 89.5778 18.4
      vertex 8.4 89.55 18.4
    endloop
  endfacet
  facet normal 0.0653933 -0.99786 0
    outer loop
      vertex 8.82421 89.5778 18.4
      vertex 8.4 89.55 2
      vertex 8.82421 89.5778 2
    endloop
  endfacet
  facet normal 0.751818 -0.65937 0
    outer loop
      vertex 10.6981 90.5019 18.4
      vertex 10.9784 90.8215 2
      vertex 10.9784 90.8215 18.4
    endloop
  endfacet
  facet normal 0.751818 -0.65937 0
    outer loop
      vertex 10.9784 90.8215 2
      vertex 10.6981 90.5019 18.4
      vertex 10.6981 90.5019 2
    endloop
  endfacet
  facet normal 0.997859 0.0653948 0
    outer loop
      vertex 11.65 92.8 18.4
      vertex 11.6222 93.2242 2
      vertex 11.6222 93.2242 18.4
    endloop
  endfacet
  facet normal 0.997859 0.0653948 0
    outer loop
      vertex 11.6222 93.2242 2
      vertex 11.65 92.8 18.4
      vertex 11.65 92.8 2
    endloop
  endfacet
  facet normal -0.751818 0.65937 0
    outer loop
      vertex 5.8216 94.7785 2
      vertex 6.1019 95.0981 18.4
      vertex 6.1019 95.0981 2
    endloop
  endfacet
  facet normal -0.751818 0.65937 0
    outer loop
      vertex 6.1019 95.0981 18.4
      vertex 5.8216 94.7785 2
      vertex 5.8216 94.7785 18.4
    endloop
  endfacet
  facet normal 0.980806 -0.194985 0
    outer loop
      vertex 11.5393 91.9588 18.4
      vertex 11.6222 92.3758 2
      vertex 11.6222 92.3758 18.4
    endloop
  endfacet
  facet normal 0.980806 -0.194985 0
    outer loop
      vertex 11.6222 92.3758 2
      vertex 11.5393 91.9588 18.4
      vertex 11.5393 91.9588 2
    endloop
  endfacet
  facet normal -0.946916 -0.321481 0
    outer loop
      vertex 5.39739 91.5563 2
      vertex 5.26074 91.9588 18.4
      vertex 5.26074 91.9588 2
    endloop
  endfacet
  facet normal -0.946916 -0.321481 0
    outer loop
      vertex 5.26074 91.9588 18.4
      vertex 5.39739 91.5563 2
      vertex 5.39739 91.5563 18.4
    endloop
  endfacet
  facet normal 0.442239 -0.896897 0
    outer loop
      vertex 9.64372 89.7974 2
      vertex 10.025 89.9854 18.4
      vertex 9.64372 89.7974 18.4
    endloop
  endfacet
  facet normal 0.442239 -0.896897 0
    outer loop
      vertex 10.025 89.9854 18.4
      vertex 9.64372 89.7974 2
      vertex 10.025 89.9854 2
    endloop
  endfacet
  facet normal 0.896907 0.44222 0
    outer loop
      vertex 11.4026 94.0437 18.4
      vertex 11.2146 94.425 2
      vertex 11.2146 94.425 18.4
    endloop
  endfacet
  facet normal 0.896907 0.44222 0
    outer loop
      vertex 11.2146 94.425 2
      vertex 11.4026 94.0437 18.4
      vertex 11.4026 94.0437 2
    endloop
  endfacet
  facet normal 0.980806 0.194985 0
    outer loop
      vertex 11.6222 93.2242 18.4
      vertex 11.5393 93.6412 2
      vertex 11.5393 93.6412 18.4
    endloop
  endfacet
  facet normal 0.980806 0.194985 0
    outer loop
      vertex 11.5393 93.6412 2
      vertex 11.6222 93.2242 18.4
      vertex 11.6222 93.2242 2
    endloop
  endfacet
  facet normal 0.997859 -0.0653948 0
    outer loop
      vertex 11.6222 92.3758 18.4
      vertex 11.65 92.8 2
      vertex 11.65 92.8 18.4
    endloop
  endfacet
  facet normal 0.997859 -0.0653948 0
    outer loop
      vertex 11.65 92.8 2
      vertex 11.6222 92.3758 18.4
      vertex 11.6222 92.3758 2
    endloop
  endfacet
  facet normal -0.980788 -0.195076 0
    outer loop
      vertex 5.26074 91.9588 2
      vertex 5.1778 92.3758 18.4
      vertex 5.1778 92.3758 2
    endloop
  endfacet
  facet normal -0.980788 -0.195076 0
    outer loop
      vertex 5.1778 92.3758 18.4
      vertex 5.26074 91.9588 2
      vertex 5.26074 91.9588 18.4
    endloop
  endfacet
  facet normal -0.442239 -0.896897 0
    outer loop
      vertex 6.775 89.9854 2
      vertex 7.15628 89.7974 18.4
      vertex 6.775 89.9854 18.4
    endloop
  endfacet
  facet normal -0.442239 -0.896897 -0
    outer loop
      vertex 7.15628 89.7974 18.4
      vertex 6.775 89.9854 2
      vertex 7.15628 89.7974 2
    endloop
  endfacet
  facet normal 0.195008 0.980802 -0
    outer loop
      vertex 9.24116 95.9393 2
      vertex 8.82421 96.0222 18.4
      vertex 9.24116 95.9393 18.4
    endloop
  endfacet
  facet normal 0.195008 0.980802 0
    outer loop
      vertex 8.82421 96.0222 18.4
      vertex 9.24116 95.9393 2
      vertex 8.82421 96.0222 2
    endloop
  endfacet
  facet normal 0.831471 -0.555568 0
    outer loop
      vertex 10.9784 90.8215 18.4
      vertex 11.2146 91.175 2
      vertex 11.2146 91.175 18.4
    endloop
  endfacet
  facet normal 0.831471 -0.555568 0
    outer loop
      vertex 11.2146 91.175 2
      vertex 10.9784 90.8215 18.4
      vertex 10.9784 90.8215 2
    endloop
  endfacet
  facet normal 0.555568 0.831471 -0
    outer loop
      vertex 10.3785 95.3784 2
      vertex 10.025 95.6146 18.4
      vertex 10.3785 95.3784 18.4
    endloop
  endfacet
  facet normal 0.555568 0.831471 0
    outer loop
      vertex 10.025 95.6146 18.4
      vertex 10.3785 95.3784 2
      vertex 10.025 95.6146 2
    endloop
  endfacet
  facet normal -0.997859 0.0653948 0
    outer loop
      vertex 5.15 92.8 2
      vertex 5.1778 93.2242 18.4
      vertex 5.1778 93.2242 2
    endloop
  endfacet
  facet normal -0.997859 0.0653948 0
    outer loop
      vertex 5.1778 93.2242 18.4
      vertex 5.15 92.8 2
      vertex 5.15 92.8 18.4
    endloop
  endfacet
  facet normal 0.831453 0.555596 0
    outer loop
      vertex 10.9784 94.7785 18.4
      vertex 11.1645 94.5 4.99
      vertex 10.9784 94.7785 4.99
    endloop
  endfacet
  facet normal 0.831471 0.555568 8.15609e-07
    outer loop
      vertex 11.2146 94.425 18.4
      vertex 11.1645 94.5 4.99
      vertex 10.9784 94.7785 18.4
    endloop
  endfacet
  facet normal 0.831538 0.555468 -0
    outer loop
      vertex 11.2146 94.425 2
      vertex 11.1645 94.5 4.99
      vertex 11.2146 94.425 18.4
    endloop
  endfacet
  facet normal 0.831538 0.555468 0
    outer loop
      vertex 11.1645 94.5 4.99
      vertex 11.2146 94.425 2
      vertex 11.1645 94.5 2
    endloop
  endfacet
  facet normal 0.321543 -0.946895 0
    outer loop
      vertex 9.24116 89.6607 2
      vertex 9.64372 89.7974 18.4
      vertex 9.24116 89.6607 18.4
    endloop
  endfacet
  facet normal 0.321543 -0.946895 0
    outer loop
      vertex 9.64372 89.7974 18.4
      vertex 9.24116 89.6607 2
      vertex 9.64372 89.7974 2
    endloop
  endfacet
  facet normal 0.442239 0.896897 -0
    outer loop
      vertex 10.025 95.6146 2
      vertex 9.64372 95.8026 18.4
      vertex 10.025 95.6146 18.4
    endloop
  endfacet
  facet normal 0.442239 0.896897 0
    outer loop
      vertex 9.64372 95.8026 18.4
      vertex 10.025 95.6146 2
      vertex 9.64372 95.8026 2
    endloop
  endfacet
  facet normal -0.997859 -0.0653948 0
    outer loop
      vertex 5.1778 92.3758 2
      vertex 5.15 92.8 18.4
      vertex 5.15 92.8 2
    endloop
  endfacet
  facet normal -0.997859 -0.0653948 0
    outer loop
      vertex 5.15 92.8 18.4
      vertex 5.1778 92.3758 2
      vertex 5.1778 92.3758 18.4
    endloop
  endfacet
  facet normal 0.195008 -0.980802 0
    outer loop
      vertex 8.82421 89.5778 2
      vertex 9.24116 89.6607 18.4
      vertex 8.82421 89.5778 18.4
    endloop
  endfacet
  facet normal 0.195008 -0.980802 0
    outer loop
      vertex 9.24116 89.6607 18.4
      vertex 8.82421 89.5778 2
      vertex 9.24116 89.6607 2
    endloop
  endfacet
  facet normal -0.195008 -0.980802 0
    outer loop
      vertex 7.55884 89.6607 2
      vertex 7.97579 89.5778 18.4
      vertex 7.55884 89.6607 18.4
    endloop
  endfacet
  facet normal -0.195008 -0.980802 -0
    outer loop
      vertex 7.97579 89.5778 18.4
      vertex 7.55884 89.6607 2
      vertex 7.97579 89.5778 2
    endloop
  endfacet
  facet normal 0.94688 0.321586 0
    outer loop
      vertex 11.5393 93.6412 18.4
      vertex 11.4026 94.0437 2
      vertex 11.4026 94.0437 18.4
    endloop
  endfacet
  facet normal 0.94688 0.321586 0
    outer loop
      vertex 11.4026 94.0437 2
      vertex 11.5393 93.6412 18.4
      vertex 11.5393 93.6412 2
    endloop
  endfacet
  facet normal -0.442239 0.896897 0
    outer loop
      vertex 7.15628 95.8026 2
      vertex 6.775 95.6146 18.4
      vertex 7.15628 95.8026 18.4
    endloop
  endfacet
  facet normal -0.442239 0.896897 0
    outer loop
      vertex 6.775 95.6146 18.4
      vertex 7.15628 95.8026 2
      vertex 6.775 95.6146 2
    endloop
  endfacet
  facet normal -0.0653933 -0.99786 0
    outer loop
      vertex 7.97579 89.5778 2
      vertex 8.4 89.55 18.4
      vertex 7.97579 89.5778 18.4
    endloop
  endfacet
  facet normal -0.0653933 -0.99786 -0
    outer loop
      vertex 8.4 89.55 18.4
      vertex 7.97579 89.5778 2
      vertex 8.4 89.55 2
    endloop
  endfacet
  facet normal -0.321543 0.946895 0
    outer loop
      vertex 7.55884 95.9393 2
      vertex 7.15628 95.8026 18.4
      vertex 7.55884 95.9393 18.4
    endloop
  endfacet
  facet normal -0.321543 0.946895 0
    outer loop
      vertex 7.15628 95.8026 18.4
      vertex 7.55884 95.9393 2
      vertex 7.15628 95.8026 2
    endloop
  endfacet
  facet normal -0.0653933 0.99786 0
    outer loop
      vertex 8.4 96.05 2
      vertex 7.97579 96.0222 18.4
      vertex 8.4 96.05 18.4
    endloop
  endfacet
  facet normal -0.0653933 0.99786 0
    outer loop
      vertex 7.97579 96.0222 18.4
      vertex 8.4 96.05 2
      vertex 7.97579 96.0222 2
    endloop
  endfacet
  facet normal 0.65937 -0.751818 0
    outer loop
      vertex 10.3785 90.2216 2
      vertex 10.6981 90.5019 18.4
      vertex 10.3785 90.2216 18.4
    endloop
  endfacet
  facet normal 0.65937 -0.751818 0
    outer loop
      vertex 10.6981 90.5019 18.4
      vertex 10.3785 90.2216 2
      vertex 10.6981 90.5019 2
    endloop
  endfacet
  facet normal -0.980788 0.195076 0
    outer loop
      vertex 5.1778 93.2242 2
      vertex 5.26074 93.6412 18.4
      vertex 5.26074 93.6412 2
    endloop
  endfacet
  facet normal -0.980788 0.195076 0
    outer loop
      vertex 5.26074 93.6412 18.4
      vertex 5.1778 93.2242 2
      vertex 5.1778 93.2242 18.4
    endloop
  endfacet
  facet normal -0.896879 -0.442277 0
    outer loop
      vertex 5.58542 91.175 2
      vertex 5.39739 91.5563 18.4
      vertex 5.39739 91.5563 2
    endloop
  endfacet
  facet normal -0.896879 -0.442277 0
    outer loop
      vertex 5.39739 91.5563 18.4
      vertex 5.58542 91.175 2
      vertex 5.58542 91.175 18.4
    endloop
  endfacet
  facet normal -0.831493 0.555536 0
    outer loop
      vertex 5.58542 94.425 2
      vertex 5.8216 94.7785 18.4
      vertex 5.8216 94.7785 2
    endloop
  endfacet
  facet normal -0.831493 0.555536 0
    outer loop
      vertex 5.8216 94.7785 18.4
      vertex 5.58542 94.425 2
      vertex 5.58542 94.425 18.4
    endloop
  endfacet
  facet normal 0.0653933 0.99786 -0
    outer loop
      vertex 8.82421 96.0222 2
      vertex 8.4 96.05 18.4
      vertex 8.82421 96.0222 18.4
    endloop
  endfacet
  facet normal 0.0653933 0.99786 0
    outer loop
      vertex 8.4 96.05 18.4
      vertex 8.82421 96.0222 2
      vertex 8.4 96.05 2
    endloop
  endfacet
  facet normal 0.321543 0.946895 -0
    outer loop
      vertex 9.64372 95.8026 2
      vertex 9.24116 95.9393 18.4
      vertex 9.64372 95.8026 18.4
    endloop
  endfacet
  facet normal 0.321543 0.946895 0
    outer loop
      vertex 9.24116 95.9393 18.4
      vertex 9.64372 95.8026 2
      vertex 9.24116 95.9393 2
    endloop
  endfacet
  facet normal 0.94688 -0.321586 0
    outer loop
      vertex 11.4026 91.5563 18.4
      vertex 11.5393 91.9588 2
      vertex 11.5393 91.9588 18.4
    endloop
  endfacet
  facet normal 0.94688 -0.321586 0
    outer loop
      vertex 11.5393 91.9588 2
      vertex 11.4026 91.5563 18.4
      vertex 11.4026 91.5563 2
    endloop
  endfacet
  facet normal 0.6595 0.751705 0
    outer loop
      vertex 10.65 95.1403 4.99
      vertex 10.6981 95.0981 18.4
      vertex 10.6981 95.0981 4.99
    endloop
  endfacet
  facet normal 0.65937 0.751818 8.22717e-07
    outer loop
      vertex 10.6981 95.0981 18.4
      vertex 10.65 95.1403 4.99
      vertex 10.3785 95.3784 18.4
    endloop
  endfacet
  facet normal 0.659347 0.751839 0
    outer loop
      vertex 10.3785 95.3784 2
      vertex 10.65 95.1403 4.99
      vertex 10.65 95.1403 2
    endloop
  endfacet
  facet normal 0.659347 0.751839 0
    outer loop
      vertex 10.65 95.1403 4.99
      vertex 10.3785 95.3784 2
      vertex 10.3785 95.3784 18.4
    endloop
  endfacet
  facet normal -0.946916 0.321481 0
    outer loop
      vertex 5.26074 93.6412 2
      vertex 5.39739 94.0437 18.4
      vertex 5.39739 94.0437 2
    endloop
  endfacet
  facet normal -0.946916 0.321481 0
    outer loop
      vertex 5.39739 94.0437 18.4
      vertex 5.26074 93.6412 2
      vertex 5.26074 93.6412 18.4
    endloop
  endfacet
  facet normal 0 0 1
    outer loop
      vertex 9.65 92.8 18.4
      vertex 11.65 92.8 18.4
      vertex 11.6222 93.2242 18.4
    endloop
  endfacet
  facet normal 0 0 1
    outer loop
      vertex 9.63931 92.9632 18.4
      vertex 11.6222 93.2242 18.4
      vertex 11.5393 93.6412 18.4
    endloop
  endfacet
  facet normal 0 0 1
    outer loop
      vertex 11.65 92.8 18.4
      vertex 9.65 92.8 18.4
      vertex 11.6222 92.3758 18.4
    endloop
  endfacet
  facet normal 0 0 1
    outer loop
      vertex 9.60741 93.1235 18.4
      vertex 11.5393 93.6412 18.4
      vertex 11.4026 94.0437 18.4
    endloop
  endfacet
  facet normal -0 0 1
    outer loop
      vertex 9.63931 92.6368 18.4
      vertex 11.6222 92.3758 18.4
      vertex 9.65 92.8 18.4
    endloop
  endfacet
  facet normal 0 0 1
    outer loop
      vertex 9.55485 93.2784 18.4
      vertex 11.4026 94.0437 18.4
      vertex 11.2146 94.425 18.4
    endloop
  endfacet
  facet normal 0 0 1
    outer loop
      vertex 11.6222 92.3758 18.4
      vertex 9.63931 92.6368 18.4
      vertex 11.5393 91.9588 18.4
    endloop
  endfacet
  facet normal 0 0 1
    outer loop
      vertex 9.48253 93.425 18.4
      vertex 11.2146 94.425 18.4
      vertex 10.9784 94.7785 18.4
    endloop
  endfacet
  facet normal -0 0 1
    outer loop
      vertex 9.60741 92.4765 18.4
      vertex 11.5393 91.9588 18.4
      vertex 9.63931 92.6368 18.4
    endloop
  endfacet
  facet normal 0 0 1
    outer loop
      vertex 9.39169 93.561 18.4
      vertex 10.9784 94.7785 18.4
      vertex 10.6981 95.0981 18.4
    endloop
  endfacet
  facet normal 0 0 1
    outer loop
      vertex 11.5393 91.9588 18.4
      vertex 9.60741 92.4765 18.4
      vertex 11.4026 91.5563 18.4
    endloop
  endfacet
  facet normal 0 0 1
    outer loop
      vertex 9.28388 93.6839 18.4
      vertex 10.6981 95.0981 18.4
      vertex 10.3785 95.3784 18.4
    endloop
  endfacet
  facet normal -0 0 1
    outer loop
      vertex 9.55485 92.3216 18.4
      vertex 11.4026 91.5563 18.4
      vertex 9.60741 92.4765 18.4
    endloop
  endfacet
  facet normal 0 0 1
    outer loop
      vertex 9.16095 93.7917 18.4
      vertex 10.3785 95.3784 18.4
      vertex 10.025 95.6146 18.4
    endloop
  endfacet
  facet normal 0 0 1
    outer loop
      vertex 11.4026 91.5563 18.4
      vertex 9.55485 92.3216 18.4
      vertex 11.2146 91.175 18.4
    endloop
  endfacet
  facet normal -0 0 1
    outer loop
      vertex 9.48253 92.175 18.4
      vertex 11.2146 91.175 18.4
      vertex 9.55485 92.3216 18.4
    endloop
  endfacet
  facet normal 0 0 1
    outer loop
      vertex 9.025 93.8825 18.4
      vertex 10.025 95.6146 18.4
      vertex 9.64372 95.8026 18.4
    endloop
  endfacet
  facet normal 0 0 1
    outer loop
      vertex 11.6222 93.2242 18.4
      vertex 9.63931 92.9632 18.4
      vertex 9.65 92.8 18.4
    endloop
  endfacet
  facet normal 0 0 1
    outer loop
      vertex 11.5393 93.6412 18.4
      vertex 9.60741 93.1235 18.4
      vertex 9.63931 92.9632 18.4
    endloop
  endfacet
  facet normal 0 0 1
    outer loop
      vertex 11.4026 94.0437 18.4
      vertex 9.55485 93.2784 18.4
      vertex 9.60741 93.1235 18.4
    endloop
  endfacet
  facet normal 0 0 1
    outer loop
      vertex 11.2146 94.425 18.4
      vertex 9.48253 93.425 18.4
      vertex 9.55485 93.2784 18.4
    endloop
  endfacet
  facet normal 0 0 1
    outer loop
      vertex 10.9784 94.7785 18.4
      vertex 9.39169 93.561 18.4
      vertex 9.48253 93.425 18.4
    endloop
  endfacet
  facet normal 0 0 1
    outer loop
      vertex 10.6981 95.0981 18.4
      vertex 9.28388 93.6839 18.4
      vertex 9.39169 93.561 18.4
    endloop
  endfacet
  facet normal 0 0 1
    outer loop
      vertex 8.87835 93.9548 18.4
      vertex 9.64372 95.8026 18.4
      vertex 9.24116 95.9393 18.4
    endloop
  endfacet
  facet normal 0 0 1
    outer loop
      vertex 10.3785 95.3784 18.4
      vertex 9.16095 93.7917 18.4
      vertex 9.28388 93.6839 18.4
    endloop
  endfacet
  facet normal 0 0 1
    outer loop
      vertex 10.025 95.6146 18.4
      vertex 9.025 93.8825 18.4
      vertex 9.16095 93.7917 18.4
    endloop
  endfacet
  facet normal 0 0 1
    outer loop
      vertex 9.64372 95.8026 18.4
      vertex 8.87835 93.9548 18.4
      vertex 9.025 93.8825 18.4
    endloop
  endfacet
  facet normal 0 0 1
    outer loop
      vertex 8.72352 94.0074 18.4
      vertex 9.24116 95.9393 18.4
      vertex 8.82421 96.0222 18.4
    endloop
  endfacet
  facet normal 0 0 1
    outer loop
      vertex 9.24116 95.9393 18.4
      vertex 8.72352 94.0074 18.4
      vertex 8.87835 93.9548 18.4
    endloop
  endfacet
  facet normal 0 0 1
    outer loop
      vertex 8.82421 96.0222 18.4
      vertex 8.56316 94.0393 18.4
      vertex 8.72352 94.0074 18.4
    endloop
  endfacet
  facet normal 0 0 1
    outer loop
      vertex 8.4 96.05 18.4
      vertex 8.56316 94.0393 18.4
      vertex 8.82421 96.0222 18.4
    endloop
  endfacet
  facet normal 0 0 1
    outer loop
      vertex 8.4 96.05 18.4
      vertex 8.4 94.05 18.4
      vertex 8.56316 94.0393 18.4
    endloop
  endfacet
  facet normal 0 0 1
    outer loop
      vertex 8.4 96.05 18.4
      vertex 8.23684 94.0393 18.4
      vertex 8.4 94.05 18.4
    endloop
  endfacet
  facet normal -0 0 1
    outer loop
      vertex 7.97579 96.0222 18.4
      vertex 8.23684 94.0393 18.4
      vertex 8.4 96.05 18.4
    endloop
  endfacet
  facet normal 0 0 1
    outer loop
      vertex 8.23684 94.0393 18.4
      vertex 7.97579 96.0222 18.4
      vertex 8.07648 94.0074 18.4
    endloop
  endfacet
  facet normal -0 0 1
    outer loop
      vertex 7.55884 95.9393 18.4
      vertex 8.07648 94.0074 18.4
      vertex 7.97579 96.0222 18.4
    endloop
  endfacet
  facet normal 0 0 1
    outer loop
      vertex 8.07648 94.0074 18.4
      vertex 7.55884 95.9393 18.4
      vertex 7.92165 93.9548 18.4
    endloop
  endfacet
  facet normal -0 0 1
    outer loop
      vertex 7.15628 95.8026 18.4
      vertex 7.92165 93.9548 18.4
      vertex 7.55884 95.9393 18.4
    endloop
  endfacet
  facet normal 0 0 1
    outer loop
      vertex 7.92165 93.9548 18.4
      vertex 7.15628 95.8026 18.4
      vertex 7.775 93.8825 18.4
    endloop
  endfacet
  facet normal -0 0 1
    outer loop
      vertex 6.775 95.6146 18.4
      vertex 7.775 93.8825 18.4
      vertex 7.15628 95.8026 18.4
    endloop
  endfacet
  facet normal 0 0 1
    outer loop
      vertex 7.775 93.8825 18.4
      vertex 6.775 95.6146 18.4
      vertex 7.63905 93.7917 18.4
    endloop
  endfacet
  facet normal -0 0 1
    outer loop
      vertex 6.42153 95.3784 18.4
      vertex 7.63905 93.7917 18.4
      vertex 6.775 95.6146 18.4
    endloop
  endfacet
  facet normal 0 0 1
    outer loop
      vertex 7.63905 93.7917 18.4
      vertex 6.42153 95.3784 18.4
      vertex 7.51612 93.6839 18.4
    endloop
  endfacet
  facet normal -0 0 1
    outer loop
      vertex 6.1019 95.0981 18.4
      vertex 7.51612 93.6839 18.4
      vertex 6.42153 95.3784 18.4
    endloop
  endfacet
  facet normal 0 0 1
    outer loop
      vertex 7.51612 93.6839 18.4
      vertex 6.1019 95.0981 18.4
      vertex 7.40831 93.561 18.4
    endloop
  endfacet
  facet normal -0 0 1
    outer loop
      vertex 5.8216 94.7785 18.4
      vertex 7.40831 93.561 18.4
      vertex 6.1019 95.0981 18.4
    endloop
  endfacet
  facet normal 0 0 1
    outer loop
      vertex 7.40831 93.561 18.4
      vertex 5.8216 94.7785 18.4
      vertex 7.31747 93.425 18.4
    endloop
  endfacet
  facet normal -0 0 1
    outer loop
      vertex 5.58542 94.425 18.4
      vertex 7.31747 93.425 18.4
      vertex 5.8216 94.7785 18.4
    endloop
  endfacet
  facet normal 0 0 1
    outer loop
      vertex 11.2146 91.175 18.4
      vertex 9.48253 92.175 18.4
      vertex 10.9784 90.8215 18.4
    endloop
  endfacet
  facet normal -0 0 1
    outer loop
      vertex 9.39169 92.039 18.4
      vertex 10.9784 90.8215 18.4
      vertex 9.48253 92.175 18.4
    endloop
  endfacet
  facet normal 0 0 1
    outer loop
      vertex 10.9784 90.8215 18.4
      vertex 9.39169 92.039 18.4
      vertex 10.6981 90.5019 18.4
    endloop
  endfacet
  facet normal -0 0 1
    outer loop
      vertex 9.28388 91.9161 18.4
      vertex 10.6981 90.5019 18.4
      vertex 9.39169 92.039 18.4
    endloop
  endfacet
  facet normal 0 0 1
    outer loop
      vertex 10.6981 90.5019 18.4
      vertex 9.28388 91.9161 18.4
      vertex 10.3785 90.2216 18.4
    endloop
  endfacet
  facet normal -0 0 1
    outer loop
      vertex 9.16095 91.8083 18.4
      vertex 10.3785 90.2216 18.4
      vertex 9.28388 91.9161 18.4
    endloop
  endfacet
  facet normal 0 0 1
    outer loop
      vertex 10.3785 90.2216 18.4
      vertex 9.16095 91.8083 18.4
      vertex 10.025 89.9854 18.4
    endloop
  endfacet
  facet normal -0 0 1
    outer loop
      vertex 9.025 91.7175 18.4
      vertex 10.025 89.9854 18.4
      vertex 9.16095 91.8083 18.4
    endloop
  endfacet
  facet normal 0 0 1
    outer loop
      vertex 10.025 89.9854 18.4
      vertex 9.025 91.7175 18.4
      vertex 9.64372 89.7974 18.4
    endloop
  endfacet
  facet normal -0 0 1
    outer loop
      vertex 8.87835 91.6451 18.4
      vertex 9.64372 89.7974 18.4
      vertex 9.025 91.7175 18.4
    endloop
  endfacet
  facet normal 0 0 1
    outer loop
      vertex 9.64372 89.7974 18.4
      vertex 8.87835 91.6451 18.4
      vertex 9.24116 89.6607 18.4
    endloop
  endfacet
  facet normal -0 0 1
    outer loop
      vertex 8.72352 91.5926 18.4
      vertex 9.24116 89.6607 18.4
      vertex 8.87835 91.6451 18.4
    endloop
  endfacet
  facet normal 0 0 1
    outer loop
      vertex 9.24116 89.6607 18.4
      vertex 8.72352 91.5926 18.4
      vertex 8.82421 89.5778 18.4
    endloop
  endfacet
  facet normal -0 0 1
    outer loop
      vertex 8.56316 91.5607 18.4
      vertex 8.82421 89.5778 18.4
      vertex 8.72352 91.5926 18.4
    endloop
  endfacet
  facet normal -0 0 1
    outer loop
      vertex 8.4 91.55 18.4
      vertex 8.82421 89.5778 18.4
      vertex 8.56316 91.5607 18.4
    endloop
  endfacet
  facet normal 0 0 1
    outer loop
      vertex 8.4 91.55 18.4
      vertex 8.4 89.55 18.4
      vertex 8.82421 89.5778 18.4
    endloop
  endfacet
  facet normal 0 0 1
    outer loop
      vertex 8.23684 91.5607 18.4
      vertex 8.4 89.55 18.4
      vertex 8.4 91.55 18.4
    endloop
  endfacet
  facet normal 0 0 1
    outer loop
      vertex 7.97579 89.5778 18.4
      vertex 8.23684 91.5607 18.4
      vertex 8.07648 91.5926 18.4
    endloop
  endfacet
  facet normal 0 0 1
    outer loop
      vertex 8.23684 91.5607 18.4
      vertex 7.97579 89.5778 18.4
      vertex 8.4 89.55 18.4
    endloop
  endfacet
  facet normal 0 0 1
    outer loop
      vertex 7.55884 89.6607 18.4
      vertex 8.07648 91.5926 18.4
      vertex 7.92165 91.6451 18.4
    endloop
  endfacet
  facet normal 0 0 1
    outer loop
      vertex 7.15628 89.7974 18.4
      vertex 7.92165 91.6451 18.4
      vertex 7.775 91.7175 18.4
    endloop
  endfacet
  facet normal 0 0 1
    outer loop
      vertex 6.775 89.9854 18.4
      vertex 7.775 91.7175 18.4
      vertex 7.63905 91.8083 18.4
    endloop
  endfacet
  facet normal 0 0 1
    outer loop
      vertex 8.07648 91.5926 18.4
      vertex 7.55884 89.6607 18.4
      vertex 7.97579 89.5778 18.4
    endloop
  endfacet
  facet normal 0 0 1
    outer loop
      vertex 6.42153 90.2216 18.4
      vertex 7.63905 91.8083 18.4
      vertex 7.51612 91.9161 18.4
    endloop
  endfacet
  facet normal 0 0 1
    outer loop
      vertex 6.1019 90.5019 18.4
      vertex 7.51612 91.9161 18.4
      vertex 7.40831 92.039 18.4
    endloop
  endfacet
  facet normal 0 0 1
    outer loop
      vertex 5.8216 90.8215 18.4
      vertex 7.40831 92.039 18.4
      vertex 7.31747 92.175 18.4
    endloop
  endfacet
  facet normal 0 0 1
    outer loop
      vertex 5.58542 91.175 18.4
      vertex 7.31747 92.175 18.4
      vertex 7.24515 92.3216 18.4
    endloop
  endfacet
  facet normal 0 0 1
    outer loop
      vertex 5.39739 91.5563 18.4
      vertex 7.24515 92.3216 18.4
      vertex 7.19259 92.4765 18.4
    endloop
  endfacet
  facet normal 0 0 1
    outer loop
      vertex 5.26074 91.9588 18.4
      vertex 7.19259 92.4765 18.4
      vertex 7.16069 92.6368 18.4
    endloop
  endfacet
  facet normal 0 0 1
    outer loop
      vertex 7.92165 91.6451 18.4
      vertex 7.15628 89.7974 18.4
      vertex 7.55884 89.6607 18.4
    endloop
  endfacet
  facet normal 0 0 1
    outer loop
      vertex 5.1778 92.3758 18.4
      vertex 7.16069 92.6368 18.4
      vertex 7.15 92.8 18.4
    endloop
  endfacet
  facet normal 0 0 1
    outer loop
      vertex 7.31747 93.425 18.4
      vertex 5.58542 94.425 18.4
      vertex 7.24515 93.2784 18.4
    endloop
  endfacet
  facet normal 0 0 1
    outer loop
      vertex 7.775 91.7175 18.4
      vertex 6.775 89.9854 18.4
      vertex 7.15628 89.7974 18.4
    endloop
  endfacet
  facet normal -0 0 1
    outer loop
      vertex 5.39739 94.0437 18.4
      vertex 7.24515 93.2784 18.4
      vertex 5.58542 94.425 18.4
    endloop
  endfacet
  facet normal 0 0 1
    outer loop
      vertex 7.63905 91.8083 18.4
      vertex 6.42153 90.2216 18.4
      vertex 6.775 89.9854 18.4
    endloop
  endfacet
  facet normal 0 0 1
    outer loop
      vertex 7.24515 93.2784 18.4
      vertex 5.39739 94.0437 18.4
      vertex 7.19259 93.1235 18.4
    endloop
  endfacet
  facet normal 0 0 1
    outer loop
      vertex 7.51612 91.9161 18.4
      vertex 6.1019 90.5019 18.4
      vertex 6.42153 90.2216 18.4
    endloop
  endfacet
  facet normal -0 0 1
    outer loop
      vertex 5.26074 93.6412 18.4
      vertex 7.19259 93.1235 18.4
      vertex 5.39739 94.0437 18.4
    endloop
  endfacet
  facet normal 0 0 1
    outer loop
      vertex 7.40831 92.039 18.4
      vertex 5.8216 90.8215 18.4
      vertex 6.1019 90.5019 18.4
    endloop
  endfacet
  facet normal 0 0 1
    outer loop
      vertex 7.19259 93.1235 18.4
      vertex 5.26074 93.6412 18.4
      vertex 7.16069 92.9632 18.4
    endloop
  endfacet
  facet normal 0 0 1
    outer loop
      vertex 7.31747 92.175 18.4
      vertex 5.58542 91.175 18.4
      vertex 5.8216 90.8215 18.4
    endloop
  endfacet
  facet normal -0 0 1
    outer loop
      vertex 5.1778 93.2242 18.4
      vertex 7.16069 92.9632 18.4
      vertex 5.26074 93.6412 18.4
    endloop
  endfacet
  facet normal 0 0 1
    outer loop
      vertex 7.24515 92.3216 18.4
      vertex 5.39739 91.5563 18.4
      vertex 5.58542 91.175 18.4
    endloop
  endfacet
  facet normal 0 0 1
    outer loop
      vertex 7.16069 92.9632 18.4
      vertex 5.1778 93.2242 18.4
      vertex 7.15 92.8 18.4
    endloop
  endfacet
  facet normal 0 0 1
    outer loop
      vertex 7.19259 92.4765 18.4
      vertex 5.26074 91.9588 18.4
      vertex 5.39739 91.5563 18.4
    endloop
  endfacet
  facet normal 0 0 1
    outer loop
      vertex 5.15 92.8 18.4
      vertex 7.15 92.8 18.4
      vertex 5.1778 93.2242 18.4
    endloop
  endfacet
  facet normal 0 0 1
    outer loop
      vertex 7.16069 92.6368 18.4
      vertex 5.1778 92.3758 18.4
      vertex 5.26074 91.9588 18.4
    endloop
  endfacet
  facet normal 0 0 1
    outer loop
      vertex 7.15 92.8 18.4
      vertex 5.15 92.8 18.4
      vertex 5.1778 92.3758 18.4
    endloop
  endfacet
  facet normal -0.555601 0.831449 0
    outer loop
      vertex 6.775 95.6146 2
      vertex 6.42153 95.3784 18.4
      vertex 6.775 95.6146 18.4
    endloop
  endfacet
  facet normal -0.555601 0.831449 0
    outer loop
      vertex 6.42153 95.3784 18.4
      vertex 6.775 95.6146 2
      vertex 6.42153 95.3784 2
    endloop
  endfacet
  facet normal 0.751818 0.65937 0
    outer loop
      vertex 10.9784 94.7785 18.4
      vertex 10.6981 95.0981 4.99
      vertex 10.6981 95.0981 18.4
    endloop
  endfacet
  facet normal 0.751818 0.65937 0
    outer loop
      vertex 10.6981 95.0981 4.99
      vertex 10.9784 94.7785 18.4
      vertex 10.9784 94.7785 4.99
    endloop
  endfacet
  facet normal -0.659335 -0.751849 0
    outer loop
      vertex 6.1019 90.5019 2
      vertex 6.42153 90.2216 18.4
      vertex 6.1019 90.5019 18.4
    endloop
  endfacet
  facet normal -0.659335 -0.751849 -0
    outer loop
      vertex 6.42153 90.2216 18.4
      vertex 6.1019 90.5019 2
      vertex 6.42153 90.2216 2
    endloop
  endfacet
  facet normal -0.195008 0.980802 0
    outer loop
      vertex 7.97579 96.0222 2
      vertex 7.55884 95.9393 18.4
      vertex 7.97579 96.0222 18.4
    endloop
  endfacet
  facet normal -0.195008 0.980802 0
    outer loop
      vertex 7.55884 95.9393 18.4
      vertex 7.97579 96.0222 2
      vertex 7.55884 95.9393 2
    endloop
  endfacet
  facet normal -0.831493 -0.555536 0
    outer loop
      vertex 5.8216 90.8215 2
      vertex 5.58542 91.175 18.4
      vertex 5.58542 91.175 2
    endloop
  endfacet
  facet normal -0.831493 -0.555536 0
    outer loop
      vertex 5.58542 91.175 18.4
      vertex 5.8216 90.8215 2
      vertex 5.8216 90.8215 18.4
    endloop
  endfacet
  facet normal -0.751818 -0.65937 0
    outer loop
      vertex 6.1019 90.5019 2
      vertex 5.8216 90.8215 18.4
      vertex 5.8216 90.8215 2
    endloop
  endfacet
  facet normal -0.751818 -0.65937 0
    outer loop
      vertex 5.8216 90.8215 18.4
      vertex 6.1019 90.5019 2
      vertex 6.1019 90.5019 18.4
    endloop
  endfacet
  facet normal -0.896879 0.442277 0
    outer loop
      vertex 5.39739 94.0437 2
      vertex 5.58542 94.425 18.4
      vertex 5.58542 94.425 2
    endloop
  endfacet
  facet normal -0.896879 0.442277 0
    outer loop
      vertex 5.58542 94.425 18.4
      vertex 5.39739 94.0437 2
      vertex 5.39739 94.0437 18.4
    endloop
  endfacet
  facet normal -0.321543 -0.946895 0
    outer loop
      vertex 7.15628 89.7974 2
      vertex 7.55884 89.6607 18.4
      vertex 7.15628 89.7974 18.4
    endloop
  endfacet
  facet normal -0.321543 -0.946895 -0
    outer loop
      vertex 7.55884 89.6607 18.4
      vertex 7.15628 89.7974 2
      vertex 7.55884 89.6607 2
    endloop
  endfacet
  facet normal 0.555568 -0.831471 0
    outer loop
      vertex 10.025 89.9854 2
      vertex 10.3785 90.2216 18.4
      vertex 10.025 89.9854 18.4
    endloop
  endfacet
  facet normal 0.555568 -0.831471 0
    outer loop
      vertex 10.3785 90.2216 18.4
      vertex 10.025 89.9854 2
      vertex 10.3785 90.2216 2
    endloop
  endfacet
  facet normal 0.896907 -0.44222 0
    outer loop
      vertex 11.2146 91.175 18.4
      vertex 11.4026 91.5563 2
      vertex 11.4026 91.5563 18.4
    endloop
  endfacet
  facet normal 0.896907 -0.44222 0
    outer loop
      vertex 11.4026 91.5563 2
      vertex 11.2146 91.175 18.4
      vertex 11.2146 91.175 2
    endloop
  endfacet
  facet normal -0.555601 -0.831449 0
    outer loop
      vertex 6.42153 90.2216 2
      vertex 6.775 89.9854 18.4
      vertex 6.42153 90.2216 18.4
    endloop
  endfacet
  facet normal -0.555601 -0.831449 -0
    outer loop
      vertex 6.775 89.9854 18.4
      vertex 6.42153 90.2216 2
      vertex 6.775 89.9854 2
    endloop
  endfacet
  facet normal -0.65937 0.751818 0
    outer loop
      vertex 48.4215 17.3784 2
      vertex 48.1019 17.0981 18.4
      vertex 48.4215 17.3784 18.4
    endloop
  endfacet
  facet normal -0.65937 0.751818 0
    outer loop
      vertex 48.1019 17.0981 18.4
      vertex 48.4215 17.3784 2
      vertex 48.1019 17.0981 2
    endloop
  endfacet
  facet normal 0.0653948 -0.997859 0
    outer loop
      vertex 50.4 11.55 2
      vertex 50.8242 11.5778 18.4
      vertex 50.4 11.55 18.4
    endloop
  endfacet
  facet normal 0.0653948 -0.997859 0
    outer loop
      vertex 50.8242 11.5778 18.4
      vertex 50.4 11.55 2
      vertex 50.8242 11.5778 2
    endloop
  endfacet
  facet normal 0.997859 0.0653948 0
    outer loop
      vertex 53.65 14.8 18.4
      vertex 53.6222 15.2242 2
      vertex 53.6222 15.2242 18.4
    endloop
  endfacet
  facet normal 0.997859 0.0653948 0
    outer loop
      vertex 53.6222 15.2242 2
      vertex 53.65 14.8 18.4
      vertex 53.65 14.8 2
    endloop
  endfacet
  facet normal 0.980806 -0.194985 0
    outer loop
      vertex 53.5393 13.9588 18.4
      vertex 53.6222 14.3758 2
      vertex 53.6222 14.3758 18.4
    endloop
  endfacet
  facet normal 0.980806 -0.194985 0
    outer loop
      vertex 53.6222 14.3758 2
      vertex 53.5393 13.9588 18.4
      vertex 53.5393 13.9588 2
    endloop
  endfacet
  facet normal -0.94688 -0.321586 0
    outer loop
      vertex 47.3974 13.5563 2
      vertex 47.2607 13.9588 18.4
      vertex 47.2607 13.9588 2
    endloop
  endfacet
  facet normal -0.94688 -0.321586 0
    outer loop
      vertex 47.2607 13.9588 18.4
      vertex 47.3974 13.5563 2
      vertex 47.3974 13.5563 18.4
    endloop
  endfacet
  facet normal 0.44222 -0.896907 0
    outer loop
      vertex 51.6437 11.7974 2
      vertex 52.025 11.9854 18.4
      vertex 51.6437 11.7974 18.4
    endloop
  endfacet
  facet normal 0.44222 -0.896907 0
    outer loop
      vertex 52.025 11.9854 18.4
      vertex 51.6437 11.7974 2
      vertex 52.025 11.9854 2
    endloop
  endfacet
  facet normal 0.896907 0.44222 0
    outer loop
      vertex 53.4026 16.0437 18.4
      vertex 53.2146 16.425 2
      vertex 53.2146 16.425 18.4
    endloop
  endfacet
  facet normal 0.896907 0.44222 0
    outer loop
      vertex 53.2146 16.425 2
      vertex 53.4026 16.0437 18.4
      vertex 53.4026 16.0437 2
    endloop
  endfacet
  facet normal 0.980806 0.194985 0
    outer loop
      vertex 53.6222 15.2242 18.4
      vertex 53.5393 15.6412 2
      vertex 53.5393 15.6412 18.4
    endloop
  endfacet
  facet normal 0.980806 0.194985 0
    outer loop
      vertex 53.5393 15.6412 2
      vertex 53.6222 15.2242 18.4
      vertex 53.6222 15.2242 2
    endloop
  endfacet
  facet normal 0.997859 -0.0653948 0
    outer loop
      vertex 53.6222 14.3758 18.4
      vertex 53.65 14.8 2
      vertex 53.65 14.8 18.4
    endloop
  endfacet
  facet normal 0.997859 -0.0653948 0
    outer loop
      vertex 53.65 14.8 2
      vertex 53.6222 14.3758 18.4
      vertex 53.6222 14.3758 2
    endloop
  endfacet
  facet normal -0.980806 -0.194985 0
    outer loop
      vertex 47.2607 13.9588 2
      vertex 47.1778 14.3758 18.4
      vertex 47.1778 14.3758 2
    endloop
  endfacet
  facet normal -0.980806 -0.194985 0
    outer loop
      vertex 47.1778 14.3758 18.4
      vertex 47.2607 13.9588 2
      vertex 47.2607 13.9588 18.4
    endloop
  endfacet
  facet normal 0.194985 0.980806 -0
    outer loop
      vertex 51.2412 17.9393 2
      vertex 50.8242 18.0222 18.4
      vertex 51.2412 17.9393 18.4
    endloop
  endfacet
  facet normal 0.194985 0.980806 0
    outer loop
      vertex 50.8242 18.0222 18.4
      vertex 51.2412 17.9393 2
      vertex 50.8242 18.0222 2
    endloop
  endfacet
  facet normal 0.831471 -0.555568 0
    outer loop
      vertex 52.9784 12.8215 18.4
      vertex 53.2146 13.175 2
      vertex 53.2146 13.175 18.4
    endloop
  endfacet
  facet normal 0.831471 -0.555568 0
    outer loop
      vertex 53.2146 13.175 2
      vertex 52.9784 12.8215 18.4
      vertex 52.9784 12.8215 2
    endloop
  endfacet
  facet normal -0.555568 -0.831471 0
    outer loop
      vertex 48.4215 12.2216 2
      vertex 48.775 11.9854 18.4
      vertex 48.4215 12.2216 18.4
    endloop
  endfacet
  facet normal -0.555568 -0.831471 -0
    outer loop
      vertex 48.775 11.9854 18.4
      vertex 48.4215 12.2216 2
      vertex 48.775 11.9854 2
    endloop
  endfacet
  facet normal -0.751818 -0.65937 0
    outer loop
      vertex 48.1019 12.5019 2
      vertex 47.8216 12.8215 18.4
      vertex 47.8216 12.8215 2
    endloop
  endfacet
  facet normal -0.751818 -0.65937 0
    outer loop
      vertex 47.8216 12.8215 18.4
      vertex 48.1019 12.5019 2
      vertex 48.1019 12.5019 18.4
    endloop
  endfacet
  facet normal 0.555568 0.831471 -0
    outer loop
      vertex 52.3785 17.3784 2
      vertex 52.025 17.6146 18.4
      vertex 52.3785 17.3784 18.4
    endloop
  endfacet
  facet normal 0.555568 0.831471 0
    outer loop
      vertex 52.025 17.6146 18.4
      vertex 52.3785 17.3784 2
      vertex 52.025 17.6146 2
    endloop
  endfacet
  facet normal -0.997859 0.0653948 0
    outer loop
      vertex 47.15 14.8 2
      vertex 47.1778 15.2242 18.4
      vertex 47.1778 15.2242 2
    endloop
  endfacet
  facet normal -0.997859 0.0653948 0
    outer loop
      vertex 47.1778 15.2242 18.4
      vertex 47.15 14.8 2
      vertex 47.15 14.8 18.4
    endloop
  endfacet
  facet normal 0.831471 0.555568 0
    outer loop
      vertex 53.2146 16.425 18.4
      vertex 52.9784 16.7785 2
      vertex 52.9784 16.7785 18.4
    endloop
  endfacet
  facet normal 0.831471 0.555568 0
    outer loop
      vertex 52.9784 16.7785 2
      vertex 53.2146 16.425 18.4
      vertex 53.2146 16.425 2
    endloop
  endfacet
  facet normal 0.321586 -0.94688 0
    outer loop
      vertex 51.2412 11.6607 2
      vertex 51.6437 11.7974 18.4
      vertex 51.2412 11.6607 18.4
    endloop
  endfacet
  facet normal 0.321586 -0.94688 0
    outer loop
      vertex 51.6437 11.7974 18.4
      vertex 51.2412 11.6607 2
      vertex 51.6437 11.7974 2
    endloop
  endfacet
  facet normal 0.44222 0.896907 -0
    outer loop
      vertex 52.025 17.6146 2
      vertex 51.6437 17.8026 18.4
      vertex 52.025 17.6146 18.4
    endloop
  endfacet
  facet normal 0.44222 0.896907 0
    outer loop
      vertex 51.6437 17.8026 18.4
      vertex 52.025 17.6146 2
      vertex 51.6437 17.8026 2
    endloop
  endfacet
  facet normal -0.997859 -0.0653948 0
    outer loop
      vertex 47.1778 14.3758 2
      vertex 47.15 14.8 18.4
      vertex 47.15 14.8 2
    endloop
  endfacet
  facet normal -0.997859 -0.0653948 0
    outer loop
      vertex 47.15 14.8 18.4
      vertex 47.1778 14.3758 2
      vertex 47.1778 14.3758 18.4
    endloop
  endfacet
  facet normal 0.555568 -0.831471 0
    outer loop
      vertex 52.025 11.9854 2
      vertex 52.3785 12.2216 18.4
      vertex 52.025 11.9854 18.4
    endloop
  endfacet
  facet normal 0.555568 -0.831471 0
    outer loop
      vertex 52.3785 12.2216 18.4
      vertex 52.025 11.9854 2
      vertex 52.3785 12.2216 2
    endloop
  endfacet
  facet normal -0.194985 -0.980806 0
    outer loop
      vertex 49.5588 11.6607 2
      vertex 49.9758 11.5778 18.4
      vertex 49.5588 11.6607 18.4
    endloop
  endfacet
  facet normal -0.194985 -0.980806 -0
    outer loop
      vertex 49.9758 11.5778 18.4
      vertex 49.5588 11.6607 2
      vertex 49.9758 11.5778 2
    endloop
  endfacet
  facet normal 0.194985 -0.980806 0
    outer loop
      vertex 50.8242 11.5778 2
      vertex 51.2412 11.6607 18.4
      vertex 50.8242 11.5778 18.4
    endloop
  endfacet
  facet normal 0.194985 -0.980806 0
    outer loop
      vertex 51.2412 11.6607 18.4
      vertex 50.8242 11.5778 2
      vertex 51.2412 11.6607 2
    endloop
  endfacet
  facet normal 0.94688 0.321586 0
    outer loop
      vertex 53.5393 15.6412 18.4
      vertex 53.4026 16.0437 2
      vertex 53.4026 16.0437 18.4
    endloop
  endfacet
  facet normal 0.94688 0.321586 0
    outer loop
      vertex 53.4026 16.0437 2
      vertex 53.5393 15.6412 18.4
      vertex 53.5393 15.6412 2
    endloop
  endfacet
  facet normal -0.321586 -0.94688 0
    outer loop
      vertex 49.1563 11.7974 2
      vertex 49.5588 11.6607 18.4
      vertex 49.1563 11.7974 18.4
    endloop
  endfacet
  facet normal -0.321586 -0.94688 -0
    outer loop
      vertex 49.5588 11.6607 18.4
      vertex 49.1563 11.7974 2
      vertex 49.5588 11.6607 2
    endloop
  endfacet
  facet normal -0.44222 0.896907 0
    outer loop
      vertex 49.1563 17.8026 4.49
      vertex 48.775 17.6146 18.4
      vertex 49.1563 17.8026 18.4
    endloop
  endfacet
  facet normal -0.44222 0.896907 0
    outer loop
      vertex 48.775 17.6146 18.4
      vertex 49.1563 17.8026 4.49
      vertex 48.775 17.6146 4.49
    endloop
  endfacet
  facet normal -0.0653948 -0.997859 0
    outer loop
      vertex 49.9758 11.5778 2
      vertex 50.4 11.55 18.4
      vertex 49.9758 11.5778 18.4
    endloop
  endfacet
  facet normal -0.0653948 -0.997859 -0
    outer loop
      vertex 50.4 11.55 18.4
      vertex 49.9758 11.5778 2
      vertex 50.4 11.55 2
    endloop
  endfacet
  facet normal -0.321586 0.94688 -4.57308e-06
    outer loop
      vertex 49.5588 17.9393 18.4
      vertex 49.4 17.8853 4.49
      vertex 49.1563 17.8026 18.4
    endloop
  endfacet
  facet normal -0.321945 0.946758 0
    outer loop
      vertex 49.5588 17.9393 2
      vertex 49.4 17.8853 4.49
      vertex 49.5588 17.9393 18.4
    endloop
  endfacet
  facet normal -0.321945 0.946758 0
    outer loop
      vertex 49.4 17.8853 4.49
      vertex 49.5588 17.9393 2
      vertex 49.4 17.8853 2
    endloop
  endfacet
  facet normal -0.321352 0.94696 0
    outer loop
      vertex 49.1563 17.8026 18.4
      vertex 49.4 17.8853 4.49
      vertex 49.1563 17.8026 4.49
    endloop
  endfacet
  facet normal -0.0653948 0.997859 0
    outer loop
      vertex 50.4 18.05 2
      vertex 49.9758 18.0222 18.4
      vertex 50.4 18.05 18.4
    endloop
  endfacet
  facet normal -0.0653948 0.997859 0
    outer loop
      vertex 49.9758 18.0222 18.4
      vertex 50.4 18.05 2
      vertex 49.9758 18.0222 2
    endloop
  endfacet
  facet normal -0.980806 0.194985 0
    outer loop
      vertex 47.1778 15.2242 2
      vertex 47.2607 15.6412 18.4
      vertex 47.2607 15.6412 2
    endloop
  endfacet
  facet normal -0.980806 0.194985 0
    outer loop
      vertex 47.2607 15.6412 18.4
      vertex 47.1778 15.2242 2
      vertex 47.1778 15.2242 18.4
    endloop
  endfacet
  facet normal -0.896907 -0.44222 0
    outer loop
      vertex 47.5854 13.175 2
      vertex 47.3974 13.5563 18.4
      vertex 47.3974 13.5563 2
    endloop
  endfacet
  facet normal -0.896907 -0.44222 0
    outer loop
      vertex 47.3974 13.5563 18.4
      vertex 47.5854 13.175 2
      vertex 47.5854 13.175 18.4
    endloop
  endfacet
  facet normal 0 0 1
    outer loop
      vertex 51.65 14.8 18.4
      vertex 53.65 14.8 18.4
      vertex 53.6222 15.2242 18.4
    endloop
  endfacet
  facet normal 0 0 1
    outer loop
      vertex 51.6393 14.9632 18.4
      vertex 53.6222 15.2242 18.4
      vertex 53.5393 15.6412 18.4
    endloop
  endfacet
  facet normal 0 0 1
    outer loop
      vertex 53.65 14.8 18.4
      vertex 51.65 14.8 18.4
      vertex 53.6222 14.3758 18.4
    endloop
  endfacet
  facet normal 0 0 1
    outer loop
      vertex 51.6074 15.1235 18.4
      vertex 53.5393 15.6412 18.4
      vertex 53.4026 16.0437 18.4
    endloop
  endfacet
  facet normal -0 0 1
    outer loop
      vertex 51.6393 14.6368 18.4
      vertex 53.6222 14.3758 18.4
      vertex 51.65 14.8 18.4
    endloop
  endfacet
  facet normal 0 0 1
    outer loop
      vertex 51.5548 15.2784 18.4
      vertex 53.4026 16.0437 18.4
      vertex 53.2146 16.425 18.4
    endloop
  endfacet
  facet normal 0 0 1
    outer loop
      vertex 53.6222 14.3758 18.4
      vertex 51.6393 14.6368 18.4
      vertex 53.5393 13.9588 18.4
    endloop
  endfacet
  facet normal 0 0 1
    outer loop
      vertex 51.4825 15.425 18.4
      vertex 53.2146 16.425 18.4
      vertex 52.9784 16.7785 18.4
    endloop
  endfacet
  facet normal -0 0 1
    outer loop
      vertex 51.6074 14.4765 18.4
      vertex 53.5393 13.9588 18.4
      vertex 51.6393 14.6368 18.4
    endloop
  endfacet
  facet normal 0 0 1
    outer loop
      vertex 51.3917 15.561 18.4
      vertex 52.9784 16.7785 18.4
      vertex 52.6981 17.0981 18.4
    endloop
  endfacet
  facet normal 0 0 1
    outer loop
      vertex 53.5393 13.9588 18.4
      vertex 51.6074 14.4765 18.4
      vertex 53.4026 13.5563 18.4
    endloop
  endfacet
  facet normal 0 0 1
    outer loop
      vertex 51.2839 15.6839 18.4
      vertex 52.6981 17.0981 18.4
      vertex 52.3785 17.3784 18.4
    endloop
  endfacet
  facet normal -0 0 1
    outer loop
      vertex 51.5548 14.3216 18.4
      vertex 53.4026 13.5563 18.4
      vertex 51.6074 14.4765 18.4
    endloop
  endfacet
  facet normal 0 0 1
    outer loop
      vertex 51.1609 15.7917 18.4
      vertex 52.3785 17.3784 18.4
      vertex 52.025 17.6146 18.4
    endloop
  endfacet
  facet normal 0 0 1
    outer loop
      vertex 53.4026 13.5563 18.4
      vertex 51.5548 14.3216 18.4
      vertex 53.2146 13.175 18.4
    endloop
  endfacet
  facet normal -0 0 1
    outer loop
      vertex 51.4825 14.175 18.4
      vertex 53.2146 13.175 18.4
      vertex 51.5548 14.3216 18.4
    endloop
  endfacet
  facet normal 0 0 1
    outer loop
      vertex 51.025 15.8825 18.4
      vertex 52.025 17.6146 18.4
      vertex 51.6437 17.8026 18.4
    endloop
  endfacet
  facet normal 0 0 1
    outer loop
      vertex 53.6222 15.2242 18.4
      vertex 51.6393 14.9632 18.4
      vertex 51.65 14.8 18.4
    endloop
  endfacet
  facet normal 0 0 1
    outer loop
      vertex 53.5393 15.6412 18.4
      vertex 51.6074 15.1235 18.4
      vertex 51.6393 14.9632 18.4
    endloop
  endfacet
  facet normal 0 0 1
    outer loop
      vertex 53.4026 16.0437 18.4
      vertex 51.5548 15.2784 18.4
      vertex 51.6074 15.1235 18.4
    endloop
  endfacet
  facet normal 0 0 1
    outer loop
      vertex 53.2146 16.425 18.4
      vertex 51.4825 15.425 18.4
      vertex 51.5548 15.2784 18.4
    endloop
  endfacet
  facet normal 0 0 1
    outer loop
      vertex 52.9784 16.7785 18.4
      vertex 51.3917 15.561 18.4
      vertex 51.4825 15.425 18.4
    endloop
  endfacet
  facet normal 0 0 1
    outer loop
      vertex 52.6981 17.0981 18.4
      vertex 51.2839 15.6839 18.4
      vertex 51.3917 15.561 18.4
    endloop
  endfacet
  facet normal 0 0 1
    outer loop
      vertex 50.8784 15.9548 18.4
      vertex 51.6437 17.8026 18.4
      vertex 51.2412 17.9393 18.4
    endloop
  endfacet
  facet normal 0 0 1
    outer loop
      vertex 52.3785 17.3784 18.4
      vertex 51.1609 15.7917 18.4
      vertex 51.2839 15.6839 18.4
    endloop
  endfacet
  facet normal 0 0 1
    outer loop
      vertex 52.025 17.6146 18.4
      vertex 51.025 15.8825 18.4
      vertex 51.1609 15.7917 18.4
    endloop
  endfacet
  facet normal 0 0 1
    outer loop
      vertex 51.6437 17.8026 18.4
      vertex 50.8784 15.9548 18.4
      vertex 51.025 15.8825 18.4
    endloop
  endfacet
  facet normal 0 0 1
    outer loop
      vertex 50.7235 16.0074 18.4
      vertex 51.2412 17.9393 18.4
      vertex 50.8242 18.0222 18.4
    endloop
  endfacet
  facet normal 0 0 1
    outer loop
      vertex 51.2412 17.9393 18.4
      vertex 50.7235 16.0074 18.4
      vertex 50.8784 15.9548 18.4
    endloop
  endfacet
  facet normal 0 0 1
    outer loop
      vertex 50.8242 18.0222 18.4
      vertex 50.5632 16.0393 18.4
      vertex 50.7235 16.0074 18.4
    endloop
  endfacet
  facet normal 0 0 1
    outer loop
      vertex 50.4 18.05 18.4
      vertex 50.5632 16.0393 18.4
      vertex 50.8242 18.0222 18.4
    endloop
  endfacet
  facet normal 0 0 1
    outer loop
      vertex 50.4 18.05 18.4
      vertex 50.4 16.05 18.4
      vertex 50.5632 16.0393 18.4
    endloop
  endfacet
  facet normal 0 0 1
    outer loop
      vertex 50.4 18.05 18.4
      vertex 50.2368 16.0393 18.4
      vertex 50.4 16.05 18.4
    endloop
  endfacet
  facet normal -0 0 1
    outer loop
      vertex 49.9758 18.0222 18.4
      vertex 50.2368 16.0393 18.4
      vertex 50.4 18.05 18.4
    endloop
  endfacet
  facet normal 0 0 1
    outer loop
      vertex 50.2368 16.0393 18.4
      vertex 49.9758 18.0222 18.4
      vertex 50.0765 16.0074 18.4
    endloop
  endfacet
  facet normal -0 0 1
    outer loop
      vertex 49.5588 17.9393 18.4
      vertex 50.0765 16.0074 18.4
      vertex 49.9758 18.0222 18.4
    endloop
  endfacet
  facet normal 0 0 1
    outer loop
      vertex 50.0765 16.0074 18.4
      vertex 49.5588 17.9393 18.4
      vertex 49.9216 15.9548 18.4
    endloop
  endfacet
  facet normal -0 0 1
    outer loop
      vertex 49.1563 17.8026 18.4
      vertex 49.9216 15.9548 18.4
      vertex 49.5588 17.9393 18.4
    endloop
  endfacet
  facet normal 0 0 1
    outer loop
      vertex 49.9216 15.9548 18.4
      vertex 49.1563 17.8026 18.4
      vertex 49.775 15.8825 18.4
    endloop
  endfacet
  facet normal -0 0 1
    outer loop
      vertex 48.775 17.6146 18.4
      vertex 49.775 15.8825 18.4
      vertex 49.1563 17.8026 18.4
    endloop
  endfacet
  facet normal 0 0 1
    outer loop
      vertex 49.775 15.8825 18.4
      vertex 48.775 17.6146 18.4
      vertex 49.639 15.7917 18.4
    endloop
  endfacet
  facet normal -0 0 1
    outer loop
      vertex 48.4215 17.3784 18.4
      vertex 49.639 15.7917 18.4
      vertex 48.775 17.6146 18.4
    endloop
  endfacet
  facet normal 0 0 1
    outer loop
      vertex 49.639 15.7917 18.4
      vertex 48.4215 17.3784 18.4
      vertex 49.5161 15.6839 18.4
    endloop
  endfacet
  facet normal -0 0 1
    outer loop
      vertex 48.1019 17.0981 18.4
      vertex 49.5161 15.6839 18.4
      vertex 48.4215 17.3784 18.4
    endloop
  endfacet
  facet normal 0 0 1
    outer loop
      vertex 49.5161 15.6839 18.4
      vertex 48.1019 17.0981 18.4
      vertex 49.4083 15.561 18.4
    endloop
  endfacet
  facet normal -0 0 1
    outer loop
      vertex 47.8216 16.7785 18.4
      vertex 49.4083 15.561 18.4
      vertex 48.1019 17.0981 18.4
    endloop
  endfacet
  facet normal 0 0 1
    outer loop
      vertex 49.4083 15.561 18.4
      vertex 47.8216 16.7785 18.4
      vertex 49.3175 15.425 18.4
    endloop
  endfacet
  facet normal -0 0 1
    outer loop
      vertex 47.5854 16.425 18.4
      vertex 49.3175 15.425 18.4
      vertex 47.8216 16.7785 18.4
    endloop
  endfacet
  facet normal 0 0 1
    outer loop
      vertex 53.2146 13.175 18.4
      vertex 51.4825 14.175 18.4
      vertex 52.9784 12.8215 18.4
    endloop
  endfacet
  facet normal -0 0 1
    outer loop
      vertex 51.3917 14.039 18.4
      vertex 52.9784 12.8215 18.4
      vertex 51.4825 14.175 18.4
    endloop
  endfacet
  facet normal 0 0 1
    outer loop
      vertex 52.9784 12.8215 18.4
      vertex 51.3917 14.039 18.4
      vertex 52.6981 12.5019 18.4
    endloop
  endfacet
  facet normal -0 0 1
    outer loop
      vertex 51.2839 13.9161 18.4
      vertex 52.6981 12.5019 18.4
      vertex 51.3917 14.039 18.4
    endloop
  endfacet
  facet normal 0 0 1
    outer loop
      vertex 52.6981 12.5019 18.4
      vertex 51.2839 13.9161 18.4
      vertex 52.3785 12.2216 18.4
    endloop
  endfacet
  facet normal -0 0 1
    outer loop
      vertex 51.1609 13.8083 18.4
      vertex 52.3785 12.2216 18.4
      vertex 51.2839 13.9161 18.4
    endloop
  endfacet
  facet normal 0 0 1
    outer loop
      vertex 52.3785 12.2216 18.4
      vertex 51.1609 13.8083 18.4
      vertex 52.025 11.9854 18.4
    endloop
  endfacet
  facet normal -0 0 1
    outer loop
      vertex 51.025 13.7175 18.4
      vertex 52.025 11.9854 18.4
      vertex 51.1609 13.8083 18.4
    endloop
  endfacet
  facet normal 0 0 1
    outer loop
      vertex 52.025 11.9854 18.4
      vertex 51.025 13.7175 18.4
      vertex 51.6437 11.7974 18.4
    endloop
  endfacet
  facet normal -0 0 1
    outer loop
      vertex 50.8784 13.6452 18.4
      vertex 51.6437 11.7974 18.4
      vertex 51.025 13.7175 18.4
    endloop
  endfacet
  facet normal 0 0 1
    outer loop
      vertex 51.6437 11.7974 18.4
      vertex 50.8784 13.6452 18.4
      vertex 51.2412 11.6607 18.4
    endloop
  endfacet
  facet normal -0 0 1
    outer loop
      vertex 50.7235 13.5926 18.4
      vertex 51.2412 11.6607 18.4
      vertex 50.8784 13.6452 18.4
    endloop
  endfacet
  facet normal 0 0 1
    outer loop
      vertex 51.2412 11.6607 18.4
      vertex 50.7235 13.5926 18.4
      vertex 50.8242 11.5778 18.4
    endloop
  endfacet
  facet normal -0 0 1
    outer loop
      vertex 50.5632 13.5607 18.4
      vertex 50.8242 11.5778 18.4
      vertex 50.7235 13.5926 18.4
    endloop
  endfacet
  facet normal -0 0 1
    outer loop
      vertex 50.4 13.55 18.4
      vertex 50.8242 11.5778 18.4
      vertex 50.5632 13.5607 18.4
    endloop
  endfacet
  facet normal 0 0 1
    outer loop
      vertex 50.4 13.55 18.4
      vertex 50.4 11.55 18.4
      vertex 50.8242 11.5778 18.4
    endloop
  endfacet
  facet normal 0 0 1
    outer loop
      vertex 50.2368 13.5607 18.4
      vertex 50.4 11.55 18.4
      vertex 50.4 13.55 18.4
    endloop
  endfacet
  facet normal 0 0 1
    outer loop
      vertex 49.9758 11.5778 18.4
      vertex 50.2368 13.5607 18.4
      vertex 50.0765 13.5926 18.4
    endloop
  endfacet
  facet normal 0 0 1
    outer loop
      vertex 50.2368 13.5607 18.4
      vertex 49.9758 11.5778 18.4
      vertex 50.4 11.55 18.4
    endloop
  endfacet
  facet normal 0 0 1
    outer loop
      vertex 49.5588 11.6607 18.4
      vertex 50.0765 13.5926 18.4
      vertex 49.9216 13.6452 18.4
    endloop
  endfacet
  facet normal 0 0 1
    outer loop
      vertex 49.1563 11.7974 18.4
      vertex 49.9216 13.6452 18.4
      vertex 49.775 13.7175 18.4
    endloop
  endfacet
  facet normal 0 0 1
    outer loop
      vertex 48.775 11.9854 18.4
      vertex 49.775 13.7175 18.4
      vertex 49.639 13.8083 18.4
    endloop
  endfacet
  facet normal 0 0 1
    outer loop
      vertex 50.0765 13.5926 18.4
      vertex 49.5588 11.6607 18.4
      vertex 49.9758 11.5778 18.4
    endloop
  endfacet
  facet normal 0 0 1
    outer loop
      vertex 48.4215 12.2216 18.4
      vertex 49.639 13.8083 18.4
      vertex 49.5161 13.9161 18.4
    endloop
  endfacet
  facet normal 0 0 1
    outer loop
      vertex 48.1019 12.5019 18.4
      vertex 49.5161 13.9161 18.4
      vertex 49.4083 14.039 18.4
    endloop
  endfacet
  facet normal 0 0 1
    outer loop
      vertex 47.8216 12.8215 18.4
      vertex 49.4083 14.039 18.4
      vertex 49.3175 14.175 18.4
    endloop
  endfacet
  facet normal 0 0 1
    outer loop
      vertex 47.5854 13.175 18.4
      vertex 49.3175 14.175 18.4
      vertex 49.2452 14.3216 18.4
    endloop
  endfacet
  facet normal 0 0 1
    outer loop
      vertex 47.3974 13.5563 18.4
      vertex 49.2452 14.3216 18.4
      vertex 49.1926 14.4765 18.4
    endloop
  endfacet
  facet normal 0 0 1
    outer loop
      vertex 47.2607 13.9588 18.4
      vertex 49.1926 14.4765 18.4
      vertex 49.1607 14.6368 18.4
    endloop
  endfacet
  facet normal 0 0 1
    outer loop
      vertex 49.9216 13.6452 18.4
      vertex 49.1563 11.7974 18.4
      vertex 49.5588 11.6607 18.4
    endloop
  endfacet
  facet normal 0 0 1
    outer loop
      vertex 47.1778 14.3758 18.4
      vertex 49.1607 14.6368 18.4
      vertex 49.15 14.8 18.4
    endloop
  endfacet
  facet normal 0 0 1
    outer loop
      vertex 49.3175 15.425 18.4
      vertex 47.5854 16.425 18.4
      vertex 49.2452 15.2784 18.4
    endloop
  endfacet
  facet normal 0 0 1
    outer loop
      vertex 49.775 13.7175 18.4
      vertex 48.775 11.9854 18.4
      vertex 49.1563 11.7974 18.4
    endloop
  endfacet
  facet normal -0 0 1
    outer loop
      vertex 47.3974 16.0437 18.4
      vertex 49.2452 15.2784 18.4
      vertex 47.5854 16.425 18.4
    endloop
  endfacet
  facet normal 0 0 1
    outer loop
      vertex 49.639 13.8083 18.4
      vertex 48.4215 12.2216 18.4
      vertex 48.775 11.9854 18.4
    endloop
  endfacet
  facet normal 0 0 1
    outer loop
      vertex 49.2452 15.2784 18.4
      vertex 47.3974 16.0437 18.4
      vertex 49.1926 15.1235 18.4
    endloop
  endfacet
  facet normal 0 0 1
    outer loop
      vertex 49.5161 13.9161 18.4
      vertex 48.1019 12.5019 18.4
      vertex 48.4215 12.2216 18.4
    endloop
  endfacet
  facet normal -0 0 1
    outer loop
      vertex 47.2607 15.6412 18.4
      vertex 49.1926 15.1235 18.4
      vertex 47.3974 16.0437 18.4
    endloop
  endfacet
  facet normal 0 0 1
    outer loop
      vertex 49.4083 14.039 18.4
      vertex 47.8216 12.8215 18.4
      vertex 48.1019 12.5019 18.4
    endloop
  endfacet
  facet normal 0 0 1
    outer loop
      vertex 49.1926 15.1235 18.4
      vertex 47.2607 15.6412 18.4
      vertex 49.1607 14.9632 18.4
    endloop
  endfacet
  facet normal 0 0 1
    outer loop
      vertex 49.3175 14.175 18.4
      vertex 47.5854 13.175 18.4
      vertex 47.8216 12.8215 18.4
    endloop
  endfacet
  facet normal -0 0 1
    outer loop
      vertex 47.1778 15.2242 18.4
      vertex 49.1607 14.9632 18.4
      vertex 47.2607 15.6412 18.4
    endloop
  endfacet
  facet normal 0 0 1
    outer loop
      vertex 49.2452 14.3216 18.4
      vertex 47.3974 13.5563 18.4
      vertex 47.5854 13.175 18.4
    endloop
  endfacet
  facet normal 0 0 1
    outer loop
      vertex 49.1607 14.9632 18.4
      vertex 47.1778 15.2242 18.4
      vertex 49.15 14.8 18.4
    endloop
  endfacet
  facet normal 0 0 1
    outer loop
      vertex 49.1926 14.4765 18.4
      vertex 47.2607 13.9588 18.4
      vertex 47.3974 13.5563 18.4
    endloop
  endfacet
  facet normal 0 0 1
    outer loop
      vertex 47.15 14.8 18.4
      vertex 49.15 14.8 18.4
      vertex 47.1778 15.2242 18.4
    endloop
  endfacet
  facet normal 0 0 1
    outer loop
      vertex 49.1607 14.6368 18.4
      vertex 47.1778 14.3758 18.4
      vertex 47.2607 13.9588 18.4
    endloop
  endfacet
  facet normal 0 0 1
    outer loop
      vertex 49.15 14.8 18.4
      vertex 47.15 14.8 18.4
      vertex 47.1778 14.3758 18.4
    endloop
  endfacet
  facet normal 0.0653948 0.997859 -0
    outer loop
      vertex 50.8242 18.0222 2
      vertex 50.4 18.05 18.4
      vertex 50.8242 18.0222 18.4
    endloop
  endfacet
  facet normal 0.0653948 0.997859 0
    outer loop
      vertex 50.4 18.05 18.4
      vertex 50.8242 18.0222 2
      vertex 50.4 18.05 2
    endloop
  endfacet
  facet normal 0.321586 0.94688 -0
    outer loop
      vertex 51.6437 17.8026 2
      vertex 51.2412 17.9393 18.4
      vertex 51.6437 17.8026 18.4
    endloop
  endfacet
  facet normal 0.321586 0.94688 0
    outer loop
      vertex 51.2412 17.9393 18.4
      vertex 51.6437 17.8026 2
      vertex 51.2412 17.9393 2
    endloop
  endfacet
  facet normal -0.751818 0.65937 0
    outer loop
      vertex 47.8216 16.7785 2
      vertex 48.1019 17.0981 18.4
      vertex 48.1019 17.0981 2
    endloop
  endfacet
  facet normal -0.751818 0.65937 0
    outer loop
      vertex 48.1019 17.0981 18.4
      vertex 47.8216 16.7785 2
      vertex 47.8216 16.7785 18.4
    endloop
  endfacet
  facet normal -0.65937 -0.751818 0
    outer loop
      vertex 48.1019 12.5019 2
      vertex 48.4215 12.2216 18.4
      vertex 48.1019 12.5019 18.4
    endloop
  endfacet
  facet normal -0.65937 -0.751818 -0
    outer loop
      vertex 48.4215 12.2216 18.4
      vertex 48.1019 12.5019 2
      vertex 48.4215 12.2216 2
    endloop
  endfacet
  facet normal 0.94688 -0.321586 0
    outer loop
      vertex 53.4026 13.5563 18.4
      vertex 53.5393 13.9588 2
      vertex 53.5393 13.9588 18.4
    endloop
  endfacet
  facet normal 0.94688 -0.321586 0
    outer loop
      vertex 53.5393 13.9588 2
      vertex 53.4026 13.5563 18.4
      vertex 53.4026 13.5563 2
    endloop
  endfacet
  facet normal 0.65937 0.751818 -0
    outer loop
      vertex 52.6981 17.0981 2
      vertex 52.3785 17.3784 18.4
      vertex 52.6981 17.0981 18.4
    endloop
  endfacet
  facet normal 0.65937 0.751818 0
    outer loop
      vertex 52.3785 17.3784 18.4
      vertex 52.6981 17.0981 2
      vertex 52.3785 17.3784 2
    endloop
  endfacet
  facet normal -0.94688 0.321586 0
    outer loop
      vertex 47.2607 15.6412 2
      vertex 47.3974 16.0437 18.4
      vertex 47.3974 16.0437 2
    endloop
  endfacet
  facet normal -0.94688 0.321586 0
    outer loop
      vertex 47.3974 16.0437 18.4
      vertex 47.2607 15.6412 2
      vertex 47.2607 15.6412 18.4
    endloop
  endfacet
  facet normal -0.555595 0.831453 0
    outer loop
      vertex 48.6035 17.5 4.49
      vertex 48.775 17.6146 18.4
      vertex 48.775 17.6146 4.49
    endloop
  endfacet
  facet normal -0.555568 0.831471 -4.73466e-07
    outer loop
      vertex 48.775 17.6146 18.4
      vertex 48.6035 17.5 4.49
      vertex 48.4215 17.3784 18.4
    endloop
  endfacet
  facet normal -0.555543 0.831488 0
    outer loop
      vertex 48.4215 17.3784 2
      vertex 48.6035 17.5 4.49
      vertex 48.6035 17.5 2
    endloop
  endfacet
  facet normal -0.555543 0.831488 0
    outer loop
      vertex 48.6035 17.5 4.49
      vertex 48.4215 17.3784 2
      vertex 48.4215 17.3784 18.4
    endloop
  endfacet
  facet normal 0.751818 0.65937 0
    outer loop
      vertex 52.9784 16.7785 18.4
      vertex 52.6981 17.0981 2
      vertex 52.6981 17.0981 18.4
    endloop
  endfacet
  facet normal 0.751818 0.65937 0
    outer loop
      vertex 52.6981 17.0981 2
      vertex 52.9784 16.7785 18.4
      vertex 52.9784 16.7785 2
    endloop
  endfacet
  facet normal -0.44222 -0.896907 0
    outer loop
      vertex 48.775 11.9854 2
      vertex 49.1563 11.7974 18.4
      vertex 48.775 11.9854 18.4
    endloop
  endfacet
  facet normal -0.44222 -0.896907 -0
    outer loop
      vertex 49.1563 11.7974 18.4
      vertex 48.775 11.9854 2
      vertex 49.1563 11.7974 2
    endloop
  endfacet
  facet normal -0.194985 0.980806 0
    outer loop
      vertex 49.9758 18.0222 2
      vertex 49.5588 17.9393 18.4
      vertex 49.9758 18.0222 18.4
    endloop
  endfacet
  facet normal -0.194985 0.980806 0
    outer loop
      vertex 49.5588 17.9393 18.4
      vertex 49.9758 18.0222 2
      vertex 49.5588 17.9393 2
    endloop
  endfacet
  facet normal -0.831471 -0.555568 0
    outer loop
      vertex 47.8216 12.8215 2
      vertex 47.5854 13.175 18.4
      vertex 47.5854 13.175 2
    endloop
  endfacet
  facet normal -0.831471 -0.555568 0
    outer loop
      vertex 47.5854 13.175 18.4
      vertex 47.8216 12.8215 2
      vertex 47.8216 12.8215 18.4
    endloop
  endfacet
  facet normal -0.896907 0.44222 0
    outer loop
      vertex 47.3974 16.0437 2
      vertex 47.5854 16.425 18.4
      vertex 47.5854 16.425 2
    endloop
  endfacet
  facet normal -0.896907 0.44222 0
    outer loop
      vertex 47.5854 16.425 18.4
      vertex 47.3974 16.0437 2
      vertex 47.3974 16.0437 18.4
    endloop
  endfacet
  facet normal -0.831471 0.555568 0
    outer loop
      vertex 47.5854 16.425 2
      vertex 47.8216 16.7785 18.4
      vertex 47.8216 16.7785 2
    endloop
  endfacet
  facet normal -0.831471 0.555568 0
    outer loop
      vertex 47.8216 16.7785 18.4
      vertex 47.5854 16.425 2
      vertex 47.5854 16.425 18.4
    endloop
  endfacet
  facet normal 0.751818 -0.65937 0
    outer loop
      vertex 52.6981 12.5019 18.4
      vertex 52.9784 12.8215 2
      vertex 52.9784 12.8215 18.4
    endloop
  endfacet
  facet normal 0.751818 -0.65937 0
    outer loop
      vertex 52.9784 12.8215 2
      vertex 52.6981 12.5019 18.4
      vertex 52.6981 12.5019 2
    endloop
  endfacet
  facet normal 0.65937 -0.751818 0
    outer loop
      vertex 52.3785 12.2216 2
      vertex 52.6981 12.5019 18.4
      vertex 52.3785 12.2216 18.4
    endloop
  endfacet
  facet normal 0.65937 -0.751818 0
    outer loop
      vertex 52.6981 12.5019 18.4
      vertex 52.3785 12.2216 2
      vertex 52.6981 12.5019 2
    endloop
  endfacet
  facet normal 0.896907 -0.44222 0
    outer loop
      vertex 53.2146 13.175 18.4
      vertex 53.4026 13.5563 2
      vertex 53.4026 13.5563 18.4
    endloop
  endfacet
  facet normal 0.896907 -0.44222 0
    outer loop
      vertex 53.4026 13.5563 2
      vertex 53.2146 13.175 18.4
      vertex 53.2146 13.175 2
    endloop
  endfacet
  facet normal -0.65937 0.751818 8.22717e-07
    outer loop
      vertex 48.4215 95.3784 18.4
      vertex 48.15 95.1403 4.99
      vertex 48.1019 95.0981 18.4
    endloop
  endfacet
  facet normal -0.659347 0.751839 0
    outer loop
      vertex 48.4215 95.3784 2
      vertex 48.15 95.1403 4.99
      vertex 48.4215 95.3784 18.4
    endloop
  endfacet
  facet normal -0.659347 0.751839 0
    outer loop
      vertex 48.15 95.1403 4.99
      vertex 48.4215 95.3784 2
      vertex 48.15 95.1403 2
    endloop
  endfacet
  facet normal -0.6595 0.751705 0
    outer loop
      vertex 48.1019 95.0981 18.4
      vertex 48.15 95.1403 4.99
      vertex 48.1019 95.0981 4.99
    endloop
  endfacet
  facet normal 0.0653948 -0.997859 0
    outer loop
      vertex 50.4 89.55 2
      vertex 50.8242 89.5778 18.4
      vertex 50.4 89.55 18.4
    endloop
  endfacet
  facet normal 0.0653948 -0.997859 0
    outer loop
      vertex 50.8242 89.5778 18.4
      vertex 50.4 89.55 2
      vertex 50.8242 89.5778 2
    endloop
  endfacet
  facet normal 0.751818 -0.65937 0
    outer loop
      vertex 52.6981 90.5019 18.4
      vertex 52.9784 90.8215 2
      vertex 52.9784 90.8215 18.4
    endloop
  endfacet
  facet normal 0.751818 -0.65937 0
    outer loop
      vertex 52.9784 90.8215 2
      vertex 52.6981 90.5019 18.4
      vertex 52.6981 90.5019 2
    endloop
  endfacet
  facet normal 0.997859 0.0653948 0
    outer loop
      vertex 53.65 92.8 18.4
      vertex 53.6222 93.2242 2
      vertex 53.6222 93.2242 18.4
    endloop
  endfacet
  facet normal 0.997859 0.0653948 0
    outer loop
      vertex 53.6222 93.2242 2
      vertex 53.65 92.8 18.4
      vertex 53.65 92.8 2
    endloop
  endfacet
  facet normal -0.751818 0.65937 0
    outer loop
      vertex 47.8216 94.7785 4.99
      vertex 48.1019 95.0981 18.4
      vertex 48.1019 95.0981 4.99
    endloop
  endfacet
  facet normal -0.751818 0.65937 0
    outer loop
      vertex 48.1019 95.0981 18.4
      vertex 47.8216 94.7785 4.99
      vertex 47.8216 94.7785 18.4
    endloop
  endfacet
  facet normal 0.980806 -0.194985 0
    outer loop
      vertex 53.5393 91.9588 18.4
      vertex 53.6222 92.3758 2
      vertex 53.6222 92.3758 18.4
    endloop
  endfacet
  facet normal 0.980806 -0.194985 0
    outer loop
      vertex 53.6222 92.3758 2
      vertex 53.5393 91.9588 18.4
      vertex 53.5393 91.9588 2
    endloop
  endfacet
  facet normal -0.94688 -0.321586 0
    outer loop
      vertex 47.3974 91.5563 2
      vertex 47.2607 91.9588 18.4
      vertex 47.2607 91.9588 2
    endloop
  endfacet
  facet normal -0.94688 -0.321586 0
    outer loop
      vertex 47.2607 91.9588 18.4
      vertex 47.3974 91.5563 2
      vertex 47.3974 91.5563 18.4
    endloop
  endfacet
  facet normal 0.44222 -0.896907 0
    outer loop
      vertex 51.6437 89.7974 2
      vertex 52.025 89.9854 18.4
      vertex 51.6437 89.7974 18.4
    endloop
  endfacet
  facet normal 0.44222 -0.896907 0
    outer loop
      vertex 52.025 89.9854 18.4
      vertex 51.6437 89.7974 2
      vertex 52.025 89.9854 2
    endloop
  endfacet
  facet normal 0.896907 0.44222 0
    outer loop
      vertex 53.4026 94.0437 18.4
      vertex 53.2146 94.425 2
      vertex 53.2146 94.425 18.4
    endloop
  endfacet
  facet normal 0.896907 0.44222 0
    outer loop
      vertex 53.2146 94.425 2
      vertex 53.4026 94.0437 18.4
      vertex 53.4026 94.0437 2
    endloop
  endfacet
  facet normal 0.980806 0.194985 0
    outer loop
      vertex 53.6222 93.2242 18.4
      vertex 53.5393 93.6412 2
      vertex 53.5393 93.6412 18.4
    endloop
  endfacet
  facet normal 0.980806 0.194985 0
    outer loop
      vertex 53.5393 93.6412 2
      vertex 53.6222 93.2242 18.4
      vertex 53.6222 93.2242 2
    endloop
  endfacet
  facet normal 0.997859 -0.0653948 0
    outer loop
      vertex 53.6222 92.3758 18.4
      vertex 53.65 92.8 2
      vertex 53.65 92.8 18.4
    endloop
  endfacet
  facet normal 0.997859 -0.0653948 0
    outer loop
      vertex 53.65 92.8 2
      vertex 53.6222 92.3758 18.4
      vertex 53.6222 92.3758 2
    endloop
  endfacet
  facet normal -0.980806 -0.194985 0
    outer loop
      vertex 47.2607 91.9588 2
      vertex 47.1778 92.3758 18.4
      vertex 47.1778 92.3758 2
    endloop
  endfacet
  facet normal -0.980806 -0.194985 0
    outer loop
      vertex 47.1778 92.3758 18.4
      vertex 47.2607 91.9588 2
      vertex 47.2607 91.9588 18.4
    endloop
  endfacet
  facet normal -0.44222 -0.896907 0
    outer loop
      vertex 48.775 89.9854 2
      vertex 49.1563 89.7974 18.4
      vertex 48.775 89.9854 18.4
    endloop
  endfacet
  facet normal -0.44222 -0.896907 -0
    outer loop
      vertex 49.1563 89.7974 18.4
      vertex 48.775 89.9854 2
      vertex 49.1563 89.7974 2
    endloop
  endfacet
  facet normal 0.194985 0.980806 -0
    outer loop
      vertex 51.2412 95.9393 2
      vertex 50.8242 96.0222 18.4
      vertex 51.2412 95.9393 18.4
    endloop
  endfacet
  facet normal 0.194985 0.980806 0
    outer loop
      vertex 50.8242 96.0222 18.4
      vertex 51.2412 95.9393 2
      vertex 50.8242 96.0222 2
    endloop
  endfacet
  facet normal 0.831471 -0.555568 0
    outer loop
      vertex 52.9784 90.8215 18.4
      vertex 53.2146 91.175 2
      vertex 53.2146 91.175 18.4
    endloop
  endfacet
  facet normal 0.831471 -0.555568 0
    outer loop
      vertex 53.2146 91.175 2
      vertex 52.9784 90.8215 18.4
      vertex 52.9784 90.8215 2
    endloop
  endfacet
  facet normal 0.555568 0.831471 -0
    outer loop
      vertex 52.3785 95.3784 2
      vertex 52.025 95.6146 18.4
      vertex 52.3785 95.3784 18.4
    endloop
  endfacet
  facet normal 0.555568 0.831471 0
    outer loop
      vertex 52.025 95.6146 18.4
      vertex 52.3785 95.3784 2
      vertex 52.025 95.6146 2
    endloop
  endfacet
  facet normal -0.997859 0.0653948 0
    outer loop
      vertex 47.15 92.8 2
      vertex 47.1778 93.2242 18.4
      vertex 47.1778 93.2242 2
    endloop
  endfacet
  facet normal -0.997859 0.0653948 0
    outer loop
      vertex 47.1778 93.2242 18.4
      vertex 47.15 92.8 2
      vertex 47.15 92.8 18.4
    endloop
  endfacet
  facet normal 0.831471 0.555568 0
    outer loop
      vertex 53.2146 94.425 18.4
      vertex 52.9784 94.7785 2
      vertex 52.9784 94.7785 18.4
    endloop
  endfacet
  facet normal 0.831471 0.555568 0
    outer loop
      vertex 52.9784 94.7785 2
      vertex 53.2146 94.425 18.4
      vertex 53.2146 94.425 2
    endloop
  endfacet
  facet normal 0.321586 -0.94688 0
    outer loop
      vertex 51.2412 89.6607 2
      vertex 51.6437 89.7974 18.4
      vertex 51.2412 89.6607 18.4
    endloop
  endfacet
  facet normal 0.321586 -0.94688 0
    outer loop
      vertex 51.6437 89.7974 18.4
      vertex 51.2412 89.6607 2
      vertex 51.6437 89.7974 2
    endloop
  endfacet
  facet normal 0.44222 0.896907 -0
    outer loop
      vertex 52.025 95.6146 2
      vertex 51.6437 95.8026 18.4
      vertex 52.025 95.6146 18.4
    endloop
  endfacet
  facet normal 0.44222 0.896907 0
    outer loop
      vertex 51.6437 95.8026 18.4
      vertex 52.025 95.6146 2
      vertex 51.6437 95.8026 2
    endloop
  endfacet
  facet normal -0.997859 -0.0653948 0
    outer loop
      vertex 47.1778 92.3758 2
      vertex 47.15 92.8 18.4
      vertex 47.15 92.8 2
    endloop
  endfacet
  facet normal -0.997859 -0.0653948 0
    outer loop
      vertex 47.15 92.8 18.4
      vertex 47.1778 92.3758 2
      vertex 47.1778 92.3758 18.4
    endloop
  endfacet
  facet normal 0.194985 -0.980806 0
    outer loop
      vertex 50.8242 89.5778 2
      vertex 51.2412 89.6607 18.4
      vertex 50.8242 89.5778 18.4
    endloop
  endfacet
  facet normal 0.194985 -0.980806 0
    outer loop
      vertex 51.2412 89.6607 18.4
      vertex 50.8242 89.5778 2
      vertex 51.2412 89.6607 2
    endloop
  endfacet
  facet normal -0.194985 -0.980806 0
    outer loop
      vertex 49.5588 89.6607 2
      vertex 49.9758 89.5778 18.4
      vertex 49.5588 89.6607 18.4
    endloop
  endfacet
  facet normal -0.194985 -0.980806 -0
    outer loop
      vertex 49.9758 89.5778 18.4
      vertex 49.5588 89.6607 2
      vertex 49.9758 89.5778 2
    endloop
  endfacet
  facet normal 0.94688 0.321586 0
    outer loop
      vertex 53.5393 93.6412 18.4
      vertex 53.4026 94.0437 2
      vertex 53.4026 94.0437 18.4
    endloop
  endfacet
  facet normal 0.94688 0.321586 0
    outer loop
      vertex 53.4026 94.0437 2
      vertex 53.5393 93.6412 18.4
      vertex 53.5393 93.6412 2
    endloop
  endfacet
  facet normal -0.44222 0.896907 0
    outer loop
      vertex 49.1563 95.8026 2
      vertex 48.775 95.6146 18.4
      vertex 49.1563 95.8026 18.4
    endloop
  endfacet
  facet normal -0.44222 0.896907 0
    outer loop
      vertex 48.775 95.6146 18.4
      vertex 49.1563 95.8026 2
      vertex 48.775 95.6146 2
    endloop
  endfacet
  facet normal -0.0653948 -0.997859 0
    outer loop
      vertex 49.9758 89.5778 2
      vertex 50.4 89.55 18.4
      vertex 49.9758 89.5778 18.4
    endloop
  endfacet
  facet normal -0.0653948 -0.997859 -0
    outer loop
      vertex 50.4 89.55 18.4
      vertex 49.9758 89.5778 2
      vertex 50.4 89.55 2
    endloop
  endfacet
  facet normal -0.321586 0.94688 0
    outer loop
      vertex 49.5588 95.9393 2
      vertex 49.1563 95.8026 18.4
      vertex 49.5588 95.9393 18.4
    endloop
  endfacet
  facet normal -0.321586 0.94688 0
    outer loop
      vertex 49.1563 95.8026 18.4
      vertex 49.5588 95.9393 2
      vertex 49.1563 95.8026 2
    endloop
  endfacet
  facet normal -0.0653948 0.997859 0
    outer loop
      vertex 50.4 96.05 2
      vertex 49.9758 96.0222 18.4
      vertex 50.4 96.05 18.4
    endloop
  endfacet
  facet normal -0.0653948 0.997859 0
    outer loop
      vertex 49.9758 96.0222 18.4
      vertex 50.4 96.05 2
      vertex 49.9758 96.0222 2
    endloop
  endfacet
  facet normal 0.65937 -0.751818 0
    outer loop
      vertex 52.3785 90.2216 2
      vertex 52.6981 90.5019 18.4
      vertex 52.3785 90.2216 18.4
    endloop
  endfacet
  facet normal 0.65937 -0.751818 0
    outer loop
      vertex 52.6981 90.5019 18.4
      vertex 52.3785 90.2216 2
      vertex 52.6981 90.5019 2
    endloop
  endfacet
  facet normal -0.980806 0.194985 0
    outer loop
      vertex 47.1778 93.2242 2
      vertex 47.2607 93.6412 18.4
      vertex 47.2607 93.6412 2
    endloop
  endfacet
  facet normal -0.980806 0.194985 0
    outer loop
      vertex 47.2607 93.6412 18.4
      vertex 47.1778 93.2242 2
      vertex 47.1778 93.2242 18.4
    endloop
  endfacet
  facet normal -0.896907 -0.44222 0
    outer loop
      vertex 47.5854 91.175 2
      vertex 47.3974 91.5563 18.4
      vertex 47.3974 91.5563 2
    endloop
  endfacet
  facet normal -0.896907 -0.44222 0
    outer loop
      vertex 47.3974 91.5563 18.4
      vertex 47.5854 91.175 2
      vertex 47.5854 91.175 18.4
    endloop
  endfacet
  facet normal -0.831538 0.555468 0
    outer loop
      vertex 47.6355 94.5 2
      vertex 47.5854 94.425 2
      vertex 47.6355 94.5 4.99
    endloop
  endfacet
  facet normal -0.831453 0.555596 0
    outer loop
      vertex 47.6355 94.5 4.99
      vertex 47.8216 94.7785 18.4
      vertex 47.8216 94.7785 4.99
    endloop
  endfacet
  facet normal -0.831538 0.555468 0
    outer loop
      vertex 47.5854 94.425 18.4
      vertex 47.6355 94.5 4.99
      vertex 47.5854 94.425 2
    endloop
  endfacet
  facet normal -0.831471 0.555568 8.15609e-07
    outer loop
      vertex 47.6355 94.5 4.99
      vertex 47.5854 94.425 18.4
      vertex 47.8216 94.7785 18.4
    endloop
  endfacet
  facet normal 0.0653948 0.997859 -0
    outer loop
      vertex 50.8242 96.0222 2
      vertex 50.4 96.05 18.4
      vertex 50.8242 96.0222 18.4
    endloop
  endfacet
  facet normal 0.0653948 0.997859 0
    outer loop
      vertex 50.4 96.05 18.4
      vertex 50.8242 96.0222 2
      vertex 50.4 96.05 2
    endloop
  endfacet
  facet normal 0.321586 0.94688 -0
    outer loop
      vertex 51.6437 95.8026 2
      vertex 51.2412 95.9393 18.4
      vertex 51.6437 95.8026 18.4
    endloop
  endfacet
  facet normal 0.321586 0.94688 0
    outer loop
      vertex 51.2412 95.9393 18.4
      vertex 51.6437 95.8026 2
      vertex 51.2412 95.9393 2
    endloop
  endfacet
  facet normal -0.555568 0.831471 0
    outer loop
      vertex 48.775 95.6146 2
      vertex 48.4215 95.3784 18.4
      vertex 48.775 95.6146 18.4
    endloop
  endfacet
  facet normal -0.555568 0.831471 0
    outer loop
      vertex 48.4215 95.3784 18.4
      vertex 48.775 95.6146 2
      vertex 48.4215 95.3784 2
    endloop
  endfacet
  facet normal 0.94688 -0.321586 0
    outer loop
      vertex 53.4026 91.5563 18.4
      vertex 53.5393 91.9588 2
      vertex 53.5393 91.9588 18.4
    endloop
  endfacet
  facet normal 0.94688 -0.321586 0
    outer loop
      vertex 53.5393 91.9588 2
      vertex 53.4026 91.5563 18.4
      vertex 53.4026 91.5563 2
    endloop
  endfacet
  facet normal 0.65937 0.751818 -0
    outer loop
      vertex 52.6981 95.0981 2
      vertex 52.3785 95.3784 18.4
      vertex 52.6981 95.0981 18.4
    endloop
  endfacet
  facet normal 0.65937 0.751818 0
    outer loop
      vertex 52.3785 95.3784 18.4
      vertex 52.6981 95.0981 2
      vertex 52.3785 95.3784 2
    endloop
  endfacet
  facet normal -0.94688 0.321586 0
    outer loop
      vertex 47.2607 93.6412 2
      vertex 47.3974 94.0437 18.4
      vertex 47.3974 94.0437 2
    endloop
  endfacet
  facet normal -0.94688 0.321586 0
    outer loop
      vertex 47.3974 94.0437 18.4
      vertex 47.2607 93.6412 2
      vertex 47.2607 93.6412 18.4
    endloop
  endfacet
  facet normal 0.751818 0.65937 0
    outer loop
      vertex 52.9784 94.7785 18.4
      vertex 52.6981 95.0981 2
      vertex 52.6981 95.0981 18.4
    endloop
  endfacet
  facet normal 0.751818 0.65937 0
    outer loop
      vertex 52.6981 95.0981 2
      vertex 52.9784 94.7785 18.4
      vertex 52.9784 94.7785 2
    endloop
  endfacet
  facet normal -0.65937 -0.751818 0
    outer loop
      vertex 48.1019 90.5019 2
      vertex 48.4215 90.2216 18.4
      vertex 48.1019 90.5019 18.4
    endloop
  endfacet
  facet normal -0.65937 -0.751818 -0
    outer loop
      vertex 48.4215 90.2216 18.4
      vertex 48.1019 90.5019 2
      vertex 48.4215 90.2216 2
    endloop
  endfacet
  facet normal -0.194985 0.980806 0
    outer loop
      vertex 49.9758 96.0222 2
      vertex 49.5588 95.9393 18.4
      vertex 49.9758 96.0222 18.4
    endloop
  endfacet
  facet normal -0.194985 0.980806 0
    outer loop
      vertex 49.5588 95.9393 18.4
      vertex 49.9758 96.0222 2
      vertex 49.5588 95.9393 2
    endloop
  endfacet
  facet normal -0.831471 -0.555568 0
    outer loop
      vertex 47.8216 90.8215 2
      vertex 47.5854 91.175 18.4
      vertex 47.5854 91.175 2
    endloop
  endfacet
  facet normal -0.831471 -0.555568 0
    outer loop
      vertex 47.5854 91.175 18.4
      vertex 47.8216 90.8215 2
      vertex 47.8216 90.8215 18.4
    endloop
  endfacet
  facet normal -0.751818 -0.65937 0
    outer loop
      vertex 48.1019 90.5019 2
      vertex 47.8216 90.8215 18.4
      vertex 47.8216 90.8215 2
    endloop
  endfacet
  facet normal -0.751818 -0.65937 0
    outer loop
      vertex 47.8216 90.8215 18.4
      vertex 48.1019 90.5019 2
      vertex 48.1019 90.5019 18.4
    endloop
  endfacet
  facet normal -0.896907 0.44222 0
    outer loop
      vertex 47.3974 94.0437 2
      vertex 47.5854 94.425 18.4
      vertex 47.5854 94.425 2
    endloop
  endfacet
  facet normal -0.896907 0.44222 0
    outer loop
      vertex 47.5854 94.425 18.4
      vertex 47.3974 94.0437 2
      vertex 47.3974 94.0437 18.4
    endloop
  endfacet
  facet normal -0.321586 -0.94688 0
    outer loop
      vertex 49.1563 89.7974 2
      vertex 49.5588 89.6607 18.4
      vertex 49.1563 89.7974 18.4
    endloop
  endfacet
  facet normal -0.321586 -0.94688 -0
    outer loop
      vertex 49.5588 89.6607 18.4
      vertex 49.1563 89.7974 2
      vertex 49.5588 89.6607 2
    endloop
  endfacet
  facet normal 0.555568 -0.831471 0
    outer loop
      vertex 52.025 89.9854 2
      vertex 52.3785 90.2216 18.4
      vertex 52.025 89.9854 18.4
    endloop
  endfacet
  facet normal 0.555568 -0.831471 0
    outer loop
      vertex 52.3785 90.2216 18.4
      vertex 52.025 89.9854 2
      vertex 52.3785 90.2216 2
    endloop
  endfacet
  facet normal 0.896907 -0.44222 0
    outer loop
      vertex 53.2146 91.175 18.4
      vertex 53.4026 91.5563 2
      vertex 53.4026 91.5563 18.4
    endloop
  endfacet
  facet normal 0.896907 -0.44222 0
    outer loop
      vertex 53.4026 91.5563 2
      vertex 53.2146 91.175 18.4
      vertex 53.2146 91.175 2
    endloop
  endfacet
  facet normal 0 0 1
    outer loop
      vertex 51.65 92.8 18.4
      vertex 53.65 92.8 18.4
      vertex 53.6222 93.2242 18.4
    endloop
  endfacet
  facet normal 0 0 1
    outer loop
      vertex 51.6393 92.9632 18.4
      vertex 53.6222 93.2242 18.4
      vertex 53.5393 93.6412 18.4
    endloop
  endfacet
  facet normal 0 0 1
    outer loop
      vertex 53.65 92.8 18.4
      vertex 51.65 92.8 18.4
      vertex 53.6222 92.3758 18.4
    endloop
  endfacet
  facet normal 0 0 1
    outer loop
      vertex 51.6074 93.1235 18.4
      vertex 53.5393 93.6412 18.4
      vertex 53.4026 94.0437 18.4
    endloop
  endfacet
  facet normal -0 0 1
    outer loop
      vertex 51.6393 92.6368 18.4
      vertex 53.6222 92.3758 18.4
      vertex 51.65 92.8 18.4
    endloop
  endfacet
  facet normal 0 0 1
    outer loop
      vertex 51.5548 93.2784 18.4
      vertex 53.4026 94.0437 18.4
      vertex 53.2146 94.425 18.4
    endloop
  endfacet
  facet normal 0 0 1
    outer loop
      vertex 53.6222 92.3758 18.4
      vertex 51.6393 92.6368 18.4
      vertex 53.5393 91.9588 18.4
    endloop
  endfacet
  facet normal 0 0 1
    outer loop
      vertex 51.4825 93.425 18.4
      vertex 53.2146 94.425 18.4
      vertex 52.9784 94.7785 18.4
    endloop
  endfacet
  facet normal -0 0 1
    outer loop
      vertex 51.6074 92.4765 18.4
      vertex 53.5393 91.9588 18.4
      vertex 51.6393 92.6368 18.4
    endloop
  endfacet
  facet normal 0 0 1
    outer loop
      vertex 51.3917 93.561 18.4
      vertex 52.9784 94.7785 18.4
      vertex 52.6981 95.0981 18.4
    endloop
  endfacet
  facet normal 0 0 1
    outer loop
      vertex 53.5393 91.9588 18.4
      vertex 51.6074 92.4765 18.4
      vertex 53.4026 91.5563 18.4
    endloop
  endfacet
  facet normal 0 0 1
    outer loop
      vertex 51.2839 93.6839 18.4
      vertex 52.6981 95.0981 18.4
      vertex 52.3785 95.3784 18.4
    endloop
  endfacet
  facet normal -0 0 1
    outer loop
      vertex 51.5548 92.3216 18.4
      vertex 53.4026 91.5563 18.4
      vertex 51.6074 92.4765 18.4
    endloop
  endfacet
  facet normal 0 0 1
    outer loop
      vertex 51.1609 93.7917 18.4
      vertex 52.3785 95.3784 18.4
      vertex 52.025 95.6146 18.4
    endloop
  endfacet
  facet normal 0 0 1
    outer loop
      vertex 53.4026 91.5563 18.4
      vertex 51.5548 92.3216 18.4
      vertex 53.2146 91.175 18.4
    endloop
  endfacet
  facet normal -0 0 1
    outer loop
      vertex 51.4825 92.175 18.4
      vertex 53.2146 91.175 18.4
      vertex 51.5548 92.3216 18.4
    endloop
  endfacet
  facet normal 0 0 1
    outer loop
      vertex 51.025 93.8825 18.4
      vertex 52.025 95.6146 18.4
      vertex 51.6437 95.8026 18.4
    endloop
  endfacet
  facet normal 0 0 1
    outer loop
      vertex 53.6222 93.2242 18.4
      vertex 51.6393 92.9632 18.4
      vertex 51.65 92.8 18.4
    endloop
  endfacet
  facet normal 0 0 1
    outer loop
      vertex 53.5393 93.6412 18.4
      vertex 51.6074 93.1235 18.4
      vertex 51.6393 92.9632 18.4
    endloop
  endfacet
  facet normal 0 0 1
    outer loop
      vertex 53.4026 94.0437 18.4
      vertex 51.5548 93.2784 18.4
      vertex 51.6074 93.1235 18.4
    endloop
  endfacet
  facet normal 0 0 1
    outer loop
      vertex 53.2146 94.425 18.4
      vertex 51.4825 93.425 18.4
      vertex 51.5548 93.2784 18.4
    endloop
  endfacet
  facet normal 0 0 1
    outer loop
      vertex 52.9784 94.7785 18.4
      vertex 51.3917 93.561 18.4
      vertex 51.4825 93.425 18.4
    endloop
  endfacet
  facet normal 0 0 1
    outer loop
      vertex 52.6981 95.0981 18.4
      vertex 51.2839 93.6839 18.4
      vertex 51.3917 93.561 18.4
    endloop
  endfacet
  facet normal 0 0 1
    outer loop
      vertex 50.8784 93.9548 18.4
      vertex 51.6437 95.8026 18.4
      vertex 51.2412 95.9393 18.4
    endloop
  endfacet
  facet normal 0 0 1
    outer loop
      vertex 52.3785 95.3784 18.4
      vertex 51.1609 93.7917 18.4
      vertex 51.2839 93.6839 18.4
    endloop
  endfacet
  facet normal 0 0 1
    outer loop
      vertex 52.025 95.6146 18.4
      vertex 51.025 93.8825 18.4
      vertex 51.1609 93.7917 18.4
    endloop
  endfacet
  facet normal 0 0 1
    outer loop
      vertex 51.6437 95.8026 18.4
      vertex 50.8784 93.9548 18.4
      vertex 51.025 93.8825 18.4
    endloop
  endfacet
  facet normal 0 0 1
    outer loop
      vertex 50.7235 94.0074 18.4
      vertex 51.2412 95.9393 18.4
      vertex 50.8242 96.0222 18.4
    endloop
  endfacet
  facet normal 0 0 1
    outer loop
      vertex 51.2412 95.9393 18.4
      vertex 50.7235 94.0074 18.4
      vertex 50.8784 93.9548 18.4
    endloop
  endfacet
  facet normal 0 0 1
    outer loop
      vertex 50.8242 96.0222 18.4
      vertex 50.5632 94.0393 18.4
      vertex 50.7235 94.0074 18.4
    endloop
  endfacet
  facet normal 0 0 1
    outer loop
      vertex 50.4 96.05 18.4
      vertex 50.5632 94.0393 18.4
      vertex 50.8242 96.0222 18.4
    endloop
  endfacet
  facet normal 0 0 1
    outer loop
      vertex 50.4 96.05 18.4
      vertex 50.4 94.05 18.4
      vertex 50.5632 94.0393 18.4
    endloop
  endfacet
  facet normal 0 0 1
    outer loop
      vertex 50.4 96.05 18.4
      vertex 50.2368 94.0393 18.4
      vertex 50.4 94.05 18.4
    endloop
  endfacet
  facet normal -0 0 1
    outer loop
      vertex 49.9758 96.0222 18.4
      vertex 50.2368 94.0393 18.4
      vertex 50.4 96.05 18.4
    endloop
  endfacet
  facet normal 0 0 1
    outer loop
      vertex 50.2368 94.0393 18.4
      vertex 49.9758 96.0222 18.4
      vertex 50.0765 94.0074 18.4
    endloop
  endfacet
  facet normal -0 0 1
    outer loop
      vertex 49.5588 95.9393 18.4
      vertex 50.0765 94.0074 18.4
      vertex 49.9758 96.0222 18.4
    endloop
  endfacet
  facet normal 0 0 1
    outer loop
      vertex 50.0765 94.0074 18.4
      vertex 49.5588 95.9393 18.4
      vertex 49.9216 93.9548 18.4
    endloop
  endfacet
  facet normal -0 0 1
    outer loop
      vertex 49.1563 95.8026 18.4
      vertex 49.9216 93.9548 18.4
      vertex 49.5588 95.9393 18.4
    endloop
  endfacet
  facet normal 0 0 1
    outer loop
      vertex 49.9216 93.9548 18.4
      vertex 49.1563 95.8026 18.4
      vertex 49.775 93.8825 18.4
    endloop
  endfacet
  facet normal -0 0 1
    outer loop
      vertex 48.775 95.6146 18.4
      vertex 49.775 93.8825 18.4
      vertex 49.1563 95.8026 18.4
    endloop
  endfacet
  facet normal 0 0 1
    outer loop
      vertex 49.775 93.8825 18.4
      vertex 48.775 95.6146 18.4
      vertex 49.639 93.7917 18.4
    endloop
  endfacet
  facet normal -0 0 1
    outer loop
      vertex 48.4215 95.3784 18.4
      vertex 49.639 93.7917 18.4
      vertex 48.775 95.6146 18.4
    endloop
  endfacet
  facet normal 0 0 1
    outer loop
      vertex 49.639 93.7917 18.4
      vertex 48.4215 95.3784 18.4
      vertex 49.5161 93.6839 18.4
    endloop
  endfacet
  facet normal -0 0 1
    outer loop
      vertex 48.1019 95.0981 18.4
      vertex 49.5161 93.6839 18.4
      vertex 48.4215 95.3784 18.4
    endloop
  endfacet
  facet normal 0 0 1
    outer loop
      vertex 49.5161 93.6839 18.4
      vertex 48.1019 95.0981 18.4
      vertex 49.4083 93.561 18.4
    endloop
  endfacet
  facet normal -0 0 1
    outer loop
      vertex 47.8216 94.7785 18.4
      vertex 49.4083 93.561 18.4
      vertex 48.1019 95.0981 18.4
    endloop
  endfacet
  facet normal 0 0 1
    outer loop
      vertex 49.4083 93.561 18.4
      vertex 47.8216 94.7785 18.4
      vertex 49.3175 93.425 18.4
    endloop
  endfacet
  facet normal -0 0 1
    outer loop
      vertex 47.5854 94.425 18.4
      vertex 49.3175 93.425 18.4
      vertex 47.8216 94.7785 18.4
    endloop
  endfacet
  facet normal 0 0 1
    outer loop
      vertex 53.2146 91.175 18.4
      vertex 51.4825 92.175 18.4
      vertex 52.9784 90.8215 18.4
    endloop
  endfacet
  facet normal -0 0 1
    outer loop
      vertex 51.3917 92.039 18.4
      vertex 52.9784 90.8215 18.4
      vertex 51.4825 92.175 18.4
    endloop
  endfacet
  facet normal 0 0 1
    outer loop
      vertex 52.9784 90.8215 18.4
      vertex 51.3917 92.039 18.4
      vertex 52.6981 90.5019 18.4
    endloop
  endfacet
  facet normal -0 0 1
    outer loop
      vertex 51.2839 91.9161 18.4
      vertex 52.6981 90.5019 18.4
      vertex 51.3917 92.039 18.4
    endloop
  endfacet
  facet normal 0 0 1
    outer loop
      vertex 52.6981 90.5019 18.4
      vertex 51.2839 91.9161 18.4
      vertex 52.3785 90.2216 18.4
    endloop
  endfacet
  facet normal -0 0 1
    outer loop
      vertex 51.1609 91.8083 18.4
      vertex 52.3785 90.2216 18.4
      vertex 51.2839 91.9161 18.4
    endloop
  endfacet
  facet normal 0 0 1
    outer loop
      vertex 52.3785 90.2216 18.4
      vertex 51.1609 91.8083 18.4
      vertex 52.025 89.9854 18.4
    endloop
  endfacet
  facet normal -0 0 1
    outer loop
      vertex 51.025 91.7175 18.4
      vertex 52.025 89.9854 18.4
      vertex 51.1609 91.8083 18.4
    endloop
  endfacet
  facet normal 0 0 1
    outer loop
      vertex 52.025 89.9854 18.4
      vertex 51.025 91.7175 18.4
      vertex 51.6437 89.7974 18.4
    endloop
  endfacet
  facet normal -0 0 1
    outer loop
      vertex 50.8784 91.6451 18.4
      vertex 51.6437 89.7974 18.4
      vertex 51.025 91.7175 18.4
    endloop
  endfacet
  facet normal 0 0 1
    outer loop
      vertex 51.6437 89.7974 18.4
      vertex 50.8784 91.6451 18.4
      vertex 51.2412 89.6607 18.4
    endloop
  endfacet
  facet normal -0 0 1
    outer loop
      vertex 50.7235 91.5926 18.4
      vertex 51.2412 89.6607 18.4
      vertex 50.8784 91.6451 18.4
    endloop
  endfacet
  facet normal 0 0 1
    outer loop
      vertex 51.2412 89.6607 18.4
      vertex 50.7235 91.5926 18.4
      vertex 50.8242 89.5778 18.4
    endloop
  endfacet
  facet normal -0 0 1
    outer loop
      vertex 50.5632 91.5607 18.4
      vertex 50.8242 89.5778 18.4
      vertex 50.7235 91.5926 18.4
    endloop
  endfacet
  facet normal -0 0 1
    outer loop
      vertex 50.4 91.55 18.4
      vertex 50.8242 89.5778 18.4
      vertex 50.5632 91.5607 18.4
    endloop
  endfacet
  facet normal 0 0 1
    outer loop
      vertex 50.4 91.55 18.4
      vertex 50.4 89.55 18.4
      vertex 50.8242 89.5778 18.4
    endloop
  endfacet
  facet normal 0 0 1
    outer loop
      vertex 50.2368 91.5607 18.4
      vertex 50.4 89.55 18.4
      vertex 50.4 91.55 18.4
    endloop
  endfacet
  facet normal 0 0 1
    outer loop
      vertex 49.9758 89.5778 18.4
      vertex 50.2368 91.5607 18.4
      vertex 50.0765 91.5926 18.4
    endloop
  endfacet
  facet normal 0 0 1
    outer loop
      vertex 50.2368 91.5607 18.4
      vertex 49.9758 89.5778 18.4
      vertex 50.4 89.55 18.4
    endloop
  endfacet
  facet normal 0 0 1
    outer loop
      vertex 49.5588 89.6607 18.4
      vertex 50.0765 91.5926 18.4
      vertex 49.9216 91.6451 18.4
    endloop
  endfacet
  facet normal 0 0 1
    outer loop
      vertex 49.1563 89.7974 18.4
      vertex 49.9216 91.6451 18.4
      vertex 49.775 91.7175 18.4
    endloop
  endfacet
  facet normal 0 0 1
    outer loop
      vertex 48.775 89.9854 18.4
      vertex 49.775 91.7175 18.4
      vertex 49.639 91.8083 18.4
    endloop
  endfacet
  facet normal 0 0 1
    outer loop
      vertex 50.0765 91.5926 18.4
      vertex 49.5588 89.6607 18.4
      vertex 49.9758 89.5778 18.4
    endloop
  endfacet
  facet normal 0 0 1
    outer loop
      vertex 48.4215 90.2216 18.4
      vertex 49.639 91.8083 18.4
      vertex 49.5161 91.9161 18.4
    endloop
  endfacet
  facet normal 0 0 1
    outer loop
      vertex 48.1019 90.5019 18.4
      vertex 49.5161 91.9161 18.4
      vertex 49.4083 92.039 18.4
    endloop
  endfacet
  facet normal 0 0 1
    outer loop
      vertex 47.8216 90.8215 18.4
      vertex 49.4083 92.039 18.4
      vertex 49.3175 92.175 18.4
    endloop
  endfacet
  facet normal 0 0 1
    outer loop
      vertex 47.5854 91.175 18.4
      vertex 49.3175 92.175 18.4
      vertex 49.2452 92.3216 18.4
    endloop
  endfacet
  facet normal 0 0 1
    outer loop
      vertex 47.3974 91.5563 18.4
      vertex 49.2452 92.3216 18.4
      vertex 49.1926 92.4765 18.4
    endloop
  endfacet
  facet normal 0 0 1
    outer loop
      vertex 47.2607 91.9588 18.4
      vertex 49.1926 92.4765 18.4
      vertex 49.1607 92.6368 18.4
    endloop
  endfacet
  facet normal 0 0 1
    outer loop
      vertex 49.9216 91.6451 18.4
      vertex 49.1563 89.7974 18.4
      vertex 49.5588 89.6607 18.4
    endloop
  endfacet
  facet normal 0 0 1
    outer loop
      vertex 47.1778 92.3758 18.4
      vertex 49.1607 92.6368 18.4
      vertex 49.15 92.8 18.4
    endloop
  endfacet
  facet normal 0 0 1
    outer loop
      vertex 49.3175 93.425 18.4
      vertex 47.5854 94.425 18.4
      vertex 49.2452 93.2784 18.4
    endloop
  endfacet
  facet normal 0 0 1
    outer loop
      vertex 49.775 91.7175 18.4
      vertex 48.775 89.9854 18.4
      vertex 49.1563 89.7974 18.4
    endloop
  endfacet
  facet normal -0 0 1
    outer loop
      vertex 47.3974 94.0437 18.4
      vertex 49.2452 93.2784 18.4
      vertex 47.5854 94.425 18.4
    endloop
  endfacet
  facet normal 0 0 1
    outer loop
      vertex 49.639 91.8083 18.4
      vertex 48.4215 90.2216 18.4
      vertex 48.775 89.9854 18.4
    endloop
  endfacet
  facet normal 0 0 1
    outer loop
      vertex 49.2452 93.2784 18.4
      vertex 47.3974 94.0437 18.4
      vertex 49.1926 93.1235 18.4
    endloop
  endfacet
  facet normal 0 0 1
    outer loop
      vertex 49.5161 91.9161 18.4
      vertex 48.1019 90.5019 18.4
      vertex 48.4215 90.2216 18.4
    endloop
  endfacet
  facet normal -0 0 1
    outer loop
      vertex 47.2607 93.6412 18.4
      vertex 49.1926 93.1235 18.4
      vertex 47.3974 94.0437 18.4
    endloop
  endfacet
  facet normal 0 0 1
    outer loop
      vertex 49.4083 92.039 18.4
      vertex 47.8216 90.8215 18.4
      vertex 48.1019 90.5019 18.4
    endloop
  endfacet
  facet normal 0 0 1
    outer loop
      vertex 49.1926 93.1235 18.4
      vertex 47.2607 93.6412 18.4
      vertex 49.1607 92.9632 18.4
    endloop
  endfacet
  facet normal 0 0 1
    outer loop
      vertex 49.3175 92.175 18.4
      vertex 47.5854 91.175 18.4
      vertex 47.8216 90.8215 18.4
    endloop
  endfacet
  facet normal -0 0 1
    outer loop
      vertex 47.1778 93.2242 18.4
      vertex 49.1607 92.9632 18.4
      vertex 47.2607 93.6412 18.4
    endloop
  endfacet
  facet normal 0 0 1
    outer loop
      vertex 49.2452 92.3216 18.4
      vertex 47.3974 91.5563 18.4
      vertex 47.5854 91.175 18.4
    endloop
  endfacet
  facet normal 0 0 1
    outer loop
      vertex 49.1607 92.9632 18.4
      vertex 47.1778 93.2242 18.4
      vertex 49.15 92.8 18.4
    endloop
  endfacet
  facet normal 0 0 1
    outer loop
      vertex 49.1926 92.4765 18.4
      vertex 47.2607 91.9588 18.4
      vertex 47.3974 91.5563 18.4
    endloop
  endfacet
  facet normal 0 0 1
    outer loop
      vertex 47.15 92.8 18.4
      vertex 49.15 92.8 18.4
      vertex 47.1778 93.2242 18.4
    endloop
  endfacet
  facet normal 0 0 1
    outer loop
      vertex 49.1607 92.6368 18.4
      vertex 47.1778 92.3758 18.4
      vertex 47.2607 91.9588 18.4
    endloop
  endfacet
  facet normal 0 0 1
    outer loop
      vertex 49.15 92.8 18.4
      vertex 47.15 92.8 18.4
      vertex 47.1778 92.3758 18.4
    endloop
  endfacet
  facet normal -0.555568 -0.831471 0
    outer loop
      vertex 48.4215 90.2216 2
      vertex 48.775 89.9854 18.4
      vertex 48.4215 90.2216 18.4
    endloop
  endfacet
  facet normal -0.555568 -0.831471 -0
    outer loop
      vertex 48.775 89.9854 18.4
      vertex 48.4215 90.2216 2
      vertex 48.775 89.9854 2
    endloop
  endfacet
  facet normal 0.896936 0.44216 0
    outer loop
      vertex 79.7716 8.14805 20.99
      vertex 79.5981 8.5 2
      vertex 79.5981 8.5 20.99
    endloop
  endfacet
  facet normal 0.896936 0.44216 0
    outer loop
      vertex 79.5981 8.5 2
      vertex 79.7716 8.14805 20.99
      vertex 79.7716 8.14805 2
    endloop
  endfacet
  facet normal 0.997853 0.0654906 0
    outer loop
      vertex 80 7 20.99
      vertex 79.9743 7.39158 2
      vertex 79.9743 7.39158 20.99
    endloop
  endfacet
  facet normal 0.997853 0.0654906 0
    outer loop
      vertex 79.9743 7.39158 2
      vertex 80 7 20.99
      vertex 80 7 2
    endloop
  endfacet
  facet normal -0.751768 0.659428 0
    outer loop
      vertex 74.6199 8.82628 2
      vertex 74.8787 9.12132 20.99
      vertex 74.8787 9.12132 2
    endloop
  endfacet
  facet normal -0.751768 0.659428 0
    outer loop
      vertex 74.8787 9.12132 20.99
      vertex 74.6199 8.82628 2
      vertex 74.6199 8.82628 20.99
    endloop
  endfacet
  facet normal 0.980813 0.19495 0
    outer loop
      vertex 79.9743 7.39158 20.99
      vertex 79.8978 7.77646 2
      vertex 79.8978 7.77646 20.99
    endloop
  endfacet
  facet normal 0.980813 0.19495 0
    outer loop
      vertex 79.8978 7.77646 2
      vertex 79.9743 7.39158 20.99
      vertex 79.9743 7.39158 2
    endloop
  endfacet
  facet normal 0.442233 0.8969 -0
    outer loop
      vertex 78.5 9.59808 2
      vertex 78.148 9.77164 20.99
      vertex 78.5 9.59808 20.99
    endloop
  endfacet
  facet normal 0.442233 0.8969 0
    outer loop
      vertex 78.148 9.77164 20.99
      vertex 78.5 9.59808 2
      vertex 78.148 9.77164 2
    endloop
  endfacet
  facet normal -0.980813 0.19495 0
    outer loop
      vertex 74.0257 7.39158 2
      vertex 74.1022 7.77646 20.99
      vertex 74.1022 7.77646 2
    endloop
  endfacet
  facet normal -0.980813 0.19495 0
    outer loop
      vertex 74.1022 7.77646 20.99
      vertex 74.0257 7.39158 2
      vertex 74.0257 7.39158 20.99
    endloop
  endfacet
  facet normal 0.982958 -0.18383 0
    outer loop
      vertex 79.9743 6.60842 20.99
      vertex 79.6922 5.1 15.99
      vertex 79.9743 6.60842 2
    endloop
  endfacet
  facet normal 0.982952 -0.183864 1.07497e-05
    outer loop
      vertex 79.1871 2.39999 20.99
      vertex 79.6922 5.1 15.99
      vertex 79.9743 6.60842 20.99
    endloop
  endfacet
  facet normal 0.982948 -0.183883 0
    outer loop
      vertex 79.6922 5.1 15.99
      vertex 79.1871 2.39999 20.99
      vertex 79.1871 2.39999 15.99
    endloop
  endfacet
  facet normal 0.982958 -0.18383 0
    outer loop
      vertex 79.9743 6.60842 2
      vertex 79.6922 5.1 15.99
      vertex 79.6922 5.1 2
    endloop
  endfacet
  facet normal 0.555558 0.831477 -0
    outer loop
      vertex 78.8263 9.38006 2
      vertex 78.5 9.59808 20.99
      vertex 78.8263 9.38006 20.99
    endloop
  endfacet
  facet normal 0.555558 0.831477 0
    outer loop
      vertex 78.5 9.59808 20.99
      vertex 78.8263 9.38006 2
      vertex 78.5 9.59808 2
    endloop
  endfacet
  facet normal -0.659392 0.751799 0
    outer loop
      vertex 75.1737 9.38006 2
      vertex 74.8787 9.12132 20.99
      vertex 75.1737 9.38006 20.99
    endloop
  endfacet
  facet normal -0.659392 0.751799 0
    outer loop
      vertex 74.8787 9.12132 20.99
      vertex 75.1737 9.38006 2
      vertex 74.8787 9.12132 2
    endloop
  endfacet
  facet normal 0.751768 0.659428 0
    outer loop
      vertex 79.3801 8.82628 20.99
      vertex 79.1213 9.12132 2
      vertex 79.1213 9.12132 20.99
    endloop
  endfacet
  facet normal 0.751768 0.659428 0
    outer loop
      vertex 79.1213 9.12132 2
      vertex 79.3801 8.82628 20.99
      vertex 79.3801 8.82628 2
    endloop
  endfacet
  facet normal -0.982958 -0.18383 -0
    outer loop
      vertex 74.3078 5.1 15.99
      vertex 74.0257 6.60842 2
      vertex 74.3078 5.1 2
    endloop
  endfacet
  facet normal -0.982958 -0.18383 0
    outer loop
      vertex 74.0257 6.60842 2
      vertex 74.3078 5.1 15.99
      vertex 74.0257 6.60842 20.99
    endloop
  endfacet
  facet normal -0.982948 -0.183883 -0
    outer loop
      vertex 74.8129 2.39999 20.99
      vertex 74.3078 5.1 15.99
      vertex 74.8129 2.39999 15.99
    endloop
  endfacet
  facet normal -0.982952 -0.183864 1.07497e-05
    outer loop
      vertex 74.3078 5.1 15.99
      vertex 74.8129 2.39999 20.99
      vertex 74.0257 6.60842 20.99
    endloop
  endfacet
  facet normal 0.321514 0.946905 -0
    outer loop
      vertex 78.148 9.77164 2
      vertex 77.7765 9.89778 20.99
      vertex 78.148 9.77164 20.99
    endloop
  endfacet
  facet normal 0.321514 0.946905 0
    outer loop
      vertex 77.7765 9.89778 20.99
      vertex 78.148 9.77164 2
      vertex 77.7765 9.89778 2
    endloop
  endfacet
  facet normal -0.896936 0.44216 0
    outer loop
      vertex 74.2284 8.14805 2
      vertex 74.4019 8.5 20.99
      vertex 74.4019 8.5 2
    endloop
  endfacet
  facet normal -0.896936 0.44216 0
    outer loop
      vertex 74.4019 8.5 20.99
      vertex 74.2284 8.14805 2
      vertex 74.2284 8.14805 20.99
    endloop
  endfacet
  facet normal 0.946882 0.321582 0
    outer loop
      vertex 79.8978 7.77646 20.99
      vertex 79.7716 8.14805 2
      vertex 79.7716 8.14805 20.99
    endloop
  endfacet
  facet normal 0.946882 0.321582 0
    outer loop
      vertex 79.7716 8.14805 2
      vertex 79.8978 7.77646 20.99
      vertex 79.8978 7.77646 2
    endloop
  endfacet
  facet normal -0.997853 0.0654906 0
    outer loop
      vertex 74 7 2
      vertex 74.0257 7.39158 20.99
      vertex 74.0257 7.39158 2
    endloop
  endfacet
  facet normal -0.997853 0.0654906 0
    outer loop
      vertex 74.0257 7.39158 20.99
      vertex 74 7 2
      vertex 74 7 20.99
    endloop
  endfacet
  facet normal 0.831485 0.555547 0
    outer loop
      vertex 79.5981 8.5 20.99
      vertex 79.3801 8.82628 2
      vertex 79.3801 8.82628 20.99
    endloop
  endfacet
  facet normal 0.831485 0.555547 0
    outer loop
      vertex 79.3801 8.82628 2
      vertex 79.5981 8.5 20.99
      vertex 79.5981 8.5 2
    endloop
  endfacet
  facet normal -0.555558 0.831477 0
    outer loop
      vertex 75.5 9.59808 2
      vertex 75.1737 9.38006 20.99
      vertex 75.5 9.59808 20.99
    endloop
  endfacet
  facet normal -0.555558 0.831477 0
    outer loop
      vertex 75.1737 9.38006 20.99
      vertex 75.5 9.59808 2
      vertex 75.1737 9.38006 2
    endloop
  endfacet
  facet normal 0.195062 0.980791 -0
    outer loop
      vertex 77.7765 9.89778 2
      vertex 77.3916 9.97433 20.99
      vertex 77.7765 9.89778 20.99
    endloop
  endfacet
  facet normal 0.195062 0.980791 0
    outer loop
      vertex 77.3916 9.97433 20.99
      vertex 77.7765 9.89778 2
      vertex 77.3916 9.97433 2
    endloop
  endfacet
  facet normal 0.0654112 0.997858 -0
    outer loop
      vertex 77.3916 9.97433 2
      vertex 77 10 20.99
      vertex 77.3916 9.97433 20.99
    endloop
  endfacet
  facet normal 0.0654112 0.997858 0
    outer loop
      vertex 77 10 20.99
      vertex 77.3916 9.97433 2
      vertex 77 10 2
    endloop
  endfacet
  facet normal -0.831485 0.555547 0
    outer loop
      vertex 74.4019 8.5 2
      vertex 74.6199 8.82628 20.99
      vertex 74.6199 8.82628 2
    endloop
  endfacet
  facet normal -0.831485 0.555547 0
    outer loop
      vertex 74.6199 8.82628 20.99
      vertex 74.4019 8.5 2
      vertex 74.4019 8.5 20.99
    endloop
  endfacet
  facet normal 0.997853 -0.0654906 0
    outer loop
      vertex 79.9743 6.60842 20.99
      vertex 80 7 2
      vertex 80 7 20.99
    endloop
  endfacet
  facet normal 0.997853 -0.0654906 0
    outer loop
      vertex 80 7 2
      vertex 79.9743 6.60842 20.99
      vertex 79.9743 6.60842 2
    endloop
  endfacet
  facet normal -0.0654112 0.997858 0
    outer loop
      vertex 77 10 2
      vertex 76.6084 9.97433 20.99
      vertex 77 10 20.99
    endloop
  endfacet
  facet normal -0.0654112 0.997858 0
    outer loop
      vertex 76.6084 9.97433 20.99
      vertex 77 10 2
      vertex 76.6084 9.97433 2
    endloop
  endfacet
  facet normal -0.321514 0.946905 0
    outer loop
      vertex 76.2235 9.89778 2
      vertex 75.852 9.77164 20.99
      vertex 76.2235 9.89778 20.99
    endloop
  endfacet
  facet normal -0.321514 0.946905 0
    outer loop
      vertex 75.852 9.77164 20.99
      vertex 76.2235 9.89778 2
      vertex 75.852 9.77164 2
    endloop
  endfacet
  facet normal -0.997853 -0.0654906 0
    outer loop
      vertex 74.0257 6.60842 2
      vertex 74 7 20.99
      vertex 74 7 2
    endloop
  endfacet
  facet normal -0.997853 -0.0654906 0
    outer loop
      vertex 74 7 20.99
      vertex 74.0257 6.60842 2
      vertex 74.0257 6.60842 20.99
    endloop
  endfacet
  facet normal -0.195062 0.980791 0
    outer loop
      vertex 76.6084 9.97433 2
      vertex 76.2235 9.89778 20.99
      vertex 76.6084 9.97433 20.99
    endloop
  endfacet
  facet normal -0.195062 0.980791 0
    outer loop
      vertex 76.2235 9.89778 20.99
      vertex 76.6084 9.97433 2
      vertex 76.2235 9.89778 2
    endloop
  endfacet
  facet normal 0.659392 0.751799 -0
    outer loop
      vertex 79.1213 9.12132 2
      vertex 78.8263 9.38006 20.99
      vertex 79.1213 9.12132 20.99
    endloop
  endfacet
  facet normal 0.659392 0.751799 0
    outer loop
      vertex 78.8263 9.38006 20.99
      vertex 79.1213 9.12132 2
      vertex 78.8263 9.38006 2
    endloop
  endfacet
  facet normal -0.442233 0.8969 0
    outer loop
      vertex 75.852 9.77164 2
      vertex 75.5 9.59808 20.99
      vertex 75.852 9.77164 20.99
    endloop
  endfacet
  facet normal -0.442233 0.8969 0
    outer loop
      vertex 75.5 9.59808 20.99
      vertex 75.852 9.77164 2
      vertex 75.5 9.59808 2
    endloop
  endfacet
  facet normal -0.946882 0.321582 0
    outer loop
      vertex 74.1022 7.77646 2
      vertex 74.2284 8.14805 20.99
      vertex 74.2284 8.14805 2
    endloop
  endfacet
  facet normal -0.946882 0.321582 0
    outer loop
      vertex 74.2284 8.14805 20.99
      vertex 74.1022 7.77646 2
      vertex 74.1022 7.77646 20.99
    endloop
  endfacet
  facet normal 0 0 1
    outer loop
      vertex 79.9743 7.39158 20.99
      vertex 78.2393 7.16316 20.99
      vertex 78.25 7 20.99
    endloop
  endfacet
  facet normal 0 0 1
    outer loop
      vertex 78.8263 9.38006 20.99
      vertex 78.2074 7.32352 20.99
      vertex 78.2393 7.16316 20.99
    endloop
  endfacet
  facet normal 0 0 1
    outer loop
      vertex 78.8263 9.38006 20.99
      vertex 78.1548 7.47835 20.99
      vertex 78.2074 7.32352 20.99
    endloop
  endfacet
  facet normal 0 0 1
    outer loop
      vertex 77.625 8.08253 20.99
      vertex 78.5 9.59808 20.99
      vertex 78.148 9.77164 20.99
    endloop
  endfacet
  facet normal 0 0 1
    outer loop
      vertex 78.8263 9.38006 20.99
      vertex 78.0825 7.625 20.99
      vertex 78.1548 7.47835 20.99
    endloop
  endfacet
  facet normal 0 0 1
    outer loop
      vertex 78.8263 9.38006 20.99
      vertex 77.9917 7.76095 20.99
      vertex 78.0825 7.625 20.99
    endloop
  endfacet
  facet normal 0 0 1
    outer loop
      vertex 78.8263 9.38006 20.99
      vertex 77.8839 7.88388 20.99
      vertex 77.9917 7.76095 20.99
    endloop
  endfacet
  facet normal 0 0 1
    outer loop
      vertex 77.4784 8.15485 20.99
      vertex 78.148 9.77164 20.99
      vertex 77.7765 9.89778 20.99
    endloop
  endfacet
  facet normal 0 0 1
    outer loop
      vertex 78.8263 9.38006 20.99
      vertex 77.7609 7.99169 20.99
      vertex 77.8839 7.88388 20.99
    endloop
  endfacet
  facet normal 0 0 1
    outer loop
      vertex 78.5 9.59808 20.99
      vertex 77.625 8.08253 20.99
      vertex 77.7609 7.99169 20.99
    endloop
  endfacet
  facet normal 0 0 1
    outer loop
      vertex 78.148 9.77164 20.99
      vertex 77.4784 8.15485 20.99
      vertex 77.625 8.08253 20.99
    endloop
  endfacet
  facet normal 0 0 1
    outer loop
      vertex 77.3235 8.20741 20.99
      vertex 77.7765 9.89778 20.99
      vertex 77.3916 9.97433 20.99
    endloop
  endfacet
  facet normal 0 0 1
    outer loop
      vertex 77.7765 9.89778 20.99
      vertex 77.3235 8.20741 20.99
      vertex 77.4784 8.15485 20.99
    endloop
  endfacet
  facet normal 0 0 1
    outer loop
      vertex 77.3916 9.97433 20.99
      vertex 77.1632 8.23931 20.99
      vertex 77.3235 8.20741 20.99
    endloop
  endfacet
  facet normal 0 0 1
    outer loop
      vertex 77 10 20.99
      vertex 77.1632 8.23931 20.99
      vertex 77.3916 9.97433 20.99
    endloop
  endfacet
  facet normal 0 0 1
    outer loop
      vertex 77 10 20.99
      vertex 77 8.25 20.99
      vertex 77.1632 8.23931 20.99
    endloop
  endfacet
  facet normal 0 0 1
    outer loop
      vertex 77 10 20.99
      vertex 76.8368 8.23931 20.99
      vertex 77 8.25 20.99
    endloop
  endfacet
  facet normal -0 0 1
    outer loop
      vertex 76.6084 9.97433 20.99
      vertex 76.8368 8.23931 20.99
      vertex 77 10 20.99
    endloop
  endfacet
  facet normal 0 0 1
    outer loop
      vertex 76.8368 8.23931 20.99
      vertex 76.6084 9.97433 20.99
      vertex 76.6765 8.20741 20.99
    endloop
  endfacet
  facet normal -0 0 1
    outer loop
      vertex 76.2235 9.89778 20.99
      vertex 76.6765 8.20741 20.99
      vertex 76.6084 9.97433 20.99
    endloop
  endfacet
  facet normal 0 0 1
    outer loop
      vertex 76.6765 8.20741 20.99
      vertex 76.2235 9.89778 20.99
      vertex 76.5216 8.15485 20.99
    endloop
  endfacet
  facet normal -0 0 1
    outer loop
      vertex 75.852 9.77164 20.99
      vertex 76.5216 8.15485 20.99
      vertex 76.2235 9.89778 20.99
    endloop
  endfacet
  facet normal 0 0 1
    outer loop
      vertex 76.5216 8.15485 20.99
      vertex 75.852 9.77164 20.99
      vertex 76.375 8.08253 20.99
    endloop
  endfacet
  facet normal -0 0 1
    outer loop
      vertex 75.5 9.59808 20.99
      vertex 76.375 8.08253 20.99
      vertex 75.852 9.77164 20.99
    endloop
  endfacet
  facet normal 0 0 1
    outer loop
      vertex 76.375 8.08253 20.99
      vertex 75.5 9.59808 20.99
      vertex 76.239 7.99169 20.99
    endloop
  endfacet
  facet normal -0 0 1
    outer loop
      vertex 75.1737 9.38006 20.99
      vertex 76.239 7.99169 20.99
      vertex 75.5 9.59808 20.99
    endloop
  endfacet
  facet normal 0 0 1
    outer loop
      vertex 76.239 7.99169 20.99
      vertex 75.1737 9.38006 20.99
      vertex 76.1161 7.88388 20.99
    endloop
  endfacet
  facet normal -0 0 1
    outer loop
      vertex 74.8787 9.12132 20.99
      vertex 76.1161 7.88388 20.99
      vertex 75.1737 9.38006 20.99
    endloop
  endfacet
  facet normal 0 0 1
    outer loop
      vertex 76.1161 7.88388 20.99
      vertex 74.8787 9.12132 20.99
      vertex 76.0083 7.76095 20.99
    endloop
  endfacet
  facet normal -0 0 1
    outer loop
      vertex 74.6199 8.82628 20.99
      vertex 76.0083 7.76095 20.99
      vertex 74.8787 9.12132 20.99
    endloop
  endfacet
  facet normal 0 0 1
    outer loop
      vertex 76.0083 7.76095 20.99
      vertex 74.6199 8.82628 20.99
      vertex 75.9175 7.625 20.99
    endloop
  endfacet
  facet normal -0 0 1
    outer loop
      vertex 74.4019 8.5 20.99
      vertex 75.9175 7.625 20.99
      vertex 74.6199 8.82628 20.99
    endloop
  endfacet
  facet normal 0 0 1
    outer loop
      vertex 78.25 7 20.99
      vertex 80 7 20.99
      vertex 79.9743 7.39158 20.99
    endloop
  endfacet
  facet normal 0 0 1
    outer loop
      vertex 78.2393 7.16316 20.99
      vertex 79.9743 7.39158 20.99
      vertex 79.8978 7.77646 20.99
    endloop
  endfacet
  facet normal 0 0 1
    outer loop
      vertex 78.2393 7.16316 20.99
      vertex 79.8978 7.77646 20.99
      vertex 79.7716 8.14805 20.99
    endloop
  endfacet
  facet normal 0 0 1
    outer loop
      vertex 78.2393 7.16316 20.99
      vertex 79.7716 8.14805 20.99
      vertex 79.5981 8.5 20.99
    endloop
  endfacet
  facet normal 0 0 1
    outer loop
      vertex 78.2393 7.16316 20.99
      vertex 79.5981 8.5 20.99
      vertex 79.3801 8.82628 20.99
    endloop
  endfacet
  facet normal 0 0 1
    outer loop
      vertex 80 7 20.99
      vertex 78.25 7 20.99
      vertex 79.9743 6.60842 20.99
    endloop
  endfacet
  facet normal 0 0 1
    outer loop
      vertex 78.2393 7.16316 20.99
      vertex 79.3801 8.82628 20.99
      vertex 79.1213 9.12132 20.99
    endloop
  endfacet
  facet normal 0 0 1
    outer loop
      vertex 78.2393 7.16316 20.99
      vertex 79.1213 9.12132 20.99
      vertex 78.8263 9.38006 20.99
    endloop
  endfacet
  facet normal 0 0 1
    outer loop
      vertex 77.7609 7.99169 20.99
      vertex 78.8263 9.38006 20.99
      vertex 78.5 9.59808 20.99
    endloop
  endfacet
  facet normal 0 0 1
    outer loop
      vertex 79.9743 6.60842 20.99
      vertex 78.25 7 20.99
      vertex 78.2393 6.83684 20.99
    endloop
  endfacet
  facet normal 0 0 1
    outer loop
      vertex 79.9743 6.60842 20.99
      vertex 78.2393 6.83684 20.99
      vertex 78.2074 6.67648 20.99
    endloop
  endfacet
  facet normal 0 0 1
    outer loop
      vertex 78.1548 6.52165 20.99
      vertex 79.9743 6.60842 20.99
      vertex 78.2074 6.67648 20.99
    endloop
  endfacet
  facet normal 0 0 1
    outer loop
      vertex 78.0825 6.375 20.99
      vertex 79.9743 6.60842 20.99
      vertex 78.1548 6.52165 20.99
    endloop
  endfacet
  facet normal 0 0 1
    outer loop
      vertex 77.9917 6.23905 20.99
      vertex 79.9743 6.60842 20.99
      vertex 78.0825 6.375 20.99
    endloop
  endfacet
  facet normal 0 0 1
    outer loop
      vertex 77.8839 6.11612 20.99
      vertex 79.9743 6.60842 20.99
      vertex 77.9917 6.23905 20.99
    endloop
  endfacet
  facet normal 0 0 1
    outer loop
      vertex 79.9743 6.60842 20.99
      vertex 77.8839 6.11612 20.99
      vertex 79.1871 2.39999 20.99
    endloop
  endfacet
  facet normal -0 0 1
    outer loop
      vertex 77.7609 6.00831 20.99
      vertex 79.1871 2.39999 20.99
      vertex 77.8839 6.11612 20.99
    endloop
  endfacet
  facet normal -0 0 1
    outer loop
      vertex 77.625 5.91747 20.99
      vertex 79.1871 2.39999 20.99
      vertex 77.7609 6.00831 20.99
    endloop
  endfacet
  facet normal -0 0 1
    outer loop
      vertex 77.4784 5.84515 20.99
      vertex 79.1871 2.39999 20.99
      vertex 77.625 5.91747 20.99
    endloop
  endfacet
  facet normal -0 0 1
    outer loop
      vertex 77.3235 5.79259 20.99
      vertex 79.1871 2.39999 20.99
      vertex 77.4784 5.84515 20.99
    endloop
  endfacet
  facet normal -0 0 1
    outer loop
      vertex 77.1632 5.76069 20.99
      vertex 79.1871 2.39999 20.99
      vertex 77.3235 5.79259 20.99
    endloop
  endfacet
  facet normal -0 0 1
    outer loop
      vertex 77 5.75 20.99
      vertex 79.1871 2.39999 20.99
      vertex 77.1632 5.76069 20.99
    endloop
  endfacet
  facet normal 0 0 1
    outer loop
      vertex 74.8129 2.39999 20.99
      vertex 77 5.75 20.99
      vertex 76.8368 5.76069 20.99
    endloop
  endfacet
  facet normal 0 0 1
    outer loop
      vertex 74.8129 2.39999 20.99
      vertex 76.8368 5.76069 20.99
      vertex 76.6765 5.79259 20.99
    endloop
  endfacet
  facet normal 0 0 1
    outer loop
      vertex 74.8129 2.39999 20.99
      vertex 76.6765 5.79259 20.99
      vertex 76.5216 5.84515 20.99
    endloop
  endfacet
  facet normal 0 0 1
    outer loop
      vertex 74.8129 2.39999 20.99
      vertex 76.5216 5.84515 20.99
      vertex 76.375 5.91747 20.99
    endloop
  endfacet
  facet normal 0 0 1
    outer loop
      vertex 74.8129 2.39999 20.99
      vertex 76.375 5.91747 20.99
      vertex 76.239 6.00831 20.99
    endloop
  endfacet
  facet normal 0 0 1
    outer loop
      vertex 74.8129 2.39999 20.99
      vertex 76.239 6.00831 20.99
      vertex 76.1161 6.11612 20.99
    endloop
  endfacet
  facet normal 0 0 1
    outer loop
      vertex 74.0257 6.60842 20.99
      vertex 76.1161 6.11612 20.99
      vertex 76.0083 6.23905 20.99
    endloop
  endfacet
  facet normal 0 0 1
    outer loop
      vertex 75.9175 7.625 20.99
      vertex 74.4019 8.5 20.99
      vertex 75.8452 7.47835 20.99
    endloop
  endfacet
  facet normal -0 0 1
    outer loop
      vertex 74.2284 8.14805 20.99
      vertex 75.8452 7.47835 20.99
      vertex 74.4019 8.5 20.99
    endloop
  endfacet
  facet normal 0 0 1
    outer loop
      vertex 75.8452 7.47835 20.99
      vertex 74.2284 8.14805 20.99
      vertex 75.7926 7.32352 20.99
    endloop
  endfacet
  facet normal -0 0 1
    outer loop
      vertex 74.1022 7.77646 20.99
      vertex 75.7926 7.32352 20.99
      vertex 74.2284 8.14805 20.99
    endloop
  endfacet
  facet normal 0 0 1
    outer loop
      vertex 75.7926 7.32352 20.99
      vertex 74.1022 7.77646 20.99
      vertex 75.7607 7.16316 20.99
    endloop
  endfacet
  facet normal 0 0 1
    outer loop
      vertex 77 5.75 20.99
      vertex 74.8129 2.39999 20.99
      vertex 79.1871 2.39999 20.99
    endloop
  endfacet
  facet normal 0 0 1
    outer loop
      vertex 74.0257 6.60842 20.99
      vertex 76.0083 6.23905 20.99
      vertex 75.9175 6.375 20.99
    endloop
  endfacet
  facet normal 0 0 1
    outer loop
      vertex 74.0257 6.60842 20.99
      vertex 75.9175 6.375 20.99
      vertex 75.8452 6.52165 20.99
    endloop
  endfacet
  facet normal -0 0 1
    outer loop
      vertex 74.0257 7.39158 20.99
      vertex 75.7607 7.16316 20.99
      vertex 74.1022 7.77646 20.99
    endloop
  endfacet
  facet normal 0 0 1
    outer loop
      vertex 75.7607 7.16316 20.99
      vertex 74.0257 7.39158 20.99
      vertex 75.75 7 20.99
    endloop
  endfacet
  facet normal 0 0 1
    outer loop
      vertex 74 7 20.99
      vertex 75.75 7 20.99
      vertex 74.0257 7.39158 20.99
    endloop
  endfacet
  facet normal 0 0 1
    outer loop
      vertex 75.75 7 20.99
      vertex 74 7 20.99
      vertex 75.7607 6.83684 20.99
    endloop
  endfacet
  facet normal 0 -0 1
    outer loop
      vertex 74.0257 6.60842 20.99
      vertex 75.7607 6.83684 20.99
      vertex 74 7 20.99
    endloop
  endfacet
  facet normal 0 0 1
    outer loop
      vertex 75.7607 6.83684 20.99
      vertex 74.0257 6.60842 20.99
      vertex 75.7926 6.67648 20.99
    endloop
  endfacet
  facet normal 0 0 1
    outer loop
      vertex 76.1161 6.11612 20.99
      vertex 74.0257 6.60842 20.99
      vertex 74.8129 2.39999 20.99
    endloop
  endfacet
  facet normal 0 0 1
    outer loop
      vertex 75.7926 6.67648 20.99
      vertex 74.0257 6.60842 20.99
      vertex 75.8452 6.52165 20.99
    endloop
  endfacet
  facet normal -0.997853 -0.0654873 0
    outer loop
      vertex 74.0257 92.6084 5.99
      vertex 74 93 20.99
      vertex 74 93 5.99
    endloop
  endfacet
  facet normal -0.997853 -0.0654873 0
    outer loop
      vertex 74 93 20.99
      vertex 74.0257 92.6084 5.99
      vertex 74.0257 92.6084 20.99
    endloop
  endfacet
  facet normal 0.751724 -0.659478 0
    outer loop
      vertex 79.1213 90.8787 20.99
      vertex 79.3801 91.1737 2
      vertex 79.3801 91.1737 20.99
    endloop
  endfacet
  facet normal 0.751724 -0.659478 0
    outer loop
      vertex 79.3801 91.1737 2
      vertex 79.1213 90.8787 20.99
      vertex 79.1213 90.8787 2
    endloop
  endfacet
  facet normal -0.659478 -0.751724 0
    outer loop
      vertex 74.8787 90.8787 2
      vertex 75.1737 90.6199 20.99
      vertex 74.8787 90.8787 20.99
    endloop
  endfacet
  facet normal -0.659478 -0.751724 -0
    outer loop
      vertex 75.1737 90.6199 20.99
      vertex 74.8787 90.8787 2
      vertex 75.1737 90.6199 2
    endloop
  endfacet
  facet normal -0.555523 -0.831501 0
    outer loop
      vertex 75.1737 90.6199 2
      vertex 75.5 90.4019 20.99
      vertex 75.1737 90.6199 20.99
    endloop
  endfacet
  facet normal -0.555523 -0.831501 -0
    outer loop
      vertex 75.5 90.4019 20.99
      vertex 75.1737 90.6199 2
      vertex 75.5 90.4019 2
    endloop
  endfacet
  facet normal 0.997853 0.0654873 0
    outer loop
      vertex 80 93 20.99
      vertex 79.9743 93.3916 2
      vertex 79.9743 93.3916 20.99
    endloop
  endfacet
  facet normal 0.997853 0.0654873 0
    outer loop
      vertex 79.9743 93.3916 2
      vertex 80 93 20.99
      vertex 80 93 2
    endloop
  endfacet
  facet normal 0.896961 -0.44211 0
    outer loop
      vertex 79.5981 91.5 20.99
      vertex 79.7716 91.852 2
      vertex 79.7716 91.852 20.99
    endloop
  endfacet
  facet normal 0.896961 -0.44211 0
    outer loop
      vertex 79.7716 91.852 2
      vertex 79.5981 91.5 20.99
      vertex 79.5981 91.5 2
    endloop
  endfacet
  facet normal -0.982952 0.183863 0
    outer loop
      vertex 74.5 95.9272 5.99
      vertex 74.8129 97.6 2
      vertex 74.5 95.9272 2
    endloop
  endfacet
  facet normal -0.982952 0.183863 0
    outer loop
      vertex 74.8129 97.6 2
      vertex 74.5 95.9272 5.99
      vertex 74.8129 97.6 20.99
    endloop
  endfacet
  facet normal -0.982951 0.183867 0
    outer loop
      vertex 74.0257 93.3916 20.99
      vertex 74.5 95.9272 5.99
      vertex 74.0257 93.3916 5.99
    endloop
  endfacet
  facet normal -0.982951 0.183865 -3.08311e-07
    outer loop
      vertex 74.5 95.9272 5.99
      vertex 74.0257 93.3916 20.99
      vertex 74.8129 97.6 20.99
    endloop
  endfacet
  facet normal -0.751724 -0.659478 0
    outer loop
      vertex 74.8787 90.8787 2
      vertex 74.6199 91.1737 20.99
      vertex 74.6199 91.1737 2
    endloop
  endfacet
  facet normal -0.751724 -0.659478 0
    outer loop
      vertex 74.6199 91.1737 20.99
      vertex 74.8787 90.8787 2
      vertex 74.8787 90.8787 20.99
    endloop
  endfacet
  facet normal 0.321651 -0.946858 0
    outer loop
      vertex 77.7765 90.1022 2
      vertex 78.148 90.2284 20.99
      vertex 77.7765 90.1022 20.99
    endloop
  endfacet
  facet normal 0.321651 -0.946858 0
    outer loop
      vertex 78.148 90.2284 20.99
      vertex 77.7765 90.1022 2
      vertex 78.148 90.2284 2
    endloop
  endfacet
  facet normal -0.896961 -0.44211 0
    outer loop
      vertex 74.4019 91.5 5.99
      vertex 74.2284 91.852 20.99
      vertex 74.2284 91.852 5.99
    endloop
  endfacet
  facet normal -0.896961 -0.44211 0
    outer loop
      vertex 74.2284 91.852 20.99
      vertex 74.4019 91.5 5.99
      vertex 74.4019 91.5 20.99
    endloop
  endfacet
  facet normal 0.982951 0.183865 0
    outer loop
      vertex 79.9743 93.3916 20.99
      vertex 79.1871 97.6 2
      vertex 79.1871 97.6 20.99
    endloop
  endfacet
  facet normal 0.982951 0.183865 0
    outer loop
      vertex 79.1871 97.6 2
      vertex 79.9743 93.3916 20.99
      vertex 79.9743 93.3916 2
    endloop
  endfacet
  facet normal 0.946858 -0.321651 0
    outer loop
      vertex 79.7716 91.852 20.99
      vertex 79.8978 92.2235 2
      vertex 79.8978 92.2235 20.99
    endloop
  endfacet
  facet normal 0.946858 -0.321651 0
    outer loop
      vertex 79.8978 92.2235 2
      vertex 79.7716 91.852 20.99
      vertex 79.7716 91.852 2
    endloop
  endfacet
  facet normal -0.946858 -0.321651 0
    outer loop
      vertex 74.2284 91.852 5.99
      vertex 74.1022 92.2235 20.99
      vertex 74.1022 92.2235 5.99
    endloop
  endfacet
  facet normal -0.946858 -0.321651 0
    outer loop
      vertex 74.1022 92.2235 20.99
      vertex 74.2284 91.852 5.99
      vertex 74.2284 91.852 20.99
    endloop
  endfacet
  facet normal 0 0 1
    outer loop
      vertex 78.25 93 20.99
      vertex 80 93 20.99
      vertex 79.9743 93.3916 20.99
    endloop
  endfacet
  facet normal 0 0 1
    outer loop
      vertex 80 93 20.99
      vertex 78.25 93 20.99
      vertex 79.9743 92.6084 20.99
    endloop
  endfacet
  facet normal 0 0 1
    outer loop
      vertex 79.9743 92.6084 20.99
      vertex 78.2393 92.8368 20.99
      vertex 79.8978 92.2235 20.99
    endloop
  endfacet
  facet normal -0 0 1
    outer loop
      vertex 78.2074 92.6765 20.99
      vertex 79.8978 92.2235 20.99
      vertex 78.2393 92.8368 20.99
    endloop
  endfacet
  facet normal -0 0 1
    outer loop
      vertex 78.1548 92.5216 20.99
      vertex 79.7716 91.852 20.99
      vertex 78.2074 92.6765 20.99
    endloop
  endfacet
  facet normal -0 0 1
    outer loop
      vertex 77.8839 93.8839 20.99
      vertex 79.9743 93.3916 20.99
      vertex 79.1871 97.6 20.99
    endloop
  endfacet
  facet normal 0 -0 1
    outer loop
      vertex 78.2393 93.1632 20.99
      vertex 79.9743 93.3916 20.99
      vertex 78.2074 93.3235 20.99
    endloop
  endfacet
  facet normal 0 0 1
    outer loop
      vertex 79.9743 92.6084 20.99
      vertex 78.25 93 20.99
      vertex 78.2393 92.8368 20.99
    endloop
  endfacet
  facet normal 0 0 1
    outer loop
      vertex 79.8978 92.2235 20.99
      vertex 78.2074 92.6765 20.99
      vertex 79.7716 91.852 20.99
    endloop
  endfacet
  facet normal -0 0 1
    outer loop
      vertex 78.0825 92.375 20.99
      vertex 79.5981 91.5 20.99
      vertex 78.1548 92.5216 20.99
    endloop
  endfacet
  facet normal 0 0 1
    outer loop
      vertex 79.7716 91.852 20.99
      vertex 78.1548 92.5216 20.99
      vertex 79.5981 91.5 20.99
    endloop
  endfacet
  facet normal 0 -0 1
    outer loop
      vertex 78.25 93 20.99
      vertex 79.9743 93.3916 20.99
      vertex 78.2393 93.1632 20.99
    endloop
  endfacet
  facet normal 0 0 1
    outer loop
      vertex 79.9743 93.3916 20.99
      vertex 78.1548 93.4784 20.99
      vertex 78.2074 93.3235 20.99
    endloop
  endfacet
  facet normal 0 0 1
    outer loop
      vertex 79.9743 93.3916 20.99
      vertex 78.0825 93.625 20.99
      vertex 78.1548 93.4784 20.99
    endloop
  endfacet
  facet normal 0 0 1
    outer loop
      vertex 79.9743 93.3916 20.99
      vertex 77.9917 93.7609 20.99
      vertex 78.0825 93.625 20.99
    endloop
  endfacet
  facet normal 0 0 1
    outer loop
      vertex 79.9743 93.3916 20.99
      vertex 77.8839 93.8839 20.99
      vertex 77.9917 93.7609 20.99
    endloop
  endfacet
  facet normal 0 0 1
    outer loop
      vertex 79.1871 97.6 20.99
      vertex 77.7609 93.9917 20.99
      vertex 77.8839 93.8839 20.99
    endloop
  endfacet
  facet normal 0 0 1
    outer loop
      vertex 79.1871 97.6 20.99
      vertex 77.625 94.0825 20.99
      vertex 77.7609 93.9917 20.99
    endloop
  endfacet
  facet normal 0 0 1
    outer loop
      vertex 79.1871 97.6 20.99
      vertex 77.4784 94.1548 20.99
      vertex 77.625 94.0825 20.99
    endloop
  endfacet
  facet normal 0 0 1
    outer loop
      vertex 79.1871 97.6 20.99
      vertex 77.3235 94.2074 20.99
      vertex 77.4784 94.1548 20.99
    endloop
  endfacet
  facet normal 0 0 1
    outer loop
      vertex 79.1871 97.6 20.99
      vertex 77.1632 94.2393 20.99
      vertex 77.3235 94.2074 20.99
    endloop
  endfacet
  facet normal 0 0 1
    outer loop
      vertex 79.1871 97.6 20.99
      vertex 77 94.25 20.99
      vertex 77.1632 94.2393 20.99
    endloop
  endfacet
  facet normal -0 0 1
    outer loop
      vertex 74.8129 97.6 20.99
      vertex 77 94.25 20.99
      vertex 79.1871 97.6 20.99
    endloop
  endfacet
  facet normal 0 0 1
    outer loop
      vertex 77 94.25 20.99
      vertex 74.8129 97.6 20.99
      vertex 76.8368 94.2393 20.99
    endloop
  endfacet
  facet normal 0 0 1
    outer loop
      vertex 76.8368 94.2393 20.99
      vertex 74.8129 97.6 20.99
      vertex 76.6765 94.2074 20.99
    endloop
  endfacet
  facet normal 0 0 1
    outer loop
      vertex 76.6765 94.2074 20.99
      vertex 74.8129 97.6 20.99
      vertex 76.5216 94.1548 20.99
    endloop
  endfacet
  facet normal 0 0 1
    outer loop
      vertex 76.5216 94.1548 20.99
      vertex 74.8129 97.6 20.99
      vertex 76.375 94.0825 20.99
    endloop
  endfacet
  facet normal 0 0 1
    outer loop
      vertex 76.375 94.0825 20.99
      vertex 74.8129 97.6 20.99
      vertex 76.239 93.9917 20.99
    endloop
  endfacet
  facet normal 0 0 1
    outer loop
      vertex 76.239 93.9917 20.99
      vertex 74.8129 97.6 20.99
      vertex 76.1161 93.8839 20.99
    endloop
  endfacet
  facet normal 0 0 1
    outer loop
      vertex 74 93 20.99
      vertex 75.75 93 20.99
      vertex 75.7607 93.1632 20.99
    endloop
  endfacet
  facet normal 0 0 1
    outer loop
      vertex 75.75 93 20.99
      vertex 75.1737 90.6199 20.99
      vertex 75.5 90.4019 20.99
    endloop
  endfacet
  facet normal 0 0 1
    outer loop
      vertex 74.0257 93.3916 20.99
      vertex 75.7607 93.1632 20.99
      vertex 75.7926 93.3235 20.99
    endloop
  endfacet
  facet normal 0 0 1
    outer loop
      vertex 75.75 93 20.99
      vertex 74.8787 90.8787 20.99
      vertex 75.1737 90.6199 20.99
    endloop
  endfacet
  facet normal -0 0 1
    outer loop
      vertex 74.0257 93.3916 20.99
      vertex 75.7926 93.3235 20.99
      vertex 75.8452 93.4784 20.99
    endloop
  endfacet
  facet normal 0 0 1
    outer loop
      vertex 74.0257 93.3916 20.99
      vertex 76.1161 93.8839 20.99
      vertex 74.8129 97.6 20.99
    endloop
  endfacet
  facet normal 0 0 1
    outer loop
      vertex 76.1161 93.8839 20.99
      vertex 74.0257 93.3916 20.99
      vertex 76.0083 93.7609 20.99
    endloop
  endfacet
  facet normal 0 0 1
    outer loop
      vertex 76.0083 93.7609 20.99
      vertex 74.0257 93.3916 20.99
      vertex 75.9175 93.625 20.99
    endloop
  endfacet
  facet normal 0 0 1
    outer loop
      vertex 75.9175 93.625 20.99
      vertex 74.0257 93.3916 20.99
      vertex 75.8452 93.4784 20.99
    endloop
  endfacet
  facet normal 0 0 1
    outer loop
      vertex 75.7607 93.1632 20.99
      vertex 74.0257 93.3916 20.99
      vertex 74 93 20.99
    endloop
  endfacet
  facet normal 0 0 1
    outer loop
      vertex 75.75 93 20.99
      vertex 74.6199 91.1737 20.99
      vertex 74.8787 90.8787 20.99
    endloop
  endfacet
  facet normal 0 0 1
    outer loop
      vertex 75.75 93 20.99
      vertex 74.4019 91.5 20.99
      vertex 74.6199 91.1737 20.99
    endloop
  endfacet
  facet normal 0 0 1
    outer loop
      vertex 75.75 93 20.99
      vertex 74.2284 91.852 20.99
      vertex 74.4019 91.5 20.99
    endloop
  endfacet
  facet normal 0 0 1
    outer loop
      vertex 75.75 93 20.99
      vertex 74.1022 92.2235 20.99
      vertex 74.2284 91.852 20.99
    endloop
  endfacet
  facet normal 0 0 1
    outer loop
      vertex 75.75 93 20.99
      vertex 74.0257 92.6084 20.99
      vertex 74.1022 92.2235 20.99
    endloop
  endfacet
  facet normal 0 0 1
    outer loop
      vertex 75.75 93 20.99
      vertex 74 93 20.99
      vertex 74.0257 92.6084 20.99
    endloop
  endfacet
  facet normal 0 0 1
    outer loop
      vertex 79.5981 91.5 20.99
      vertex 78.0825 92.375 20.99
      vertex 79.3801 91.1737 20.99
    endloop
  endfacet
  facet normal -0 0 1
    outer loop
      vertex 77.9917 92.239 20.99
      vertex 79.3801 91.1737 20.99
      vertex 78.0825 92.375 20.99
    endloop
  endfacet
  facet normal 0 0 1
    outer loop
      vertex 79.3801 91.1737 20.99
      vertex 77.9917 92.239 20.99
      vertex 79.1213 90.8787 20.99
    endloop
  endfacet
  facet normal -0 0 1
    outer loop
      vertex 77.8839 92.1161 20.99
      vertex 79.1213 90.8787 20.99
      vertex 77.9917 92.239 20.99
    endloop
  endfacet
  facet normal 0 0 1
    outer loop
      vertex 79.1213 90.8787 20.99
      vertex 77.8839 92.1161 20.99
      vertex 78.8263 90.6199 20.99
    endloop
  endfacet
  facet normal -0 0 1
    outer loop
      vertex 77.7609 92.0083 20.99
      vertex 78.8263 90.6199 20.99
      vertex 77.8839 92.1161 20.99
    endloop
  endfacet
  facet normal 0 0 1
    outer loop
      vertex 78.8263 90.6199 20.99
      vertex 77.7609 92.0083 20.99
      vertex 78.5 90.4019 20.99
    endloop
  endfacet
  facet normal -0 0 1
    outer loop
      vertex 77.625 91.9175 20.99
      vertex 78.5 90.4019 20.99
      vertex 77.7609 92.0083 20.99
    endloop
  endfacet
  facet normal 0 0 1
    outer loop
      vertex 78.5 90.4019 20.99
      vertex 77.625 91.9175 20.99
      vertex 78.148 90.2284 20.99
    endloop
  endfacet
  facet normal -0 0 1
    outer loop
      vertex 77.4784 91.8452 20.99
      vertex 78.148 90.2284 20.99
      vertex 77.625 91.9175 20.99
    endloop
  endfacet
  facet normal 0 0 1
    outer loop
      vertex 78.148 90.2284 20.99
      vertex 77.4784 91.8452 20.99
      vertex 77.7765 90.1022 20.99
    endloop
  endfacet
  facet normal -0 0 1
    outer loop
      vertex 77.3235 91.7926 20.99
      vertex 77.7765 90.1022 20.99
      vertex 77.4784 91.8452 20.99
    endloop
  endfacet
  facet normal 0 0 1
    outer loop
      vertex 77.7765 90.1022 20.99
      vertex 77.3235 91.7926 20.99
      vertex 77.3916 90.0257 20.99
    endloop
  endfacet
  facet normal -0 0 1
    outer loop
      vertex 77.1632 91.7607 20.99
      vertex 77.3916 90.0257 20.99
      vertex 77.3235 91.7926 20.99
    endloop
  endfacet
  facet normal -0 0 1
    outer loop
      vertex 77 91.75 20.99
      vertex 77.3916 90.0257 20.99
      vertex 77.1632 91.7607 20.99
    endloop
  endfacet
  facet normal 0 0 1
    outer loop
      vertex 77 91.75 20.99
      vertex 77 90 20.99
      vertex 77.3916 90.0257 20.99
    endloop
  endfacet
  facet normal 0 0 1
    outer loop
      vertex 76.8368 91.7607 20.99
      vertex 77 90 20.99
      vertex 77 91.75 20.99
    endloop
  endfacet
  facet normal 0 0 1
    outer loop
      vertex 76.6084 90.0257 20.99
      vertex 76.8368 91.7607 20.99
      vertex 76.6765 91.7926 20.99
    endloop
  endfacet
  facet normal 0 0 1
    outer loop
      vertex 76.8368 91.7607 20.99
      vertex 76.6084 90.0257 20.99
      vertex 77 90 20.99
    endloop
  endfacet
  facet normal 0 0 1
    outer loop
      vertex 76.2235 90.1022 20.99
      vertex 76.6765 91.7926 20.99
      vertex 76.5216 91.8452 20.99
    endloop
  endfacet
  facet normal 0 0 1
    outer loop
      vertex 75.852 90.2284 20.99
      vertex 76.5216 91.8452 20.99
      vertex 76.375 91.9175 20.99
    endloop
  endfacet
  facet normal 0 0 1
    outer loop
      vertex 75.5 90.4019 20.99
      vertex 76.375 91.9175 20.99
      vertex 76.239 92.0083 20.99
    endloop
  endfacet
  facet normal 0 0 1
    outer loop
      vertex 76.6765 91.7926 20.99
      vertex 76.2235 90.1022 20.99
      vertex 76.6084 90.0257 20.99
    endloop
  endfacet
  facet normal 0 0 1
    outer loop
      vertex 75.5 90.4019 20.99
      vertex 76.239 92.0083 20.99
      vertex 76.1161 92.1161 20.99
    endloop
  endfacet
  facet normal 0 0 1
    outer loop
      vertex 75.5 90.4019 20.99
      vertex 76.1161 92.1161 20.99
      vertex 76.0083 92.239 20.99
    endloop
  endfacet
  facet normal 0 0 1
    outer loop
      vertex 75.5 90.4019 20.99
      vertex 76.0083 92.239 20.99
      vertex 75.9175 92.375 20.99
    endloop
  endfacet
  facet normal 0 0 1
    outer loop
      vertex 76.5216 91.8452 20.99
      vertex 75.852 90.2284 20.99
      vertex 76.2235 90.1022 20.99
    endloop
  endfacet
  facet normal 0 0 1
    outer loop
      vertex 75.5 90.4019 20.99
      vertex 75.9175 92.375 20.99
      vertex 75.8452 92.5216 20.99
    endloop
  endfacet
  facet normal 0 0 1
    outer loop
      vertex 75.5 90.4019 20.99
      vertex 75.8452 92.5216 20.99
      vertex 75.7926 92.6765 20.99
    endloop
  endfacet
  facet normal 0 0 1
    outer loop
      vertex 75.5 90.4019 20.99
      vertex 75.7926 92.6765 20.99
      vertex 75.7607 92.8368 20.99
    endloop
  endfacet
  facet normal 0 0 1
    outer loop
      vertex 75.5 90.4019 20.99
      vertex 75.7607 92.8368 20.99
      vertex 75.75 93 20.99
    endloop
  endfacet
  facet normal 0 0 1
    outer loop
      vertex 76.375 91.9175 20.99
      vertex 75.5 90.4019 20.99
      vertex 75.852 90.2284 20.99
    endloop
  endfacet
  facet normal -0.0654873 -0.997853 0
    outer loop
      vertex 76.6084 90.0257 2
      vertex 77 90 20.99
      vertex 76.6084 90.0257 20.99
    endloop
  endfacet
  facet normal -0.0654873 -0.997853 -0
    outer loop
      vertex 77 90 20.99
      vertex 76.6084 90.0257 2
      vertex 77 90 2
    endloop
  endfacet
  facet normal -0.831551 -0.555448 0
    outer loop
      vertex 74.5 91.3532 2
      vertex 74.6199 91.1737 2
      vertex 74.5 91.3532 5.99
    endloop
  endfacet
  facet normal -0.83144 -0.555615 0
    outer loop
      vertex 74.5 91.3532 5.99
      vertex 74.4019 91.5 20.99
      vertex 74.4019 91.5 5.99
    endloop
  endfacet
  facet normal -0.831551 -0.555448 -0
    outer loop
      vertex 74.6199 91.1737 20.99
      vertex 74.5 91.3532 5.99
      vertex 74.6199 91.1737 2
    endloop
  endfacet
  facet normal -0.831501 -0.555523 -1.29622e-06
    outer loop
      vertex 74.5 91.3532 5.99
      vertex 74.6199 91.1737 20.99
      vertex 74.4019 91.5 20.99
    endloop
  endfacet
  facet normal -0.980815 -0.19494 0
    outer loop
      vertex 74.1022 92.2235 5.99
      vertex 74.0257 92.6084 20.99
      vertex 74.0257 92.6084 5.99
    endloop
  endfacet
  facet normal -0.980815 -0.19494 0
    outer loop
      vertex 74.0257 92.6084 20.99
      vertex 74.1022 92.2235 5.99
      vertex 74.1022 92.2235 20.99
    endloop
  endfacet
  facet normal 0.555523 -0.831501 0
    outer loop
      vertex 78.5 90.4019 2
      vertex 78.8263 90.6199 20.99
      vertex 78.5 90.4019 20.99
    endloop
  endfacet
  facet normal 0.555523 -0.831501 0
    outer loop
      vertex 78.8263 90.6199 20.99
      vertex 78.5 90.4019 2
      vertex 78.8263 90.6199 2
    endloop
  endfacet
  facet normal -0.321651 -0.946858 0
    outer loop
      vertex 75.852 90.2284 2
      vertex 76.2235 90.1022 20.99
      vertex 75.852 90.2284 20.99
    endloop
  endfacet
  facet normal -0.321651 -0.946858 -0
    outer loop
      vertex 76.2235 90.1022 20.99
      vertex 75.852 90.2284 2
      vertex 76.2235 90.1022 2
    endloop
  endfacet
  facet normal 0.19494 -0.980815 0
    outer loop
      vertex 77.3916 90.0257 2
      vertex 77.7765 90.1022 20.99
      vertex 77.3916 90.0257 20.99
    endloop
  endfacet
  facet normal 0.19494 -0.980815 0
    outer loop
      vertex 77.7765 90.1022 20.99
      vertex 77.3916 90.0257 2
      vertex 77.7765 90.1022 2
    endloop
  endfacet
  facet normal 0.44211 -0.896961 0
    outer loop
      vertex 78.148 90.2284 2
      vertex 78.5 90.4019 20.99
      vertex 78.148 90.2284 20.99
    endloop
  endfacet
  facet normal 0.44211 -0.896961 0
    outer loop
      vertex 78.5 90.4019 20.99
      vertex 78.148 90.2284 2
      vertex 78.5 90.4019 2
    endloop
  endfacet
  facet normal -0.19494 -0.980815 0
    outer loop
      vertex 76.2235 90.1022 2
      vertex 76.6084 90.0257 20.99
      vertex 76.2235 90.1022 20.99
    endloop
  endfacet
  facet normal -0.19494 -0.980815 -0
    outer loop
      vertex 76.6084 90.0257 20.99
      vertex 76.2235 90.1022 2
      vertex 76.6084 90.0257 2
    endloop
  endfacet
  facet normal 0.659478 -0.751724 0
    outer loop
      vertex 78.8263 90.6199 2
      vertex 79.1213 90.8787 20.99
      vertex 78.8263 90.6199 20.99
    endloop
  endfacet
  facet normal 0.659478 -0.751724 0
    outer loop
      vertex 79.1213 90.8787 20.99
      vertex 78.8263 90.6199 2
      vertex 79.1213 90.8787 2
    endloop
  endfacet
  facet normal -0.997853 0.0654873 0
    outer loop
      vertex 74 93 5.99
      vertex 74.0257 93.3916 20.99
      vertex 74.0257 93.3916 5.99
    endloop
  endfacet
  facet normal -0.997853 0.0654873 0
    outer loop
      vertex 74.0257 93.3916 20.99
      vertex 74 93 5.99
      vertex 74 93 20.99
    endloop
  endfacet
  facet normal -0.44211 -0.896961 0
    outer loop
      vertex 75.5 90.4019 2
      vertex 75.852 90.2284 20.99
      vertex 75.5 90.4019 20.99
    endloop
  endfacet
  facet normal -0.44211 -0.896961 -0
    outer loop
      vertex 75.852 90.2284 20.99
      vertex 75.5 90.4019 2
      vertex 75.852 90.2284 2
    endloop
  endfacet
  facet normal 0.831501 -0.555523 0
    outer loop
      vertex 79.3801 91.1737 20.99
      vertex 79.5981 91.5 2
      vertex 79.5981 91.5 20.99
    endloop
  endfacet
  facet normal 0.831501 -0.555523 0
    outer loop
      vertex 79.5981 91.5 2
      vertex 79.3801 91.1737 20.99
      vertex 79.3801 91.1737 2
    endloop
  endfacet
  facet normal 0.997853 -0.0654873 0
    outer loop
      vertex 79.9743 92.6084 20.99
      vertex 80 93 2
      vertex 80 93 20.99
    endloop
  endfacet
  facet normal 0.997853 -0.0654873 0
    outer loop
      vertex 80 93 2
      vertex 79.9743 92.6084 20.99
      vertex 79.9743 92.6084 2
    endloop
  endfacet
  facet normal 0.0654873 -0.997853 0
    outer loop
      vertex 77 90 2
      vertex 77.3916 90.0257 20.99
      vertex 77 90 20.99
    endloop
  endfacet
  facet normal 0.0654873 -0.997853 0
    outer loop
      vertex 77.3916 90.0257 20.99
      vertex 77 90 2
      vertex 77.3916 90.0257 2
    endloop
  endfacet
  facet normal 0.980815 -0.19494 0
    outer loop
      vertex 79.8978 92.2235 20.99
      vertex 79.9743 92.6084 2
      vertex 79.9743 92.6084 20.99
    endloop
  endfacet
  facet normal 0.980815 -0.19494 0
    outer loop
      vertex 79.9743 92.6084 2
      vertex 79.8978 92.2235 20.99
      vertex 79.8978 92.2235 2
    endloop
  endfacet
  facet normal -0.44211 0.896961 0
    outer loop
      vertex 174.352 22.7716 2
      vertex 174 22.5981 20.99
      vertex 174.352 22.7716 20.99
    endloop
  endfacet
  facet normal -0.44211 0.896961 0
    outer loop
      vertex 174 22.5981 20.99
      vertex 174.352 22.7716 2
      vertex 174 22.5981 2
    endloop
  endfacet
  facet normal 0.659049 -0.7521 0
    outer loop
      vertex 177.326 17.6199 2
      vertex 177.6 17.86 20.99
      vertex 177.326 17.6199 20.99
    endloop
  endfacet
  facet normal 0.659049 -0.7521 0
    outer loop
      vertex 177.6 17.86 20.99
      vertex 177.326 17.6199 2
      vertex 177.6 17.86 2
    endloop
  endfacet
  facet normal 0.44211 0.896961 -0
    outer loop
      vertex 177 22.5981 2
      vertex 176.648 22.7716 20.99
      vertex 177 22.5981 20.99
    endloop
  endfacet
  facet normal 0.44211 0.896961 0
    outer loop
      vertex 176.648 22.7716 20.99
      vertex 177 22.5981 2
      vertex 176.648 22.7716 2
    endloop
  endfacet
  facet normal -0.997803 -0.0662484 0
    outer loop
      vertex 172.526 19.6084 2
      vertex 172.5 20 20.99
      vertex 172.5 20 2
    endloop
  endfacet
  facet normal -0.997803 -0.0662484 0
    outer loop
      vertex 172.5 20 20.99
      vertex 172.526 19.6084 2
      vertex 172.526 19.6084 20.99
    endloop
  endfacet
  facet normal -0.896405 -0.443235 0
    outer loop
      vertex 172.902 18.5 2
      vertex 172.728 18.8519 20.99
      vertex 172.728 18.8519 2
    endloop
  endfacet
  facet normal -0.896405 -0.443235 0
    outer loop
      vertex 172.728 18.8519 20.99
      vertex 172.902 18.5 2
      vertex 172.902 18.5 20.99
    endloop
  endfacet
  facet normal -0.831501 -0.555523 0
    outer loop
      vertex 173.12 18.1737 2
      vertex 172.902 18.5 20.99
      vertex 172.902 18.5 2
    endloop
  endfacet
  facet normal -0.831501 -0.555523 0
    outer loop
      vertex 172.902 18.5 20.99
      vertex 173.12 18.1737 2
      vertex 173.12 18.1737 20.99
    endloop
  endfacet
  facet normal -0.0654208 -0.997858 0
    outer loop
      vertex 175.108 17.0257 2
      vertex 175.5 17 20.99
      vertex 175.108 17.0257 20.99
    endloop
  endfacet
  facet normal -0.0654208 -0.997858 -0
    outer loop
      vertex 175.5 17 20.99
      vertex 175.108 17.0257 2
      vertex 175.5 17 2
    endloop
  endfacet
  facet normal 0.195379 0.980728 -0
    outer loop
      vertex 176.276 22.8978 2
      vertex 175.892 22.9743 20.99
      vertex 176.276 22.8978 20.99
    endloop
  endfacet
  facet normal 0.195379 0.980728 0
    outer loop
      vertex 175.892 22.9743 20.99
      vertex 176.276 22.8978 2
      vertex 175.892 22.9743 2
    endloop
  endfacet
  facet normal -0.659478 -0.751724 0
    outer loop
      vertex 173.379 17.8787 2
      vertex 173.674 17.6199 20.99
      vertex 173.379 17.8787 20.99
    endloop
  endfacet
  facet normal -0.659478 -0.751724 -0
    outer loop
      vertex 173.674 17.6199 20.99
      vertex 173.379 17.8787 2
      vertex 173.674 17.6199 2
    endloop
  endfacet
  facet normal -0.44211 -0.896961 0
    outer loop
      vertex 174 17.4019 2
      vertex 174.352 17.2284 20.99
      vertex 174 17.4019 20.99
    endloop
  endfacet
  facet normal -0.44211 -0.896961 -0
    outer loop
      vertex 174.352 17.2284 20.99
      vertex 174 17.4019 2
      vertex 174.352 17.2284 2
    endloop
  endfacet
  facet normal -0.0654208 0.997858 0
    outer loop
      vertex 175.5 23 2
      vertex 175.108 22.9743 20.99
      vertex 175.5 23 20.99
    endloop
  endfacet
  facet normal -0.0654208 0.997858 0
    outer loop
      vertex 175.108 22.9743 20.99
      vertex 175.5 23 2
      vertex 175.108 22.9743 2
    endloop
  endfacet
  facet normal -0.555877 -0.831265 0
    outer loop
      vertex 173.674 17.6199 2
      vertex 174 17.4019 20.99
      vertex 173.674 17.6199 20.99
    endloop
  endfacet
  facet normal -0.555877 -0.831265 -0
    outer loop
      vertex 174 17.4019 20.99
      vertex 173.674 17.6199 2
      vertex 174 17.4019 2
    endloop
  endfacet
  facet normal 0.321264 0.94699 -0
    outer loop
      vertex 176.648 22.7716 2
      vertex 176.276 22.8978 20.99
      vertex 176.648 22.7716 20.99
    endloop
  endfacet
  facet normal 0.321264 0.94699 0
    outer loop
      vertex 176.276 22.8978 20.99
      vertex 176.648 22.7716 2
      vertex 176.276 22.8978 2
    endloop
  endfacet
  facet normal 0.0654208 0.997858 -0
    outer loop
      vertex 175.892 22.9743 2
      vertex 175.5 23 20.99
      vertex 175.892 22.9743 20.99
    endloop
  endfacet
  facet normal 0.0654208 0.997858 0
    outer loop
      vertex 175.5 23 20.99
      vertex 175.892 22.9743 2
      vertex 175.5 23 2
    endloop
  endfacet
  facet normal 0.44211 -0.896961 0
    outer loop
      vertex 176.648 17.2284 2
      vertex 177 17.4019 20.99
      vertex 176.648 17.2284 20.99
    endloop
  endfacet
  facet normal 0.44211 -0.896961 0
    outer loop
      vertex 177 17.4019 20.99
      vertex 176.648 17.2284 2
      vertex 177 17.4019 2
    endloop
  endfacet
  facet normal 0.555877 -0.831265 0
    outer loop
      vertex 177 17.4019 2
      vertex 177.326 17.6199 20.99
      vertex 177 17.4019 20.99
    endloop
  endfacet
  facet normal 0.555877 -0.831265 0
    outer loop
      vertex 177.326 17.6199 20.99
      vertex 177 17.4019 2
      vertex 177.326 17.6199 2
    endloop
  endfacet
  facet normal -0.751471 0.659766 0
    outer loop
      vertex 173.12 21.8263 2
      vertex 173.379 22.1213 20.99
      vertex 173.379 22.1213 2
    endloop
  endfacet
  facet normal -0.751471 0.659766 0
    outer loop
      vertex 173.379 22.1213 20.99
      vertex 173.12 21.8263 2
      vertex 173.12 21.8263 20.99
    endloop
  endfacet
  facet normal -0.321264 -0.94699 0
    outer loop
      vertex 174.352 17.2284 2
      vertex 174.724 17.1022 20.99
      vertex 174.352 17.2284 20.99
    endloop
  endfacet
  facet normal -0.321264 -0.94699 -0
    outer loop
      vertex 174.724 17.1022 20.99
      vertex 174.352 17.2284 2
      vertex 174.724 17.1022 2
    endloop
  endfacet
  facet normal -0.321264 0.94699 0
    outer loop
      vertex 174.724 22.8978 2
      vertex 174.352 22.7716 20.99
      vertex 174.724 22.8978 20.99
    endloop
  endfacet
  facet normal -0.321264 0.94699 0
    outer loop
      vertex 174.352 22.7716 20.99
      vertex 174.724 22.8978 2
      vertex 174.352 22.7716 2
    endloop
  endfacet
  facet normal 0.555877 0.831265 -0
    outer loop
      vertex 177.326 22.3801 2
      vertex 177 22.5981 20.99
      vertex 177.326 22.3801 20.99
    endloop
  endfacet
  facet normal 0.555877 0.831265 0
    outer loop
      vertex 177 22.5981 20.99
      vertex 177.326 22.3801 2
      vertex 177 22.5981 2
    endloop
  endfacet
  facet normal 0.0654208 -0.997858 0
    outer loop
      vertex 175.5 17 2
      vertex 175.892 17.0257 20.99
      vertex 175.5 17 20.99
    endloop
  endfacet
  facet normal 0.0654208 -0.997858 0
    outer loop
      vertex 175.892 17.0257 20.99
      vertex 175.5 17 2
      vertex 175.892 17.0257 2
    endloop
  endfacet
  facet normal 0.659049 0.7521 -0
    outer loop
      vertex 177.6 22.14 2
      vertex 177.326 22.3801 20.99
      vertex 177.6 22.14 20.99
    endloop
  endfacet
  facet normal 0.659049 0.7521 0
    outer loop
      vertex 177.326 22.3801 20.99
      vertex 177.6 22.14 2
      vertex 177.326 22.3801 2
    endloop
  endfacet
  facet normal -0.555877 0.831265 0
    outer loop
      vertex 174 22.5981 2
      vertex 173.674 22.3801 20.99
      vertex 174 22.5981 20.99
    endloop
  endfacet
  facet normal -0.555877 0.831265 0
    outer loop
      vertex 173.674 22.3801 20.99
      vertex 174 22.5981 2
      vertex 173.674 22.3801 2
    endloop
  endfacet
  facet normal -0.195379 -0.980728 0
    outer loop
      vertex 174.724 17.1022 2
      vertex 175.108 17.0257 20.99
      vertex 174.724 17.1022 20.99
    endloop
  endfacet
  facet normal -0.195379 -0.980728 -0
    outer loop
      vertex 175.108 17.0257 20.99
      vertex 174.724 17.1022 2
      vertex 175.108 17.0257 2
    endloop
  endfacet
  facet normal -0.896455 0.443134 0
    outer loop
      vertex 172.728 21.148 2
      vertex 172.902 21.5 20.99
      vertex 172.902 21.5 2
    endloop
  endfacet
  facet normal -0.896455 0.443134 0
    outer loop
      vertex 172.902 21.5 20.99
      vertex 172.728 21.148 2
      vertex 172.728 21.148 20.99
    endloop
  endfacet
  facet normal -0.751471 -0.659766 0
    outer loop
      vertex 173.379 17.8787 2
      vertex 173.12 18.1737 20.99
      vertex 173.12 18.1737 2
    endloop
  endfacet
  facet normal -0.751471 -0.659766 0
    outer loop
      vertex 173.12 18.1737 20.99
      vertex 173.379 17.8787 2
      vertex 173.379 17.8787 20.99
    endloop
  endfacet
  facet normal 0.195379 -0.980728 0
    outer loop
      vertex 175.892 17.0257 2
      vertex 176.276 17.1022 20.99
      vertex 175.892 17.0257 20.99
    endloop
  endfacet
  facet normal 0.195379 -0.980728 0
    outer loop
      vertex 176.276 17.1022 20.99
      vertex 175.892 17.0257 2
      vertex 176.276 17.1022 2
    endloop
  endfacet
  facet normal 0.321264 -0.94699 0
    outer loop
      vertex 176.276 17.1022 2
      vertex 176.648 17.2284 20.99
      vertex 176.276 17.1022 20.99
    endloop
  endfacet
  facet normal 0.321264 -0.94699 0
    outer loop
      vertex 176.648 17.2284 20.99
      vertex 176.276 17.1022 2
      vertex 176.648 17.2284 2
    endloop
  endfacet
  facet normal -0.981058 -0.193714 0
    outer loop
      vertex 172.602 19.2235 2
      vertex 172.526 19.6084 20.99
      vertex 172.526 19.6084 2
    endloop
  endfacet
  facet normal -0.981058 -0.193714 0
    outer loop
      vertex 172.526 19.6084 20.99
      vertex 172.602 19.2235 2
      vertex 172.602 19.2235 20.99
    endloop
  endfacet
  facet normal -0.94704 -0.321117 0
    outer loop
      vertex 172.728 18.8519 2
      vertex 172.602 19.2235 20.99
      vertex 172.602 19.2235 2
    endloop
  endfacet
  facet normal -0.94704 -0.321117 0
    outer loop
      vertex 172.602 19.2235 20.99
      vertex 172.728 18.8519 2
      vertex 172.728 18.8519 20.99
    endloop
  endfacet
  facet normal 0 0 1
    outer loop
      vertex 176.261 20.9917 20.99
      vertex 177.6 22.14 20.99
      vertex 177.326 22.3801 20.99
    endloop
  endfacet
  facet normal 0 0 1
    outer loop
      vertex 177.6 22.14 20.99
      vertex 176.75 20 20.99
      vertex 177.6 17.86 20.99
    endloop
  endfacet
  facet normal 0 0 1
    outer loop
      vertex 176.261 20.9917 20.99
      vertex 177.326 22.3801 20.99
      vertex 177 22.5981 20.99
    endloop
  endfacet
  facet normal -0 0 1
    outer loop
      vertex 176.739 19.8368 20.99
      vertex 177.6 17.86 20.99
      vertex 176.75 20 20.99
    endloop
  endfacet
  facet normal -0 0 1
    outer loop
      vertex 176.707 19.6765 20.99
      vertex 177.6 17.86 20.99
      vertex 176.739 19.8368 20.99
    endloop
  endfacet
  facet normal 0 0 1
    outer loop
      vertex 177.6 22.14 20.99
      vertex 176.739 20.1632 20.99
      vertex 176.75 20 20.99
    endloop
  endfacet
  facet normal 0 0 1
    outer loop
      vertex 177.6 22.14 20.99
      vertex 176.707 20.3235 20.99
      vertex 176.739 20.1632 20.99
    endloop
  endfacet
  facet normal 0 0 1
    outer loop
      vertex 177.6 22.14 20.99
      vertex 176.655 20.4784 20.99
      vertex 176.707 20.3235 20.99
    endloop
  endfacet
  facet normal 0 0 1
    outer loop
      vertex 176.125 21.0825 20.99
      vertex 177 22.5981 20.99
      vertex 176.648 22.7716 20.99
    endloop
  endfacet
  facet normal 0 0 1
    outer loop
      vertex 177.6 22.14 20.99
      vertex 176.583 20.625 20.99
      vertex 176.655 20.4784 20.99
    endloop
  endfacet
  facet normal 0 0 1
    outer loop
      vertex 177.6 22.14 20.99
      vertex 176.492 20.761 20.99
      vertex 176.583 20.625 20.99
    endloop
  endfacet
  facet normal 0 0 1
    outer loop
      vertex 177.6 22.14 20.99
      vertex 176.384 20.8839 20.99
      vertex 176.492 20.761 20.99
    endloop
  endfacet
  facet normal 0 0 1
    outer loop
      vertex 175.978 21.1549 20.99
      vertex 176.648 22.7716 20.99
      vertex 176.276 22.8978 20.99
    endloop
  endfacet
  facet normal 0 0 1
    outer loop
      vertex 177.6 22.14 20.99
      vertex 176.261 20.9917 20.99
      vertex 176.384 20.8839 20.99
    endloop
  endfacet
  facet normal 0 0 1
    outer loop
      vertex 177 22.5981 20.99
      vertex 176.125 21.0825 20.99
      vertex 176.261 20.9917 20.99
    endloop
  endfacet
  facet normal 0 0 1
    outer loop
      vertex 176.648 22.7716 20.99
      vertex 175.978 21.1549 20.99
      vertex 176.125 21.0825 20.99
    endloop
  endfacet
  facet normal 0 0 1
    outer loop
      vertex 175.824 21.2074 20.99
      vertex 176.276 22.8978 20.99
      vertex 175.892 22.9743 20.99
    endloop
  endfacet
  facet normal 0 0 1
    outer loop
      vertex 176.276 22.8978 20.99
      vertex 175.824 21.2074 20.99
      vertex 175.978 21.1549 20.99
    endloop
  endfacet
  facet normal 0 0 1
    outer loop
      vertex 175.892 22.9743 20.99
      vertex 175.663 21.2393 20.99
      vertex 175.824 21.2074 20.99
    endloop
  endfacet
  facet normal 0 0 1
    outer loop
      vertex 175.5 23 20.99
      vertex 175.663 21.2393 20.99
      vertex 175.892 22.9743 20.99
    endloop
  endfacet
  facet normal 0 0 1
    outer loop
      vertex 175.5 23 20.99
      vertex 175.5 21.25 20.99
      vertex 175.663 21.2393 20.99
    endloop
  endfacet
  facet normal 0 0 1
    outer loop
      vertex 175.5 23 20.99
      vertex 175.337 21.2393 20.99
      vertex 175.5 21.25 20.99
    endloop
  endfacet
  facet normal -0 0 1
    outer loop
      vertex 175.108 22.9743 20.99
      vertex 175.337 21.2393 20.99
      vertex 175.5 23 20.99
    endloop
  endfacet
  facet normal 0 0 1
    outer loop
      vertex 175.337 21.2393 20.99
      vertex 175.108 22.9743 20.99
      vertex 175.176 21.2074 20.99
    endloop
  endfacet
  facet normal -0 0 1
    outer loop
      vertex 174.724 22.8978 20.99
      vertex 175.176 21.2074 20.99
      vertex 175.108 22.9743 20.99
    endloop
  endfacet
  facet normal 0 0 1
    outer loop
      vertex 175.176 21.2074 20.99
      vertex 174.724 22.8978 20.99
      vertex 175.022 21.1549 20.99
    endloop
  endfacet
  facet normal -0 0 1
    outer loop
      vertex 174.352 22.7716 20.99
      vertex 175.022 21.1549 20.99
      vertex 174.724 22.8978 20.99
    endloop
  endfacet
  facet normal 0 0 1
    outer loop
      vertex 175.022 21.1549 20.99
      vertex 174.352 22.7716 20.99
      vertex 174.875 21.0825 20.99
    endloop
  endfacet
  facet normal -0 0 1
    outer loop
      vertex 174 22.5981 20.99
      vertex 174.875 21.0825 20.99
      vertex 174.352 22.7716 20.99
    endloop
  endfacet
  facet normal 0 0 1
    outer loop
      vertex 174.875 21.0825 20.99
      vertex 174 22.5981 20.99
      vertex 174.739 20.9917 20.99
    endloop
  endfacet
  facet normal -0 0 1
    outer loop
      vertex 173.674 22.3801 20.99
      vertex 174.739 20.9917 20.99
      vertex 174 22.5981 20.99
    endloop
  endfacet
  facet normal 0 0 1
    outer loop
      vertex 174.739 20.9917 20.99
      vertex 173.674 22.3801 20.99
      vertex 174.616 20.8839 20.99
    endloop
  endfacet
  facet normal -0 0 1
    outer loop
      vertex 173.379 22.1213 20.99
      vertex 174.616 20.8839 20.99
      vertex 173.674 22.3801 20.99
    endloop
  endfacet
  facet normal 0 0 1
    outer loop
      vertex 174.616 20.8839 20.99
      vertex 173.379 22.1213 20.99
      vertex 174.508 20.761 20.99
    endloop
  endfacet
  facet normal -0 0 1
    outer loop
      vertex 173.12 21.8263 20.99
      vertex 174.508 20.761 20.99
      vertex 173.379 22.1213 20.99
    endloop
  endfacet
  facet normal 0 0 1
    outer loop
      vertex 174.508 20.761 20.99
      vertex 173.12 21.8263 20.99
      vertex 174.417 20.625 20.99
    endloop
  endfacet
  facet normal -0 0 1
    outer loop
      vertex 172.902 21.5 20.99
      vertex 174.417 20.625 20.99
      vertex 173.12 21.8263 20.99
    endloop
  endfacet
  facet normal -0 0 1
    outer loop
      vertex 176.655 19.5216 20.99
      vertex 177.6 17.86 20.99
      vertex 176.707 19.6765 20.99
    endloop
  endfacet
  facet normal -0 0 1
    outer loop
      vertex 176.583 19.375 20.99
      vertex 177.6 17.86 20.99
      vertex 176.655 19.5216 20.99
    endloop
  endfacet
  facet normal -0 0 1
    outer loop
      vertex 176.492 19.239 20.99
      vertex 177.6 17.86 20.99
      vertex 176.583 19.375 20.99
    endloop
  endfacet
  facet normal -0 0 1
    outer loop
      vertex 176.384 19.1161 20.99
      vertex 177.6 17.86 20.99
      vertex 176.492 19.239 20.99
    endloop
  endfacet
  facet normal -0 0 1
    outer loop
      vertex 176.261 19.0083 20.99
      vertex 177.6 17.86 20.99
      vertex 176.384 19.1161 20.99
    endloop
  endfacet
  facet normal 0 0 1
    outer loop
      vertex 177.6 17.86 20.99
      vertex 176.261 19.0083 20.99
      vertex 177.326 17.6199 20.99
    endloop
  endfacet
  facet normal 0 0 1
    outer loop
      vertex 177.326 17.6199 20.99
      vertex 176.261 19.0083 20.99
      vertex 177 17.4019 20.99
    endloop
  endfacet
  facet normal -0 0 1
    outer loop
      vertex 176.125 18.9175 20.99
      vertex 177 17.4019 20.99
      vertex 176.261 19.0083 20.99
    endloop
  endfacet
  facet normal 0 0 1
    outer loop
      vertex 177 17.4019 20.99
      vertex 176.125 18.9175 20.99
      vertex 176.648 17.2284 20.99
    endloop
  endfacet
  facet normal -0 0 1
    outer loop
      vertex 175.978 18.8451 20.99
      vertex 176.648 17.2284 20.99
      vertex 176.125 18.9175 20.99
    endloop
  endfacet
  facet normal 0 0 1
    outer loop
      vertex 176.648 17.2284 20.99
      vertex 175.978 18.8451 20.99
      vertex 176.276 17.1022 20.99
    endloop
  endfacet
  facet normal -0 0 1
    outer loop
      vertex 175.824 18.7926 20.99
      vertex 176.276 17.1022 20.99
      vertex 175.978 18.8451 20.99
    endloop
  endfacet
  facet normal 0 0 1
    outer loop
      vertex 176.276 17.1022 20.99
      vertex 175.824 18.7926 20.99
      vertex 175.892 17.0257 20.99
    endloop
  endfacet
  facet normal -0 0 1
    outer loop
      vertex 175.663 18.7607 20.99
      vertex 175.892 17.0257 20.99
      vertex 175.824 18.7926 20.99
    endloop
  endfacet
  facet normal -0 0 1
    outer loop
      vertex 175.5 18.75 20.99
      vertex 175.892 17.0257 20.99
      vertex 175.663 18.7607 20.99
    endloop
  endfacet
  facet normal 0 0 1
    outer loop
      vertex 175.5 18.75 20.99
      vertex 175.5 17 20.99
      vertex 175.892 17.0257 20.99
    endloop
  endfacet
  facet normal 0 0 1
    outer loop
      vertex 175.337 18.7607 20.99
      vertex 175.5 17 20.99
      vertex 175.5 18.75 20.99
    endloop
  endfacet
  facet normal 0 0 1
    outer loop
      vertex 175.108 17.0257 20.99
      vertex 175.337 18.7607 20.99
      vertex 175.176 18.7926 20.99
    endloop
  endfacet
  facet normal 0 0 1
    outer loop
      vertex 175.337 18.7607 20.99
      vertex 175.108 17.0257 20.99
      vertex 175.5 17 20.99
    endloop
  endfacet
  facet normal 0 0 1
    outer loop
      vertex 174.724 17.1022 20.99
      vertex 175.176 18.7926 20.99
      vertex 175.022 18.8451 20.99
    endloop
  endfacet
  facet normal 0 0 1
    outer loop
      vertex 174.352 17.2284 20.99
      vertex 175.022 18.8451 20.99
      vertex 174.875 18.9175 20.99
    endloop
  endfacet
  facet normal 0 0 1
    outer loop
      vertex 174 17.4019 20.99
      vertex 174.875 18.9175 20.99
      vertex 174.739 19.0083 20.99
    endloop
  endfacet
  facet normal 0 0 1
    outer loop
      vertex 175.176 18.7926 20.99
      vertex 174.724 17.1022 20.99
      vertex 175.108 17.0257 20.99
    endloop
  endfacet
  facet normal 0 0 1
    outer loop
      vertex 173.674 17.6199 20.99
      vertex 174.739 19.0083 20.99
      vertex 174.616 19.1161 20.99
    endloop
  endfacet
  facet normal 0 0 1
    outer loop
      vertex 173.379 17.8787 20.99
      vertex 174.616 19.1161 20.99
      vertex 174.508 19.239 20.99
    endloop
  endfacet
  facet normal 0 0 1
    outer loop
      vertex 173.12 18.1737 20.99
      vertex 174.508 19.239 20.99
      vertex 174.417 19.375 20.99
    endloop
  endfacet
  facet normal 0 0 1
    outer loop
      vertex 175.022 18.8451 20.99
      vertex 174.352 17.2284 20.99
      vertex 174.724 17.1022 20.99
    endloop
  endfacet
  facet normal 0 0 1
    outer loop
      vertex 172.902 18.5 20.99
      vertex 174.417 19.375 20.99
      vertex 174.345 19.5216 20.99
    endloop
  endfacet
  facet normal 0 0 1
    outer loop
      vertex 172.728 18.8519 20.99
      vertex 174.345 19.5216 20.99
      vertex 174.293 19.6765 20.99
    endloop
  endfacet
  facet normal 0 0 1
    outer loop
      vertex 172.602 19.2235 20.99
      vertex 174.293 19.6765 20.99
      vertex 174.261 19.8368 20.99
    endloop
  endfacet
  facet normal 0 0 1
    outer loop
      vertex 172.526 19.6084 20.99
      vertex 174.261 19.8368 20.99
      vertex 174.25 20 20.99
    endloop
  endfacet
  facet normal 0 0 1
    outer loop
      vertex 174.417 20.625 20.99
      vertex 172.902 21.5 20.99
      vertex 174.345 20.4784 20.99
    endloop
  endfacet
  facet normal 0 0 1
    outer loop
      vertex 174.875 18.9175 20.99
      vertex 174 17.4019 20.99
      vertex 174.352 17.2284 20.99
    endloop
  endfacet
  facet normal -0 0 1
    outer loop
      vertex 172.728 21.148 20.99
      vertex 174.345 20.4784 20.99
      vertex 172.902 21.5 20.99
    endloop
  endfacet
  facet normal 0 0 1
    outer loop
      vertex 174.739 19.0083 20.99
      vertex 173.674 17.6199 20.99
      vertex 174 17.4019 20.99
    endloop
  endfacet
  facet normal 0 0 1
    outer loop
      vertex 174.345 20.4784 20.99
      vertex 172.728 21.148 20.99
      vertex 174.293 20.3235 20.99
    endloop
  endfacet
  facet normal 0 0 1
    outer loop
      vertex 174.616 19.1161 20.99
      vertex 173.379 17.8787 20.99
      vertex 173.674 17.6199 20.99
    endloop
  endfacet
  facet normal -0 0 1
    outer loop
      vertex 172.602 20.7765 20.99
      vertex 174.293 20.3235 20.99
      vertex 172.728 21.148 20.99
    endloop
  endfacet
  facet normal 0 0 1
    outer loop
      vertex 174.508 19.239 20.99
      vertex 173.12 18.1737 20.99
      vertex 173.379 17.8787 20.99
    endloop
  endfacet
  facet normal 0 0 1
    outer loop
      vertex 174.293 20.3235 20.99
      vertex 172.602 20.7765 20.99
      vertex 174.261 20.1632 20.99
    endloop
  endfacet
  facet normal 0 0 1
    outer loop
      vertex 174.417 19.375 20.99
      vertex 172.902 18.5 20.99
      vertex 173.12 18.1737 20.99
    endloop
  endfacet
  facet normal -0 0 1
    outer loop
      vertex 172.526 20.3916 20.99
      vertex 174.261 20.1632 20.99
      vertex 172.602 20.7765 20.99
    endloop
  endfacet
  facet normal 0 0 1
    outer loop
      vertex 174.345 19.5216 20.99
      vertex 172.728 18.8519 20.99
      vertex 172.902 18.5 20.99
    endloop
  endfacet
  facet normal 0 0 1
    outer loop
      vertex 174.261 20.1632 20.99
      vertex 172.526 20.3916 20.99
      vertex 174.25 20 20.99
    endloop
  endfacet
  facet normal 0 0 1
    outer loop
      vertex 174.293 19.6765 20.99
      vertex 172.602 19.2235 20.99
      vertex 172.728 18.8519 20.99
    endloop
  endfacet
  facet normal 0 0 1
    outer loop
      vertex 172.5 20 20.99
      vertex 174.25 20 20.99
      vertex 172.526 20.3916 20.99
    endloop
  endfacet
  facet normal 0 0 1
    outer loop
      vertex 174.261 19.8368 20.99
      vertex 172.526 19.6084 20.99
      vertex 172.602 19.2235 20.99
    endloop
  endfacet
  facet normal 0 0 1
    outer loop
      vertex 174.25 20 20.99
      vertex 172.5 20 20.99
      vertex 172.526 19.6084 20.99
    endloop
  endfacet
  facet normal -0.997803 0.0662484 0
    outer loop
      vertex 172.5 20 2
      vertex 172.526 20.3916 20.99
      vertex 172.526 20.3916 2
    endloop
  endfacet
  facet normal -0.997803 0.0662484 0
    outer loop
      vertex 172.526 20.3916 20.99
      vertex 172.5 20 2
      vertex 172.5 20 20.99
    endloop
  endfacet
  facet normal -0.659478 0.751724 0
    outer loop
      vertex 173.674 22.3801 2
      vertex 173.379 22.1213 20.99
      vertex 173.674 22.3801 20.99
    endloop
  endfacet
  facet normal -0.659478 0.751724 0
    outer loop
      vertex 173.379 22.1213 20.99
      vertex 173.674 22.3801 2
      vertex 173.379 22.1213 2
    endloop
  endfacet
  facet normal -0.831501 0.555523 0
    outer loop
      vertex 172.902 21.5 2
      vertex 173.12 21.8263 20.99
      vertex 173.12 21.8263 2
    endloop
  endfacet
  facet normal -0.831501 0.555523 0
    outer loop
      vertex 173.12 21.8263 20.99
      vertex 172.902 21.5 2
      vertex 172.902 21.5 20.99
    endloop
  endfacet
  facet normal -0.947013 0.321194 0
    outer loop
      vertex 172.602 20.7765 2
      vertex 172.728 21.148 20.99
      vertex 172.728 21.148 2
    endloop
  endfacet
  facet normal -0.947013 0.321194 0
    outer loop
      vertex 172.728 21.148 20.99
      vertex 172.602 20.7765 2
      vertex 172.602 20.7765 20.99
    endloop
  endfacet
  facet normal -0.981058 0.193714 0
    outer loop
      vertex 172.526 20.3916 2
      vertex 172.602 20.7765 20.99
      vertex 172.602 20.7765 2
    endloop
  endfacet
  facet normal -0.981058 0.193714 0
    outer loop
      vertex 172.602 20.7765 20.99
      vertex 172.526 20.3916 2
      vertex 172.526 20.3916 20.99
    endloop
  endfacet
  facet normal -0.195379 0.980728 0
    outer loop
      vertex 175.108 22.9743 2
      vertex 174.724 22.8978 20.99
      vertex 175.108 22.9743 20.99
    endloop
  endfacet
  facet normal -0.195379 0.980728 0
    outer loop
      vertex 174.724 22.8978 20.99
      vertex 175.108 22.9743 2
      vertex 174.724 22.8978 2
    endloop
  endfacet
  facet normal -0.896455 0.443134 0
    outer loop
      vertex 172.728 81.148 2
      vertex 172.902 81.5 20.99
      vertex 172.902 81.5 2
    endloop
  endfacet
  facet normal -0.896455 0.443134 0
    outer loop
      vertex 172.902 81.5 20.99
      vertex 172.728 81.148 2
      vertex 172.728 81.148 20.99
    endloop
  endfacet
  facet normal -0.44211 0.896961 0
    outer loop
      vertex 174.352 82.7716 2
      vertex 174 82.5981 20.99
      vertex 174.352 82.7716 20.99
    endloop
  endfacet
  facet normal -0.44211 0.896961 0
    outer loop
      vertex 174 82.5981 20.99
      vertex 174.352 82.7716 2
      vertex 174 82.5981 2
    endloop
  endfacet
  facet normal -0.947013 -0.321194 0
    outer loop
      vertex 172.728 78.852 2
      vertex 172.602 79.2235 20.99
      vertex 172.602 79.2235 2
    endloop
  endfacet
  facet normal -0.947013 -0.321194 0
    outer loop
      vertex 172.602 79.2235 20.99
      vertex 172.728 78.852 2
      vertex 172.728 78.852 20.99
    endloop
  endfacet
  facet normal 0.195379 0.980728 -0
    outer loop
      vertex 176.276 82.8978 2
      vertex 175.892 82.9743 20.99
      vertex 176.276 82.8978 20.99
    endloop
  endfacet
  facet normal 0.195379 0.980728 0
    outer loop
      vertex 175.892 82.9743 20.99
      vertex 176.276 82.8978 2
      vertex 175.892 82.9743 2
    endloop
  endfacet
  facet normal -0.831501 0.555523 0
    outer loop
      vertex 172.902 81.5 2
      vertex 173.12 81.8263 20.99
      vertex 173.12 81.8263 2
    endloop
  endfacet
  facet normal -0.831501 0.555523 0
    outer loop
      vertex 173.12 81.8263 20.99
      vertex 172.902 81.5 2
      vertex 172.902 81.5 20.99
    endloop
  endfacet
  facet normal -0.195379 0.980728 0
    outer loop
      vertex 175.108 82.9743 2
      vertex 174.724 82.8978 20.99
      vertex 175.108 82.9743 20.99
    endloop
  endfacet
  facet normal -0.195379 0.980728 0
    outer loop
      vertex 174.724 82.8978 20.99
      vertex 175.108 82.9743 2
      vertex 174.724 82.8978 2
    endloop
  endfacet
  facet normal 0.659049 0.7521 -0
    outer loop
      vertex 177.6 82.14 2
      vertex 177.326 82.3801 20.99
      vertex 177.6 82.14 20.99
    endloop
  endfacet
  facet normal 0.659049 0.7521 0
    outer loop
      vertex 177.326 82.3801 20.99
      vertex 177.6 82.14 2
      vertex 177.326 82.3801 2
    endloop
  endfacet
  facet normal 0.44211 0.896961 -0
    outer loop
      vertex 177 82.5981 2
      vertex 176.648 82.7716 20.99
      vertex 177 82.5981 20.99
    endloop
  endfacet
  facet normal 0.44211 0.896961 0
    outer loop
      vertex 176.648 82.7716 20.99
      vertex 177 82.5981 2
      vertex 176.648 82.7716 2
    endloop
  endfacet
  facet normal -0.195379 -0.980728 0
    outer loop
      vertex 174.724 77.1022 2
      vertex 175.108 77.0257 20.99
      vertex 174.724 77.1022 20.99
    endloop
  endfacet
  facet normal -0.195379 -0.980728 -0
    outer loop
      vertex 175.108 77.0257 20.99
      vertex 174.724 77.1022 2
      vertex 175.108 77.0257 2
    endloop
  endfacet
  facet normal -0.981058 0.193714 0
    outer loop
      vertex 172.526 80.3916 2
      vertex 172.602 80.7765 20.99
      vertex 172.602 80.7765 2
    endloop
  endfacet
  facet normal -0.981058 0.193714 0
    outer loop
      vertex 172.602 80.7765 20.99
      vertex 172.526 80.3916 2
      vertex 172.526 80.3916 20.99
    endloop
  endfacet
  facet normal -0.896455 -0.443134 0
    outer loop
      vertex 172.902 78.5 2
      vertex 172.728 78.852 20.99
      vertex 172.728 78.852 2
    endloop
  endfacet
  facet normal -0.896455 -0.443134 0
    outer loop
      vertex 172.728 78.852 20.99
      vertex 172.902 78.5 2
      vertex 172.902 78.5 20.99
    endloop
  endfacet
  facet normal 0.555877 -0.831265 0
    outer loop
      vertex 177 77.4019 2
      vertex 177.326 77.6199 20.99
      vertex 177 77.4019 20.99
    endloop
  endfacet
  facet normal 0.555877 -0.831265 0
    outer loop
      vertex 177.326 77.6199 20.99
      vertex 177 77.4019 2
      vertex 177.326 77.6199 2
    endloop
  endfacet
  facet normal -0.44211 -0.896961 0
    outer loop
      vertex 174 77.4019 2
      vertex 174.352 77.2284 20.99
      vertex 174 77.4019 20.99
    endloop
  endfacet
  facet normal -0.44211 -0.896961 -0
    outer loop
      vertex 174.352 77.2284 20.99
      vertex 174 77.4019 2
      vertex 174.352 77.2284 2
    endloop
  endfacet
  facet normal -0.555877 0.831265 0
    outer loop
      vertex 174 82.5981 2
      vertex 173.674 82.3801 20.99
      vertex 174 82.5981 20.99
    endloop
  endfacet
  facet normal -0.555877 0.831265 0
    outer loop
      vertex 173.674 82.3801 20.99
      vertex 174 82.5981 2
      vertex 173.674 82.3801 2
    endloop
  endfacet
  facet normal 0.0654208 -0.997858 0
    outer loop
      vertex 175.5 77 2
      vertex 175.892 77.0257 20.99
      vertex 175.5 77 20.99
    endloop
  endfacet
  facet normal 0.0654208 -0.997858 0
    outer loop
      vertex 175.892 77.0257 20.99
      vertex 175.5 77 2
      vertex 175.892 77.0257 2
    endloop
  endfacet
  facet normal -0.0654208 -0.997858 0
    outer loop
      vertex 175.108 77.0257 2
      vertex 175.5 77 20.99
      vertex 175.108 77.0257 20.99
    endloop
  endfacet
  facet normal -0.0654208 -0.997858 -0
    outer loop
      vertex 175.5 77 20.99
      vertex 175.108 77.0257 2
      vertex 175.5 77 2
    endloop
  endfacet
  facet normal 0.555877 0.831265 -0
    outer loop
      vertex 177.326 82.3801 2
      vertex 177 82.5981 20.99
      vertex 177.326 82.3801 20.99
    endloop
  endfacet
  facet normal 0.555877 0.831265 0
    outer loop
      vertex 177 82.5981 20.99
      vertex 177.326 82.3801 2
      vertex 177 82.5981 2
    endloop
  endfacet
  facet normal -0.997803 -0.0662484 0
    outer loop
      vertex 172.526 79.6084 2
      vertex 172.5 80 20.99
      vertex 172.5 80 2
    endloop
  endfacet
  facet normal -0.997803 -0.0662484 0
    outer loop
      vertex 172.5 80 20.99
      vertex 172.526 79.6084 2
      vertex 172.526 79.6084 20.99
    endloop
  endfacet
  facet normal -0.659478 -0.751724 0
    outer loop
      vertex 173.379 77.8787 2
      vertex 173.674 77.6199 20.99
      vertex 173.379 77.8787 20.99
    endloop
  endfacet
  facet normal -0.659478 -0.751724 -0
    outer loop
      vertex 173.674 77.6199 20.99
      vertex 173.379 77.8787 2
      vertex 173.674 77.6199 2
    endloop
  endfacet
  facet normal 0.195379 -0.980728 0
    outer loop
      vertex 175.892 77.0257 2
      vertex 176.276 77.1022 20.99
      vertex 175.892 77.0257 20.99
    endloop
  endfacet
  facet normal 0.195379 -0.980728 0
    outer loop
      vertex 176.276 77.1022 20.99
      vertex 175.892 77.0257 2
      vertex 176.276 77.1022 2
    endloop
  endfacet
  facet normal 0.321264 0.94699 -0
    outer loop
      vertex 176.648 82.7716 2
      vertex 176.276 82.8978 20.99
      vertex 176.648 82.7716 20.99
    endloop
  endfacet
  facet normal 0.321264 0.94699 0
    outer loop
      vertex 176.276 82.8978 20.99
      vertex 176.648 82.7716 2
      vertex 176.276 82.8978 2
    endloop
  endfacet
  facet normal -0.981058 -0.193714 0
    outer loop
      vertex 172.602 79.2235 2
      vertex 172.526 79.6084 20.99
      vertex 172.526 79.6084 2
    endloop
  endfacet
  facet normal -0.981058 -0.193714 0
    outer loop
      vertex 172.526 79.6084 20.99
      vertex 172.602 79.2235 2
      vertex 172.602 79.2235 20.99
    endloop
  endfacet
  facet normal -0.321264 0.94699 0
    outer loop
      vertex 174.724 82.8978 2
      vertex 174.352 82.7716 20.99
      vertex 174.724 82.8978 20.99
    endloop
  endfacet
  facet normal -0.321264 0.94699 0
    outer loop
      vertex 174.352 82.7716 20.99
      vertex 174.724 82.8978 2
      vertex 174.352 82.7716 2
    endloop
  endfacet
  facet normal -0.321264 -0.94699 0
    outer loop
      vertex 174.352 77.2284 2
      vertex 174.724 77.1022 20.99
      vertex 174.352 77.2284 20.99
    endloop
  endfacet
  facet normal -0.321264 -0.94699 -0
    outer loop
      vertex 174.724 77.1022 20.99
      vertex 174.352 77.2284 2
      vertex 174.724 77.1022 2
    endloop
  endfacet
  facet normal 0.0654208 0.997858 -0
    outer loop
      vertex 175.892 82.9743 2
      vertex 175.5 83 20.99
      vertex 175.892 82.9743 20.99
    endloop
  endfacet
  facet normal 0.0654208 0.997858 0
    outer loop
      vertex 175.5 83 20.99
      vertex 175.892 82.9743 2
      vertex 175.5 83 2
    endloop
  endfacet
  facet normal -0.0654208 0.997858 0
    outer loop
      vertex 175.5 83 2
      vertex 175.108 82.9743 20.99
      vertex 175.5 83 20.99
    endloop
  endfacet
  facet normal -0.0654208 0.997858 0
    outer loop
      vertex 175.108 82.9743 20.99
      vertex 175.5 83 2
      vertex 175.108 82.9743 2
    endloop
  endfacet
  facet normal -0.831501 -0.555523 0
    outer loop
      vertex 173.12 78.1737 2
      vertex 172.902 78.5 20.99
      vertex 172.902 78.5 2
    endloop
  endfacet
  facet normal -0.831501 -0.555523 0
    outer loop
      vertex 172.902 78.5 20.99
      vertex 173.12 78.1737 2
      vertex 173.12 78.1737 20.99
    endloop
  endfacet
  facet normal 0.659049 -0.7521 0
    outer loop
      vertex 177.326 77.6199 2
      vertex 177.6 77.86 20.99
      vertex 177.326 77.6199 20.99
    endloop
  endfacet
  facet normal 0.659049 -0.7521 0
    outer loop
      vertex 177.6 77.86 20.99
      vertex 177.326 77.6199 2
      vertex 177.6 77.86 2
    endloop
  endfacet
  facet normal -0.659478 0.751724 0
    outer loop
      vertex 173.674 82.3801 2
      vertex 173.379 82.1213 20.99
      vertex 173.674 82.3801 20.99
    endloop
  endfacet
  facet normal -0.659478 0.751724 0
    outer loop
      vertex 173.379 82.1213 20.99
      vertex 173.674 82.3801 2
      vertex 173.379 82.1213 2
    endloop
  endfacet
  facet normal -0.947013 0.321194 0
    outer loop
      vertex 172.602 80.7765 2
      vertex 172.728 81.148 20.99
      vertex 172.728 81.148 2
    endloop
  endfacet
  facet normal -0.947013 0.321194 0
    outer loop
      vertex 172.728 81.148 20.99
      vertex 172.602 80.7765 2
      vertex 172.602 80.7765 20.99
    endloop
  endfacet
  facet normal 0.44211 -0.896961 0
    outer loop
      vertex 176.648 77.2284 2
      vertex 177 77.4019 20.99
      vertex 176.648 77.2284 20.99
    endloop
  endfacet
  facet normal 0.44211 -0.896961 0
    outer loop
      vertex 177 77.4019 20.99
      vertex 176.648 77.2284 2
      vertex 177 77.4019 2
    endloop
  endfacet
  facet normal 0.321264 -0.94699 0
    outer loop
      vertex 176.276 77.1022 2
      vertex 176.648 77.2284 20.99
      vertex 176.276 77.1022 20.99
    endloop
  endfacet
  facet normal 0.321264 -0.94699 0
    outer loop
      vertex 176.648 77.2284 20.99
      vertex 176.276 77.1022 2
      vertex 176.648 77.2284 2
    endloop
  endfacet
  facet normal -0.751471 -0.659766 0
    outer loop
      vertex 173.379 77.8787 2
      vertex 173.12 78.1737 20.99
      vertex 173.12 78.1737 2
    endloop
  endfacet
  facet normal -0.751471 -0.659766 0
    outer loop
      vertex 173.12 78.1737 20.99
      vertex 173.379 77.8787 2
      vertex 173.379 77.8787 20.99
    endloop
  endfacet
  facet normal -0.555877 -0.831265 0
    outer loop
      vertex 173.674 77.6199 2
      vertex 174 77.4019 20.99
      vertex 173.674 77.6199 20.99
    endloop
  endfacet
  facet normal -0.555877 -0.831265 -0
    outer loop
      vertex 174 77.4019 20.99
      vertex 173.674 77.6199 2
      vertex 174 77.4019 2
    endloop
  endfacet
  facet normal -0.751471 0.659766 0
    outer loop
      vertex 173.12 81.8263 2
      vertex 173.379 82.1213 20.99
      vertex 173.379 82.1213 2
    endloop
  endfacet
  facet normal -0.751471 0.659766 0
    outer loop
      vertex 173.379 82.1213 20.99
      vertex 173.12 81.8263 2
      vertex 173.12 81.8263 20.99
    endloop
  endfacet
  facet normal 0 0 1
    outer loop
      vertex 176.261 80.9917 20.99
      vertex 177.6 82.14 20.99
      vertex 177.326 82.3801 20.99
    endloop
  endfacet
  facet normal 0 0 1
    outer loop
      vertex 177.6 82.14 20.99
      vertex 176.75 80 20.99
      vertex 177.6 77.86 20.99
    endloop
  endfacet
  facet normal 0 0 1
    outer loop
      vertex 176.261 80.9917 20.99
      vertex 177.326 82.3801 20.99
      vertex 177 82.5981 20.99
    endloop
  endfacet
  facet normal -0 0 1
    outer loop
      vertex 176.739 79.8368 20.99
      vertex 177.6 77.86 20.99
      vertex 176.75 80 20.99
    endloop
  endfacet
  facet normal -0 0 1
    outer loop
      vertex 176.707 79.6765 20.99
      vertex 177.6 77.86 20.99
      vertex 176.739 79.8368 20.99
    endloop
  endfacet
  facet normal 0 0 1
    outer loop
      vertex 177.6 82.14 20.99
      vertex 176.739 80.1632 20.99
      vertex 176.75 80 20.99
    endloop
  endfacet
  facet normal 0 0 1
    outer loop
      vertex 177.6 82.14 20.99
      vertex 176.707 80.3235 20.99
      vertex 176.739 80.1632 20.99
    endloop
  endfacet
  facet normal 0 0 1
    outer loop
      vertex 177.6 82.14 20.99
      vertex 176.655 80.4784 20.99
      vertex 176.707 80.3235 20.99
    endloop
  endfacet
  facet normal 0 0 1
    outer loop
      vertex 176.125 81.0825 20.99
      vertex 177 82.5981 20.99
      vertex 176.648 82.7716 20.99
    endloop
  endfacet
  facet normal 0 0 1
    outer loop
      vertex 177.6 82.14 20.99
      vertex 176.583 80.625 20.99
      vertex 176.655 80.4784 20.99
    endloop
  endfacet
  facet normal 0 0 1
    outer loop
      vertex 177.6 82.14 20.99
      vertex 176.492 80.7609 20.99
      vertex 176.583 80.625 20.99
    endloop
  endfacet
  facet normal 0 0 1
    outer loop
      vertex 177.6 82.14 20.99
      vertex 176.384 80.8839 20.99
      vertex 176.492 80.7609 20.99
    endloop
  endfacet
  facet normal 0 0 1
    outer loop
      vertex 175.978 81.1548 20.99
      vertex 176.648 82.7716 20.99
      vertex 176.276 82.8978 20.99
    endloop
  endfacet
  facet normal 0 0 1
    outer loop
      vertex 177.6 82.14 20.99
      vertex 176.261 80.9917 20.99
      vertex 176.384 80.8839 20.99
    endloop
  endfacet
  facet normal 0 0 1
    outer loop
      vertex 177 82.5981 20.99
      vertex 176.125 81.0825 20.99
      vertex 176.261 80.9917 20.99
    endloop
  endfacet
  facet normal 0 0 1
    outer loop
      vertex 176.648 82.7716 20.99
      vertex 175.978 81.1548 20.99
      vertex 176.125 81.0825 20.99
    endloop
  endfacet
  facet normal 0 0 1
    outer loop
      vertex 175.824 81.2074 20.99
      vertex 176.276 82.8978 20.99
      vertex 175.892 82.9743 20.99
    endloop
  endfacet
  facet normal 0 0 1
    outer loop
      vertex 176.276 82.8978 20.99
      vertex 175.824 81.2074 20.99
      vertex 175.978 81.1548 20.99
    endloop
  endfacet
  facet normal 0 0 1
    outer loop
      vertex 175.892 82.9743 20.99
      vertex 175.663 81.2393 20.99
      vertex 175.824 81.2074 20.99
    endloop
  endfacet
  facet normal 0 0 1
    outer loop
      vertex 175.5 83 20.99
      vertex 175.663 81.2393 20.99
      vertex 175.892 82.9743 20.99
    endloop
  endfacet
  facet normal 0 0 1
    outer loop
      vertex 175.5 83 20.99
      vertex 175.5 81.25 20.99
      vertex 175.663 81.2393 20.99
    endloop
  endfacet
  facet normal 0 0 1
    outer loop
      vertex 175.5 83 20.99
      vertex 175.337 81.2393 20.99
      vertex 175.5 81.25 20.99
    endloop
  endfacet
  facet normal -0 0 1
    outer loop
      vertex 175.108 82.9743 20.99
      vertex 175.337 81.2393 20.99
      vertex 175.5 83 20.99
    endloop
  endfacet
  facet normal 0 0 1
    outer loop
      vertex 175.337 81.2393 20.99
      vertex 175.108 82.9743 20.99
      vertex 175.176 81.2074 20.99
    endloop
  endfacet
  facet normal -0 0 1
    outer loop
      vertex 174.724 82.8978 20.99
      vertex 175.176 81.2074 20.99
      vertex 175.108 82.9743 20.99
    endloop
  endfacet
  facet normal 0 0 1
    outer loop
      vertex 175.176 81.2074 20.99
      vertex 174.724 82.8978 20.99
      vertex 175.022 81.1548 20.99
    endloop
  endfacet
  facet normal -0 0 1
    outer loop
      vertex 174.352 82.7716 20.99
      vertex 175.022 81.1548 20.99
      vertex 174.724 82.8978 20.99
    endloop
  endfacet
  facet normal 0 0 1
    outer loop
      vertex 175.022 81.1548 20.99
      vertex 174.352 82.7716 20.99
      vertex 174.875 81.0825 20.99
    endloop
  endfacet
  facet normal -0 0 1
    outer loop
      vertex 174 82.5981 20.99
      vertex 174.875 81.0825 20.99
      vertex 174.352 82.7716 20.99
    endloop
  endfacet
  facet normal 0 0 1
    outer loop
      vertex 174.875 81.0825 20.99
      vertex 174 82.5981 20.99
      vertex 174.739 80.9917 20.99
    endloop
  endfacet
  facet normal -0 0 1
    outer loop
      vertex 173.674 82.3801 20.99
      vertex 174.739 80.9917 20.99
      vertex 174 82.5981 20.99
    endloop
  endfacet
  facet normal 0 0 1
    outer loop
      vertex 174.739 80.9917 20.99
      vertex 173.674 82.3801 20.99
      vertex 174.616 80.8839 20.99
    endloop
  endfacet
  facet normal -0 0 1
    outer loop
      vertex 173.379 82.1213 20.99
      vertex 174.616 80.8839 20.99
      vertex 173.674 82.3801 20.99
    endloop
  endfacet
  facet normal 0 0 1
    outer loop
      vertex 174.616 80.8839 20.99
      vertex 173.379 82.1213 20.99
      vertex 174.508 80.7609 20.99
    endloop
  endfacet
  facet normal -0 0 1
    outer loop
      vertex 173.12 81.8263 20.99
      vertex 174.508 80.7609 20.99
      vertex 173.379 82.1213 20.99
    endloop
  endfacet
  facet normal 0 0 1
    outer loop
      vertex 174.508 80.7609 20.99
      vertex 173.12 81.8263 20.99
      vertex 174.417 80.625 20.99
    endloop
  endfacet
  facet normal -0 0 1
    outer loop
      vertex 172.902 81.5 20.99
      vertex 174.417 80.625 20.99
      vertex 173.12 81.8263 20.99
    endloop
  endfacet
  facet normal -0 0 1
    outer loop
      vertex 176.655 79.5216 20.99
      vertex 177.6 77.86 20.99
      vertex 176.707 79.6765 20.99
    endloop
  endfacet
  facet normal -0 0 1
    outer loop
      vertex 176.583 79.375 20.99
      vertex 177.6 77.86 20.99
      vertex 176.655 79.5216 20.99
    endloop
  endfacet
  facet normal -0 0 1
    outer loop
      vertex 176.492 79.239 20.99
      vertex 177.6 77.86 20.99
      vertex 176.583 79.375 20.99
    endloop
  endfacet
  facet normal -0 0 1
    outer loop
      vertex 176.384 79.1161 20.99
      vertex 177.6 77.86 20.99
      vertex 176.492 79.239 20.99
    endloop
  endfacet
  facet normal -0 0 1
    outer loop
      vertex 176.261 79.0083 20.99
      vertex 177.6 77.86 20.99
      vertex 176.384 79.1161 20.99
    endloop
  endfacet
  facet normal 0 0 1
    outer loop
      vertex 177.6 77.86 20.99
      vertex 176.261 79.0083 20.99
      vertex 177.326 77.6199 20.99
    endloop
  endfacet
  facet normal 0 0 1
    outer loop
      vertex 177.326 77.6199 20.99
      vertex 176.261 79.0083 20.99
      vertex 177 77.4019 20.99
    endloop
  endfacet
  facet normal -0 0 1
    outer loop
      vertex 176.125 78.9175 20.99
      vertex 177 77.4019 20.99
      vertex 176.261 79.0083 20.99
    endloop
  endfacet
  facet normal 0 0 1
    outer loop
      vertex 177 77.4019 20.99
      vertex 176.125 78.9175 20.99
      vertex 176.648 77.2284 20.99
    endloop
  endfacet
  facet normal -0 0 1
    outer loop
      vertex 175.978 78.8452 20.99
      vertex 176.648 77.2284 20.99
      vertex 176.125 78.9175 20.99
    endloop
  endfacet
  facet normal 0 0 1
    outer loop
      vertex 176.648 77.2284 20.99
      vertex 175.978 78.8452 20.99
      vertex 176.276 77.1022 20.99
    endloop
  endfacet
  facet normal -0 0 1
    outer loop
      vertex 175.824 78.7926 20.99
      vertex 176.276 77.1022 20.99
      vertex 175.978 78.8452 20.99
    endloop
  endfacet
  facet normal 0 0 1
    outer loop
      vertex 176.276 77.1022 20.99
      vertex 175.824 78.7926 20.99
      vertex 175.892 77.0257 20.99
    endloop
  endfacet
  facet normal -0 0 1
    outer loop
      vertex 175.663 78.7607 20.99
      vertex 175.892 77.0257 20.99
      vertex 175.824 78.7926 20.99
    endloop
  endfacet
  facet normal -0 0 1
    outer loop
      vertex 175.5 78.75 20.99
      vertex 175.892 77.0257 20.99
      vertex 175.663 78.7607 20.99
    endloop
  endfacet
  facet normal 0 0 1
    outer loop
      vertex 175.5 78.75 20.99
      vertex 175.5 77 20.99
      vertex 175.892 77.0257 20.99
    endloop
  endfacet
  facet normal 0 0 1
    outer loop
      vertex 175.337 78.7607 20.99
      vertex 175.5 77 20.99
      vertex 175.5 78.75 20.99
    endloop
  endfacet
  facet normal 0 0 1
    outer loop
      vertex 175.108 77.0257 20.99
      vertex 175.337 78.7607 20.99
      vertex 175.176 78.7926 20.99
    endloop
  endfacet
  facet normal 0 0 1
    outer loop
      vertex 175.337 78.7607 20.99
      vertex 175.108 77.0257 20.99
      vertex 175.5 77 20.99
    endloop
  endfacet
  facet normal 0 0 1
    outer loop
      vertex 174.724 77.1022 20.99
      vertex 175.176 78.7926 20.99
      vertex 175.022 78.8452 20.99
    endloop
  endfacet
  facet normal 0 0 1
    outer loop
      vertex 174.352 77.2284 20.99
      vertex 175.022 78.8452 20.99
      vertex 174.875 78.9175 20.99
    endloop
  endfacet
  facet normal 0 0 1
    outer loop
      vertex 174 77.4019 20.99
      vertex 174.875 78.9175 20.99
      vertex 174.739 79.0083 20.99
    endloop
  endfacet
  facet normal 0 0 1
    outer loop
      vertex 175.176 78.7926 20.99
      vertex 174.724 77.1022 20.99
      vertex 175.108 77.0257 20.99
    endloop
  endfacet
  facet normal 0 0 1
    outer loop
      vertex 173.674 77.6199 20.99
      vertex 174.739 79.0083 20.99
      vertex 174.616 79.1161 20.99
    endloop
  endfacet
  facet normal 0 0 1
    outer loop
      vertex 173.379 77.8787 20.99
      vertex 174.616 79.1161 20.99
      vertex 174.508 79.239 20.99
    endloop
  endfacet
  facet normal 0 0 1
    outer loop
      vertex 173.12 78.1737 20.99
      vertex 174.508 79.239 20.99
      vertex 174.417 79.375 20.99
    endloop
  endfacet
  facet normal 0 0 1
    outer loop
      vertex 175.022 78.8452 20.99
      vertex 174.352 77.2284 20.99
      vertex 174.724 77.1022 20.99
    endloop
  endfacet
  facet normal 0 0 1
    outer loop
      vertex 172.902 78.5 20.99
      vertex 174.417 79.375 20.99
      vertex 174.345 79.5216 20.99
    endloop
  endfacet
  facet normal 0 0 1
    outer loop
      vertex 172.728 78.852 20.99
      vertex 174.345 79.5216 20.99
      vertex 174.293 79.6765 20.99
    endloop
  endfacet
  facet normal 0 0 1
    outer loop
      vertex 172.602 79.2235 20.99
      vertex 174.293 79.6765 20.99
      vertex 174.261 79.8368 20.99
    endloop
  endfacet
  facet normal 0 0 1
    outer loop
      vertex 172.526 79.6084 20.99
      vertex 174.261 79.8368 20.99
      vertex 174.25 80 20.99
    endloop
  endfacet
  facet normal 0 0 1
    outer loop
      vertex 174.417 80.625 20.99
      vertex 172.902 81.5 20.99
      vertex 174.345 80.4784 20.99
    endloop
  endfacet
  facet normal 0 0 1
    outer loop
      vertex 174.875 78.9175 20.99
      vertex 174 77.4019 20.99
      vertex 174.352 77.2284 20.99
    endloop
  endfacet
  facet normal -0 0 1
    outer loop
      vertex 172.728 81.148 20.99
      vertex 174.345 80.4784 20.99
      vertex 172.902 81.5 20.99
    endloop
  endfacet
  facet normal 0 0 1
    outer loop
      vertex 174.739 79.0083 20.99
      vertex 173.674 77.6199 20.99
      vertex 174 77.4019 20.99
    endloop
  endfacet
  facet normal 0 0 1
    outer loop
      vertex 174.345 80.4784 20.99
      vertex 172.728 81.148 20.99
      vertex 174.293 80.3235 20.99
    endloop
  endfacet
  facet normal 0 0 1
    outer loop
      vertex 174.616 79.1161 20.99
      vertex 173.379 77.8787 20.99
      vertex 173.674 77.6199 20.99
    endloop
  endfacet
  facet normal -0 0 1
    outer loop
      vertex 172.602 80.7765 20.99
      vertex 174.293 80.3235 20.99
      vertex 172.728 81.148 20.99
    endloop
  endfacet
  facet normal 0 0 1
    outer loop
      vertex 174.508 79.239 20.99
      vertex 173.12 78.1737 20.99
      vertex 173.379 77.8787 20.99
    endloop
  endfacet
  facet normal 0 0 1
    outer loop
      vertex 174.293 80.3235 20.99
      vertex 172.602 80.7765 20.99
      vertex 174.261 80.1632 20.99
    endloop
  endfacet
  facet normal 0 0 1
    outer loop
      vertex 174.417 79.375 20.99
      vertex 172.902 78.5 20.99
      vertex 173.12 78.1737 20.99
    endloop
  endfacet
  facet normal -0 0 1
    outer loop
      vertex 172.526 80.3916 20.99
      vertex 174.261 80.1632 20.99
      vertex 172.602 80.7765 20.99
    endloop
  endfacet
  facet normal 0 0 1
    outer loop
      vertex 174.345 79.5216 20.99
      vertex 172.728 78.852 20.99
      vertex 172.902 78.5 20.99
    endloop
  endfacet
  facet normal 0 0 1
    outer loop
      vertex 174.261 80.1632 20.99
      vertex 172.526 80.3916 20.99
      vertex 174.25 80 20.99
    endloop
  endfacet
  facet normal 0 0 1
    outer loop
      vertex 174.293 79.6765 20.99
      vertex 172.602 79.2235 20.99
      vertex 172.728 78.852 20.99
    endloop
  endfacet
  facet normal 0 0 1
    outer loop
      vertex 172.5 80 20.99
      vertex 174.25 80 20.99
      vertex 172.526 80.3916 20.99
    endloop
  endfacet
  facet normal 0 0 1
    outer loop
      vertex 174.261 79.8368 20.99
      vertex 172.526 79.6084 20.99
      vertex 172.602 79.2235 20.99
    endloop
  endfacet
  facet normal 0 0 1
    outer loop
      vertex 174.25 80 20.99
      vertex 172.5 80 20.99
      vertex 172.526 79.6084 20.99
    endloop
  endfacet
  facet normal -0.997803 0.0662484 0
    outer loop
      vertex 172.5 80 2
      vertex 172.526 80.3916 20.99
      vertex 172.526 80.3916 2
    endloop
  endfacet
  facet normal -0.997803 0.0662484 0
    outer loop
      vertex 172.526 80.3916 20.99
      vertex 172.5 80 2
      vertex 172.5 80 20.99
    endloop
  endfacet
  facet normal 1 -0 0
    outer loop
      vertex 119.35 65.5 6.49
      vertex 119.35 92 5
      vertex 119.35 92 6.49
    endloop
  endfacet
  facet normal 1 0 0
    outer loop
      vertex 119.35 92 5
      vertex 119.35 65.5 6.49
      vertex 119.35 65.5 5
    endloop
  endfacet
  facet normal -0 0 1
    outer loop
      vertex 118.15 92 6.49
      vertex 119.35 65.5 6.49
      vertex 119.35 92 6.49
    endloop
  endfacet
  facet normal 0 0 1
    outer loop
      vertex 119.35 65.5 6.49
      vertex 118.15 92 6.49
      vertex 118.15 65.5 6.49
    endloop
  endfacet
  facet normal -1 0 0
    outer loop
      vertex 118.15 65.5 5
      vertex 118.15 92 6.49
      vertex 118.15 92 5
    endloop
  endfacet
  facet normal -1 -0 0
    outer loop
      vertex 118.15 92 6.49
      vertex 118.15 65.5 5
      vertex 118.15 65.5 6.49
    endloop
  endfacet
  facet normal 0 1 -0
    outer loop
      vertex 134 92 2
      vertex 133.85 92 5
      vertex 134 92 5
    endloop
  endfacet
  facet normal 0 1 0
    outer loop
      vertex 133.85 92 5
      vertex 134 92 2
      vertex 132.65 92 5
    endloop
  endfacet
  facet normal 0 1 0
    outer loop
      vertex 132.65 92 5
      vertex 134 92 2
      vertex 119.35 92 5
    endloop
  endfacet
  facet normal 0 1 0
    outer loop
      vertex 118 92 2
      vertex 119.35 92 5
      vertex 134 92 2
    endloop
  endfacet
  facet normal 0 1 0
    outer loop
      vertex 119.35 92 5
      vertex 118 92 2
      vertex 118.15 92 5
    endloop
  endfacet
  facet normal 0 1 0
    outer loop
      vertex 118.15 92 5
      vertex 118 92 2
      vertex 118 92 5
    endloop
  endfacet
  facet normal 0 1 -0
    outer loop
      vertex 133.85 92 5
      vertex 132.65 92 6.49
      vertex 133.85 92 6.49
    endloop
  endfacet
  facet normal 0 1 0
    outer loop
      vertex 132.65 92 6.49
      vertex 133.85 92 5
      vertex 132.65 92 5
    endloop
  endfacet
  facet normal 0 1 -0
    outer loop
      vertex 119.35 92 5
      vertex 118.15 92 6.49
      vertex 119.35 92 6.49
    endloop
  endfacet
  facet normal 0 1 0
    outer loop
      vertex 118.15 92 6.49
      vertex 119.35 92 5
      vertex 118.15 92 5
    endloop
  endfacet
  facet normal 0 -1 0
    outer loop
      vertex 118 65.5 2
      vertex 118.15 65.5 5
      vertex 118 65.5 5
    endloop
  endfacet
  facet normal 0 -1 -0
    outer loop
      vertex 118.15 65.5 5
      vertex 118 65.5 2
      vertex 119.35 65.5 5
    endloop
  endfacet
  facet normal 0 -1 -0
    outer loop
      vertex 119.35 65.5 5
      vertex 118 65.5 2
      vertex 132.65 65.5 5
    endloop
  endfacet
  facet normal 0 -1 0
    outer loop
      vertex 134 65.5 2
      vertex 132.65 65.5 5
      vertex 118 65.5 2
    endloop
  endfacet
  facet normal 0 -1 0
    outer loop
      vertex 132.65 65.5 5
      vertex 134 65.5 2
      vertex 133.85 65.5 5
    endloop
  endfacet
  facet normal 0 -1 0
    outer loop
      vertex 133.85 65.5 5
      vertex 134 65.5 2
      vertex 134 65.5 5
    endloop
  endfacet
  facet normal 0 -1 0
    outer loop
      vertex 118.15 65.5 5
      vertex 119.35 65.5 6.49
      vertex 118.15 65.5 6.49
    endloop
  endfacet
  facet normal 0 -1 -0
    outer loop
      vertex 119.35 65.5 6.49
      vertex 118.15 65.5 5
      vertex 119.35 65.5 5
    endloop
  endfacet
  facet normal 0 -1 0
    outer loop
      vertex 132.65 65.5 5
      vertex 133.85 65.5 6.49
      vertex 132.65 65.5 6.49
    endloop
  endfacet
  facet normal 0 -1 -0
    outer loop
      vertex 133.85 65.5 6.49
      vertex 132.65 65.5 5
      vertex 133.85 65.5 5
    endloop
  endfacet
  facet normal 1 -0 0
    outer loop
      vertex 133.85 65.5 6.49
      vertex 133.85 92 5
      vertex 133.85 92 6.49
    endloop
  endfacet
  facet normal 1 0 0
    outer loop
      vertex 133.85 92 5
      vertex 133.85 65.5 6.49
      vertex 133.85 65.5 5
    endloop
  endfacet
  facet normal -0 0 1
    outer loop
      vertex 132.65 92 6.49
      vertex 133.85 65.5 6.49
      vertex 133.85 92 6.49
    endloop
  endfacet
  facet normal 0 0 1
    outer loop
      vertex 133.85 65.5 6.49
      vertex 132.65 92 6.49
      vertex 132.65 65.5 6.49
    endloop
  endfacet
  facet normal -1 0 0
    outer loop
      vertex 132.65 65.5 5
      vertex 132.65 92 6.49
      vertex 132.65 92 5
    endloop
  endfacet
  facet normal -1 -0 0
    outer loop
      vertex 132.65 92 6.49
      vertex 132.65 65.5 5
      vertex 132.65 65.5 6.49
    endloop
  endfacet
  facet normal 1 -0 0
    outer loop
      vertex 57.5 71.6 3.5
      vertex 57.5 97.6 2
      vertex 57.5 97.6 3.5
    endloop
  endfacet
  facet normal 1 0 0
    outer loop
      vertex 57.5 97.6 2
      vertex 57.5 71.6 3.5
      vertex 57.5 71.6 2
    endloop
  endfacet
  facet normal -0 0 1
    outer loop
      vertex 56 97.6 3.5
      vertex 57.5 71.6 3.5
      vertex 57.5 97.6 3.5
    endloop
  endfacet
  facet normal 0 0 1
    outer loop
      vertex 57.5 71.6 3.5
      vertex 56 97.6 3.5
      vertex 56 71.6 3.5
    endloop
  endfacet
  facet normal -1 0 0
    outer loop
      vertex 56 71.6 2
      vertex 56 97.6 3.5
      vertex 56 97.6 2
    endloop
  endfacet
  facet normal -1 -0 0
    outer loop
      vertex 56 97.6 3.5
      vertex 56 71.6 2
      vertex 56 71.6 3.5
    endloop
  endfacet
  facet normal 0 1 -0
    outer loop
      vertex 57.5 97.6 2
      vertex 56 97.6 3.5
      vertex 57.5 97.6 3.5
    endloop
  endfacet
  facet normal 0 1 0
    outer loop
      vertex 56 97.6 3.5
      vertex 57.5 97.6 2
      vertex 56 97.6 2
    endloop
  endfacet
  facet normal 0 -1 0
    outer loop
      vertex 56 71.6 2
      vertex 57.5 71.6 3.5
      vertex 56 71.6 3.5
    endloop
  endfacet
  facet normal 0 -1 -0
    outer loop
      vertex 57.5 71.6 3.5
      vertex 56 71.6 2
      vertex 57.5 71.6 2
    endloop
  endfacet
  facet normal 1 -0 0
    outer loop
      vertex 73 71.6 3.5
      vertex 73 97.6 2
      vertex 73 97.6 3.5
    endloop
  endfacet
  facet normal 1 0 0
    outer loop
      vertex 73 97.6 2
      vertex 73 71.6 3.5
      vertex 73 71.6 2
    endloop
  endfacet
  facet normal -0 0 1
    outer loop
      vertex 71.5 97.6 3.5
      vertex 73 71.6 3.5
      vertex 73 97.6 3.5
    endloop
  endfacet
  facet normal 0 0 1
    outer loop
      vertex 73 71.6 3.5
      vertex 71.5 97.6 3.5
      vertex 71.5 71.6 3.5
    endloop
  endfacet
  facet normal -1 0 0
    outer loop
      vertex 71.5 71.6 2
      vertex 71.5 97.6 3.5
      vertex 71.5 97.6 2
    endloop
  endfacet
  facet normal -1 -0 0
    outer loop
      vertex 71.5 97.6 3.5
      vertex 71.5 71.6 2
      vertex 71.5 71.6 3.5
    endloop
  endfacet
  facet normal 0 1 -0
    outer loop
      vertex 73 97.6 2
      vertex 71.5 97.6 3.5
      vertex 73 97.6 3.5
    endloop
  endfacet
  facet normal 0 1 0
    outer loop
      vertex 71.5 97.6 3.5
      vertex 73 97.6 2
      vertex 71.5 97.6 2
    endloop
  endfacet
  facet normal 0 -1 0
    outer loop
      vertex 71.5 71.6 2
      vertex 73 71.6 3.5
      vertex 71.5 71.6 3.5
    endloop
  endfacet
  facet normal 0 -1 -0
    outer loop
      vertex 73 71.6 3.5
      vertex 71.5 71.6 2
      vertex 73 71.6 2
    endloop
  endfacet
  facet normal 1 -0 0
    outer loop
      vertex 55.7 71.6 5.99
      vertex 55.7 97.6 2
      vertex 55.7 97.6 5.99
    endloop
  endfacet
  facet normal 1 0 0
    outer loop
      vertex 55.7 97.6 2
      vertex 55.7 71.6 5.99
      vertex 55.7 71.6 2
    endloop
  endfacet
  facet normal -0 0 1
    outer loop
      vertex 54.5 97.6 5.99
      vertex 55.7 71.6 5.99
      vertex 55.7 97.6 5.99
    endloop
  endfacet
  facet normal 0 0 1
    outer loop
      vertex 55.7 71.6 5.99
      vertex 54.5 97.6 5.99
      vertex 54.5 71.6 5.99
    endloop
  endfacet
  facet normal -1 0 0
    outer loop
      vertex 54.5 71.6 2
      vertex 54.5 97.6 5.99
      vertex 54.5 97.6 2
    endloop
  endfacet
  facet normal -1 -0 0
    outer loop
      vertex 54.5 97.6 5.99
      vertex 54.5 71.6 2
      vertex 54.5 71.6 5.99
    endloop
  endfacet
  facet normal 0 1 -0
    outer loop
      vertex 55.7 97.6 2
      vertex 54.5 97.6 5.99
      vertex 55.7 97.6 5.99
    endloop
  endfacet
  facet normal 0 1 0
    outer loop
      vertex 54.5 97.6 5.99
      vertex 55.7 97.6 2
      vertex 54.5 97.6 2
    endloop
  endfacet
  facet normal 0 -1 0
    outer loop
      vertex 54.5 71.6 2
      vertex 55.7 71.6 5.99
      vertex 54.5 71.6 5.99
    endloop
  endfacet
  facet normal 0 -1 -0
    outer loop
      vertex 55.7 71.6 5.99
      vertex 54.5 71.6 2
      vertex 55.7 71.6 2
    endloop
  endfacet
  facet normal 1 -0 0
    outer loop
      vertex 74.5 95.9272 5.99
      vertex 74.5 97.6 2
      vertex 74.5 97.6 5.99
    endloop
  endfacet
  facet normal 1 0 0
    outer loop
      vertex 74.5 97.6 2
      vertex 74.5 95.9272 5.99
      vertex 74.5 95.9272 2
    endloop
  endfacet
  facet normal 1 -0 0
    outer loop
      vertex 74.5 71.6 5.99
      vertex 74.5 91.3532 2
      vertex 74.5 91.3532 5.99
    endloop
  endfacet
  facet normal 1 0 0
    outer loop
      vertex 74.5 91.3532 2
      vertex 74.5 71.6 5.99
      vertex 74.5 71.6 2
    endloop
  endfacet
  facet normal -0 0 1
    outer loop
      vertex 73.3 97.6 5.99
      vertex 74.5 95.9272 5.99
      vertex 74.5 97.6 5.99
    endloop
  endfacet
  facet normal 0 0 1
    outer loop
      vertex 74.0257 93.3916 5.99
      vertex 73.3 97.6 5.99
      vertex 74 93 5.99
    endloop
  endfacet
  facet normal 0 0 1
    outer loop
      vertex 74.5 95.9272 5.99
      vertex 73.3 97.6 5.99
      vertex 74.0257 93.3916 5.99
    endloop
  endfacet
  facet normal 0 0 1
    outer loop
      vertex 73.3 71.6 5.99
      vertex 74.5 91.3532 5.99
      vertex 74.4019 91.5 5.99
    endloop
  endfacet
  facet normal 0 0 1
    outer loop
      vertex 73.3 71.6 5.99
      vertex 74.4019 91.5 5.99
      vertex 74.2284 91.852 5.99
    endloop
  endfacet
  facet normal 0 0 1
    outer loop
      vertex 73.3 71.6 5.99
      vertex 74.2284 91.852 5.99
      vertex 74.1022 92.2235 5.99
    endloop
  endfacet
  facet normal 0 0 1
    outer loop
      vertex 73.3 71.6 5.99
      vertex 74.1022 92.2235 5.99
      vertex 74.0257 92.6084 5.99
    endloop
  endfacet
  facet normal 0 0 1
    outer loop
      vertex 73.3 97.6 5.99
      vertex 74.0257 92.6084 5.99
      vertex 74 93 5.99
    endloop
  endfacet
  facet normal 0 0 1
    outer loop
      vertex 74.0257 92.6084 5.99
      vertex 73.3 97.6 5.99
      vertex 73.3 71.6 5.99
    endloop
  endfacet
  facet normal 0 0 1
    outer loop
      vertex 74.5 91.3532 5.99
      vertex 73.3 71.6 5.99
      vertex 74.5 71.6 5.99
    endloop
  endfacet
  facet normal -1 0 0
    outer loop
      vertex 73.3 71.6 2
      vertex 73.3 97.6 5.99
      vertex 73.3 97.6 2
    endloop
  endfacet
  facet normal -1 -0 0
    outer loop
      vertex 73.3 97.6 5.99
      vertex 73.3 71.6 2
      vertex 73.3 71.6 5.99
    endloop
  endfacet
  facet normal 0 1 -0
    outer loop
      vertex 74.5 97.6 2
      vertex 73.3 97.6 5.99
      vertex 74.5 97.6 5.99
    endloop
  endfacet
  facet normal 0 1 0
    outer loop
      vertex 73.3 97.6 5.99
      vertex 74.5 97.6 2
      vertex 73.3 97.6 2
    endloop
  endfacet
  facet normal 0 -1 0
    outer loop
      vertex 73.3 71.6 2
      vertex 74.5 71.6 5.99
      vertex 73.3 71.6 5.99
    endloop
  endfacet
  facet normal 0 -1 -0
    outer loop
      vertex 74.5 71.6 5.99
      vertex 73.3 71.6 2
      vertex 74.5 71.6 2
    endloop
  endfacet
  facet normal 1 -0 0
    outer loop
      vertex 11.85 40.7 4.99
      vertex 11.85 43.5 2
      vertex 11.85 43.5 4.99
    endloop
  endfacet
  facet normal 1 0 0
    outer loop
      vertex 11.85 43.5 2
      vertex 11.85 40.7 4.99
      vertex 11.85 40.7 2
    endloop
  endfacet
  facet normal 0 0 1
    outer loop
      vertex 11.85 43.5 4.99
      vertex 10.65 43.5 4.99
      vertex 11.85 40.7 4.99
    endloop
  endfacet
  facet normal -0 0 1
    outer loop
      vertex 11.85 40.7 4.99
      vertex 14.65 39.5 4.99
      vertex 14.65 40.7 4.99
    endloop
  endfacet
  facet normal 0 0 1
    outer loop
      vertex 11.85 40.7 4.99
      vertex 10.65 39.5 4.99
      vertex 14.65 39.5 4.99
    endloop
  endfacet
  facet normal 0 0 1
    outer loop
      vertex 10.65 39.5 4.99
      vertex 11.85 40.7 4.99
      vertex 10.65 43.5 4.99
    endloop
  endfacet
  facet normal -1 0 0
    outer loop
      vertex 10.65 39.5 2
      vertex 10.65 43.5 4.99
      vertex 10.65 43.5 2
    endloop
  endfacet
  facet normal -1 -0 0
    outer loop
      vertex 10.65 43.5 4.99
      vertex 10.65 39.5 2
      vertex 10.65 39.5 4.99
    endloop
  endfacet
  facet normal 0 1 -0
    outer loop
      vertex 11.85 43.5 2
      vertex 10.65 43.5 4.99
      vertex 11.85 43.5 4.99
    endloop
  endfacet
  facet normal 0 1 0
    outer loop
      vertex 10.65 43.5 4.99
      vertex 11.85 43.5 2
      vertex 10.65 43.5 2
    endloop
  endfacet
  facet normal 0 -1 0
    outer loop
      vertex 10.65 39.5 2
      vertex 14.65 39.5 4.99
      vertex 10.65 39.5 4.99
    endloop
  endfacet
  facet normal 0 -1 -0
    outer loop
      vertex 14.65 39.5 4.99
      vertex 10.65 39.5 2
      vertex 14.65 39.5 2
    endloop
  endfacet
  facet normal 1 -0 0
    outer loop
      vertex 14.65 39.5 4.99
      vertex 14.65 40.7 2
      vertex 14.65 40.7 4.99
    endloop
  endfacet
  facet normal 1 0 0
    outer loop
      vertex 14.65 40.7 2
      vertex 14.65 39.5 4.99
      vertex 14.65 39.5 2
    endloop
  endfacet
  facet normal 0 1 -0
    outer loop
      vertex 14.65 40.7 2
      vertex 11.85 40.7 4.99
      vertex 14.65 40.7 4.99
    endloop
  endfacet
  facet normal 0 1 0
    outer loop
      vertex 11.85 40.7 4.99
      vertex 14.65 40.7 2
      vertex 11.85 40.7 2
    endloop
  endfacet
  facet normal 1 -0 0
    outer loop
      vertex 11.85 94.5 4.99
      vertex 11.85 97.3 2
      vertex 11.85 97.3 4.99
    endloop
  endfacet
  facet normal 1 0 0
    outer loop
      vertex 11.85 97.3 2
      vertex 11.85 94.5 4.99
      vertex 11.85 94.5 2
    endloop
  endfacet
  facet normal 0 0 1
    outer loop
      vertex 14.65 97.6 4.99
      vertex 11.85 97.3 4.99
      vertex 14.65 97.3 4.99
    endloop
  endfacet
  facet normal -0 0 1
    outer loop
      vertex 10.6981 95.0981 4.99
      vertex 11.85 94.5 4.99
      vertex 11.85 97.3 4.99
    endloop
  endfacet
  facet normal 0 0 1
    outer loop
      vertex 11.85 94.5 4.99
      vertex 10.9784 94.7785 4.99
      vertex 11.1645 94.5 4.99
    endloop
  endfacet
  facet normal 0 0 1
    outer loop
      vertex 11.85 94.5 4.99
      vertex 10.6981 95.0981 4.99
      vertex 10.9784 94.7785 4.99
    endloop
  endfacet
  facet normal -0 0 1
    outer loop
      vertex 10.65 97.6 4.99
      vertex 11.85 97.3 4.99
      vertex 14.65 97.6 4.99
    endloop
  endfacet
  facet normal 0 0 1
    outer loop
      vertex 10.65 95.1403 4.99
      vertex 11.85 97.3 4.99
      vertex 10.65 97.6 4.99
    endloop
  endfacet
  facet normal 0 0 1
    outer loop
      vertex 11.85 97.3 4.99
      vertex 10.65 95.1403 4.99
      vertex 10.6981 95.0981 4.99
    endloop
  endfacet
  facet normal -1 0 0
    outer loop
      vertex 10.65 95.1403 2
      vertex 10.65 97.6 4.99
      vertex 10.65 97.6 2
    endloop
  endfacet
  facet normal -1 -0 0
    outer loop
      vertex 10.65 97.6 4.99
      vertex 10.65 95.1403 2
      vertex 10.65 95.1403 4.99
    endloop
  endfacet
  facet normal 0 -1 0
    outer loop
      vertex 11.1645 94.5 2
      vertex 11.85 94.5 4.99
      vertex 11.1645 94.5 4.99
    endloop
  endfacet
  facet normal 0 -1 -0
    outer loop
      vertex 11.85 94.5 4.99
      vertex 11.1645 94.5 2
      vertex 11.85 94.5 2
    endloop
  endfacet
  facet normal 1 -0 0
    outer loop
      vertex 14.65 97.3 4.99
      vertex 14.65 97.6 2
      vertex 14.65 97.6 4.99
    endloop
  endfacet
  facet normal 1 0 0
    outer loop
      vertex 14.65 97.6 2
      vertex 14.65 97.3 4.99
      vertex 14.65 97.3 2
    endloop
  endfacet
  facet normal 0 -1 0
    outer loop
      vertex 11.85 97.3 2
      vertex 14.65 97.3 4.99
      vertex 11.85 97.3 4.99
    endloop
  endfacet
  facet normal 0 -1 -0
    outer loop
      vertex 14.65 97.3 4.99
      vertex 11.85 97.3 2
      vertex 14.65 97.3 2
    endloop
  endfacet
  facet normal 1 -0 0
    outer loop
      vertex 48.15 39.5 4.99
      vertex 48.15 43.5 2
      vertex 48.15 43.5 4.99
    endloop
  endfacet
  facet normal 1 0 0
    outer loop
      vertex 48.15 43.5 2
      vertex 48.15 39.5 4.99
      vertex 48.15 39.5 2
    endloop
  endfacet
  facet normal 0 0 1
    outer loop
      vertex 46.95 40.7 4.99
      vertex 48.15 43.5 4.99
      vertex 46.95 43.5 4.99
    endloop
  endfacet
  facet normal 0 0 1
    outer loop
      vertex 48.15 43.5 4.99
      vertex 46.95 40.7 4.99
      vertex 48.15 39.5 4.99
    endloop
  endfacet
  facet normal 0 0 1
    outer loop
      vertex 44.15 39.5 4.99
      vertex 46.95 40.7 4.99
      vertex 44.15 40.7 4.99
    endloop
  endfacet
  facet normal 0 0 1
    outer loop
      vertex 46.95 40.7 4.99
      vertex 44.15 39.5 4.99
      vertex 48.15 39.5 4.99
    endloop
  endfacet
  facet normal -1 0 0
    outer loop
      vertex 46.95 40.7 2
      vertex 46.95 43.5 4.99
      vertex 46.95 43.5 2
    endloop
  endfacet
  facet normal -1 -0 0
    outer loop
      vertex 46.95 43.5 4.99
      vertex 46.95 40.7 2
      vertex 46.95 40.7 4.99
    endloop
  endfacet
  facet normal 0 1 -0
    outer loop
      vertex 48.15 43.5 2
      vertex 46.95 43.5 4.99
      vertex 48.15 43.5 4.99
    endloop
  endfacet
  facet normal 0 1 0
    outer loop
      vertex 46.95 43.5 4.99
      vertex 48.15 43.5 2
      vertex 46.95 43.5 2
    endloop
  endfacet
  facet normal 0 -1 0
    outer loop
      vertex 44.15 39.5 2
      vertex 48.15 39.5 4.99
      vertex 44.15 39.5 4.99
    endloop
  endfacet
  facet normal 0 -1 -0
    outer loop
      vertex 48.15 39.5 4.99
      vertex 44.15 39.5 2
      vertex 48.15 39.5 2
    endloop
  endfacet
  facet normal -1 0 0
    outer loop
      vertex 44.15 39.5 2
      vertex 44.15 40.7 4.99
      vertex 44.15 40.7 2
    endloop
  endfacet
  facet normal -1 -0 0
    outer loop
      vertex 44.15 40.7 4.99
      vertex 44.15 39.5 2
      vertex 44.15 39.5 4.99
    endloop
  endfacet
  facet normal 0 1 -0
    outer loop
      vertex 46.95 40.7 2
      vertex 44.15 40.7 4.99
      vertex 46.95 40.7 4.99
    endloop
  endfacet
  facet normal 0 1 0
    outer loop
      vertex 44.15 40.7 4.99
      vertex 46.95 40.7 2
      vertex 44.15 40.7 2
    endloop
  endfacet
  facet normal 1 -0 0
    outer loop
      vertex 48.15 95.1403 4.99
      vertex 48.15 97.6 2
      vertex 48.15 97.6 4.99
    endloop
  endfacet
  facet normal 1 0 0
    outer loop
      vertex 48.15 97.6 2
      vertex 48.15 95.1403 4.99
      vertex 48.15 95.1403 2
    endloop
  endfacet
  facet normal -0 0 1
    outer loop
      vertex 46.95 97.3 4.99
      vertex 48.15 95.1403 4.99
      vertex 48.15 97.6 4.99
    endloop
  endfacet
  facet normal 0 0 1
    outer loop
      vertex 48.15 95.1403 4.99
      vertex 46.95 97.3 4.99
      vertex 48.1019 95.0981 4.99
    endloop
  endfacet
  facet normal 0 0 1
    outer loop
      vertex 46.95 94.5 4.99
      vertex 48.1019 95.0981 4.99
      vertex 46.95 97.3 4.99
    endloop
  endfacet
  facet normal 0 0 1
    outer loop
      vertex 48.1019 95.0981 4.99
      vertex 46.95 94.5 4.99
      vertex 47.8216 94.7785 4.99
    endloop
  endfacet
  facet normal -0 0 1
    outer loop
      vertex 44.15 97.6 4.99
      vertex 46.95 97.3 4.99
      vertex 48.15 97.6 4.99
    endloop
  endfacet
  facet normal 0 0 1
    outer loop
      vertex 46.95 97.3 4.99
      vertex 44.15 97.6 4.99
      vertex 44.15 97.3 4.99
    endloop
  endfacet
  facet normal 0 0 1
    outer loop
      vertex 47.8216 94.7785 4.99
      vertex 46.95 94.5 4.99
      vertex 47.6355 94.5 4.99
    endloop
  endfacet
  facet normal -1 0 0
    outer loop
      vertex 46.95 94.5 2
      vertex 46.95 97.3 4.99
      vertex 46.95 97.3 2
    endloop
  endfacet
  facet normal -1 -0 0
    outer loop
      vertex 46.95 97.3 4.99
      vertex 46.95 94.5 2
      vertex 46.95 94.5 4.99
    endloop
  endfacet
  facet normal 0 -1 0
    outer loop
      vertex 46.95 94.5 2
      vertex 47.6355 94.5 4.99
      vertex 46.95 94.5 4.99
    endloop
  endfacet
  facet normal 0 -1 -0
    outer loop
      vertex 47.6355 94.5 4.99
      vertex 46.95 94.5 2
      vertex 47.6355 94.5 2
    endloop
  endfacet
  facet normal -1 0 0
    outer loop
      vertex 44.15 97.3 2
      vertex 44.15 97.6 4.99
      vertex 44.15 97.6 2
    endloop
  endfacet
  facet normal -1 -0 0
    outer loop
      vertex 44.15 97.6 4.99
      vertex 44.15 97.3 2
      vertex 44.15 97.3 4.99
    endloop
  endfacet
  facet normal 0 -1 0
    outer loop
      vertex 44.15 97.3 2
      vertex 46.95 97.3 4.99
      vertex 44.15 97.3 4.99
    endloop
  endfacet
  facet normal 0 -1 -0
    outer loop
      vertex 46.95 97.3 4.99
      vertex 44.15 97.3 2
      vertex 46.95 97.3 2
    endloop
  endfacet
  facet normal 1 -0 0
    outer loop
      vertex 10.6 18.7 4.49
      vertex 10.6 21.5 2
      vertex 10.6 21.5 4.49
    endloop
  endfacet
  facet normal 1 0 0
    outer loop
      vertex 10.6 21.5 2
      vertex 10.6 18.7 4.49
      vertex 10.6 18.7 2
    endloop
  endfacet
  facet normal -0 0 1
    outer loop
      vertex 9.4 21.5 4.49
      vertex 10.6 18.7 4.49
      vertex 10.6 21.5 4.49
    endloop
  endfacet
  facet normal 0 0 1
    outer loop
      vertex 10.6 18.7 4.49
      vertex 10.025 17.6146 4.49
      vertex 10.1965 17.5 4.49
    endloop
  endfacet
  facet normal 0 0 1
    outer loop
      vertex 10.6 18.7 4.49
      vertex 9.64372 17.8026 4.49
      vertex 10.025 17.6146 4.49
    endloop
  endfacet
  facet normal 0 0 1
    outer loop
      vertex 10.6 18.7 4.49
      vertex 9.4 21.5 4.49
      vertex 9.4 17.8853 4.49
    endloop
  endfacet
  facet normal 0 0 1
    outer loop
      vertex 10.6 18.7 4.49
      vertex 9.4 17.8853 4.49
      vertex 9.64372 17.8026 4.49
    endloop
  endfacet
  facet normal -0 0 1
    outer loop
      vertex 10.6 18.7 4.49
      vertex 13.4 17.5 4.49
      vertex 13.4 18.7 4.49
    endloop
  endfacet
  facet normal 0 0 1
    outer loop
      vertex 13.4 17.5 4.49
      vertex 10.6 18.7 4.49
      vertex 10.1965 17.5 4.49
    endloop
  endfacet
  facet normal -1 0 0
    outer loop
      vertex 9.4 17.8853 2
      vertex 9.4 21.5 4.49
      vertex 9.4 21.5 2
    endloop
  endfacet
  facet normal -1 -0 0
    outer loop
      vertex 9.4 21.5 4.49
      vertex 9.4 17.8853 2
      vertex 9.4 17.8853 4.49
    endloop
  endfacet
  facet normal 0 1 -0
    outer loop
      vertex 10.6 21.5 2
      vertex 9.4 21.5 4.49
      vertex 10.6 21.5 4.49
    endloop
  endfacet
  facet normal 0 1 0
    outer loop
      vertex 9.4 21.5 4.49
      vertex 10.6 21.5 2
      vertex 9.4 21.5 2
    endloop
  endfacet
  facet normal 0 -1 0
    outer loop
      vertex 10.1965 17.5 2
      vertex 13.4 17.5 4.49
      vertex 10.1965 17.5 4.49
    endloop
  endfacet
  facet normal 0 -1 -0
    outer loop
      vertex 13.4 17.5 4.49
      vertex 10.1965 17.5 2
      vertex 13.4 17.5 2
    endloop
  endfacet
  facet normal 1 -0 0
    outer loop
      vertex 13.4 17.5 4.49
      vertex 13.4 18.7 2
      vertex 13.4 18.7 4.49
    endloop
  endfacet
  facet normal 1 0 0
    outer loop
      vertex 13.4 18.7 2
      vertex 13.4 17.5 4.49
      vertex 13.4 17.5 2
    endloop
  endfacet
  facet normal 0 1 -0
    outer loop
      vertex 13.4 18.7 2
      vertex 10.6 18.7 4.49
      vertex 13.4 18.7 4.49
    endloop
  endfacet
  facet normal 0 1 0
    outer loop
      vertex 10.6 18.7 4.49
      vertex 13.4 18.7 2
      vertex 10.6 18.7 2
    endloop
  endfacet
  facet normal 1 -0 0
    outer loop
      vertex 10.6 33.5 4.49
      vertex 10.6 36.3 2
      vertex 10.6 36.3 4.49
    endloop
  endfacet
  facet normal 1 0 0
    outer loop
      vertex 10.6 36.3 2
      vertex 10.6 33.5 4.49
      vertex 10.6 33.5 2
    endloop
  endfacet
  facet normal 0 0 1
    outer loop
      vertex 13.4 37.5 4.49
      vertex 10.6 36.3 4.49
      vertex 13.4 36.3 4.49
    endloop
  endfacet
  facet normal -0 0 1
    outer loop
      vertex 9.4 37.5 4.49
      vertex 10.6 36.3 4.49
      vertex 13.4 37.5 4.49
    endloop
  endfacet
  facet normal 0 0 1
    outer loop
      vertex 9.4 33.5 4.49
      vertex 10.6 36.3 4.49
      vertex 9.4 37.5 4.49
    endloop
  endfacet
  facet normal 0 0 1
    outer loop
      vertex 10.6 36.3 4.49
      vertex 9.4 33.5 4.49
      vertex 10.6 33.5 4.49
    endloop
  endfacet
  facet normal -1 0 0
    outer loop
      vertex 9.4 33.5 2
      vertex 9.4 37.5 4.49
      vertex 9.4 37.5 2
    endloop
  endfacet
  facet normal -1 -0 0
    outer loop
      vertex 9.4 37.5 4.49
      vertex 9.4 33.5 2
      vertex 9.4 33.5 4.49
    endloop
  endfacet
  facet normal 0 1 -0
    outer loop
      vertex 13.4 37.5 2
      vertex 9.4 37.5 4.49
      vertex 13.4 37.5 4.49
    endloop
  endfacet
  facet normal 0 1 0
    outer loop
      vertex 9.4 37.5 4.49
      vertex 13.4 37.5 2
      vertex 9.4 37.5 2
    endloop
  endfacet
  facet normal 0 -1 0
    outer loop
      vertex 9.4 33.5 2
      vertex 10.6 33.5 4.49
      vertex 9.4 33.5 4.49
    endloop
  endfacet
  facet normal 0 -1 -0
    outer loop
      vertex 10.6 33.5 4.49
      vertex 9.4 33.5 2
      vertex 10.6 33.5 2
    endloop
  endfacet
  facet normal 1 -0 0
    outer loop
      vertex 13.4 36.3 4.49
      vertex 13.4 37.5 2
      vertex 13.4 37.5 4.49
    endloop
  endfacet
  facet normal 1 0 0
    outer loop
      vertex 13.4 37.5 2
      vertex 13.4 36.3 4.49
      vertex 13.4 36.3 2
    endloop
  endfacet
  facet normal 0 -1 0
    outer loop
      vertex 10.6 36.3 2
      vertex 13.4 36.3 4.49
      vertex 10.6 36.3 4.49
    endloop
  endfacet
  facet normal 0 -1 -0
    outer loop
      vertex 13.4 36.3 4.49
      vertex 10.6 36.3 2
      vertex 13.4 36.3 2
    endloop
  endfacet
  facet normal 1 -0 0
    outer loop
      vertex 49.4 17.8853 4.49
      vertex 49.4 21.5 2
      vertex 49.4 21.5 4.49
    endloop
  endfacet
  facet normal 1 0 0
    outer loop
      vertex 49.4 21.5 2
      vertex 49.4 17.8853 4.49
      vertex 49.4 17.8853 2
    endloop
  endfacet
  facet normal -0 0 1
    outer loop
      vertex 48.2 18.7 4.49
      vertex 49.4 17.8853 4.49
      vertex 49.4 21.5 4.49
    endloop
  endfacet
  facet normal 0 0 1
    outer loop
      vertex 49.4 17.8853 4.49
      vertex 48.2 18.7 4.49
      vertex 49.1563 17.8026 4.49
    endloop
  endfacet
  facet normal 0 0 1
    outer loop
      vertex 49.1563 17.8026 4.49
      vertex 48.2 18.7 4.49
      vertex 48.775 17.6146 4.49
    endloop
  endfacet
  facet normal 0 0 1
    outer loop
      vertex 48.2 18.7 4.49
      vertex 49.4 21.5 4.49
      vertex 48.2 21.5 4.49
    endloop
  endfacet
  facet normal 0 0 1
    outer loop
      vertex 48.775 17.6146 4.49
      vertex 48.2 18.7 4.49
      vertex 48.6035 17.5 4.49
    endloop
  endfacet
  facet normal 0 0 1
    outer loop
      vertex 45.4 17.5 4.49
      vertex 48.2 18.7 4.49
      vertex 45.4 18.7 4.49
    endloop
  endfacet
  facet normal 0 0 1
    outer loop
      vertex 48.2 18.7 4.49
      vertex 45.4 17.5 4.49
      vertex 48.6035 17.5 4.49
    endloop
  endfacet
  facet normal -1 0 0
    outer loop
      vertex 48.2 18.7 2
      vertex 48.2 21.5 4.49
      vertex 48.2 21.5 2
    endloop
  endfacet
  facet normal -1 -0 0
    outer loop
      vertex 48.2 21.5 4.49
      vertex 48.2 18.7 2
      vertex 48.2 18.7 4.49
    endloop
  endfacet
  facet normal 0 1 -0
    outer loop
      vertex 49.4 21.5 2
      vertex 48.2 21.5 4.49
      vertex 49.4 21.5 4.49
    endloop
  endfacet
  facet normal 0 1 0
    outer loop
      vertex 48.2 21.5 4.49
      vertex 49.4 21.5 2
      vertex 48.2 21.5 2
    endloop
  endfacet
  facet normal 0 -1 0
    outer loop
      vertex 45.4 17.5 2
      vertex 48.6035 17.5 4.49
      vertex 45.4 17.5 4.49
    endloop
  endfacet
  facet normal 0 -1 -0
    outer loop
      vertex 48.6035 17.5 4.49
      vertex 45.4 17.5 2
      vertex 48.6035 17.5 2
    endloop
  endfacet
  facet normal -1 0 0
    outer loop
      vertex 45.4 17.5 2
      vertex 45.4 18.7 4.49
      vertex 45.4 18.7 2
    endloop
  endfacet
  facet normal -1 -0 0
    outer loop
      vertex 45.4 18.7 4.49
      vertex 45.4 17.5 2
      vertex 45.4 17.5 4.49
    endloop
  endfacet
  facet normal 0 1 -0
    outer loop
      vertex 48.2 18.7 2
      vertex 45.4 18.7 4.49
      vertex 48.2 18.7 4.49
    endloop
  endfacet
  facet normal 0 1 0
    outer loop
      vertex 45.4 18.7 4.49
      vertex 48.2 18.7 2
      vertex 45.4 18.7 2
    endloop
  endfacet
  facet normal 1 -0 0
    outer loop
      vertex 49.4 33.5 4.49
      vertex 49.4 37.5 2
      vertex 49.4 37.5 4.49
    endloop
  endfacet
  facet normal 1 0 0
    outer loop
      vertex 49.4 37.5 2
      vertex 49.4 33.5 4.49
      vertex 49.4 33.5 2
    endloop
  endfacet
  facet normal 0 0 1
    outer loop
      vertex 49.4 37.5 4.49
      vertex 48.2 36.3 4.49
      vertex 49.4 33.5 4.49
    endloop
  endfacet
  facet normal -0 0 1
    outer loop
      vertex 45.4 37.5 4.49
      vertex 48.2 36.3 4.49
      vertex 49.4 37.5 4.49
    endloop
  endfacet
  facet normal 0 0 1
    outer loop
      vertex 48.2 36.3 4.49
      vertex 45.4 37.5 4.49
      vertex 45.4 36.3 4.49
    endloop
  endfacet
  facet normal 0 0 1
    outer loop
      vertex 49.4 33.5 4.49
      vertex 48.2 36.3 4.49
      vertex 48.2 33.5 4.49
    endloop
  endfacet
  facet normal -1 0 0
    outer loop
      vertex 48.2 33.5 2
      vertex 48.2 36.3 4.49
      vertex 48.2 36.3 2
    endloop
  endfacet
  facet normal -1 -0 0
    outer loop
      vertex 48.2 36.3 4.49
      vertex 48.2 33.5 2
      vertex 48.2 33.5 4.49
    endloop
  endfacet
  facet normal 0 1 -0
    outer loop
      vertex 49.4 37.5 2
      vertex 45.4 37.5 4.49
      vertex 49.4 37.5 4.49
    endloop
  endfacet
  facet normal 0 1 0
    outer loop
      vertex 45.4 37.5 4.49
      vertex 49.4 37.5 2
      vertex 45.4 37.5 2
    endloop
  endfacet
  facet normal 0 -1 0
    outer loop
      vertex 48.2 33.5 2
      vertex 49.4 33.5 4.49
      vertex 48.2 33.5 4.49
    endloop
  endfacet
  facet normal 0 -1 -0
    outer loop
      vertex 49.4 33.5 4.49
      vertex 48.2 33.5 2
      vertex 49.4 33.5 2
    endloop
  endfacet
  facet normal -1 0 0
    outer loop
      vertex 45.4 36.3 2
      vertex 45.4 37.5 4.49
      vertex 45.4 37.5 2
    endloop
  endfacet
  facet normal -1 -0 0
    outer loop
      vertex 45.4 37.5 4.49
      vertex 45.4 36.3 2
      vertex 45.4 36.3 4.49
    endloop
  endfacet
  facet normal 0 -1 0
    outer loop
      vertex 45.4 36.3 2
      vertex 48.2 36.3 4.49
      vertex 45.4 36.3 4.49
    endloop
  endfacet
  facet normal 0 -1 -0
    outer loop
      vertex 48.2 36.3 4.49
      vertex 45.4 36.3 2
      vertex 48.2 36.3 2
    endloop
  endfacet
  facet normal 1 -0 0
    outer loop
      vertex 55.7 37.2 4.99
      vertex 55.7 40 2
      vertex 55.7 40 4.99
    endloop
  endfacet
  facet normal 1 0 0
    outer loop
      vertex 55.7 40 2
      vertex 55.7 37.2 4.99
      vertex 55.7 37.2 2
    endloop
  endfacet
  facet normal -0 0 1
    outer loop
      vertex 54.5 40 4.99
      vertex 55.7 37.2 4.99
      vertex 55.7 40 4.99
    endloop
  endfacet
  facet normal 0 0 1
    outer loop
      vertex 55.7 37.2 4.99
      vertex 54.5 40 4.99
      vertex 55.7 35.6 4.99
    endloop
  endfacet
  facet normal 0 0 1
    outer loop
      vertex 54.5 32.8 4.99
      vertex 55.7 35.6 4.99
      vertex 54.5 40 4.99
    endloop
  endfacet
  facet normal 0 0 1
    outer loop
      vertex 55.7 35.6 4.99
      vertex 54.5 32.8 4.99
      vertex 55.7 32.8 4.99
    endloop
  endfacet
  facet normal -0 0 1
    outer loop
      vertex 55.7 37.2 4.99
      vertex 58.5 35.6 4.99
      vertex 58.5 37.2 4.99
    endloop
  endfacet
  facet normal 0 0 1
    outer loop
      vertex 58.5 35.6 4.99
      vertex 55.7 37.2 4.99
      vertex 55.7 35.6 4.99
    endloop
  endfacet
  facet normal -1 0 0
    outer loop
      vertex 54.5 32.8 2
      vertex 54.5 40 4.99
      vertex 54.5 40 2
    endloop
  endfacet
  facet normal -1 -0 0
    outer loop
      vertex 54.5 40 4.99
      vertex 54.5 32.8 2
      vertex 54.5 32.8 4.99
    endloop
  endfacet
  facet normal 0 1 -0
    outer loop
      vertex 55.7 40 2
      vertex 54.5 40 4.99
      vertex 55.7 40 4.99
    endloop
  endfacet
  facet normal 0 1 0
    outer loop
      vertex 54.5 40 4.99
      vertex 55.7 40 2
      vertex 54.5 40 2
    endloop
  endfacet
  facet normal 1 -0 0
    outer loop
      vertex 58.5 35.6 4.99
      vertex 58.5 37.2 2
      vertex 58.5 37.2 4.99
    endloop
  endfacet
  facet normal 1 0 0
    outer loop
      vertex 58.5 37.2 2
      vertex 58.5 35.6 4.99
      vertex 58.5 35.6 2
    endloop
  endfacet
  facet normal 0 1 -0
    outer loop
      vertex 58.5 37.2 2
      vertex 55.7 37.2 4.99
      vertex 58.5 37.2 4.99
    endloop
  endfacet
  facet normal 0 1 0
    outer loop
      vertex 55.7 37.2 4.99
      vertex 58.5 37.2 2
      vertex 55.7 37.2 2
    endloop
  endfacet
  facet normal 1 -0 0
    outer loop
      vertex 55.7 65 4.99
      vertex 55.7 67.8 2
      vertex 55.7 67.8 4.99
    endloop
  endfacet
  facet normal 1 0 0
    outer loop
      vertex 55.7 67.8 2
      vertex 55.7 65 4.99
      vertex 55.7 65 2
    endloop
  endfacet
  facet normal 0 0 1
    outer loop
      vertex 58.5 69 4.99
      vertex 55.7 67.8 4.99
      vertex 58.5 67.8 4.99
    endloop
  endfacet
  facet normal -0 0 1
    outer loop
      vertex 54.5 69 4.99
      vertex 55.7 67.8 4.99
      vertex 58.5 69 4.99
    endloop
  endfacet
  facet normal 0 0 1
    outer loop
      vertex 54.5 65 4.99
      vertex 55.7 67.8 4.99
      vertex 54.5 69 4.99
    endloop
  endfacet
  facet normal 0 0 1
    outer loop
      vertex 55.7 67.8 4.99
      vertex 54.5 65 4.99
      vertex 55.7 65 4.99
    endloop
  endfacet
  facet normal -1 0 0
    outer loop
      vertex 54.5 65 2
      vertex 54.5 69 4.99
      vertex 54.5 69 2
    endloop
  endfacet
  facet normal -1 -0 0
    outer loop
      vertex 54.5 69 4.99
      vertex 54.5 65 2
      vertex 54.5 65 4.99
    endloop
  endfacet
  facet normal 0 1 -0
    outer loop
      vertex 58.5 69 2
      vertex 54.5 69 4.99
      vertex 58.5 69 4.99
    endloop
  endfacet
  facet normal 0 1 0
    outer loop
      vertex 54.5 69 4.99
      vertex 58.5 69 2
      vertex 54.5 69 2
    endloop
  endfacet
  facet normal 0 -1 0
    outer loop
      vertex 54.5 65 2
      vertex 55.7 65 4.99
      vertex 54.5 65 4.99
    endloop
  endfacet
  facet normal 0 -1 -0
    outer loop
      vertex 55.7 65 4.99
      vertex 54.5 65 2
      vertex 55.7 65 2
    endloop
  endfacet
  facet normal 1 -0 0
    outer loop
      vertex 58.5 67.8 4.99
      vertex 58.5 69 2
      vertex 58.5 69 4.99
    endloop
  endfacet
  facet normal 1 0 0
    outer loop
      vertex 58.5 69 2
      vertex 58.5 67.8 4.99
      vertex 58.5 67.8 2
    endloop
  endfacet
  facet normal 0 -1 0
    outer loop
      vertex 55.7 67.8 2
      vertex 58.5 67.8 4.99
      vertex 55.7 67.8 4.99
    endloop
  endfacet
  facet normal 0 -1 -0
    outer loop
      vertex 58.5 67.8 4.99
      vertex 55.7 67.8 2
      vertex 58.5 67.8 2
    endloop
  endfacet
  facet normal 1 -0 0
    outer loop
      vertex 74.5 36 4.99
      vertex 74.5 40 2
      vertex 74.5 40 4.99
    endloop
  endfacet
  facet normal 1 0 0
    outer loop
      vertex 74.5 40 2
      vertex 74.5 36 4.99
      vertex 74.5 36 2
    endloop
  endfacet
  facet normal 0 0 1
    outer loop
      vertex 70.5 36.8 4.99
      vertex 73.3 37.2 4.99
      vertex 70.5 37.2 4.99
    endloop
  endfacet
  facet normal 0 0 1
    outer loop
      vertex 73.3 37.2 4.99
      vertex 70.5 36.8 4.99
      vertex 72.3 35.6 4.99
    endloop
  endfacet
  facet normal 0 0 1
    outer loop
      vertex 69.5 35.6 4.99
      vertex 70.5 36.8 4.99
      vertex 69.5 36.8 4.99
    endloop
  endfacet
  facet normal 0 0 1
    outer loop
      vertex 70.5 36.8 4.99
      vertex 69.5 35.6 4.99
      vertex 72.3 35.6 4.99
    endloop
  endfacet
  facet normal -0 0 1
    outer loop
      vertex 73.3 37.2 4.99
      vertex 74.5 36 4.99
      vertex 74.5 40 4.99
    endloop
  endfacet
  facet normal 0 0 1
    outer loop
      vertex 73.3 37.2 4.99
      vertex 74.5 40 4.99
      vertex 73.3 40 4.99
    endloop
  endfacet
  facet normal 0 0 1
    outer loop
      vertex 74.5 36 4.99
      vertex 73.3 37.2 4.99
      vertex 73.5 36 4.99
    endloop
  endfacet
  facet normal 0 0 1
    outer loop
      vertex 72.3 35.6 4.99
      vertex 73.5 36 4.99
      vertex 73.3 37.2 4.99
    endloop
  endfacet
  facet normal 0 0 1
    outer loop
      vertex 73.5 36 4.99
      vertex 72.3 35.6 4.99
      vertex 73.5 32.8 4.99
    endloop
  endfacet
  facet normal 0 0 1
    outer loop
      vertex 73.5 32.8 4.99
      vertex 72.3 35.6 4.99
      vertex 72.3 32.8 4.99
    endloop
  endfacet
  facet normal -1 0 0
    outer loop
      vertex 73.3 37.2 2
      vertex 73.3 40 4.99
      vertex 73.3 40 2
    endloop
  endfacet
  facet normal -1 -0 0
    outer loop
      vertex 73.3 40 4.99
      vertex 73.3 37.2 2
      vertex 73.3 37.2 4.99
    endloop
  endfacet
  facet normal 0 1 -0
    outer loop
      vertex 74.5 40 2
      vertex 73.3 40 4.99
      vertex 74.5 40 4.99
    endloop
  endfacet
  facet normal 0 1 0
    outer loop
      vertex 73.3 40 4.99
      vertex 74.5 40 2
      vertex 73.3 40 2
    endloop
  endfacet
  facet normal 0 -1 0
    outer loop
      vertex 73.5 36 2
      vertex 74.5 36 4.99
      vertex 73.5 36 4.99
    endloop
  endfacet
  facet normal 0 -1 -0
    outer loop
      vertex 74.5 36 4.99
      vertex 73.5 36 2
      vertex 74.5 36 2
    endloop
  endfacet
  facet normal -1 0 0
    outer loop
      vertex 70.5 36.8 2
      vertex 70.5 37.2 4.99
      vertex 70.5 37.2 2
    endloop
  endfacet
  facet normal -1 -0 0
    outer loop
      vertex 70.5 37.2 4.99
      vertex 70.5 36.8 2
      vertex 70.5 36.8 4.99
    endloop
  endfacet
  facet normal 0 1 -0
    outer loop
      vertex 73.3 37.2 2
      vertex 70.5 37.2 4.99
      vertex 73.3 37.2 4.99
    endloop
  endfacet
  facet normal 0 1 0
    outer loop
      vertex 70.5 37.2 4.99
      vertex 73.3 37.2 2
      vertex 70.5 37.2 2
    endloop
  endfacet
  facet normal 1 -0 0
    outer loop
      vertex 74.5 65 4.99
      vertex 74.5 69 2
      vertex 74.5 69 4.99
    endloop
  endfacet
  facet normal 1 0 0
    outer loop
      vertex 74.5 69 2
      vertex 74.5 65 4.99
      vertex 74.5 65 2
    endloop
  endfacet
  facet normal 0 0 1
    outer loop
      vertex 74.5 69 4.99
      vertex 73.3 67.8 4.99
      vertex 74.5 65 4.99
    endloop
  endfacet
  facet normal -0 0 1
    outer loop
      vertex 70.5 69 4.99
      vertex 73.3 67.8 4.99
      vertex 74.5 69 4.99
    endloop
  endfacet
  facet normal 0 0 1
    outer loop
      vertex 73.3 67.8 4.99
      vertex 70.5 69 4.99
      vertex 70.5 67.8 4.99
    endloop
  endfacet
  facet normal 0 0 1
    outer loop
      vertex 74.5 65 4.99
      vertex 73.3 67.8 4.99
      vertex 73.3 65 4.99
    endloop
  endfacet
  facet normal -1 0 0
    outer loop
      vertex 73.3 65 2
      vertex 73.3 67.8 4.99
      vertex 73.3 67.8 2
    endloop
  endfacet
  facet normal -1 -0 0
    outer loop
      vertex 73.3 67.8 4.99
      vertex 73.3 65 2
      vertex 73.3 65 4.99
    endloop
  endfacet
  facet normal 0 1 -0
    outer loop
      vertex 74.5 69 2
      vertex 70.5 69 4.99
      vertex 74.5 69 4.99
    endloop
  endfacet
  facet normal 0 1 0
    outer loop
      vertex 70.5 69 4.99
      vertex 74.5 69 2
      vertex 70.5 69 2
    endloop
  endfacet
  facet normal 0 -1 0
    outer loop
      vertex 73.3 65 2
      vertex 74.5 65 4.99
      vertex 73.3 65 4.99
    endloop
  endfacet
  facet normal 0 -1 -0
    outer loop
      vertex 74.5 65 4.99
      vertex 73.3 65 2
      vertex 74.5 65 2
    endloop
  endfacet
  facet normal -1 0 0
    outer loop
      vertex 70.5 67.8 2
      vertex 70.5 69 4.99
      vertex 70.5 69 2
    endloop
  endfacet
  facet normal -1 -0 0
    outer loop
      vertex 70.5 69 4.99
      vertex 70.5 67.8 2
      vertex 70.5 67.8 4.99
    endloop
  endfacet
  facet normal 0 -1 0
    outer loop
      vertex 70.5 67.8 2
      vertex 73.3 67.8 4.99
      vertex 70.5 67.8 4.99
    endloop
  endfacet
  facet normal 0 -1 -0
    outer loop
      vertex 73.3 67.8 4.99
      vertex 70.5 67.8 2
      vertex 73.3 67.8 2
    endloop
  endfacet
  facet normal 1 -0 0
    outer loop
      vertex 55.7 5.1 4.99
      vertex 55.7 7.8 2
      vertex 55.7 7.8 4.99
    endloop
  endfacet
  facet normal 1 0 0
    outer loop
      vertex 55.7 7.8 2
      vertex 55.7 5.1 4.99
      vertex 55.7 5.1 2
    endloop
  endfacet
  facet normal -0 0 1
    outer loop
      vertex 54.5 7.8 4.99
      vertex 55.7 5.1 4.99
      vertex 55.7 7.8 4.99
    endloop
  endfacet
  facet normal 0 0 1
    outer loop
      vertex 55.7 5.1 4.99
      vertex 54.5 7.8 4.99
      vertex 54.5 5.1 4.99
    endloop
  endfacet
  facet normal -1 0 0
    outer loop
      vertex 54.5 5.1 2
      vertex 54.5 7.8 4.99
      vertex 54.5 7.8 2
    endloop
  endfacet
  facet normal -1 -0 0
    outer loop
      vertex 54.5 7.8 4.99
      vertex 54.5 5.1 2
      vertex 54.5 5.1 4.99
    endloop
  endfacet
  facet normal 0 1 -0
    outer loop
      vertex 55.7 7.8 2
      vertex 54.5 7.8 4.99
      vertex 55.7 7.8 4.99
    endloop
  endfacet
  facet normal 0 1 0
    outer loop
      vertex 54.5 7.8 4.99
      vertex 55.7 7.8 2
      vertex 54.5 7.8 2
    endloop
  endfacet
  facet normal 1 -0 0
    outer loop
      vertex 55.7 32.8 4.99
      vertex 55.7 35.6 2
      vertex 55.7 35.6 4.99
    endloop
  endfacet
  facet normal 1 0 0
    outer loop
      vertex 55.7 35.6 2
      vertex 55.7 32.8 4.99
      vertex 55.7 32.8 2
    endloop
  endfacet
  facet normal 0 -1 0
    outer loop
      vertex 54.5 32.8 2
      vertex 55.7 32.8 4.99
      vertex 54.5 32.8 4.99
    endloop
  endfacet
  facet normal 0 -1 -0
    outer loop
      vertex 55.7 32.8 4.99
      vertex 54.5 32.8 2
      vertex 55.7 32.8 2
    endloop
  endfacet
  facet normal 0 -1 0
    outer loop
      vertex 55.7 35.6 2
      vertex 58.5 35.6 4.99
      vertex 55.7 35.6 4.99
    endloop
  endfacet
  facet normal 0 -1 -0
    outer loop
      vertex 58.5 35.6 4.99
      vertex 55.7 35.6 2
      vertex 58.5 35.6 2
    endloop
  endfacet
  facet normal 1 -0 0
    outer loop
      vertex 73.5 5.1 4.99
      vertex 73.5 7.8 2
      vertex 73.5 7.8 4.99
    endloop
  endfacet
  facet normal 1 0 0
    outer loop
      vertex 73.5 7.8 2
      vertex 73.5 5.1 4.99
      vertex 73.5 5.1 2
    endloop
  endfacet
  facet normal -0 0 1
    outer loop
      vertex 72.3 7.8 4.99
      vertex 73.5 5.1 4.99
      vertex 73.5 7.8 4.99
    endloop
  endfacet
  facet normal 0 0 1
    outer loop
      vertex 73.5 5.1 4.99
      vertex 72.3 7.8 4.99
      vertex 72.3 5.1 4.99
    endloop
  endfacet
  facet normal -1 0 0
    outer loop
      vertex 72.3 5.1 2
      vertex 72.3 7.8 4.99
      vertex 72.3 7.8 2
    endloop
  endfacet
  facet normal -1 -0 0
    outer loop
      vertex 72.3 7.8 4.99
      vertex 72.3 5.1 2
      vertex 72.3 5.1 4.99
    endloop
  endfacet
  facet normal 0 1 -0
    outer loop
      vertex 73.5 7.8 2
      vertex 72.3 7.8 4.99
      vertex 73.5 7.8 4.99
    endloop
  endfacet
  facet normal 0 1 0
    outer loop
      vertex 72.3 7.8 4.99
      vertex 73.5 7.8 2
      vertex 72.3 7.8 2
    endloop
  endfacet
  facet normal 1 -0 0
    outer loop
      vertex 73.5 32.8 4.99
      vertex 73.5 36 2
      vertex 73.5 36 4.99
    endloop
  endfacet
  facet normal 1 0 0
    outer loop
      vertex 73.5 36 2
      vertex 73.5 32.8 4.99
      vertex 73.5 32.8 2
    endloop
  endfacet
  facet normal -1 0 0
    outer loop
      vertex 72.3 32.8 2
      vertex 72.3 35.6 4.99
      vertex 72.3 35.6 2
    endloop
  endfacet
  facet normal -1 -0 0
    outer loop
      vertex 72.3 35.6 4.99
      vertex 72.3 32.8 2
      vertex 72.3 32.8 4.99
    endloop
  endfacet
  facet normal 0 1 -0
    outer loop
      vertex 70.5 36.8 2
      vertex 69.5 36.8 4.99
      vertex 70.5 36.8 4.99
    endloop
  endfacet
  facet normal 0 1 0
    outer loop
      vertex 69.5 36.8 4.99
      vertex 70.5 36.8 2
      vertex 69.5 36.8 2
    endloop
  endfacet
  facet normal 0 -1 0
    outer loop
      vertex 72.3 32.8 2
      vertex 73.5 32.8 4.99
      vertex 72.3 32.8 4.99
    endloop
  endfacet
  facet normal 0 -1 -0
    outer loop
      vertex 73.5 32.8 4.99
      vertex 72.3 32.8 2
      vertex 73.5 32.8 2
    endloop
  endfacet
  facet normal -1 0 0
    outer loop
      vertex 69.5 35.6 2
      vertex 69.5 36.8 4.99
      vertex 69.5 36.8 2
    endloop
  endfacet
  facet normal -1 -0 0
    outer loop
      vertex 69.5 36.8 4.99
      vertex 69.5 35.6 2
      vertex 69.5 35.6 4.99
    endloop
  endfacet
  facet normal 0 -1 0
    outer loop
      vertex 69.5 35.6 2
      vertex 72.3 35.6 4.99
      vertex 69.5 35.6 4.99
    endloop
  endfacet
  facet normal 0 -1 -0
    outer loop
      vertex 72.3 35.6 4.99
      vertex 69.5 35.6 2
      vertex 72.3 35.6 2
    endloop
  endfacet
  facet normal 1 -0 0
    outer loop
      vertex 135.7 59.7 4.99
      vertex 135.7 62.5 2
      vertex 135.7 62.5 4.99
    endloop
  endfacet
  facet normal 1 0 0
    outer loop
      vertex 135.7 62.5 2
      vertex 135.7 59.7 4.99
      vertex 135.7 59.7 2
    endloop
  endfacet
  facet normal 0 0 1
    outer loop
      vertex 135.7 62.5 4.99
      vertex 134.5 62.5 4.99
      vertex 135.7 59.7 4.99
    endloop
  endfacet
  facet normal -0 0 1
    outer loop
      vertex 135.7 59.7 4.99
      vertex 138.5 58.5 4.99
      vertex 138.5 59.7 4.99
    endloop
  endfacet
  facet normal 0 0 1
    outer loop
      vertex 135.7 59.7 4.99
      vertex 134.5 58.5 4.99
      vertex 138.5 58.5 4.99
    endloop
  endfacet
  facet normal 0 0 1
    outer loop
      vertex 134.5 58.5 4.99
      vertex 135.7 59.7 4.99
      vertex 134.5 62.5 4.99
    endloop
  endfacet
  facet normal -1 0 0
    outer loop
      vertex 134.5 58.5 2
      vertex 134.5 62.5 4.99
      vertex 134.5 62.5 2
    endloop
  endfacet
  facet normal -1 -0 0
    outer loop
      vertex 134.5 62.5 4.99
      vertex 134.5 58.5 2
      vertex 134.5 58.5 4.99
    endloop
  endfacet
  facet normal 0 1 -0
    outer loop
      vertex 135.7 62.5 2
      vertex 134.5 62.5 4.99
      vertex 135.7 62.5 4.99
    endloop
  endfacet
  facet normal 0 1 0
    outer loop
      vertex 134.5 62.5 4.99
      vertex 135.7 62.5 2
      vertex 134.5 62.5 2
    endloop
  endfacet
  facet normal 0 -1 0
    outer loop
      vertex 134.5 58.5 2
      vertex 138.5 58.5 4.99
      vertex 134.5 58.5 4.99
    endloop
  endfacet
  facet normal 0 -1 -0
    outer loop
      vertex 138.5 58.5 4.99
      vertex 134.5 58.5 2
      vertex 138.5 58.5 2
    endloop
  endfacet
  facet normal 1 -0 0
    outer loop
      vertex 138.5 58.5 4.99
      vertex 138.5 59.7 2
      vertex 138.5 59.7 4.99
    endloop
  endfacet
  facet normal 1 0 0
    outer loop
      vertex 138.5 59.7 2
      vertex 138.5 58.5 4.99
      vertex 138.5 58.5 2
    endloop
  endfacet
  facet normal 0 1 -0
    outer loop
      vertex 138.5 59.7 2
      vertex 135.7 59.7 4.99
      vertex 138.5 59.7 4.99
    endloop
  endfacet
  facet normal 0 1 0
    outer loop
      vertex 135.7 59.7 4.99
      vertex 138.5 59.7 2
      vertex 135.7 59.7 2
    endloop
  endfacet
  facet normal 1 -0 0
    outer loop
      vertex 135.7 78.5 4.99
      vertex 135.7 81.3 2
      vertex 135.7 81.3 4.99
    endloop
  endfacet
  facet normal 1 0 0
    outer loop
      vertex 135.7 81.3 2
      vertex 135.7 78.5 4.99
      vertex 135.7 78.5 2
    endloop
  endfacet
  facet normal 0 0 1
    outer loop
      vertex 138.5 82.5 4.99
      vertex 135.7 81.3 4.99
      vertex 138.5 81.3 4.99
    endloop
  endfacet
  facet normal -0 0 1
    outer loop
      vertex 134.5 82.5 4.99
      vertex 135.7 81.3 4.99
      vertex 138.5 82.5 4.99
    endloop
  endfacet
  facet normal 0 0 1
    outer loop
      vertex 134.5 78.5 4.99
      vertex 135.7 81.3 4.99
      vertex 134.5 82.5 4.99
    endloop
  endfacet
  facet normal 0 0 1
    outer loop
      vertex 135.7 81.3 4.99
      vertex 134.5 78.5 4.99
      vertex 135.7 78.5 4.99
    endloop
  endfacet
  facet normal -1 0 0
    outer loop
      vertex 134.5 78.5 2
      vertex 134.5 82.5 4.99
      vertex 134.5 82.5 2
    endloop
  endfacet
  facet normal -1 -0 0
    outer loop
      vertex 134.5 82.5 4.99
      vertex 134.5 78.5 2
      vertex 134.5 78.5 4.99
    endloop
  endfacet
  facet normal 0 1 -0
    outer loop
      vertex 138.5 82.5 2
      vertex 134.5 82.5 4.99
      vertex 138.5 82.5 4.99
    endloop
  endfacet
  facet normal 0 1 0
    outer loop
      vertex 134.5 82.5 4.99
      vertex 138.5 82.5 2
      vertex 134.5 82.5 2
    endloop
  endfacet
  facet normal 0 -1 0
    outer loop
      vertex 134.5 78.5 2
      vertex 135.7 78.5 4.99
      vertex 134.5 78.5 4.99
    endloop
  endfacet
  facet normal 0 -1 -0
    outer loop
      vertex 135.7 78.5 4.99
      vertex 134.5 78.5 2
      vertex 135.7 78.5 2
    endloop
  endfacet
  facet normal 1 -0 0
    outer loop
      vertex 138.5 81.3 4.99
      vertex 138.5 82.5 2
      vertex 138.5 82.5 4.99
    endloop
  endfacet
  facet normal 1 0 0
    outer loop
      vertex 138.5 82.5 2
      vertex 138.5 81.3 4.99
      vertex 138.5 81.3 2
    endloop
  endfacet
  facet normal 0 -1 0
    outer loop
      vertex 135.7 81.3 2
      vertex 138.5 81.3 4.99
      vertex 135.7 81.3 4.99
    endloop
  endfacet
  facet normal 0 -1 -0
    outer loop
      vertex 138.5 81.3 4.99
      vertex 135.7 81.3 2
      vertex 138.5 81.3 2
    endloop
  endfacet
  facet normal 1 -0 0
    outer loop
      vertex 171.5 58.5 4.99
      vertex 171.5 62.5 2
      vertex 171.5 62.5 4.99
    endloop
  endfacet
  facet normal 1 0 0
    outer loop
      vertex 171.5 62.5 2
      vertex 171.5 58.5 4.99
      vertex 171.5 58.5 2
    endloop
  endfacet
  facet normal 0 0 1
    outer loop
      vertex 170.3 59.7 4.99
      vertex 171.5 62.5 4.99
      vertex 170.3 62.5 4.99
    endloop
  endfacet
  facet normal 0 0 1
    outer loop
      vertex 171.5 62.5 4.99
      vertex 170.3 59.7 4.99
      vertex 171.5 58.5 4.99
    endloop
  endfacet
  facet normal 0 0 1
    outer loop
      vertex 167.5 58.5 4.99
      vertex 170.3 59.7 4.99
      vertex 167.5 59.7 4.99
    endloop
  endfacet
  facet normal 0 0 1
    outer loop
      vertex 170.3 59.7 4.99
      vertex 167.5 58.5 4.99
      vertex 171.5 58.5 4.99
    endloop
  endfacet
  facet normal -1 0 0
    outer loop
      vertex 170.3 59.7 2
      vertex 170.3 62.5 4.99
      vertex 170.3 62.5 2
    endloop
  endfacet
  facet normal -1 -0 0
    outer loop
      vertex 170.3 62.5 4.99
      vertex 170.3 59.7 2
      vertex 170.3 59.7 4.99
    endloop
  endfacet
  facet normal 0 1 -0
    outer loop
      vertex 171.5 62.5 2
      vertex 170.3 62.5 4.99
      vertex 171.5 62.5 4.99
    endloop
  endfacet
  facet normal 0 1 0
    outer loop
      vertex 170.3 62.5 4.99
      vertex 171.5 62.5 2
      vertex 170.3 62.5 2
    endloop
  endfacet
  facet normal 0 -1 0
    outer loop
      vertex 167.5 58.5 2
      vertex 171.5 58.5 4.99
      vertex 167.5 58.5 4.99
    endloop
  endfacet
  facet normal 0 -1 -0
    outer loop
      vertex 171.5 58.5 4.99
      vertex 167.5 58.5 2
      vertex 171.5 58.5 2
    endloop
  endfacet
  facet normal -1 0 0
    outer loop
      vertex 167.5 58.5 2
      vertex 167.5 59.7 4.99
      vertex 167.5 59.7 2
    endloop
  endfacet
  facet normal -1 -0 0
    outer loop
      vertex 167.5 59.7 4.99
      vertex 167.5 58.5 2
      vertex 167.5 58.5 4.99
    endloop
  endfacet
  facet normal 0 1 -0
    outer loop
      vertex 170.3 59.7 2
      vertex 167.5 59.7 4.99
      vertex 170.3 59.7 4.99
    endloop
  endfacet
  facet normal 0 1 0
    outer loop
      vertex 167.5 59.7 4.99
      vertex 170.3 59.7 2
      vertex 167.5 59.7 2
    endloop
  endfacet
  facet normal 1 -0 0
    outer loop
      vertex 171.5 78.5 4.99
      vertex 171.5 82.5 2
      vertex 171.5 82.5 4.99
    endloop
  endfacet
  facet normal 1 0 0
    outer loop
      vertex 171.5 82.5 2
      vertex 171.5 78.5 4.99
      vertex 171.5 78.5 2
    endloop
  endfacet
  facet normal 0 0 1
    outer loop
      vertex 171.5 82.5 4.99
      vertex 170.3 81.3 4.99
      vertex 171.5 78.5 4.99
    endloop
  endfacet
  facet normal -0 0 1
    outer loop
      vertex 167.5 82.5 4.99
      vertex 170.3 81.3 4.99
      vertex 171.5 82.5 4.99
    endloop
  endfacet
  facet normal 0 0 1
    outer loop
      vertex 170.3 81.3 4.99
      vertex 167.5 82.5 4.99
      vertex 167.5 81.3 4.99
    endloop
  endfacet
  facet normal 0 0 1
    outer loop
      vertex 171.5 78.5 4.99
      vertex 170.3 81.3 4.99
      vertex 170.3 78.5 4.99
    endloop
  endfacet
  facet normal -1 0 0
    outer loop
      vertex 170.3 78.5 2
      vertex 170.3 81.3 4.99
      vertex 170.3 81.3 2
    endloop
  endfacet
  facet normal -1 -0 0
    outer loop
      vertex 170.3 81.3 4.99
      vertex 170.3 78.5 2
      vertex 170.3 78.5 4.99
    endloop
  endfacet
  facet normal 0 1 -0
    outer loop
      vertex 171.5 82.5 2
      vertex 167.5 82.5 4.99
      vertex 171.5 82.5 4.99
    endloop
  endfacet
  facet normal 0 1 0
    outer loop
      vertex 167.5 82.5 4.99
      vertex 171.5 82.5 2
      vertex 167.5 82.5 2
    endloop
  endfacet
  facet normal 0 -1 0
    outer loop
      vertex 170.3 78.5 2
      vertex 171.5 78.5 4.99
      vertex 170.3 78.5 4.99
    endloop
  endfacet
  facet normal 0 -1 -0
    outer loop
      vertex 171.5 78.5 4.99
      vertex 170.3 78.5 2
      vertex 171.5 78.5 2
    endloop
  endfacet
  facet normal -1 0 0
    outer loop
      vertex 167.5 81.3 2
      vertex 167.5 82.5 4.99
      vertex 167.5 82.5 2
    endloop
  endfacet
  facet normal -1 -0 0
    outer loop
      vertex 167.5 82.5 4.99
      vertex 167.5 81.3 2
      vertex 167.5 81.3 4.99
    endloop
  endfacet
  facet normal 0 -1 0
    outer loop
      vertex 167.5 81.3 2
      vertex 170.3 81.3 4.99
      vertex 167.5 81.3 4.99
    endloop
  endfacet
  facet normal 0 -1 -0
    outer loop
      vertex 170.3 81.3 4.99
      vertex 167.5 81.3 2
      vertex 170.3 81.3 2
    endloop
  endfacet
  facet normal 1 -0 0
    outer loop
      vertex 134 65.5 5
      vertex 134 92 2
      vertex 134 92 5
    endloop
  endfacet
  facet normal 1 0 0
    outer loop
      vertex 134 92 2
      vertex 134 65.5 5
      vertex 134 65.5 2
    endloop
  endfacet
  facet normal -0 0 1
    outer loop
      vertex 118 92 5
      vertex 118.15 65.5 5
      vertex 118.15 92 5
    endloop
  endfacet
  facet normal 0 0 1
    outer loop
      vertex 118.15 65.5 5
      vertex 118 92 5
      vertex 118 65.5 5
    endloop
  endfacet
  facet normal -0 0 1
    outer loop
      vertex 133.85 92 5
      vertex 134 65.5 5
      vertex 134 92 5
    endloop
  endfacet
  facet normal 0 0 1
    outer loop
      vertex 134 65.5 5
      vertex 133.85 92 5
      vertex 133.85 65.5 5
    endloop
  endfacet
  facet normal 0 0 1
    outer loop
      vertex 132.65 92 5
      vertex 128.656 84.2882 5
      vertex 132.65 65.5 5
    endloop
  endfacet
  facet normal 0 0 1
    outer loop
      vertex 132.65 65.5 5
      vertex 128.726 70.3589 5
      vertex 128.75 70 5
    endloop
  endfacet
  facet normal -0 0 1
    outer loop
      vertex 128.541 83.9476 5
      vertex 132.65 65.5 5
      vertex 128.656 84.2882 5
    endloop
  endfacet
  facet normal 0 0 1
    outer loop
      vertex 132.65 65.5 5
      vertex 128.656 70.7118 5
      vertex 128.726 70.3589 5
    endloop
  endfacet
  facet normal -0 0 1
    outer loop
      vertex 128.541 71.0524 5
      vertex 132.65 65.5 5
      vertex 128.541 83.9476 5
    endloop
  endfacet
  facet normal 0 0 1
    outer loop
      vertex 132.65 65.5 5
      vertex 128.541 71.0524 5
      vertex 128.656 70.7118 5
    endloop
  endfacet
  facet normal -0 0 1
    outer loop
      vertex 128.382 83.625 5
      vertex 128.541 71.0524 5
      vertex 128.541 83.9476 5
    endloop
  endfacet
  facet normal 0 0 1
    outer loop
      vertex 128.382 83.625 5
      vertex 128.382 71.375 5
      vertex 128.541 71.0524 5
    endloop
  endfacet
  facet normal -0 0 1
    outer loop
      vertex 128.182 83.3259 5
      vertex 128.382 71.375 5
      vertex 128.382 83.625 5
    endloop
  endfacet
  facet normal 0 0 1
    outer loop
      vertex 128.182 83.3259 5
      vertex 128.182 71.6741 5
      vertex 128.382 71.375 5
    endloop
  endfacet
  facet normal -0 0 1
    outer loop
      vertex 127.945 83.0555 5
      vertex 128.182 71.6741 5
      vertex 128.182 83.3259 5
    endloop
  endfacet
  facet normal 0 0 1
    outer loop
      vertex 127.945 83.0555 5
      vertex 127.945 71.9445 5
      vertex 128.182 71.6741 5
    endloop
  endfacet
  facet normal -0 0 1
    outer loop
      vertex 127.674 82.8183 5
      vertex 127.945 71.9445 5
      vertex 127.945 83.0555 5
    endloop
  endfacet
  facet normal 0 0 1
    outer loop
      vertex 127.674 82.8183 5
      vertex 127.674 72.1817 5
      vertex 127.945 71.9445 5
    endloop
  endfacet
  facet normal -0 0 1
    outer loop
      vertex 127.375 82.6184 5
      vertex 127.674 72.1817 5
      vertex 127.674 82.8183 5
    endloop
  endfacet
  facet normal 0 0 1
    outer loop
      vertex 127.375 82.6184 5
      vertex 127.375 72.3816 5
      vertex 127.674 72.1817 5
    endloop
  endfacet
  facet normal -0 0 1
    outer loop
      vertex 127.052 82.4593 5
      vertex 127.375 72.3816 5
      vertex 127.375 82.6184 5
    endloop
  endfacet
  facet normal 0 0 1
    outer loop
      vertex 127.052 82.4593 5
      vertex 127.052 72.5407 5
      vertex 127.375 72.3816 5
    endloop
  endfacet
  facet normal -0 0 1
    outer loop
      vertex 126.712 82.3437 5
      vertex 127.052 72.5407 5
      vertex 127.052 82.4593 5
    endloop
  endfacet
  facet normal 0 0 1
    outer loop
      vertex 126.712 82.3437 5
      vertex 126.712 72.6563 5
      vertex 127.052 72.5407 5
    endloop
  endfacet
  facet normal -0 0 1
    outer loop
      vertex 126.359 82.2735 5
      vertex 126.712 72.6563 5
      vertex 126.712 82.3437 5
    endloop
  endfacet
  facet normal 0 0 1
    outer loop
      vertex 126.359 82.2735 5
      vertex 126.359 72.7265 5
      vertex 126.712 72.6563 5
    endloop
  endfacet
  facet normal -0 0 1
    outer loop
      vertex 126 82.25 5
      vertex 126.359 72.7265 5
      vertex 126.359 82.2735 5
    endloop
  endfacet
  facet normal 0 0 1
    outer loop
      vertex 126 82.25 5
      vertex 126 72.75 5
      vertex 126.359 72.7265 5
    endloop
  endfacet
  facet normal 0 0 1
    outer loop
      vertex 125.641 82.2735 5
      vertex 126 72.75 5
      vertex 126 82.25 5
    endloop
  endfacet
  facet normal 0 0 1
    outer loop
      vertex 125.641 82.2735 5
      vertex 125.641 72.7265 5
      vertex 126 72.75 5
    endloop
  endfacet
  facet normal 0 0 1
    outer loop
      vertex 125.288 82.3437 5
      vertex 125.641 72.7265 5
      vertex 125.641 82.2735 5
    endloop
  endfacet
  facet normal 0 0 1
    outer loop
      vertex 125.288 82.3437 5
      vertex 125.288 72.6563 5
      vertex 125.641 72.7265 5
    endloop
  endfacet
  facet normal 0 0 1
    outer loop
      vertex 124.948 82.4593 5
      vertex 125.288 72.6563 5
      vertex 125.288 82.3437 5
    endloop
  endfacet
  facet normal 0 0 1
    outer loop
      vertex 124.948 82.4593 5
      vertex 124.948 72.5407 5
      vertex 125.288 72.6563 5
    endloop
  endfacet
  facet normal 0 0 1
    outer loop
      vertex 124.625 82.6184 5
      vertex 124.948 72.5407 5
      vertex 124.948 82.4593 5
    endloop
  endfacet
  facet normal 0 0 1
    outer loop
      vertex 124.625 82.6184 5
      vertex 124.625 72.3816 5
      vertex 124.948 72.5407 5
    endloop
  endfacet
  facet normal 0 0 1
    outer loop
      vertex 124.326 82.8183 5
      vertex 124.625 72.3816 5
      vertex 124.625 82.6184 5
    endloop
  endfacet
  facet normal 0 0 1
    outer loop
      vertex 124.326 82.8183 5
      vertex 124.326 72.1817 5
      vertex 124.625 72.3816 5
    endloop
  endfacet
  facet normal 0 0 1
    outer loop
      vertex 124.055 83.0555 5
      vertex 124.326 72.1817 5
      vertex 124.326 82.8183 5
    endloop
  endfacet
  facet normal 0 0 1
    outer loop
      vertex 124.055 83.0555 5
      vertex 124.055 71.9445 5
      vertex 124.326 72.1817 5
    endloop
  endfacet
  facet normal 0 0 1
    outer loop
      vertex 123.818 83.3259 5
      vertex 124.055 71.9445 5
      vertex 124.055 83.0555 5
    endloop
  endfacet
  facet normal 0 0 1
    outer loop
      vertex 123.818 83.3259 5
      vertex 123.818 71.6741 5
      vertex 124.055 71.9445 5
    endloop
  endfacet
  facet normal 0 0 1
    outer loop
      vertex 123.618 83.625 5
      vertex 123.818 71.6741 5
      vertex 123.818 83.3259 5
    endloop
  endfacet
  facet normal 0 0 1
    outer loop
      vertex 123.618 83.625 5
      vertex 123.618 71.375 5
      vertex 123.818 71.6741 5
    endloop
  endfacet
  facet normal 0 0 1
    outer loop
      vertex 123.459 83.9476 5
      vertex 123.618 71.375 5
      vertex 123.618 83.625 5
    endloop
  endfacet
  facet normal 0 0 1
    outer loop
      vertex 123.459 83.9476 5
      vertex 123.459 71.0524 5
      vertex 123.618 71.375 5
    endloop
  endfacet
  facet normal 0 0 1
    outer loop
      vertex 119.35 65.5 5
      vertex 123.459 83.9476 5
      vertex 123.344 84.2882 5
    endloop
  endfacet
  facet normal 0 0 1
    outer loop
      vertex 123.459 83.9476 5
      vertex 119.35 65.5 5
      vertex 123.459 71.0524 5
    endloop
  endfacet
  facet normal 0 0 1
    outer loop
      vertex 119.35 92 5
      vertex 123.344 84.2882 5
      vertex 123.274 84.6411 5
    endloop
  endfacet
  facet normal 0 0 1
    outer loop
      vertex 123.459 71.0524 5
      vertex 119.35 65.5 5
      vertex 123.344 70.7118 5
    endloop
  endfacet
  facet normal 0 0 1
    outer loop
      vertex 119.35 92 5
      vertex 123.274 84.6411 5
      vertex 123.25 85 5
    endloop
  endfacet
  facet normal 0 0 1
    outer loop
      vertex 123.344 70.7118 5
      vertex 119.35 65.5 5
      vertex 123.274 70.3589 5
    endloop
  endfacet
  facet normal 0 0 1
    outer loop
      vertex 128.726 84.6411 5
      vertex 132.65 92 5
      vertex 128.75 85 5
    endloop
  endfacet
  facet normal 0 0 1
    outer loop
      vertex 132.65 92 5
      vertex 128.726 85.3589 5
      vertex 128.75 85 5
    endloop
  endfacet
  facet normal 0 0 1
    outer loop
      vertex 132.65 92 5
      vertex 128.656 85.7118 5
      vertex 128.726 85.3589 5
    endloop
  endfacet
  facet normal 0 0 1
    outer loop
      vertex 132.65 92 5
      vertex 128.541 86.0524 5
      vertex 128.656 85.7118 5
    endloop
  endfacet
  facet normal 0 0 1
    outer loop
      vertex 132.65 92 5
      vertex 128.382 86.375 5
      vertex 128.541 86.0524 5
    endloop
  endfacet
  facet normal 0 0 1
    outer loop
      vertex 132.65 92 5
      vertex 128.182 86.6741 5
      vertex 128.382 86.375 5
    endloop
  endfacet
  facet normal 0 0 1
    outer loop
      vertex 132.65 92 5
      vertex 127.945 86.9445 5
      vertex 128.182 86.6741 5
    endloop
  endfacet
  facet normal 0 0 1
    outer loop
      vertex 132.65 92 5
      vertex 127.674 87.1817 5
      vertex 127.945 86.9445 5
    endloop
  endfacet
  facet normal 0 0 1
    outer loop
      vertex 132.65 92 5
      vertex 127.375 87.3816 5
      vertex 127.674 87.1817 5
    endloop
  endfacet
  facet normal 0 0 1
    outer loop
      vertex 132.65 92 5
      vertex 127.052 87.5407 5
      vertex 127.375 87.3816 5
    endloop
  endfacet
  facet normal 0 0 1
    outer loop
      vertex 132.65 92 5
      vertex 126.712 87.6563 5
      vertex 127.052 87.5407 5
    endloop
  endfacet
  facet normal 0 0 1
    outer loop
      vertex 132.65 92 5
      vertex 126.359 87.7265 5
      vertex 126.712 87.6563 5
    endloop
  endfacet
  facet normal 0 0 1
    outer loop
      vertex 132.65 92 5
      vertex 126 87.75 5
      vertex 126.359 87.7265 5
    endloop
  endfacet
  facet normal -0 0 1
    outer loop
      vertex 119.35 92 5
      vertex 126 87.75 5
      vertex 132.65 92 5
    endloop
  endfacet
  facet normal 0 0 1
    outer loop
      vertex 126 87.75 5
      vertex 119.35 92 5
      vertex 125.641 87.7265 5
    endloop
  endfacet
  facet normal 0 0 1
    outer loop
      vertex 125.641 87.7265 5
      vertex 119.35 92 5
      vertex 125.288 87.6563 5
    endloop
  endfacet
  facet normal 0 0 1
    outer loop
      vertex 125.288 87.6563 5
      vertex 119.35 92 5
      vertex 124.948 87.5407 5
    endloop
  endfacet
  facet normal 0 0 1
    outer loop
      vertex 123.344 84.2882 5
      vertex 119.35 92 5
      vertex 119.35 65.5 5
    endloop
  endfacet
  facet normal 0 0 1
    outer loop
      vertex 123.274 85.3589 5
      vertex 119.35 92 5
      vertex 123.25 85 5
    endloop
  endfacet
  facet normal 0 0 1
    outer loop
      vertex 123.344 85.7118 5
      vertex 119.35 92 5
      vertex 123.274 85.3589 5
    endloop
  endfacet
  facet normal 0 0 1
    outer loop
      vertex 123.459 86.0524 5
      vertex 119.35 92 5
      vertex 123.344 85.7118 5
    endloop
  endfacet
  facet normal 0 0 1
    outer loop
      vertex 123.618 86.375 5
      vertex 119.35 92 5
      vertex 123.459 86.0524 5
    endloop
  endfacet
  facet normal 0 0 1
    outer loop
      vertex 123.818 86.6741 5
      vertex 119.35 92 5
      vertex 123.618 86.375 5
    endloop
  endfacet
  facet normal 0 0 1
    outer loop
      vertex 124.055 86.9445 5
      vertex 119.35 92 5
      vertex 123.818 86.6741 5
    endloop
  endfacet
  facet normal 0 0 1
    outer loop
      vertex 124.326 87.1817 5
      vertex 119.35 92 5
      vertex 124.055 86.9445 5
    endloop
  endfacet
  facet normal 0 0 1
    outer loop
      vertex 124.625 87.3816 5
      vertex 119.35 92 5
      vertex 124.326 87.1817 5
    endloop
  endfacet
  facet normal 0 0 1
    outer loop
      vertex 124.948 87.5407 5
      vertex 119.35 92 5
      vertex 124.625 87.3816 5
    endloop
  endfacet
  facet normal 0 0 1
    outer loop
      vertex 128.656 84.2882 5
      vertex 132.65 92 5
      vertex 128.726 84.6411 5
    endloop
  endfacet
  facet normal -0 0 1
    outer loop
      vertex 128.726 69.6411 5
      vertex 132.65 65.5 5
      vertex 128.75 70 5
    endloop
  endfacet
  facet normal -0 0 1
    outer loop
      vertex 128.656 69.2882 5
      vertex 132.65 65.5 5
      vertex 128.726 69.6411 5
    endloop
  endfacet
  facet normal -0 0 1
    outer loop
      vertex 128.541 68.9476 5
      vertex 132.65 65.5 5
      vertex 128.656 69.2882 5
    endloop
  endfacet
  facet normal -0 0 1
    outer loop
      vertex 128.382 68.625 5
      vertex 132.65 65.5 5
      vertex 128.541 68.9476 5
    endloop
  endfacet
  facet normal -0 0 1
    outer loop
      vertex 128.182 68.3259 5
      vertex 132.65 65.5 5
      vertex 128.382 68.625 5
    endloop
  endfacet
  facet normal -0 0 1
    outer loop
      vertex 127.945 68.0555 5
      vertex 132.65 65.5 5
      vertex 128.182 68.3259 5
    endloop
  endfacet
  facet normal -0 0 1
    outer loop
      vertex 127.674 67.8183 5
      vertex 132.65 65.5 5
      vertex 127.945 68.0555 5
    endloop
  endfacet
  facet normal -0 0 1
    outer loop
      vertex 127.375 67.6184 5
      vertex 132.65 65.5 5
      vertex 127.674 67.8183 5
    endloop
  endfacet
  facet normal -0 0 1
    outer loop
      vertex 127.052 67.4593 5
      vertex 132.65 65.5 5
      vertex 127.375 67.6184 5
    endloop
  endfacet
  facet normal -0 0 1
    outer loop
      vertex 126.712 67.3437 5
      vertex 132.65 65.5 5
      vertex 127.052 67.4593 5
    endloop
  endfacet
  facet normal -0 0 1
    outer loop
      vertex 126.359 67.2735 5
      vertex 132.65 65.5 5
      vertex 126.712 67.3437 5
    endloop
  endfacet
  facet normal -0 0 1
    outer loop
      vertex 126 67.25 5
      vertex 132.65 65.5 5
      vertex 126.359 67.2735 5
    endloop
  endfacet
  facet normal 0 0 1
    outer loop
      vertex 119.35 65.5 5
      vertex 126 67.25 5
      vertex 125.641 67.2735 5
    endloop
  endfacet
  facet normal 0 0 1
    outer loop
      vertex 119.35 65.5 5
      vertex 125.641 67.2735 5
      vertex 125.288 67.3437 5
    endloop
  endfacet
  facet normal 0 0 1
    outer loop
      vertex 123.274 70.3589 5
      vertex 119.35 65.5 5
      vertex 123.25 70 5
    endloop
  endfacet
  facet normal 0 0 1
    outer loop
      vertex 126 67.25 5
      vertex 119.35 65.5 5
      vertex 132.65 65.5 5
    endloop
  endfacet
  facet normal 0 0 1
    outer loop
      vertex 124.948 67.4593 5
      vertex 119.35 65.5 5
      vertex 125.288 67.3437 5
    endloop
  endfacet
  facet normal 0 0 1
    outer loop
      vertex 124.625 67.6184 5
      vertex 119.35 65.5 5
      vertex 124.948 67.4593 5
    endloop
  endfacet
  facet normal 0 0 1
    outer loop
      vertex 124.326 67.8183 5
      vertex 119.35 65.5 5
      vertex 124.625 67.6184 5
    endloop
  endfacet
  facet normal 0 0 1
    outer loop
      vertex 124.055 68.0555 5
      vertex 119.35 65.5 5
      vertex 124.326 67.8183 5
    endloop
  endfacet
  facet normal 0 0 1
    outer loop
      vertex 123.818 68.3259 5
      vertex 119.35 65.5 5
      vertex 124.055 68.0555 5
    endloop
  endfacet
  facet normal 0 0 1
    outer loop
      vertex 123.618 68.625 5
      vertex 119.35 65.5 5
      vertex 123.818 68.3259 5
    endloop
  endfacet
  facet normal 0 0 1
    outer loop
      vertex 123.459 68.9476 5
      vertex 119.35 65.5 5
      vertex 123.618 68.625 5
    endloop
  endfacet
  facet normal 0 0 1
    outer loop
      vertex 123.344 69.2882 5
      vertex 119.35 65.5 5
      vertex 123.459 68.9476 5
    endloop
  endfacet
  facet normal 0 0 1
    outer loop
      vertex 123.274 69.6411 5
      vertex 119.35 65.5 5
      vertex 123.344 69.2882 5
    endloop
  endfacet
  facet normal 0 0 1
    outer loop
      vertex 123.25 70 5
      vertex 119.35 65.5 5
      vertex 123.274 69.6411 5
    endloop
  endfacet
  facet normal -1 0 0
    outer loop
      vertex 118 65.5 2
      vertex 118 92 5
      vertex 118 92 2
    endloop
  endfacet
  facet normal -1 -0 0
    outer loop
      vertex 118 92 5
      vertex 118 65.5 2
      vertex 118 65.5 5
    endloop
  endfacet
  facet normal 1 -0 0
    outer loop
      vertex 67.5 70.1 5.49
      vertex 67.5 71.3 2
      vertex 67.5 71.3 5.49
    endloop
  endfacet
  facet normal 1 0 0
    outer loop
      vertex 67.5 71.3 2
      vertex 67.5 70.1 5.49
      vertex 67.5 70.1 2
    endloop
  endfacet
  facet normal -0 0 1
    outer loop
      vertex 61.5 71.3 5.49
      vertex 67.5 70.1 5.49
      vertex 67.5 71.3 5.49
    endloop
  endfacet
  facet normal 0 0 1
    outer loop
      vertex 67.5 70.1 5.49
      vertex 61.5 71.3 5.49
      vertex 61.5 70.1 5.49
    endloop
  endfacet
  facet normal -1 0 0
    outer loop
      vertex 61.5 70.1 2
      vertex 61.5 71.3 5.49
      vertex 61.5 71.3 2
    endloop
  endfacet
  facet normal -1 -0 0
    outer loop
      vertex 61.5 71.3 5.49
      vertex 61.5 70.1 2
      vertex 61.5 70.1 5.49
    endloop
  endfacet
  facet normal 0 1 -0
    outer loop
      vertex 67.5 71.3 2
      vertex 61.5 71.3 5.49
      vertex 67.5 71.3 5.49
    endloop
  endfacet
  facet normal 0 1 0
    outer loop
      vertex 61.5 71.3 5.49
      vertex 67.5 71.3 2
      vertex 61.5 71.3 2
    endloop
  endfacet
  facet normal 0 -1 0
    outer loop
      vertex 61.5 70.1 2
      vertex 67.5 70.1 5.49
      vertex 61.5 70.1 5.49
    endloop
  endfacet
  facet normal 0 -1 -0
    outer loop
      vertex 67.5 70.1 5.49
      vertex 61.5 70.1 2
      vertex 67.5 70.1 2
    endloop
  endfacet
  facet normal 0 -1 0
    outer loop
      vertex 10.8263 3.5 10.9786
      vertex 6.5 3.5 14
      vertex 10.5 3.5 11
    endloop
  endfacet
  facet normal 0 -1 0
    outer loop
      vertex 6.5 3.5 14
      vertex 10.1737 3.5 10.9786
      vertex 10.5 3.5 11
    endloop
  endfacet
  facet normal 0 -1 0
    outer loop
      vertex 6.5 3.5 14
      vertex 9.85295 3.5 10.9148
      vertex 10.1737 3.5 10.9786
    endloop
  endfacet
  facet normal 0 -1 0
    outer loop
      vertex 6.5 3.5 14
      vertex 9.54329 3.5 10.8097
      vertex 9.85295 3.5 10.9148
    endloop
  endfacet
  facet normal 0 -1 0
    outer loop
      vertex 6.5 3.5 14
      vertex 9.25 3.5 10.6651
      vertex 9.54329 3.5 10.8097
    endloop
  endfacet
  facet normal 0 -1 0
    outer loop
      vertex 6.5 3.5 14
      vertex 8.9781 3.5 10.4834
      vertex 9.25 3.5 10.6651
    endloop
  endfacet
  facet normal 0 -1 0
    outer loop
      vertex 6.5 3.5 14
      vertex 8.73223 3.5 10.2678
      vertex 8.9781 3.5 10.4834
    endloop
  endfacet
  facet normal 0 -1 0
    outer loop
      vertex 6.5 3.5 14
      vertex 8.51662 3.5 10.0219
      vertex 8.73223 3.5 10.2678
    endloop
  endfacet
  facet normal 0 -1 0
    outer loop
      vertex 6.5 3.5 14
      vertex 8.33494 3.5 9.75
      vertex 8.51662 3.5 10.0219
    endloop
  endfacet
  facet normal 0 -1 0
    outer loop
      vertex 6.5 3.5 14
      vertex 8.1903 3.5 9.45671
      vertex 8.33494 3.5 9.75
    endloop
  endfacet
  facet normal 0 -1 0
    outer loop
      vertex 6.5 3.5 14
      vertex 8.08519 3.5 9.14705
      vertex 8.1903 3.5 9.45671
    endloop
  endfacet
  facet normal 0 -1 0
    outer loop
      vertex 6.5 3.5 14
      vertex 8.02139 3.5 8.82631
      vertex 8.08519 3.5 9.14705
    endloop
  endfacet
  facet normal 0 -1 0
    outer loop
      vertex 6.5 3.5 14
      vertex 8 3.5 8.5
      vertex 8.02139 3.5 8.82631
    endloop
  endfacet
  facet normal 0 -1 0
    outer loop
      vertex 6.5 3.5 3.5
      vertex 8 3.5 8.5
      vertex 6.5 3.5 14
    endloop
  endfacet
  facet normal 0 -1 -0
    outer loop
      vertex 8 3.5 8.5
      vertex 6.5 3.5 3.5
      vertex 8.02139 3.5 8.17368
    endloop
  endfacet
  facet normal 0 -1 -0
    outer loop
      vertex 10.1737 3.5 6.02139
      vertex 6.5 3.5 3.5
      vertex 10.5 3.5 6
    endloop
  endfacet
  facet normal 0 -1 -0
    outer loop
      vertex 9.85295 3.5 6.08519
      vertex 6.5 3.5 3.5
      vertex 10.1737 3.5 6.02139
    endloop
  endfacet
  facet normal 0 -1 -0
    outer loop
      vertex 9.54329 3.5 6.1903
      vertex 6.5 3.5 3.5
      vertex 9.85295 3.5 6.08519
    endloop
  endfacet
  facet normal 0 -1 -0
    outer loop
      vertex 9.25 3.5 6.33494
      vertex 6.5 3.5 3.5
      vertex 9.54329 3.5 6.1903
    endloop
  endfacet
  facet normal 0 -1 -0
    outer loop
      vertex 8.9781 3.5 6.51662
      vertex 6.5 3.5 3.5
      vertex 9.25 3.5 6.33494
    endloop
  endfacet
  facet normal 0 -1 -0
    outer loop
      vertex 8.73223 3.5 6.73223
      vertex 6.5 3.5 3.5
      vertex 8.9781 3.5 6.51662
    endloop
  endfacet
  facet normal 0 -1 -0
    outer loop
      vertex 8.51662 3.5 6.9781
      vertex 6.5 3.5 3.5
      vertex 8.73223 3.5 6.73223
    endloop
  endfacet
  facet normal 0 -1 -0
    outer loop
      vertex 8.33494 3.5 7.25
      vertex 6.5 3.5 3.5
      vertex 8.51662 3.5 6.9781
    endloop
  endfacet
  facet normal 0 -1 -0
    outer loop
      vertex 8.1903 3.5 7.54329
      vertex 6.5 3.5 3.5
      vertex 8.33494 3.5 7.25
    endloop
  endfacet
  facet normal 0 -1 -0
    outer loop
      vertex 8.08519 3.5 7.85295
      vertex 6.5 3.5 3.5
      vertex 8.1903 3.5 7.54329
    endloop
  endfacet
  facet normal 0 -1 -0
    outer loop
      vertex 8.02139 3.5 8.17368
      vertex 6.5 3.5 3.5
      vertex 8.08519 3.5 7.85295
    endloop
  endfacet
  facet normal 0 -1 0
    outer loop
      vertex 11.147 3.5 10.9148
      vertex 6.5 3.5 14
      vertex 10.8263 3.5 10.9786
    endloop
  endfacet
  facet normal 0 -1 0
    outer loop
      vertex 11.4567 3.5 10.8097
      vertex 6.5 3.5 14
      vertex 11.147 3.5 10.9148
    endloop
  endfacet
  facet normal 0 -1 0
    outer loop
      vertex 11.75 3.5 10.6651
      vertex 6.5 3.5 14
      vertex 11.4567 3.5 10.8097
    endloop
  endfacet
  facet normal 0 -1 0
    outer loop
      vertex 6.5 3.5 14
      vertex 11.75 3.5 10.6651
      vertex 173.5 3.5 14
    endloop
  endfacet
  facet normal 0 -1 0
    outer loop
      vertex 12.0219 3.5 10.4834
      vertex 173.5 3.5 14
      vertex 11.75 3.5 10.6651
    endloop
  endfacet
  facet normal 0 -1 0
    outer loop
      vertex 12.2678 3.5 10.2678
      vertex 173.5 3.5 14
      vertex 12.0219 3.5 10.4834
    endloop
  endfacet
  facet normal 0 -1 0
    outer loop
      vertex 12.4834 3.5 10.0219
      vertex 173.5 3.5 14
      vertex 12.2678 3.5 10.2678
    endloop
  endfacet
  facet normal 0 -1 0
    outer loop
      vertex 12.6651 3.5 9.75
      vertex 173.5 3.5 14
      vertex 12.4834 3.5 10.0219
    endloop
  endfacet
  facet normal 0 -1 0
    outer loop
      vertex 12.8097 3.5 9.45671
      vertex 173.5 3.5 14
      vertex 12.6651 3.5 9.75
    endloop
  endfacet
  facet normal 0 -1 0
    outer loop
      vertex 12.9148 3.5 9.14705
      vertex 173.5 3.5 14
      vertex 12.8097 3.5 9.45671
    endloop
  endfacet
  facet normal 0 -1 0
    outer loop
      vertex 12.9786 3.5 8.82631
      vertex 173.5 3.5 14
      vertex 12.9148 3.5 9.14705
    endloop
  endfacet
  facet normal 0 -1 0
    outer loop
      vertex 13 3.5 8.5
      vertex 173.5 3.5 14
      vertex 12.9786 3.5 8.82631
    endloop
  endfacet
  facet normal 0 -1 0
    outer loop
      vertex 173.5 3.5 3.5
      vertex 13 3.5 8.5
      vertex 12.9786 3.5 8.17368
    endloop
  endfacet
  facet normal 0 -1 0
    outer loop
      vertex 173.5 3.5 3.5
      vertex 12.9786 3.5 8.17368
      vertex 12.9148 3.5 7.85295
    endloop
  endfacet
  facet normal 0 -1 0
    outer loop
      vertex 173.5 3.5 3.5
      vertex 12.9148 3.5 7.85295
      vertex 12.8097 3.5 7.54329
    endloop
  endfacet
  facet normal 0 -1 0
    outer loop
      vertex 173.5 3.5 3.5
      vertex 12.8097 3.5 7.54329
      vertex 12.6651 3.5 7.25
    endloop
  endfacet
  facet normal 0 -1 0
    outer loop
      vertex 173.5 3.5 3.5
      vertex 12.6651 3.5 7.25
      vertex 12.4834 3.5 6.9781
    endloop
  endfacet
  facet normal 0 -1 0
    outer loop
      vertex 173.5 3.5 3.5
      vertex 12.4834 3.5 6.9781
      vertex 12.2678 3.5 6.73223
    endloop
  endfacet
  facet normal 0 -1 0
    outer loop
      vertex 173.5 3.5 3.5
      vertex 12.2678 3.5 6.73223
      vertex 12.0219 3.5 6.51662
    endloop
  endfacet
  facet normal 0 -1 0
    outer loop
      vertex 173.5 3.5 3.5
      vertex 12.0219 3.5 6.51662
      vertex 11.75 3.5 6.33494
    endloop
  endfacet
  facet normal 0 -1 0
    outer loop
      vertex 6.5 3.5 3.5
      vertex 11.75 3.5 6.33494
      vertex 11.4567 3.5 6.1903
    endloop
  endfacet
  facet normal 0 -1 0
    outer loop
      vertex 6.5 3.5 3.5
      vertex 11.4567 3.5 6.1903
      vertex 11.147 3.5 6.08519
    endloop
  endfacet
  facet normal 0 -1 0
    outer loop
      vertex 6.5 3.5 3.5
      vertex 11.147 3.5 6.08519
      vertex 10.8263 3.5 6.02139
    endloop
  endfacet
  facet normal 0 -1 0
    outer loop
      vertex 6.5 3.5 3.5
      vertex 10.8263 3.5 6.02139
      vertex 10.5 3.5 6
    endloop
  endfacet
  facet normal 0 -1 -0
    outer loop
      vertex 11.75 3.5 6.33494
      vertex 6.5 3.5 3.5
      vertex 173.5 3.5 3.5
    endloop
  endfacet
  facet normal 0 -1 0
    outer loop
      vertex 13 3.5 8.5
      vertex 173.5 3.5 3.5
      vertex 173.5 3.5 14
    endloop
  endfacet
  facet normal -1 0 0
    outer loop
      vertex 173.5 0.159103 3.5
      vertex 173.5 3.5 14
      vertex 173.5 3.5 3.5
    endloop
  endfacet
  facet normal -1 -0 0
    outer loop
      vertex 173.5 3.5 14
      vertex 173.5 0.159103 3.5
      vertex 173.5 0.159103 17.3409
    endloop
  endfacet
  facet normal -2.48736e-05 -0.707112 -0.707101
    outer loop
      vertex 6.5 3.5 14
      vertex 8 0 17.5
      vertex 6.9558 0.0684357 17.4316
    endloop
  endfacet
  facet normal 0 -0.707107 -0.707107
    outer loop
      vertex 8 0 17.5
      vertex 6.5 3.5 14
      vertex 172 0 17.5
    endloop
  endfacet
  facet normal 5.06029e-05 -0.707107 -0.707106
    outer loop
      vertex 6.5 3.5 14
      vertex 6.9558 0.0684357 17.4316
      vertex 6.5 0.159103 17.3409
    endloop
  endfacet
  facet normal -0 -0.707107 -0.707107
    outer loop
      vertex 173.5 3.5 14
      vertex 172 0 17.5
      vertex 6.5 3.5 14
    endloop
  endfacet
  facet normal 2.48785e-05 -0.707112 -0.707101
    outer loop
      vertex 172 0 17.5
      vertex 173.5 3.5 14
      vertex 173.044 0.0684357 17.4316
    endloop
  endfacet
  facet normal -5.05807e-05 -0.707107 -0.707106
    outer loop
      vertex 173.044 0.0684357 17.4316
      vertex 173.5 3.5 14
      vertex 173.5 0.159103 17.3409
    endloop
  endfacet
  facet normal 0 0 1
    outer loop
      vertex 173.5 3.5 3.5
      vertex 173.044 0.0684357 3.5
      vertex 173.5 0.159103 3.5
    endloop
  endfacet
  facet normal 0 0 1
    outer loop
      vertex 173.5 3.5 3.5
      vertex 172 0 3.5
      vertex 173.044 0.0684357 3.5
    endloop
  endfacet
  facet normal 0 0 1
    outer loop
      vertex 173.5 3.5 3.5
      vertex 8 0 3.5
      vertex 172 0 3.5
    endloop
  endfacet
  facet normal -0 0 1
    outer loop
      vertex 6.5 3.5 3.5
      vertex 8 0 3.5
      vertex 173.5 3.5 3.5
    endloop
  endfacet
  facet normal 0 0 1
    outer loop
      vertex 8 0 3.5
      vertex 6.5 3.5 3.5
      vertex 6.9558 0.0684357 3.5
    endloop
  endfacet
  facet normal 0 0 1
    outer loop
      vertex 6.9558 0.0684357 3.5
      vertex 6.5 3.5 3.5
      vertex 6.5 0.159103 3.5
    endloop
  endfacet
  facet normal 1 0 0
    outer loop
      vertex 6.5 0.159103 3.5
      vertex 6.5 3.5 14
      vertex 6.5 0.159103 17.3409
    endloop
  endfacet
  facet normal 1 0 0
    outer loop
      vertex 6.5 3.5 14
      vertex 6.5 0.159103 3.5
      vertex 6.5 3.5 3.5
    endloop
  endfacet
  facet normal -0.659279 0 0.751898
    outer loop
      vertex 12.0219 5.1 6.51662
      vertex 12.2678 3.5 6.73223
      vertex 12.2678 5.1 6.73223
    endloop
  endfacet
  facet normal -0.659279 0 0.751898
    outer loop
      vertex 12.2678 3.5 6.73223
      vertex 12.0219 5.1 6.51662
      vertex 12.0219 3.5 6.51662
    endloop
  endfacet
  facet normal -0.32136 0 -0.946957
    outer loop
      vertex 11.147 3.5 10.9148
      vertex 11.4567 5.1 10.8097
      vertex 11.4567 3.5 10.8097
    endloop
  endfacet
  facet normal -0.32136 0 -0.946957
    outer loop
      vertex 11.4567 5.1 10.8097
      vertex 11.147 3.5 10.9148
      vertex 11.147 5.1 10.9148
    endloop
  endfacet
  facet normal -0.980784 0 0.195099
    outer loop
      vertex 12.9148 3.5 7.85295
      vertex 12.9786 5.1 8.17368
      vertex 12.9148 5.1 7.85295
    endloop
  endfacet
  facet normal -0.980784 0 0.195099
    outer loop
      vertex 12.9786 5.1 8.17368
      vertex 12.9148 3.5 7.85295
      vertex 12.9786 3.5 8.17368
    endloop
  endfacet
  facet normal -0.997857 0 0.0654392
    outer loop
      vertex 12.9786 3.5 8.17368
      vertex 13 5.1 8.5
      vertex 12.9786 5.1 8.17368
    endloop
  endfacet
  facet normal -0.997857 0 0.0654392
    outer loop
      vertex 13 5.1 8.5
      vertex 12.9786 3.5 8.17368
      vertex 13 3.5 8.5
    endloop
  endfacet
  facet normal -0.946944 0 0.321397
    outer loop
      vertex 12.8097 3.5 7.54329
      vertex 12.9148 5.1 7.85295
      vertex 12.8097 5.1 7.54329
    endloop
  endfacet
  facet normal -0.946944 0 0.321397
    outer loop
      vertex 12.9148 5.1 7.85295
      vertex 12.8097 3.5 7.54329
      vertex 12.9148 3.5 7.85295
    endloop
  endfacet
  facet normal 0.659325 0 0.751858
    outer loop
      vertex 8.73223 5.1 6.73223
      vertex 8.9781 3.5 6.51662
      vertex 8.9781 5.1 6.51662
    endloop
  endfacet
  facet normal 0.659325 0 0.751858
    outer loop
      vertex 8.9781 3.5 6.51662
      vertex 8.73223 5.1 6.73223
      vertex 8.73223 3.5 6.73223
    endloop
  endfacet
  facet normal 0.997859 -0 0.0654088
    outer loop
      vertex 8 3.5 8.5
      vertex 8.02139 5.1 8.17368
      vertex 8 5.1 8.5
    endloop
  endfacet
  facet normal 0.997859 0 0.0654088
    outer loop
      vertex 8.02139 5.1 8.17368
      vertex 8 3.5 8.5
      vertex 8.02139 3.5 8.17368
    endloop
  endfacet
  facet normal -0.831438 0 -0.555617
    outer loop
      vertex 12.6651 3.5 9.75
      vertex 12.4834 5.1 10.0219
      vertex 12.6651 5.1 9.75
    endloop
  endfacet
  facet normal -0.831438 -0 -0.555617
    outer loop
      vertex 12.4834 5.1 10.0219
      vertex 12.6651 3.5 9.75
      vertex 12.4834 3.5 10.0219
    endloop
  endfacet
  facet normal -0.555617 0 -0.831438
    outer loop
      vertex 11.75 3.5 10.6651
      vertex 12.0219 5.1 10.4834
      vertex 12.0219 3.5 10.4834
    endloop
  endfacet
  facet normal -0.555617 0 -0.831438
    outer loop
      vertex 12.0219 5.1 10.4834
      vertex 11.75 3.5 10.6651
      vertex 11.75 5.1 10.6651
    endloop
  endfacet
  facet normal -0.896915 0 0.442204
    outer loop
      vertex 12.6651 3.5 7.25
      vertex 12.8097 5.1 7.54329
      vertex 12.6651 5.1 7.25
    endloop
  endfacet
  facet normal -0.896915 0 0.442204
    outer loop
      vertex 12.8097 5.1 7.54329
      vertex 12.6651 3.5 7.25
      vertex 12.8097 3.5 7.54329
    endloop
  endfacet
  facet normal 0.442302 0 0.896866
    outer loop
      vertex 9.25 5.1 6.33494
      vertex 9.54329 3.5 6.1903
      vertex 9.54329 5.1 6.1903
    endloop
  endfacet
  facet normal 0.442302 0 0.896866
    outer loop
      vertex 9.54329 3.5 6.1903
      vertex 9.25 5.1 6.33494
      vertex 9.25 3.5 6.33494
    endloop
  endfacet
  facet normal 0.946935 0 -0.321425
    outer loop
      vertex 8.1903 3.5 9.45671
      vertex 8.08519 5.1 9.14705
      vertex 8.1903 5.1 9.45671
    endloop
  endfacet
  facet normal 0.946935 0 -0.321425
    outer loop
      vertex 8.08519 5.1 9.14705
      vertex 8.1903 3.5 9.45671
      vertex 8.08519 3.5 9.14705
    endloop
  endfacet
  facet normal 0.321425 0 0.946935
    outer loop
      vertex 9.54329 5.1 6.1903
      vertex 9.85295 3.5 6.08519
      vertex 9.85295 5.1 6.08519
    endloop
  endfacet
  facet normal 0.321425 0 0.946935
    outer loop
      vertex 9.85295 3.5 6.08519
      vertex 9.54329 5.1 6.1903
      vertex 9.54329 3.5 6.1903
    endloop
  endfacet
  facet normal -0.442191 0 -0.896921
    outer loop
      vertex 11.4567 3.5 10.8097
      vertex 11.75 5.1 10.6651
      vertex 11.75 3.5 10.6651
    endloop
  endfacet
  facet normal -0.442191 0 -0.896921
    outer loop
      vertex 11.75 5.1 10.6651
      vertex 11.4567 3.5 10.8097
      vertex 11.4567 5.1 10.8097
    endloop
  endfacet
  facet normal 0.321397 0 -0.946944
    outer loop
      vertex 9.54329 3.5 10.8097
      vertex 9.85295 5.1 10.9148
      vertex 9.85295 3.5 10.9148
    endloop
  endfacet
  facet normal 0.321397 0 -0.946944
    outer loop
      vertex 9.85295 5.1 10.9148
      vertex 9.54329 3.5 10.8097
      vertex 9.54329 5.1 10.8097
    endloop
  endfacet
  facet normal -0.659262 0 -0.751913
    outer loop
      vertex 12.0219 3.5 10.4834
      vertex 12.2678 5.1 10.2678
      vertex 12.2678 3.5 10.2678
    endloop
  endfacet
  facet normal -0.659262 0 -0.751913
    outer loop
      vertex 12.2678 5.1 10.2678
      vertex 12.0219 3.5 10.4834
      vertex 12.0219 5.1 10.4834
    endloop
  endfacet
  facet normal 0.751858 -0 0.659325
    outer loop
      vertex 8.51662 3.5 6.9781
      vertex 8.73223 5.1 6.73223
      vertex 8.51662 5.1 6.9781
    endloop
  endfacet
  facet normal 0.751858 0 0.659325
    outer loop
      vertex 8.73223 5.1 6.73223
      vertex 8.51662 3.5 6.9781
      vertex 8.73223 3.5 6.73223
    endloop
  endfacet
  facet normal -0.0654432 0 -0.997856
    outer loop
      vertex 10.5 3.5 11
      vertex 10.8263 5.1 10.9786
      vertex 10.8263 3.5 10.9786
    endloop
  endfacet
  facet normal -0.0654432 0 -0.997856
    outer loop
      vertex 10.8263 5.1 10.9786
      vertex 10.5 3.5 11
      vertex 10.5 5.1 11
    endloop
  endfacet
  facet normal -0.555575 0 0.831466
    outer loop
      vertex 11.75 5.1 6.33494
      vertex 12.0219 3.5 6.51662
      vertex 12.0219 5.1 6.51662
    endloop
  endfacet
  facet normal -0.555575 0 0.831466
    outer loop
      vertex 12.0219 3.5 6.51662
      vertex 11.75 5.1 6.33494
      vertex 11.75 3.5 6.33494
    endloop
  endfacet
  facet normal -0.831438 0 0.555617
    outer loop
      vertex 12.4834 3.5 6.9781
      vertex 12.6651 5.1 7.25
      vertex 12.4834 5.1 6.9781
    endloop
  endfacet
  facet normal -0.831438 0 0.555617
    outer loop
      vertex 12.6651 5.1 7.25
      vertex 12.4834 3.5 6.9781
      vertex 12.6651 3.5 7.25
    endloop
  endfacet
  facet normal 0.555617 0 -0.831438
    outer loop
      vertex 8.9781 3.5 10.4834
      vertex 9.25 5.1 10.6651
      vertex 9.25 3.5 10.6651
    endloop
  endfacet
  facet normal 0.555617 0 -0.831438
    outer loop
      vertex 9.25 5.1 10.6651
      vertex 8.9781 3.5 10.4834
      vertex 8.9781 5.1 10.4834
    endloop
  endfacet
  facet normal -0.896915 0 -0.442204
    outer loop
      vertex 12.8097 3.5 9.45671
      vertex 12.6651 5.1 9.75
      vertex 12.8097 5.1 9.45671
    endloop
  endfacet
  facet normal -0.896915 -0 -0.442204
    outer loop
      vertex 12.6651 5.1 9.75
      vertex 12.8097 3.5 9.45671
      vertex 12.6651 3.5 9.75
    endloop
  endfacet
  facet normal 0.751898 0 -0.659279
    outer loop
      vertex 8.73223 3.5 10.2678
      vertex 8.51662 5.1 10.0219
      vertex 8.73223 5.1 10.2678
    endloop
  endfacet
  facet normal 0.751898 0 -0.659279
    outer loop
      vertex 8.51662 5.1 10.0219
      vertex 8.73223 3.5 10.2678
      vertex 8.51662 3.5 10.0219
    endloop
  endfacet
  facet normal 0.659307 0 -0.751873
    outer loop
      vertex 8.73223 3.5 10.2678
      vertex 8.9781 5.1 10.4834
      vertex 8.9781 3.5 10.4834
    endloop
  endfacet
  facet normal 0.659307 0 -0.751873
    outer loop
      vertex 8.9781 5.1 10.4834
      vertex 8.73223 3.5 10.2678
      vertex 8.73223 5.1 10.2678
    endloop
  endfacet
  facet normal -0.0654128 0 0.997858
    outer loop
      vertex 10.5 5.1 6
      vertex 10.8263 3.5 6.02139
      vertex 10.8263 5.1 6.02139
    endloop
  endfacet
  facet normal -0.0654128 0 0.997858
    outer loop
      vertex 10.8263 3.5 6.02139
      vertex 10.5 5.1 6
      vertex 10.5 3.5 6
    endloop
  endfacet
  facet normal 0.195087 0 -0.980786
    outer loop
      vertex 9.85295 3.5 10.9148
      vertex 10.1737 5.1 10.9786
      vertex 10.1737 3.5 10.9786
    endloop
  endfacet
  facet normal 0.195087 0 -0.980786
    outer loop
      vertex 10.1737 5.1 10.9786
      vertex 9.85295 3.5 10.9148
      vertex 9.85295 5.1 10.9148
    endloop
  endfacet
  facet normal 0.980785 0 -0.195093
    outer loop
      vertex 8.08519 3.5 9.14705
      vertex 8.02139 5.1 8.82631
      vertex 8.08519 5.1 9.14705
    endloop
  endfacet
  facet normal 0.980785 0 -0.195093
    outer loop
      vertex 8.02139 5.1 8.82631
      vertex 8.08519 3.5 9.14705
      vertex 8.02139 3.5 8.82631
    endloop
  endfacet
  facet normal -0.321387 0 0.946948
    outer loop
      vertex 11.147 5.1 6.08519
      vertex 11.4567 3.5 6.1903
      vertex 11.4567 5.1 6.1903
    endloop
  endfacet
  facet normal -0.321387 0 0.946948
    outer loop
      vertex 11.4567 3.5 6.1903
      vertex 11.147 5.1 6.08519
      vertex 11.147 3.5 6.08519
    endloop
  endfacet
  facet normal -0.195116 0 -0.98078
    outer loop
      vertex 10.8263 3.5 10.9786
      vertex 11.147 5.1 10.9148
      vertex 11.147 3.5 10.9148
    endloop
  endfacet
  facet normal -0.195116 0 -0.98078
    outer loop
      vertex 11.147 5.1 10.9148
      vertex 10.8263 3.5 10.9786
      vertex 10.8263 5.1 10.9786
    endloop
  endfacet
  facet normal -0.997856 0 -0.0654412
    outer loop
      vertex 13 3.5 8.5
      vertex 12.9786 5.1 8.82631
      vertex 13 5.1 8.5
    endloop
  endfacet
  facet normal -0.997856 -0 -0.0654412
    outer loop
      vertex 12.9786 5.1 8.82631
      vertex 13 3.5 8.5
      vertex 12.9786 3.5 8.82631
    endloop
  endfacet
  facet normal 0.831466 0 -0.555575
    outer loop
      vertex 8.51662 3.5 10.0219
      vertex 8.33494 5.1 9.75
      vertex 8.51662 5.1 10.0219
    endloop
  endfacet
  facet normal 0.831466 0 -0.555575
    outer loop
      vertex 8.33494 5.1 9.75
      vertex 8.51662 3.5 10.0219
      vertex 8.33494 3.5 9.75
    endloop
  endfacet
  facet normal 0.555575 0 0.831466
    outer loop
      vertex 8.9781 5.1 6.51662
      vertex 9.25 3.5 6.33494
      vertex 9.25 5.1 6.33494
    endloop
  endfacet
  facet normal 0.555575 0 0.831466
    outer loop
      vertex 9.25 3.5 6.33494
      vertex 8.9781 5.1 6.51662
      vertex 8.9781 3.5 6.51662
    endloop
  endfacet
  facet normal -0.980785 0 -0.195093
    outer loop
      vertex 12.9786 3.5 8.82631
      vertex 12.9148 5.1 9.14705
      vertex 12.9786 5.1 8.82631
    endloop
  endfacet
  facet normal -0.980785 -0 -0.195093
    outer loop
      vertex 12.9148 5.1 9.14705
      vertex 12.9786 3.5 8.82631
      vertex 12.9148 3.5 9.14705
    endloop
  endfacet
  facet normal 0.442204 0 -0.896915
    outer loop
      vertex 9.25 3.5 10.6651
      vertex 9.54329 5.1 10.8097
      vertex 9.54329 3.5 10.8097
    endloop
  endfacet
  facet normal 0.442204 0 -0.896915
    outer loop
      vertex 9.54329 5.1 10.8097
      vertex 9.25 3.5 10.6651
      vertex 9.25 5.1 10.6651
    endloop
  endfacet
  facet normal 0.896866 0 -0.442302
    outer loop
      vertex 8.33494 3.5 9.75
      vertex 8.1903 5.1 9.45671
      vertex 8.33494 5.1 9.75
    endloop
  endfacet
  facet normal 0.896866 0 -0.442302
    outer loop
      vertex 8.1903 5.1 9.45671
      vertex 8.33494 3.5 9.75
      vertex 8.1903 3.5 9.45671
    endloop
  endfacet
  facet normal 0.946935 -0 0.321425
    outer loop
      vertex 8.08519 3.5 7.85295
      vertex 8.1903 5.1 7.54329
      vertex 8.08519 5.1 7.85295
    endloop
  endfacet
  facet normal 0.946935 0 0.321425
    outer loop
      vertex 8.1903 5.1 7.54329
      vertex 8.08519 3.5 7.85295
      vertex 8.1903 3.5 7.54329
    endloop
  endfacet
  facet normal -0.44229 0 0.896872
    outer loop
      vertex 11.4567 5.1 6.1903
      vertex 11.75 3.5 6.33494
      vertex 11.75 5.1 6.33494
    endloop
  endfacet
  facet normal -0.44229 0 0.896872
    outer loop
      vertex 11.75 3.5 6.33494
      vertex 11.4567 5.1 6.1903
      vertex 11.4567 3.5 6.1903
    endloop
  endfacet
  facet normal -0.946944 0 -0.321397
    outer loop
      vertex 12.9148 3.5 9.14705
      vertex 12.8097 5.1 9.45671
      vertex 12.9148 5.1 9.14705
    endloop
  endfacet
  facet normal -0.946944 -0 -0.321397
    outer loop
      vertex 12.8097 5.1 9.45671
      vertex 12.9148 3.5 9.14705
      vertex 12.8097 3.5 9.45671
    endloop
  endfacet
  facet normal -0.751873 0 0.659307
    outer loop
      vertex 12.2678 3.5 6.73223
      vertex 12.4834 5.1 6.9781
      vertex 12.2678 5.1 6.73223
    endloop
  endfacet
  facet normal -0.751873 0 0.659307
    outer loop
      vertex 12.4834 5.1 6.9781
      vertex 12.2678 3.5 6.73223
      vertex 12.4834 3.5 6.9781
    endloop
  endfacet
  facet normal -0.195116 0 0.98078
    outer loop
      vertex 10.8263 5.1 6.02139
      vertex 11.147 3.5 6.08519
      vertex 11.147 5.1 6.08519
    endloop
  endfacet
  facet normal -0.195116 0 0.98078
    outer loop
      vertex 11.147 3.5 6.08519
      vertex 10.8263 5.1 6.02139
      vertex 10.8263 3.5 6.02139
    endloop
  endfacet
  facet normal 0.831466 -0 0.555575
    outer loop
      vertex 8.33494 3.5 7.25
      vertex 8.51662 5.1 6.9781
      vertex 8.33494 5.1 7.25
    endloop
  endfacet
  facet normal 0.831466 0 0.555575
    outer loop
      vertex 8.51662 5.1 6.9781
      vertex 8.33494 3.5 7.25
      vertex 8.51662 3.5 6.9781
    endloop
  endfacet
  facet normal 0.0654432 0 -0.997856
    outer loop
      vertex 10.1737 3.5 10.9786
      vertex 10.5 5.1 11
      vertex 10.5 3.5 11
    endloop
  endfacet
  facet normal 0.0654432 0 -0.997856
    outer loop
      vertex 10.5 5.1 11
      vertex 10.1737 3.5 10.9786
      vertex 10.1737 5.1 10.9786
    endloop
  endfacet
  facet normal 0.195087 0 0.980786
    outer loop
      vertex 9.85295 5.1 6.08519
      vertex 10.1737 3.5 6.02139
      vertex 10.1737 5.1 6.02139
    endloop
  endfacet
  facet normal 0.195087 0 0.980786
    outer loop
      vertex 10.1737 3.5 6.02139
      vertex 9.85295 5.1 6.08519
      vertex 9.85295 3.5 6.08519
    endloop
  endfacet
  facet normal 0.980784 -0 0.195099
    outer loop
      vertex 8.02139 3.5 8.17368
      vertex 8.08519 5.1 7.85295
      vertex 8.02139 5.1 8.17368
    endloop
  endfacet
  facet normal 0.980784 0 0.195099
    outer loop
      vertex 8.08519 5.1 7.85295
      vertex 8.02139 3.5 8.17368
      vertex 8.08519 3.5 7.85295
    endloop
  endfacet
  facet normal -0.751913 0 -0.659262
    outer loop
      vertex 12.4834 3.5 10.0219
      vertex 12.2678 5.1 10.2678
      vertex 12.4834 5.1 10.0219
    endloop
  endfacet
  facet normal -0.751913 -0 -0.659262
    outer loop
      vertex 12.2678 5.1 10.2678
      vertex 12.4834 3.5 10.0219
      vertex 12.2678 3.5 10.2678
    endloop
  endfacet
  facet normal 0.896866 -0 0.442302
    outer loop
      vertex 8.1903 3.5 7.54329
      vertex 8.33494 5.1 7.25
      vertex 8.1903 5.1 7.54329
    endloop
  endfacet
  facet normal 0.896866 0 0.442302
    outer loop
      vertex 8.33494 5.1 7.25
      vertex 8.1903 3.5 7.54329
      vertex 8.33494 3.5 7.25
    endloop
  endfacet
  facet normal 0.0654128 0 0.997858
    outer loop
      vertex 10.1737 5.1 6.02139
      vertex 10.5 3.5 6
      vertex 10.5 5.1 6
    endloop
  endfacet
  facet normal 0.0654128 0 0.997858
    outer loop
      vertex 10.5 3.5 6
      vertex 10.1737 5.1 6.02139
      vertex 10.1737 3.5 6.02139
    endloop
  endfacet
  facet normal 0.997858 0 -0.0654108
    outer loop
      vertex 8.02139 3.5 8.82631
      vertex 8 5.1 8.5
      vertex 8.02139 5.1 8.82631
    endloop
  endfacet
  facet normal 0.997858 0 -0.0654108
    outer loop
      vertex 8 5.1 8.5
      vertex 8.02139 3.5 8.82631
      vertex 8 3.5 8.5
    endloop
  endfacet
  facet normal -0.98078 0.195116 0
    outer loop
      vertex 17.2785 9.31768 0
      vertex 17.4444 10.1516 1
      vertex 17.4444 10.1516 0
    endloop
  endfacet
  facet normal -0.98078 0.195116 0
    outer loop
      vertex 17.4444 10.1516 1
      vertex 17.2785 9.31768 0
      vertex 17.2785 9.31768 1
    endloop
  endfacet
  facet normal -0.195087 0.980786 0
    outer loop
      vertex 12.6823 4.72148 0
      vertex 11.8484 4.55561 1
      vertex 12.6823 4.72148 1
    endloop
  endfacet
  facet normal -0.195087 0.980786 0
    outer loop
      vertex 11.8484 4.55561 1
      vertex 12.6823 4.72148 0
      vertex 11.8484 4.55561 0
    endloop
  endfacet
  facet normal -0.980779 -0.195121 0
    outer loop
      vertex 17.4444 11.8484 0
      vertex 17.2785 12.6823 1
      vertex 17.2785 12.6823 0
    endloop
  endfacet
  facet normal -0.980779 -0.195121 0
    outer loop
      vertex 17.2785 12.6823 1
      vertex 17.4444 11.8484 0
      vertex 17.4444 11.8484 1
    endloop
  endfacet
  facet normal -0.997859 -0.0653948 0
    outer loop
      vertex 17.5 11 0
      vertex 17.4444 11.8484 1
      vertex 17.4444 11.8484 0
    endloop
  endfacet
  facet normal -0.997859 -0.0653948 0
    outer loop
      vertex 17.4444 11.8484 1
      vertex 17.5 11 0
      vertex 17.5 11 1
    endloop
  endfacet
  facet normal 0.751833 0.659354 0
    outer loop
      vertex 6.40381 6.40381 1
      vertex 5.8432 7.04305 0
      vertex 5.8432 7.04305 1
    endloop
  endfacet
  facet normal 0.751833 0.659354 0
    outer loop
      vertex 5.8432 7.04305 0
      vertex 6.40381 6.40381 1
      vertex 6.40381 6.40381 0
    endloop
  endfacet
  facet normal 0.321438 0.946931 -0
    outer loop
      vertex 9.31768 4.72148 0
      vertex 8.51256 4.99478 1
      vertex 9.31768 4.72148 1
    endloop
  endfacet
  facet normal 0.321438 0.946931 0
    outer loop
      vertex 8.51256 4.99478 1
      vertex 9.31768 4.72148 0
      vertex 8.51256 4.99478 0
    endloop
  endfacet
  facet normal 0.659354 0.751833 -0
    outer loop
      vertex 7.04305 5.8432 0
      vertex 6.40381 6.40381 1
      vertex 7.04305 5.8432 1
    endloop
  endfacet
  facet normal 0.659354 0.751833 0
    outer loop
      vertex 6.40381 6.40381 1
      vertex 7.04305 5.8432 0
      vertex 6.40381 6.40381 0
    endloop
  endfacet
  facet normal 0.751864 -0.659319 0
    outer loop
      vertex 5.8432 14.9569 1
      vertex 6.40381 15.5962 0
      vertex 6.40381 15.5962 1
    endloop
  endfacet
  facet normal 0.751864 -0.659319 0
    outer loop
      vertex 6.40381 15.5962 0
      vertex 5.8432 14.9569 1
      vertex 5.8432 14.9569 0
    endloop
  endfacet
  facet normal 0.555596 -0.831453 0
    outer loop
      vertex 7.04305 16.1568 0
      vertex 7.75 16.6292 1
      vertex 7.04305 16.1568 1
    endloop
  endfacet
  facet normal 0.555596 -0.831453 0
    outer loop
      vertex 7.75 16.6292 1
      vertex 7.04305 16.1568 0
      vertex 7.75 16.6292 0
    endloop
  endfacet
  facet normal -0.659319 0.751864 0
    outer loop
      vertex 15.5962 6.40381 0
      vertex 14.9569 5.8432 1
      vertex 15.5962 6.40381 1
    endloop
  endfacet
  facet normal -0.659319 0.751864 0
    outer loop
      vertex 14.9569 5.8432 1
      vertex 15.5962 6.40381 0
      vertex 14.9569 5.8432 0
    endloop
  endfacet
  facet normal 0.896874 0.442286 0
    outer loop
      vertex 5.37083 7.75 1
      vertex 4.99478 8.51256 0
      vertex 4.99478 8.51256 1
    endloop
  endfacet
  facet normal 0.896874 0.442286 0
    outer loop
      vertex 4.99478 8.51256 0
      vertex 5.37083 7.75 1
      vertex 5.37083 7.75 0
    endloop
  endfacet
  facet normal 0.659347 -0.751839 0
    outer loop
      vertex 6.40381 15.5962 0
      vertex 7.04305 16.1568 1
      vertex 6.40381 15.5962 1
    endloop
  endfacet
  facet normal 0.659347 -0.751839 0
    outer loop
      vertex 7.04305 16.1568 1
      vertex 6.40381 15.5962 0
      vertex 7.04305 16.1568 0
    endloop
  endfacet
  facet normal -0.44222 -0.896907 0
    outer loop
      vertex 13.4874 17.0052 0
      vertex 14.25 16.6292 1
      vertex 13.4874 17.0052 1
    endloop
  endfacet
  facet normal -0.44222 -0.896907 -0
    outer loop
      vertex 14.25 16.6292 1
      vertex 13.4874 17.0052 0
      vertex 14.25 16.6292 0
    endloop
  endfacet
  facet normal -0.946931 0.321438 0
    outer loop
      vertex 17.0052 8.51256 0
      vertex 17.2785 9.31768 1
      vertex 17.2785 9.31768 0
    endloop
  endfacet
  facet normal -0.946931 0.321438 0
    outer loop
      vertex 17.2785 9.31768 1
      vertex 17.0052 8.51256 0
      vertex 17.0052 8.51256 1
    endloop
  endfacet
  facet normal -0.0654066 0.997859 0
    outer loop
      vertex 11.8484 4.55561 0
      vertex 11 4.5 1
      vertex 11.8484 4.55561 1
    endloop
  endfacet
  facet normal -0.0654066 0.997859 0
    outer loop
      vertex 11 4.5 1
      vertex 11.8484 4.55561 0
      vertex 11 4.5 0
    endloop
  endfacet
  facet normal 0.0653948 -0.997859 0
    outer loop
      vertex 10.1516 17.4444 0
      vertex 11 17.5 1
      vertex 10.1516 17.4444 1
    endloop
  endfacet
  facet normal 0.0653948 -0.997859 0
    outer loop
      vertex 11 17.5 1
      vertex 10.1516 17.4444 0
      vertex 11 17.5 0
    endloop
  endfacet
  facet normal 0.980787 0.195082 0
    outer loop
      vertex 4.72148 9.31768 1
      vertex 4.55561 10.1516 0
      vertex 4.55561 10.1516 1
    endloop
  endfacet
  facet normal 0.980787 0.195082 0
    outer loop
      vertex 4.55561 10.1516 0
      vertex 4.72148 9.31768 1
      vertex 4.72148 9.31768 0
    endloop
  endfacet
  facet normal 0.980786 -0.195087 0
    outer loop
      vertex 4.55561 11.8484 1
      vertex 4.72148 12.6823 0
      vertex 4.72148 12.6823 1
    endloop
  endfacet
  facet normal 0.980786 -0.195087 0
    outer loop
      vertex 4.72148 12.6823 0
      vertex 4.55561 11.8484 1
      vertex 4.55561 11.8484 0
    endloop
  endfacet
  facet normal -0.75187 -0.659312 0
    outer loop
      vertex 16.1568 14.9569 0
      vertex 15.5962 15.5962 1
      vertex 15.5962 15.5962 0
    endloop
  endfacet
  facet normal -0.75187 -0.659312 0
    outer loop
      vertex 15.5962 15.5962 1
      vertex 16.1568 14.9569 0
      vertex 16.1568 14.9569 1
    endloop
  endfacet
  facet normal -0.0653948 -0.997859 0
    outer loop
      vertex 11 17.5 0
      vertex 11.8484 17.4444 1
      vertex 11 17.5 1
    endloop
  endfacet
  facet normal -0.0653948 -0.997859 -0
    outer loop
      vertex 11.8484 17.4444 1
      vertex 11 17.5 0
      vertex 11.8484 17.4444 0
    endloop
  endfacet
  facet normal 0.946931 0.321438 0
    outer loop
      vertex 4.99478 8.51256 1
      vertex 4.72148 9.31768 0
      vertex 4.72148 9.31768 1
    endloop
  endfacet
  facet normal 0.946931 0.321438 0
    outer loop
      vertex 4.72148 9.31768 0
      vertex 4.99478 8.51256 1
      vertex 4.99478 8.51256 0
    endloop
  endfacet
  facet normal 0.896883 -0.442267 0
    outer loop
      vertex 4.99478 13.4874 1
      vertex 5.37083 14.25 0
      vertex 5.37083 14.25 1
    endloop
  endfacet
  facet normal 0.896883 -0.442267 0
    outer loop
      vertex 5.37083 14.25 0
      vertex 4.99478 13.4874 1
      vertex 4.99478 13.4874 0
    endloop
  endfacet
  facet normal -0.831435 -0.555623 0
    outer loop
      vertex 16.6292 14.25 0
      vertex 16.1568 14.9569 1
      vertex 16.1568 14.9569 0
    endloop
  endfacet
  facet normal -0.831435 -0.555623 0
    outer loop
      vertex 16.1568 14.9569 1
      vertex 16.6292 14.25 0
      vertex 16.6292 14.25 1
    endloop
  endfacet
  facet normal 0.321438 -0.946931 0
    outer loop
      vertex 8.51256 17.0052 0
      vertex 9.31768 17.2785 1
      vertex 8.51256 17.0052 1
    endloop
  endfacet
  facet normal 0.321438 -0.946931 0
    outer loop
      vertex 9.31768 17.2785 1
      vertex 8.51256 17.0052 0
      vertex 9.31768 17.2785 0
    endloop
  endfacet
  facet normal -0.997859 0.0653948 0
    outer loop
      vertex 17.4444 10.1516 0
      vertex 17.5 11 1
      vertex 17.5 11 0
    endloop
  endfacet
  facet normal -0.997859 0.0653948 0
    outer loop
      vertex 17.5 11 1
      vertex 17.4444 10.1516 0
      vertex 17.4444 10.1516 1
    endloop
  endfacet
  facet normal 0.442286 0.896874 -0
    outer loop
      vertex 8.51256 4.99478 0
      vertex 7.75 5.37083 1
      vertex 8.51256 4.99478 1
    endloop
  endfacet
  facet normal 0.442286 0.896874 0
    outer loop
      vertex 7.75 5.37083 1
      vertex 8.51256 4.99478 0
      vertex 7.75 5.37083 0
    endloop
  endfacet
  facet normal 0.997859 -0.0654066 0
    outer loop
      vertex 4.5 11 1
      vertex 4.55561 11.8484 0
      vertex 4.55561 11.8484 1
    endloop
  endfacet
  facet normal 0.997859 -0.0654066 0
    outer loop
      vertex 4.55561 11.8484 0
      vertex 4.5 11 1
      vertex 4.5 11 0
    endloop
  endfacet
  facet normal -0.555623 -0.831435 0
    outer loop
      vertex 14.25 16.6292 0
      vertex 14.9569 16.1568 1
      vertex 14.25 16.6292 1
    endloop
  endfacet
  facet normal -0.555623 -0.831435 -0
    outer loop
      vertex 14.9569 16.1568 1
      vertex 14.25 16.6292 0
      vertex 14.9569 16.1568 0
    endloop
  endfacet
  facet normal 0.946928 -0.321445 0
    outer loop
      vertex 4.72148 12.6823 1
      vertex 4.99478 13.4874 0
      vertex 4.99478 13.4874 1
    endloop
  endfacet
  facet normal 0.946928 -0.321445 0
    outer loop
      vertex 4.99478 13.4874 0
      vertex 4.72148 12.6823 1
      vertex 4.72148 12.6823 0
    endloop
  endfacet
  facet normal -0.442267 0.896883 0
    outer loop
      vertex 14.25 5.37083 0
      vertex 13.4874 4.99478 1
      vertex 14.25 5.37083 1
    endloop
  endfacet
  facet normal -0.442267 0.896883 0
    outer loop
      vertex 13.4874 4.99478 1
      vertex 14.25 5.37083 0
      vertex 13.4874 4.99478 0
    endloop
  endfacet
  facet normal -0.896897 0.442239 0
    outer loop
      vertex 16.6292 7.75 0
      vertex 17.0052 8.51256 1
      vertex 17.0052 8.51256 0
    endloop
  endfacet
  facet normal -0.896897 0.442239 0
    outer loop
      vertex 17.0052 8.51256 1
      vertex 16.6292 7.75 0
      vertex 16.6292 7.75 1
    endloop
  endfacet
  facet normal -0.831453 0.555596 0
    outer loop
      vertex 16.1568 7.04305 0
      vertex 16.6292 7.75 1
      vertex 16.6292 7.75 0
    endloop
  endfacet
  facet normal -0.831453 0.555596 0
    outer loop
      vertex 16.6292 7.75 1
      vertex 16.1568 7.04305 0
      vertex 16.1568 7.04305 1
    endloop
  endfacet
  facet normal 0.195116 -0.98078 0
    outer loop
      vertex 9.31768 17.2785 0
      vertex 10.1516 17.4444 1
      vertex 9.31768 17.2785 1
    endloop
  endfacet
  facet normal 0.195116 -0.98078 0
    outer loop
      vertex 10.1516 17.4444 1
      vertex 9.31768 17.2785 0
      vertex 10.1516 17.4444 0
    endloop
  endfacet
  facet normal 0.442239 -0.896897 0
    outer loop
      vertex 7.75 16.6292 0
      vertex 8.51256 17.0052 1
      vertex 7.75 16.6292 1
    endloop
  endfacet
  facet normal 0.442239 -0.896897 0
    outer loop
      vertex 8.51256 17.0052 1
      vertex 7.75 16.6292 0
      vertex 8.51256 17.0052 0
    endloop
  endfacet
  facet normal 0.831469 0.555571 0
    outer loop
      vertex 5.8432 7.04305 1
      vertex 5.37083 7.75 0
      vertex 5.37083 7.75 1
    endloop
  endfacet
  facet normal 0.831469 0.555571 0
    outer loop
      vertex 5.37083 7.75 0
      vertex 5.8432 7.04305 1
      vertex 5.8432 7.04305 0
    endloop
  endfacet
  facet normal -0.195121 -0.980779 0
    outer loop
      vertex 11.8484 17.4444 0
      vertex 12.6823 17.2785 1
      vertex 11.8484 17.4444 1
    endloop
  endfacet
  facet normal -0.195121 -0.980779 -0
    outer loop
      vertex 12.6823 17.2785 1
      vertex 11.8484 17.4444 0
      vertex 12.6823 17.2785 0
    endloop
  endfacet
  facet normal -0.555598 0.831451 0
    outer loop
      vertex 14.9569 5.8432 0
      vertex 14.25 5.37083 1
      vertex 14.9569 5.8432 1
    endloop
  endfacet
  facet normal -0.555598 0.831451 0
    outer loop
      vertex 14.25 5.37083 1
      vertex 14.9569 5.8432 0
      vertex 14.25 5.37083 0
    endloop
  endfacet
  facet normal -0.321445 -0.946928 0
    outer loop
      vertex 12.6823 17.2785 0
      vertex 13.4874 17.0052 1
      vertex 12.6823 17.2785 1
    endloop
  endfacet
  facet normal -0.321445 -0.946928 -0
    outer loop
      vertex 13.4874 17.0052 1
      vertex 12.6823 17.2785 0
      vertex 13.4874 17.0052 0
    endloop
  endfacet
  facet normal 0.997859 0.0654066 0
    outer loop
      vertex 4.55561 10.1516 1
      vertex 4.5 11 0
      vertex 4.5 11 1
    endloop
  endfacet
  facet normal 0.997859 0.0654066 0
    outer loop
      vertex 4.5 11 0
      vertex 4.55561 10.1516 1
      vertex 4.55561 10.1516 0
    endloop
  endfacet
  facet normal -0.896907 -0.44222 0
    outer loop
      vertex 17.0052 13.4874 0
      vertex 16.6292 14.25 1
      vertex 16.6292 14.25 0
    endloop
  endfacet
  facet normal -0.896907 -0.44222 0
    outer loop
      vertex 16.6292 14.25 1
      vertex 17.0052 13.4874 0
      vertex 17.0052 13.4874 1
    endloop
  endfacet
  facet normal 0.195082 0.980787 -0
    outer loop
      vertex 10.1516 4.55561 0
      vertex 9.31768 4.72148 1
      vertex 10.1516 4.55561 1
    endloop
  endfacet
  facet normal 0.195082 0.980787 0
    outer loop
      vertex 9.31768 4.72148 1
      vertex 10.1516 4.55561 0
      vertex 9.31768 4.72148 0
    endloop
  endfacet
  facet normal -0.946928 -0.321445 0
    outer loop
      vertex 17.2785 12.6823 0
      vertex 17.0052 13.4874 1
      vertex 17.0052 13.4874 0
    endloop
  endfacet
  facet normal -0.946928 -0.321445 0
    outer loop
      vertex 17.0052 13.4874 1
      vertex 17.2785 12.6823 0
      vertex 17.2785 12.6823 1
    endloop
  endfacet
  facet normal -0.659312 -0.75187 0
    outer loop
      vertex 14.9569 16.1568 0
      vertex 15.5962 15.5962 1
      vertex 14.9569 16.1568 1
    endloop
  endfacet
  facet normal -0.659312 -0.75187 -0
    outer loop
      vertex 15.5962 15.5962 1
      vertex 14.9569 16.1568 0
      vertex 15.5962 15.5962 0
    endloop
  endfacet
  facet normal -0.321445 0.946928 0
    outer loop
      vertex 13.4874 4.99478 0
      vertex 12.6823 4.72148 1
      vertex 13.4874 4.99478 1
    endloop
  endfacet
  facet normal -0.321445 0.946928 0
    outer loop
      vertex 12.6823 4.72148 1
      vertex 13.4874 4.99478 0
      vertex 12.6823 4.72148 0
    endloop
  endfacet
  facet normal -0.751839 0.659347 0
    outer loop
      vertex 15.5962 6.40381 0
      vertex 16.1568 7.04305 1
      vertex 16.1568 7.04305 0
    endloop
  endfacet
  facet normal -0.751839 0.659347 0
    outer loop
      vertex 16.1568 7.04305 1
      vertex 15.5962 6.40381 0
      vertex 15.5962 6.40381 1
    endloop
  endfacet
  facet normal 0 0 -1
    outer loop
      vertex 17.4444 10.1516 1
      vertex 17.4444 11.8484 1
      vertex 17.5 11 1
    endloop
  endfacet
  facet normal 0 0 -1
    outer loop
      vertex 17.2785 9.31768 1
      vertex 17.4444 11.8484 1
      vertex 17.4444 10.1516 1
    endloop
  endfacet
  facet normal 0 0 -1
    outer loop
      vertex 17.2785 9.31768 1
      vertex 17.2785 12.6823 1
      vertex 17.4444 11.8484 1
    endloop
  endfacet
  facet normal 0 0 -1
    outer loop
      vertex 17.0052 8.51256 1
      vertex 17.2785 12.6823 1
      vertex 17.2785 9.31768 1
    endloop
  endfacet
  facet normal 0 0 -1
    outer loop
      vertex 17.0052 8.51256 1
      vertex 17.0052 13.4874 1
      vertex 17.2785 12.6823 1
    endloop
  endfacet
  facet normal 0 0 -1
    outer loop
      vertex 16.6292 7.75 1
      vertex 17.0052 13.4874 1
      vertex 17.0052 8.51256 1
    endloop
  endfacet
  facet normal 0 0 -1
    outer loop
      vertex 16.6292 7.75 1
      vertex 16.6292 14.25 1
      vertex 17.0052 13.4874 1
    endloop
  endfacet
  facet normal 0 0 -1
    outer loop
      vertex 16.1568 7.04305 1
      vertex 16.6292 14.25 1
      vertex 16.6292 7.75 1
    endloop
  endfacet
  facet normal 0 0 -1
    outer loop
      vertex 16.1568 7.04305 1
      vertex 16.1568 14.9569 1
      vertex 16.6292 14.25 1
    endloop
  endfacet
  facet normal 0 0 -1
    outer loop
      vertex 15.5962 6.40381 1
      vertex 16.1568 14.9569 1
      vertex 16.1568 7.04305 1
    endloop
  endfacet
  facet normal 0 0 -1
    outer loop
      vertex 15.5962 6.40381 1
      vertex 15.5962 15.5962 1
      vertex 16.1568 14.9569 1
    endloop
  endfacet
  facet normal 0 0 -1
    outer loop
      vertex 14.9569 5.8432 1
      vertex 15.5962 15.5962 1
      vertex 15.5962 6.40381 1
    endloop
  endfacet
  facet normal 0 0 -1
    outer loop
      vertex 14.9569 5.8432 1
      vertex 14.9569 16.1568 1
      vertex 15.5962 15.5962 1
    endloop
  endfacet
  facet normal 0 0 -1
    outer loop
      vertex 14.25 5.37083 1
      vertex 14.9569 16.1568 1
      vertex 14.9569 5.8432 1
    endloop
  endfacet
  facet normal 0 0 -1
    outer loop
      vertex 14.25 5.37083 1
      vertex 14.25 16.6292 1
      vertex 14.9569 16.1568 1
    endloop
  endfacet
  facet normal 0 0 -1
    outer loop
      vertex 13.4874 4.99478 1
      vertex 14.25 16.6292 1
      vertex 14.25 5.37083 1
    endloop
  endfacet
  facet normal 0 0 -1
    outer loop
      vertex 13.4874 4.99478 1
      vertex 13.4874 17.0052 1
      vertex 14.25 16.6292 1
    endloop
  endfacet
  facet normal 0 0 -1
    outer loop
      vertex 12.6823 4.72148 1
      vertex 13.4874 17.0052 1
      vertex 13.4874 4.99478 1
    endloop
  endfacet
  facet normal 0 0 -1
    outer loop
      vertex 12.6823 4.72148 1
      vertex 12.6823 17.2785 1
      vertex 13.4874 17.0052 1
    endloop
  endfacet
  facet normal 0 0 -1
    outer loop
      vertex 11.8484 4.55561 1
      vertex 12.6823 17.2785 1
      vertex 12.6823 4.72148 1
    endloop
  endfacet
  facet normal 0 0 -1
    outer loop
      vertex 11.8484 4.55561 1
      vertex 11.8484 17.4444 1
      vertex 12.6823 17.2785 1
    endloop
  endfacet
  facet normal 0 0 -1
    outer loop
      vertex 11 4.5 1
      vertex 11.8484 17.4444 1
      vertex 11.8484 4.55561 1
    endloop
  endfacet
  facet normal 0 0 -1
    outer loop
      vertex 11 4.5 1
      vertex 11 17.5 1
      vertex 11.8484 17.4444 1
    endloop
  endfacet
  facet normal 0 0 -1
    outer loop
      vertex 10.1516 4.55561 1
      vertex 11 17.5 1
      vertex 11 4.5 1
    endloop
  endfacet
  facet normal 0 0 -1
    outer loop
      vertex 10.1516 4.55561 1
      vertex 10.1516 17.4444 1
      vertex 11 17.5 1
    endloop
  endfacet
  facet normal 0 0 -1
    outer loop
      vertex 9.31768 4.72148 1
      vertex 10.1516 17.4444 1
      vertex 10.1516 4.55561 1
    endloop
  endfacet
  facet normal 0 0 -1
    outer loop
      vertex 9.31768 4.72148 1
      vertex 9.31768 17.2785 1
      vertex 10.1516 17.4444 1
    endloop
  endfacet
  facet normal 0 0 -1
    outer loop
      vertex 8.51256 4.99478 1
      vertex 9.31768 17.2785 1
      vertex 9.31768 4.72148 1
    endloop
  endfacet
  facet normal 0 0 -1
    outer loop
      vertex 8.51256 4.99478 1
      vertex 8.51256 17.0052 1
      vertex 9.31768 17.2785 1
    endloop
  endfacet
  facet normal 0 0 -1
    outer loop
      vertex 7.75 5.37083 1
      vertex 8.51256 17.0052 1
      vertex 8.51256 4.99478 1
    endloop
  endfacet
  facet normal 0 0 -1
    outer loop
      vertex 7.75 5.37083 1
      vertex 7.75 16.6292 1
      vertex 8.51256 17.0052 1
    endloop
  endfacet
  facet normal 0 0 -1
    outer loop
      vertex 7.04305 5.8432 1
      vertex 7.75 16.6292 1
      vertex 7.75 5.37083 1
    endloop
  endfacet
  facet normal 0 0 -1
    outer loop
      vertex 7.04305 5.8432 1
      vertex 7.04305 16.1568 1
      vertex 7.75 16.6292 1
    endloop
  endfacet
  facet normal 0 0 -1
    outer loop
      vertex 6.40381 6.40381 1
      vertex 7.04305 16.1568 1
      vertex 7.04305 5.8432 1
    endloop
  endfacet
  facet normal 0 0 -1
    outer loop
      vertex 6.40381 6.40381 1
      vertex 6.40381 15.5962 1
      vertex 7.04305 16.1568 1
    endloop
  endfacet
  facet normal 0 0 -1
    outer loop
      vertex 5.8432 7.04305 1
      vertex 6.40381 15.5962 1
      vertex 6.40381 6.40381 1
    endloop
  endfacet
  facet normal 0 0 -1
    outer loop
      vertex 5.8432 7.04305 1
      vertex 5.8432 14.9569 1
      vertex 6.40381 15.5962 1
    endloop
  endfacet
  facet normal 0 0 -1
    outer loop
      vertex 5.37083 7.75 1
      vertex 5.8432 14.9569 1
      vertex 5.8432 7.04305 1
    endloop
  endfacet
  facet normal 0 0 -1
    outer loop
      vertex 5.37083 7.75 1
      vertex 5.37083 14.25 1
      vertex 5.8432 14.9569 1
    endloop
  endfacet
  facet normal 0 0 -1
    outer loop
      vertex 4.99478 8.51256 1
      vertex 5.37083 14.25 1
      vertex 5.37083 7.75 1
    endloop
  endfacet
  facet normal 0 0 -1
    outer loop
      vertex 4.99478 8.51256 1
      vertex 4.99478 13.4874 1
      vertex 5.37083 14.25 1
    endloop
  endfacet
  facet normal 0 0 -1
    outer loop
      vertex 4.72148 9.31768 1
      vertex 4.99478 13.4874 1
      vertex 4.99478 8.51256 1
    endloop
  endfacet
  facet normal 0 0 -1
    outer loop
      vertex 4.72148 9.31768 1
      vertex 4.72148 12.6823 1
      vertex 4.99478 13.4874 1
    endloop
  endfacet
  facet normal 0 0 -1
    outer loop
      vertex 4.55561 10.1516 1
      vertex 4.72148 12.6823 1
      vertex 4.72148 9.31768 1
    endloop
  endfacet
  facet normal 0 0 -1
    outer loop
      vertex 4.55561 10.1516 1
      vertex 4.55561 11.8484 1
      vertex 4.72148 12.6823 1
    endloop
  endfacet
  facet normal 0 -0 -1
    outer loop
      vertex 4.55561 11.8484 1
      vertex 4.55561 10.1516 1
      vertex 4.5 11 1
    endloop
  endfacet
  facet normal 0.831451 -0.555598 0
    outer loop
      vertex 5.37083 14.25 1
      vertex 5.8432 14.9569 0
      vertex 5.8432 14.9569 1
    endloop
  endfacet
  facet normal 0.831451 -0.555598 0
    outer loop
      vertex 5.8432 14.9569 0
      vertex 5.37083 14.25 1
      vertex 5.37083 14.25 0
    endloop
  endfacet
  facet normal 0.0654066 0.997859 -0
    outer loop
      vertex 11 4.5 0
      vertex 10.1516 4.55561 1
      vertex 11 4.5 1
    endloop
  endfacet
  facet normal 0.0654066 0.997859 0
    outer loop
      vertex 10.1516 4.55561 1
      vertex 11 4.5 0
      vertex 10.1516 4.55561 0
    endloop
  endfacet
  facet normal 0.555571 0.831469 -0
    outer loop
      vertex 7.75 5.37083 0
      vertex 7.04305 5.8432 1
      vertex 7.75 5.37083 1
    endloop
  endfacet
  facet normal 0.555571 0.831469 0
    outer loop
      vertex 7.04305 5.8432 1
      vertex 7.75 5.37083 0
      vertex 7.04305 5.8432 0
    endloop
  endfacet
  facet normal -0.896907 -0.44222 0
    outer loop
      vertex 17.0052 91.4874 0
      vertex 16.6292 92.25 1
      vertex 16.6292 92.25 0
    endloop
  endfacet
  facet normal -0.896907 -0.44222 0
    outer loop
      vertex 16.6292 92.25 1
      vertex 17.0052 91.4874 0
      vertex 17.0052 91.4874 1
    endloop
  endfacet
  facet normal -0.980779 -0.195121 0
    outer loop
      vertex 17.4444 89.8484 0
      vertex 17.2785 90.6823 1
      vertex 17.2785 90.6823 0
    endloop
  endfacet
  facet normal -0.980779 -0.195121 0
    outer loop
      vertex 17.2785 90.6823 1
      vertex 17.4444 89.8484 0
      vertex 17.4444 89.8484 1
    endloop
  endfacet
  facet normal 0.555596 0.831453 -0
    outer loop
      vertex 7.75 83.3708 0
      vertex 7.04305 83.8432 1
      vertex 7.75 83.3708 1
    endloop
  endfacet
  facet normal 0.555596 0.831453 0
    outer loop
      vertex 7.04305 83.8432 1
      vertex 7.75 83.3708 0
      vertex 7.04305 83.8432 0
    endloop
  endfacet
  facet normal -0.44222 -0.896907 0
    outer loop
      vertex 13.4874 95.0052 0
      vertex 14.25 94.6292 1
      vertex 13.4874 95.0052 1
    endloop
  endfacet
  facet normal -0.44222 -0.896907 -0
    outer loop
      vertex 14.25 94.6292 1
      vertex 13.4874 95.0052 0
      vertex 14.25 94.6292 0
    endloop
  endfacet
  facet normal 0.980786 0.195087 0
    outer loop
      vertex 4.72148 87.3177 1
      vertex 4.55561 88.1516 0
      vertex 4.55561 88.1516 1
    endloop
  endfacet
  facet normal 0.980786 0.195087 0
    outer loop
      vertex 4.55561 88.1516 0
      vertex 4.72148 87.3177 1
      vertex 4.72148 87.3177 0
    endloop
  endfacet
  facet normal 0.442239 -0.896897 0
    outer loop
      vertex 7.75 94.6292 0
      vertex 8.51256 95.0052 1
      vertex 7.75 94.6292 1
    endloop
  endfacet
  facet normal 0.442239 -0.896897 0
    outer loop
      vertex 8.51256 95.0052 1
      vertex 7.75 94.6292 0
      vertex 8.51256 95.0052 0
    endloop
  endfacet
  facet normal -0.321445 0.946928 0
    outer loop
      vertex 13.4874 82.9948 0
      vertex 12.6823 82.7215 1
      vertex 13.4874 82.9948 1
    endloop
  endfacet
  facet normal -0.321445 0.946928 0
    outer loop
      vertex 12.6823 82.7215 1
      vertex 13.4874 82.9948 0
      vertex 12.6823 82.7215 0
    endloop
  endfacet
  facet normal -0.195121 0.980779 0
    outer loop
      vertex 12.6823 82.7215 0
      vertex 11.8484 82.5556 1
      vertex 12.6823 82.7215 1
    endloop
  endfacet
  facet normal -0.195121 0.980779 0
    outer loop
      vertex 11.8484 82.5556 1
      vertex 12.6823 82.7215 0
      vertex 11.8484 82.5556 0
    endloop
  endfacet
  facet normal 0.0653948 -0.997859 0
    outer loop
      vertex 10.1516 95.4444 0
      vertex 11 95.5 1
      vertex 10.1516 95.4444 1
    endloop
  endfacet
  facet normal 0.0653948 -0.997859 0
    outer loop
      vertex 11 95.5 1
      vertex 10.1516 95.4444 0
      vertex 11 95.5 0
    endloop
  endfacet
  facet normal -0.997859 -0.0653948 0
    outer loop
      vertex 17.5 89 0
      vertex 17.4444 89.8484 1
      vertex 17.4444 89.8484 0
    endloop
  endfacet
  facet normal -0.997859 -0.0653948 0
    outer loop
      vertex 17.4444 89.8484 1
      vertex 17.5 89 0
      vertex 17.5 89 1
    endloop
  endfacet
  facet normal 0.980786 -0.195087 0
    outer loop
      vertex 4.55561 89.8484 1
      vertex 4.72148 90.6823 0
      vertex 4.72148 90.6823 1
    endloop
  endfacet
  facet normal 0.980786 -0.195087 0
    outer loop
      vertex 4.72148 90.6823 0
      vertex 4.55561 89.8484 1
      vertex 4.55561 89.8484 0
    endloop
  endfacet
  facet normal -0.659312 0.75187 0
    outer loop
      vertex 15.5962 84.4038 0
      vertex 14.9569 83.8432 1
      vertex 15.5962 84.4038 1
    endloop
  endfacet
  facet normal -0.659312 0.75187 0
    outer loop
      vertex 14.9569 83.8432 1
      vertex 15.5962 84.4038 0
      vertex 14.9569 83.8432 0
    endloop
  endfacet
  facet normal 0.195116 -0.98078 0
    outer loop
      vertex 9.31768 95.2785 0
      vertex 10.1516 95.4444 1
      vertex 9.31768 95.2785 1
    endloop
  endfacet
  facet normal 0.195116 -0.98078 0
    outer loop
      vertex 10.1516 95.4444 1
      vertex 9.31768 95.2785 0
      vertex 10.1516 95.4444 0
    endloop
  endfacet
  facet normal -0.75187 -0.659312 0
    outer loop
      vertex 16.1568 92.9569 0
      vertex 15.5962 93.5962 1
      vertex 15.5962 93.5962 0
    endloop
  endfacet
  facet normal -0.75187 -0.659312 0
    outer loop
      vertex 15.5962 93.5962 1
      vertex 16.1568 92.9569 0
      vertex 16.1568 92.9569 1
    endloop
  endfacet
  facet normal 0.321438 -0.946931 0
    outer loop
      vertex 8.51256 95.0052 0
      vertex 9.31768 95.2785 1
      vertex 8.51256 95.0052 1
    endloop
  endfacet
  facet normal 0.321438 -0.946931 0
    outer loop
      vertex 9.31768 95.2785 1
      vertex 8.51256 95.0052 0
      vertex 9.31768 95.2785 0
    endloop
  endfacet
  facet normal 0.442239 0.896897 -0
    outer loop
      vertex 8.51256 82.9948 0
      vertex 7.75 83.3708 1
      vertex 8.51256 82.9948 1
    endloop
  endfacet
  facet normal 0.442239 0.896897 0
    outer loop
      vertex 7.75 83.3708 1
      vertex 8.51256 82.9948 0
      vertex 7.75 83.3708 0
    endloop
  endfacet
  facet normal -0.946928 0.321445 0
    outer loop
      vertex 17.0052 86.5126 0
      vertex 17.2785 87.3177 1
      vertex 17.2785 87.3177 0
    endloop
  endfacet
  facet normal -0.946928 0.321445 0
    outer loop
      vertex 17.2785 87.3177 1
      vertex 17.0052 86.5126 0
      vertex 17.0052 86.5126 1
    endloop
  endfacet
  facet normal 0.831451 -0.555598 0
    outer loop
      vertex 5.37083 92.25 1
      vertex 5.8432 92.9569 0
      vertex 5.8432 92.9569 1
    endloop
  endfacet
  facet normal 0.831451 -0.555598 0
    outer loop
      vertex 5.8432 92.9569 0
      vertex 5.37083 92.25 1
      vertex 5.37083 92.25 0
    endloop
  endfacet
  facet normal -0.831435 0.555623 0
    outer loop
      vertex 16.1568 85.0431 0
      vertex 16.6292 85.75 1
      vertex 16.6292 85.75 0
    endloop
  endfacet
  facet normal -0.831435 0.555623 0
    outer loop
      vertex 16.6292 85.75 1
      vertex 16.1568 85.0431 0
      vertex 16.1568 85.0431 1
    endloop
  endfacet
  facet normal -0.321445 -0.946928 0
    outer loop
      vertex 12.6823 95.2785 0
      vertex 13.4874 95.0052 1
      vertex 12.6823 95.2785 1
    endloop
  endfacet
  facet normal -0.321445 -0.946928 -0
    outer loop
      vertex 13.4874 95.0052 1
      vertex 12.6823 95.2785 0
      vertex 13.4874 95.0052 0
    endloop
  endfacet
  facet normal 0.946928 -0.321445 0
    outer loop
      vertex 4.72148 90.6823 1
      vertex 4.99478 91.4874 0
      vertex 4.99478 91.4874 1
    endloop
  endfacet
  facet normal 0.946928 -0.321445 0
    outer loop
      vertex 4.99478 91.4874 0
      vertex 4.72148 90.6823 1
      vertex 4.72148 90.6823 0
    endloop
  endfacet
  facet normal -0.831435 -0.555623 0
    outer loop
      vertex 16.6292 92.25 0
      vertex 16.1568 92.9569 1
      vertex 16.1568 92.9569 0
    endloop
  endfacet
  facet normal -0.831435 -0.555623 0
    outer loop
      vertex 16.1568 92.9569 1
      vertex 16.6292 92.25 0
      vertex 16.6292 92.25 1
    endloop
  endfacet
  facet normal -0.555623 -0.831435 0
    outer loop
      vertex 14.25 94.6292 0
      vertex 14.9569 94.1568 1
      vertex 14.25 94.6292 1
    endloop
  endfacet
  facet normal -0.555623 -0.831435 -0
    outer loop
      vertex 14.9569 94.1568 1
      vertex 14.25 94.6292 0
      vertex 14.9569 94.1568 0
    endloop
  endfacet
  facet normal 0.896883 0.442267 0
    outer loop
      vertex 5.37083 85.75 1
      vertex 4.99478 86.5126 0
      vertex 4.99478 86.5126 1
    endloop
  endfacet
  facet normal 0.896883 0.442267 0
    outer loop
      vertex 4.99478 86.5126 0
      vertex 5.37083 85.75 1
      vertex 5.37083 85.75 0
    endloop
  endfacet
  facet normal 0 0 -1
    outer loop
      vertex 17.4444 88.1516 1
      vertex 17.4444 89.8484 1
      vertex 17.5 89 1
    endloop
  endfacet
  facet normal 0 0 -1
    outer loop
      vertex 17.2785 87.3177 1
      vertex 17.4444 89.8484 1
      vertex 17.4444 88.1516 1
    endloop
  endfacet
  facet normal 0 0 -1
    outer loop
      vertex 17.2785 87.3177 1
      vertex 17.2785 90.6823 1
      vertex 17.4444 89.8484 1
    endloop
  endfacet
  facet normal 0 0 -1
    outer loop
      vertex 17.0052 86.5126 1
      vertex 17.2785 90.6823 1
      vertex 17.2785 87.3177 1
    endloop
  endfacet
  facet normal 0 0 -1
    outer loop
      vertex 17.0052 86.5126 1
      vertex 17.0052 91.4874 1
      vertex 17.2785 90.6823 1
    endloop
  endfacet
  facet normal 0 0 -1
    outer loop
      vertex 16.6292 85.75 1
      vertex 17.0052 91.4874 1
      vertex 17.0052 86.5126 1
    endloop
  endfacet
  facet normal 0 0 -1
    outer loop
      vertex 16.6292 85.75 1
      vertex 16.6292 92.25 1
      vertex 17.0052 91.4874 1
    endloop
  endfacet
  facet normal 0 0 -1
    outer loop
      vertex 16.1568 85.0431 1
      vertex 16.6292 92.25 1
      vertex 16.6292 85.75 1
    endloop
  endfacet
  facet normal 0 0 -1
    outer loop
      vertex 16.1568 85.0431 1
      vertex 16.1568 92.9569 1
      vertex 16.6292 92.25 1
    endloop
  endfacet
  facet normal 0 0 -1
    outer loop
      vertex 15.5962 84.4038 1
      vertex 16.1568 92.9569 1
      vertex 16.1568 85.0431 1
    endloop
  endfacet
  facet normal 0 0 -1
    outer loop
      vertex 15.5962 84.4038 1
      vertex 15.5962 93.5962 1
      vertex 16.1568 92.9569 1
    endloop
  endfacet
  facet normal 0 0 -1
    outer loop
      vertex 14.9569 83.8432 1
      vertex 15.5962 93.5962 1
      vertex 15.5962 84.4038 1
    endloop
  endfacet
  facet normal 0 0 -1
    outer loop
      vertex 14.9569 83.8432 1
      vertex 14.9569 94.1568 1
      vertex 15.5962 93.5962 1
    endloop
  endfacet
  facet normal 0 0 -1
    outer loop
      vertex 14.25 83.3708 1
      vertex 14.9569 94.1568 1
      vertex 14.9569 83.8432 1
    endloop
  endfacet
  facet normal 0 0 -1
    outer loop
      vertex 14.25 83.3708 1
      vertex 14.25 94.6292 1
      vertex 14.9569 94.1568 1
    endloop
  endfacet
  facet normal 0 0 -1
    outer loop
      vertex 13.4874 82.9948 1
      vertex 14.25 94.6292 1
      vertex 14.25 83.3708 1
    endloop
  endfacet
  facet normal 0 0 -1
    outer loop
      vertex 13.4874 82.9948 1
      vertex 13.4874 95.0052 1
      vertex 14.25 94.6292 1
    endloop
  endfacet
  facet normal 0 0 -1
    outer loop
      vertex 12.6823 82.7215 1
      vertex 13.4874 95.0052 1
      vertex 13.4874 82.9948 1
    endloop
  endfacet
  facet normal 0 0 -1
    outer loop
      vertex 12.6823 82.7215 1
      vertex 12.6823 95.2785 1
      vertex 13.4874 95.0052 1
    endloop
  endfacet
  facet normal 0 0 -1
    outer loop
      vertex 11.8484 82.5556 1
      vertex 12.6823 95.2785 1
      vertex 12.6823 82.7215 1
    endloop
  endfacet
  facet normal 0 0 -1
    outer loop
      vertex 11.8484 82.5556 1
      vertex 11.8484 95.4444 1
      vertex 12.6823 95.2785 1
    endloop
  endfacet
  facet normal 0 0 -1
    outer loop
      vertex 11 82.5 1
      vertex 11.8484 95.4444 1
      vertex 11.8484 82.5556 1
    endloop
  endfacet
  facet normal 0 0 -1
    outer loop
      vertex 11 82.5 1
      vertex 11 95.5 1
      vertex 11.8484 95.4444 1
    endloop
  endfacet
  facet normal 0 0 -1
    outer loop
      vertex 10.1516 82.5556 1
      vertex 11 95.5 1
      vertex 11 82.5 1
    endloop
  endfacet
  facet normal 0 0 -1
    outer loop
      vertex 10.1516 82.5556 1
      vertex 10.1516 95.4444 1
      vertex 11 95.5 1
    endloop
  endfacet
  facet normal 0 0 -1
    outer loop
      vertex 9.31768 82.7215 1
      vertex 10.1516 95.4444 1
      vertex 10.1516 82.5556 1
    endloop
  endfacet
  facet normal 0 0 -1
    outer loop
      vertex 9.31768 82.7215 1
      vertex 9.31768 95.2785 1
      vertex 10.1516 95.4444 1
    endloop
  endfacet
  facet normal 0 0 -1
    outer loop
      vertex 8.51256 82.9948 1
      vertex 9.31768 95.2785 1
      vertex 9.31768 82.7215 1
    endloop
  endfacet
  facet normal 0 0 -1
    outer loop
      vertex 8.51256 82.9948 1
      vertex 8.51256 95.0052 1
      vertex 9.31768 95.2785 1
    endloop
  endfacet
  facet normal 0 0 -1
    outer loop
      vertex 7.75 83.3708 1
      vertex 8.51256 95.0052 1
      vertex 8.51256 82.9948 1
    endloop
  endfacet
  facet normal 0 0 -1
    outer loop
      vertex 7.75 83.3708 1
      vertex 7.75 94.6292 1
      vertex 8.51256 95.0052 1
    endloop
  endfacet
  facet normal 0 0 -1
    outer loop
      vertex 7.04305 83.8432 1
      vertex 7.75 94.6292 1
      vertex 7.75 83.3708 1
    endloop
  endfacet
  facet normal 0 0 -1
    outer loop
      vertex 7.04305 83.8432 1
      vertex 7.04305 94.1568 1
      vertex 7.75 94.6292 1
    endloop
  endfacet
  facet normal 0 0 -1
    outer loop
      vertex 6.40381 84.4038 1
      vertex 7.04305 94.1568 1
      vertex 7.04305 83.8432 1
    endloop
  endfacet
  facet normal 0 0 -1
    outer loop
      vertex 6.40381 84.4038 1
      vertex 6.40381 93.5962 1
      vertex 7.04305 94.1568 1
    endloop
  endfacet
  facet normal 0 0 -1
    outer loop
      vertex 5.8432 85.0431 1
      vertex 6.40381 93.5962 1
      vertex 6.40381 84.4038 1
    endloop
  endfacet
  facet normal 0 0 -1
    outer loop
      vertex 5.8432 85.0431 1
      vertex 5.8432 92.9569 1
      vertex 6.40381 93.5962 1
    endloop
  endfacet
  facet normal 0 0 -1
    outer loop
      vertex 5.37083 85.75 1
      vertex 5.8432 92.9569 1
      vertex 5.8432 85.0431 1
    endloop
  endfacet
  facet normal 0 0 -1
    outer loop
      vertex 5.37083 85.75 1
      vertex 5.37083 92.25 1
      vertex 5.8432 92.9569 1
    endloop
  endfacet
  facet normal 0 0 -1
    outer loop
      vertex 4.99478 86.5126 1
      vertex 5.37083 92.25 1
      vertex 5.37083 85.75 1
    endloop
  endfacet
  facet normal 0 0 -1
    outer loop
      vertex 4.99478 86.5126 1
      vertex 4.99478 91.4874 1
      vertex 5.37083 92.25 1
    endloop
  endfacet
  facet normal 0 0 -1
    outer loop
      vertex 4.72148 87.3177 1
      vertex 4.99478 91.4874 1
      vertex 4.99478 86.5126 1
    endloop
  endfacet
  facet normal 0 0 -1
    outer loop
      vertex 4.72148 87.3177 1
      vertex 4.72148 90.6823 1
      vertex 4.99478 91.4874 1
    endloop
  endfacet
  facet normal 0 0 -1
    outer loop
      vertex 4.55561 88.1516 1
      vertex 4.72148 90.6823 1
      vertex 4.72148 87.3177 1
    endloop
  endfacet
  facet normal 0 0 -1
    outer loop
      vertex 4.55561 88.1516 1
      vertex 4.55561 89.8484 1
      vertex 4.72148 90.6823 1
    endloop
  endfacet
  facet normal 0 -0 -1
    outer loop
      vertex 4.55561 89.8484 1
      vertex 4.55561 88.1516 1
      vertex 4.5 89 1
    endloop
  endfacet
  facet normal 0.195116 0.98078 -0
    outer loop
      vertex 10.1516 82.5556 0
      vertex 9.31768 82.7215 1
      vertex 10.1516 82.5556 1
    endloop
  endfacet
  facet normal 0.195116 0.98078 0
    outer loop
      vertex 9.31768 82.7215 1
      vertex 10.1516 82.5556 0
      vertex 9.31768 82.7215 0
    endloop
  endfacet
  facet normal -0.946928 -0.321445 0
    outer loop
      vertex 17.2785 90.6823 0
      vertex 17.0052 91.4874 1
      vertex 17.0052 91.4874 0
    endloop
  endfacet
  facet normal -0.946928 -0.321445 0
    outer loop
      vertex 17.0052 91.4874 1
      vertex 17.2785 90.6823 0
      vertex 17.2785 90.6823 1
    endloop
  endfacet
  facet normal -0.896907 0.44222 0
    outer loop
      vertex 16.6292 85.75 0
      vertex 17.0052 86.5126 1
      vertex 17.0052 86.5126 0
    endloop
  endfacet
  facet normal -0.896907 0.44222 0
    outer loop
      vertex 17.0052 86.5126 1
      vertex 16.6292 85.75 0
      vertex 16.6292 85.75 1
    endloop
  endfacet
  facet normal 0.946928 0.321445 0
    outer loop
      vertex 4.99478 86.5126 1
      vertex 4.72148 87.3177 0
      vertex 4.72148 87.3177 1
    endloop
  endfacet
  facet normal 0.946928 0.321445 0
    outer loop
      vertex 4.72148 87.3177 0
      vertex 4.99478 86.5126 1
      vertex 4.99478 86.5126 0
    endloop
  endfacet
  facet normal 0.751864 0.659319 0
    outer loop
      vertex 6.40381 84.4038 1
      vertex 5.8432 85.0431 0
      vertex 5.8432 85.0431 1
    endloop
  endfacet
  facet normal 0.751864 0.659319 0
    outer loop
      vertex 5.8432 85.0431 0
      vertex 6.40381 84.4038 1
      vertex 6.40381 84.4038 0
    endloop
  endfacet
  facet normal 0.555596 -0.831453 0
    outer loop
      vertex 7.04305 94.1568 0
      vertex 7.75 94.6292 1
      vertex 7.04305 94.1568 1
    endloop
  endfacet
  facet normal 0.555596 -0.831453 0
    outer loop
      vertex 7.75 94.6292 1
      vertex 7.04305 94.1568 0
      vertex 7.75 94.6292 0
    endloop
  endfacet
  facet normal 0.831451 0.555598 0
    outer loop
      vertex 5.8432 85.0431 1
      vertex 5.37083 85.75 0
      vertex 5.37083 85.75 1
    endloop
  endfacet
  facet normal 0.831451 0.555598 0
    outer loop
      vertex 5.37083 85.75 0
      vertex 5.8432 85.0431 1
      vertex 5.8432 85.0431 0
    endloop
  endfacet
  facet normal -0.997859 0.0653948 0
    outer loop
      vertex 17.4444 88.1516 0
      vertex 17.5 89 1
      vertex 17.5 89 0
    endloop
  endfacet
  facet normal -0.997859 0.0653948 0
    outer loop
      vertex 17.5 89 1
      vertex 17.4444 88.1516 0
      vertex 17.4444 88.1516 1
    endloop
  endfacet
  facet normal 0.321438 0.946931 -0
    outer loop
      vertex 9.31768 82.7215 0
      vertex 8.51256 82.9948 1
      vertex 9.31768 82.7215 1
    endloop
  endfacet
  facet normal 0.321438 0.946931 0
    outer loop
      vertex 8.51256 82.9948 1
      vertex 9.31768 82.7215 0
      vertex 8.51256 82.9948 0
    endloop
  endfacet
  facet normal -0.0653948 -0.997859 0
    outer loop
      vertex 11 95.5 0
      vertex 11.8484 95.4444 1
      vertex 11 95.5 1
    endloop
  endfacet
  facet normal -0.0653948 -0.997859 -0
    outer loop
      vertex 11.8484 95.4444 1
      vertex 11 95.5 0
      vertex 11.8484 95.4444 0
    endloop
  endfacet
  facet normal 0.751864 -0.659319 0
    outer loop
      vertex 5.8432 92.9569 1
      vertex 6.40381 93.5962 0
      vertex 6.40381 93.5962 1
    endloop
  endfacet
  facet normal 0.751864 -0.659319 0
    outer loop
      vertex 6.40381 93.5962 0
      vertex 5.8432 92.9569 1
      vertex 5.8432 92.9569 0
    endloop
  endfacet
  facet normal -0.555623 0.831435 0
    outer loop
      vertex 14.9569 83.8432 0
      vertex 14.25 83.3708 1
      vertex 14.9569 83.8432 1
    endloop
  endfacet
  facet normal -0.555623 0.831435 0
    outer loop
      vertex 14.25 83.3708 1
      vertex 14.9569 83.8432 0
      vertex 14.25 83.3708 0
    endloop
  endfacet
  facet normal -0.980779 0.195121 0
    outer loop
      vertex 17.2785 87.3177 0
      vertex 17.4444 88.1516 1
      vertex 17.4444 88.1516 0
    endloop
  endfacet
  facet normal -0.980779 0.195121 0
    outer loop
      vertex 17.4444 88.1516 1
      vertex 17.2785 87.3177 0
      vertex 17.2785 87.3177 1
    endloop
  endfacet
  facet normal 0.896883 -0.442267 0
    outer loop
      vertex 4.99478 91.4874 1
      vertex 5.37083 92.25 0
      vertex 5.37083 92.25 1
    endloop
  endfacet
  facet normal 0.896883 -0.442267 0
    outer loop
      vertex 5.37083 92.25 0
      vertex 4.99478 91.4874 1
      vertex 4.99478 91.4874 0
    endloop
  endfacet
  facet normal -0.0653948 0.997859 0
    outer loop
      vertex 11.8484 82.5556 0
      vertex 11 82.5 1
      vertex 11.8484 82.5556 1
    endloop
  endfacet
  facet normal -0.0653948 0.997859 0
    outer loop
      vertex 11 82.5 1
      vertex 11.8484 82.5556 0
      vertex 11 82.5 0
    endloop
  endfacet
  facet normal 0.659347 0.751839 -0
    outer loop
      vertex 7.04305 83.8432 0
      vertex 6.40381 84.4038 1
      vertex 7.04305 83.8432 1
    endloop
  endfacet
  facet normal 0.659347 0.751839 0
    outer loop
      vertex 6.40381 84.4038 1
      vertex 7.04305 83.8432 0
      vertex 6.40381 84.4038 0
    endloop
  endfacet
  facet normal 0.659347 -0.751839 0
    outer loop
      vertex 6.40381 93.5962 0
      vertex 7.04305 94.1568 1
      vertex 6.40381 93.5962 1
    endloop
  endfacet
  facet normal 0.659347 -0.751839 0
    outer loop
      vertex 7.04305 94.1568 1
      vertex 6.40381 93.5962 0
      vertex 7.04305 94.1568 0
    endloop
  endfacet
  facet normal -0.659312 -0.75187 0
    outer loop
      vertex 14.9569 94.1568 0
      vertex 15.5962 93.5962 1
      vertex 14.9569 94.1568 1
    endloop
  endfacet
  facet normal -0.659312 -0.75187 -0
    outer loop
      vertex 15.5962 93.5962 1
      vertex 14.9569 94.1568 0
      vertex 15.5962 93.5962 0
    endloop
  endfacet
  facet normal -0.75187 0.659312 0
    outer loop
      vertex 15.5962 84.4038 0
      vertex 16.1568 85.0431 1
      vertex 16.1568 85.0431 0
    endloop
  endfacet
  facet normal -0.75187 0.659312 0
    outer loop
      vertex 16.1568 85.0431 1
      vertex 15.5962 84.4038 0
      vertex 15.5962 84.4038 1
    endloop
  endfacet
  facet normal -0.195121 -0.980779 0
    outer loop
      vertex 11.8484 95.4444 0
      vertex 12.6823 95.2785 1
      vertex 11.8484 95.4444 1
    endloop
  endfacet
  facet normal -0.195121 -0.980779 -0
    outer loop
      vertex 12.6823 95.2785 1
      vertex 11.8484 95.4444 0
      vertex 12.6823 95.2785 0
    endloop
  endfacet
  facet normal 0.997859 -0.0654066 0
    outer loop
      vertex 4.5 89 1
      vertex 4.55561 89.8484 0
      vertex 4.55561 89.8484 1
    endloop
  endfacet
  facet normal 0.997859 -0.0654066 0
    outer loop
      vertex 4.55561 89.8484 0
      vertex 4.5 89 1
      vertex 4.5 89 0
    endloop
  endfacet
  facet normal 0.997859 0.0654066 0
    outer loop
      vertex 4.55561 88.1516 1
      vertex 4.5 89 0
      vertex 4.5 89 1
    endloop
  endfacet
  facet normal 0.997859 0.0654066 0
    outer loop
      vertex 4.5 89 0
      vertex 4.55561 88.1516 1
      vertex 4.55561 88.1516 0
    endloop
  endfacet
  facet normal -0.44222 0.896907 0
    outer loop
      vertex 14.25 83.3708 0
      vertex 13.4874 82.9948 1
      vertex 14.25 83.3708 1
    endloop
  endfacet
  facet normal -0.44222 0.896907 0
    outer loop
      vertex 13.4874 82.9948 1
      vertex 14.25 83.3708 0
      vertex 13.4874 82.9948 0
    endloop
  endfacet
  facet normal 0.0653948 0.997859 -0
    outer loop
      vertex 11 82.5 0
      vertex 10.1516 82.5556 1
      vertex 11 82.5 1
    endloop
  endfacet
  facet normal 0.0653948 0.997859 0
    outer loop
      vertex 10.1516 82.5556 1
      vertex 11 82.5 0
      vertex 10.1516 82.5556 0
    endloop
  endfacet
  facet normal -0.980982 0.194098 0
    outer loop
      vertex 175.279 9.31768 0
      vertex 175.444 10.1516 1
      vertex 175.444 10.1516 0
    endloop
  endfacet
  facet normal -0.980982 0.194098 0
    outer loop
      vertex 175.444 10.1516 1
      vertex 175.279 9.31768 0
      vertex 175.279 9.31768 1
    endloop
  endfacet
  facet normal -0.195064 0.98079 0
    outer loop
      vertex 170.682 4.72148 0
      vertex 169.848 4.55561 1
      vertex 170.682 4.72148 1
    endloop
  endfacet
  facet normal -0.195064 0.98079 0
    outer loop
      vertex 169.848 4.55561 1
      vertex 170.682 4.72148 0
      vertex 169.848 4.55561 0
    endloop
  endfacet
  facet normal -0.980981 -0.194102 0
    outer loop
      vertex 175.444 11.8484 0
      vertex 175.279 12.6823 1
      vertex 175.279 12.6823 0
    endloop
  endfacet
  facet normal -0.980981 -0.194102 0
    outer loop
      vertex 175.279 12.6823 1
      vertex 175.444 11.8484 0
      vertex 175.444 11.8484 1
    endloop
  endfacet
  facet normal -0.997829 -0.0658633 0
    outer loop
      vertex 175.5 11 0
      vertex 175.444 11.8484 1
      vertex 175.444 11.8484 0
    endloop
  endfacet
  facet normal -0.997829 -0.0658633 0
    outer loop
      vertex 175.444 11.8484 1
      vertex 175.5 11 0
      vertex 175.5 11 1
    endloop
  endfacet
  facet normal 0.555544 0.831487 -0
    outer loop
      vertex 165.75 5.37083 0
      vertex 165.043 5.8432 1
      vertex 165.75 5.37083 1
    endloop
  endfacet
  facet normal 0.555544 0.831487 0
    outer loop
      vertex 165.043 5.8432 1
      vertex 165.75 5.37083 0
      vertex 165.043 5.8432 0
    endloop
  endfacet
  facet normal 0.896907 -0.44222 0
    outer loop
      vertex 162.995 13.4874 1
      vertex 163.371 14.25 0
      vertex 163.371 14.25 1
    endloop
  endfacet
  facet normal 0.896907 -0.44222 0
    outer loop
      vertex 163.371 14.25 0
      vertex 162.995 13.4874 1
      vertex 162.995 13.4874 0
    endloop
  endfacet
  facet normal 0.751606 0.659613 0
    outer loop
      vertex 164.404 6.40381 1
      vertex 163.843 7.04305 0
      vertex 163.843 7.04305 1
    endloop
  endfacet
  facet normal 0.751606 0.659613 0
    outer loop
      vertex 163.843 7.04305 0
      vertex 164.404 6.40381 1
      vertex 164.404 6.40381 0
    endloop
  endfacet
  facet normal 0.321481 0.946916 -0
    outer loop
      vertex 167.318 4.72148 0
      vertex 166.513 4.99478 1
      vertex 167.318 4.72148 1
    endloop
  endfacet
  facet normal 0.321481 0.946916 0
    outer loop
      vertex 166.513 4.99478 1
      vertex 167.318 4.72148 0
      vertex 166.513 4.99478 0
    endloop
  endfacet
  facet normal 0.659493 0.75171 -0
    outer loop
      vertex 165.043 5.8432 0
      vertex 164.404 6.40381 1
      vertex 165.043 5.8432 1
    endloop
  endfacet
  facet normal 0.659493 0.75171 0
    outer loop
      vertex 164.404 6.40381 1
      vertex 165.043 5.8432 0
      vertex 164.404 6.40381 0
    endloop
  endfacet
  facet normal 0.751636 -0.659578 0
    outer loop
      vertex 163.843 14.9569 1
      vertex 164.404 15.5962 0
      vertex 164.404 15.5962 1
    endloop
  endfacet
  facet normal 0.751636 -0.659578 0
    outer loop
      vertex 164.404 15.5962 0
      vertex 163.843 14.9569 1
      vertex 163.843 14.9569 0
    endloop
  endfacet
  facet normal 0.555568 -0.831471 0
    outer loop
      vertex 165.043 16.1568 0
      vertex 165.75 16.6292 1
      vertex 165.043 16.1568 1
    endloop
  endfacet
  facet normal 0.555568 -0.831471 0
    outer loop
      vertex 165.75 16.6292 1
      vertex 165.043 16.1568 0
      vertex 165.75 16.6292 0
    endloop
  endfacet
  facet normal -0.751606 0.659613 0
    outer loop
      vertex 173.596 6.40381 0
      vertex 174.157 7.04305 1
      vertex 174.157 7.04305 0
    endloop
  endfacet
  facet normal -0.751606 0.659613 0
    outer loop
      vertex 174.157 7.04305 1
      vertex 173.596 6.40381 0
      vertex 173.596 6.40381 1
    endloop
  endfacet
  facet normal 0.659487 -0.751716 0
    outer loop
      vertex 164.404 15.5962 0
      vertex 165.043 16.1568 1
      vertex 164.404 15.5962 1
    endloop
  endfacet
  facet normal 0.659487 -0.751716 0
    outer loop
      vertex 165.043 16.1568 1
      vertex 164.404 15.5962 0
      vertex 165.043 16.1568 0
    endloop
  endfacet
  facet normal -0.442033 -0.896999 0
    outer loop
      vertex 171.487 17.0052 0
      vertex 172.25 16.6292 1
      vertex 171.487 17.0052 1
    endloop
  endfacet
  facet normal -0.442033 -0.896999 -0
    outer loop
      vertex 172.25 16.6292 1
      vertex 171.487 17.0052 0
      vertex 172.25 16.6292 0
    endloop
  endfacet
  facet normal -0.94668 0.322176 0
    outer loop
      vertex 175.005 8.51256 0
      vertex 175.279 9.31768 1
      vertex 175.279 9.31768 0
    endloop
  endfacet
  facet normal -0.94668 0.322176 0
    outer loop
      vertex 175.279 9.31768 1
      vertex 175.005 8.51256 0
      vertex 175.005 8.51256 1
    endloop
  endfacet
  facet normal -0.659487 -0.751716 0
    outer loop
      vertex 172.957 16.1568 0
      vertex 173.596 15.5962 1
      vertex 172.957 16.1568 1
    endloop
  endfacet
  facet normal -0.659487 -0.751716 -0
    outer loop
      vertex 173.596 15.5962 1
      vertex 172.957 16.1568 0
      vertex 173.596 15.5962 0
    endloop
  endfacet
  facet normal -0.659493 0.75171 0
    outer loop
      vertex 173.596 6.40381 0
      vertex 172.957 5.8432 1
      vertex 173.596 6.40381 1
    endloop
  endfacet
  facet normal -0.659493 0.75171 0
    outer loop
      vertex 172.957 5.8432 1
      vertex 173.596 6.40381 0
      vertex 172.957 5.8432 0
    endloop
  endfacet
  facet normal -0.0654373 0.997857 0
    outer loop
      vertex 169.848 4.55561 0
      vertex 169 4.5 1
      vertex 169.848 4.55561 1
    endloop
  endfacet
  facet normal -0.0654373 0.997857 0
    outer loop
      vertex 169 4.5 1
      vertex 169.848 4.55561 0
      vertex 169 4.5 0
    endloop
  endfacet
  facet normal 0.946677 -0.322183 0
    outer loop
      vertex 162.721 12.6823 1
      vertex 162.995 13.4874 0
      vertex 162.995 13.4874 1
    endloop
  endfacet
  facet normal 0.946677 -0.322183 0
    outer loop
      vertex 162.995 13.4874 0
      vertex 162.721 12.6823 1
      vertex 162.721 12.6823 0
    endloop
  endfacet
  facet normal 0.0654256 -0.997857 0
    outer loop
      vertex 168.152 17.4444 0
      vertex 169 17.5 1
      vertex 168.152 17.4444 1
    endloop
  endfacet
  facet normal 0.0654256 -0.997857 0
    outer loop
      vertex 169 17.5 1
      vertex 168.152 17.4444 0
      vertex 169 17.5 0
    endloop
  endfacet
  facet normal 0.980982 0.194098 0
    outer loop
      vertex 162.721 9.31768 1
      vertex 162.556 10.1516 0
      vertex 162.556 10.1516 1
    endloop
  endfacet
  facet normal 0.980982 0.194098 0
    outer loop
      vertex 162.556 10.1516 0
      vertex 162.721 9.31768 1
      vertex 162.721 9.31768 0
    endloop
  endfacet
  facet normal 0.980981 -0.194102 0
    outer loop
      vertex 162.556 11.8484 1
      vertex 162.721 12.6823 0
      vertex 162.721 12.6823 1
    endloop
  endfacet
  facet normal 0.980981 -0.194102 0
    outer loop
      vertex 162.721 12.6823 0
      vertex 162.556 11.8484 1
      vertex 162.556 11.8484 0
    endloop
  endfacet
  facet normal -0.751636 -0.659578 0
    outer loop
      vertex 174.157 14.9569 0
      vertex 173.596 15.5962 1
      vertex 173.596 15.5962 0
    endloop
  endfacet
  facet normal -0.751636 -0.659578 0
    outer loop
      vertex 173.596 15.5962 1
      vertex 174.157 14.9569 0
      vertex 174.157 14.9569 1
    endloop
  endfacet
  facet normal -0.0654256 -0.997857 0
    outer loop
      vertex 169 17.5 0
      vertex 169.848 17.4444 1
      vertex 169 17.5 1
    endloop
  endfacet
  facet normal -0.0654256 -0.997857 -0
    outer loop
      vertex 169.848 17.4444 1
      vertex 169 17.5 0
      vertex 169.848 17.4444 0
    endloop
  endfacet
  facet normal 0.94668 0.322176 0
    outer loop
      vertex 162.995 8.51256 1
      vertex 162.721 9.31768 0
      vertex 162.721 9.31768 1
    endloop
  endfacet
  facet normal 0.94668 0.322176 0
    outer loop
      vertex 162.721 9.31768 0
      vertex 162.995 8.51256 1
      vertex 162.995 8.51256 0
    endloop
  endfacet
  facet normal -0.831652 -0.555297 0
    outer loop
      vertex 174.629 14.25 0
      vertex 174.157 14.9569 1
      vertex 174.157 14.9569 0
    endloop
  endfacet
  facet normal -0.831652 -0.555297 0
    outer loop
      vertex 174.157 14.9569 1
      vertex 174.629 14.25 0
      vertex 174.629 14.25 1
    endloop
  endfacet
  facet normal -0.555568 -0.831471 0
    outer loop
      vertex 172.25 16.6292 0
      vertex 172.957 16.1568 1
      vertex 172.25 16.6292 1
    endloop
  endfacet
  facet normal -0.555568 -0.831471 -0
    outer loop
      vertex 172.957 16.1568 1
      vertex 172.25 16.6292 0
      vertex 172.957 16.1568 0
    endloop
  endfacet
  facet normal 0.321481 -0.946916 0
    outer loop
      vertex 166.513 17.0052 0
      vertex 167.318 17.2785 1
      vertex 166.513 17.0052 1
    endloop
  endfacet
  facet normal 0.321481 -0.946916 0
    outer loop
      vertex 167.318 17.2785 1
      vertex 166.513 17.0052 0
      vertex 167.318 17.2785 0
    endloop
  endfacet
  facet normal -0.997829 0.0658633 0
    outer loop
      vertex 175.444 10.1516 0
      vertex 175.5 11 1
      vertex 175.5 11 0
    endloop
  endfacet
  facet normal -0.997829 0.0658633 0
    outer loop
      vertex 175.5 11 1
      vertex 175.444 10.1516 0
      vertex 175.444 10.1516 1
    endloop
  endfacet
  facet normal 0.997829 -0.0658633 0
    outer loop
      vertex 162.5 11 1
      vertex 162.556 11.8484 0
      vertex 162.556 11.8484 1
    endloop
  endfacet
  facet normal 0.997829 -0.0658633 0
    outer loop
      vertex 162.556 11.8484 0
      vertex 162.5 11 1
      vertex 162.5 11 0
    endloop
  endfacet
  facet normal -0.442081 0.896975 0
    outer loop
      vertex 172.25 5.37083 0
      vertex 171.487 4.99478 1
      vertex 172.25 5.37083 1
    endloop
  endfacet
  facet normal -0.442081 0.896975 0
    outer loop
      vertex 171.487 4.99478 1
      vertex 172.25 5.37083 0
      vertex 171.487 4.99478 0
    endloop
  endfacet
  facet normal -0.896897 0.442239 0
    outer loop
      vertex 174.629 7.75 0
      vertex 175.005 8.51256 1
      vertex 175.005 8.51256 0
    endloop
  endfacet
  facet normal -0.896897 0.442239 0
    outer loop
      vertex 175.005 8.51256 1
      vertex 174.629 7.75 0
      vertex 174.629 7.75 1
    endloop
  endfacet
  facet normal -0.83167 0.55527 0
    outer loop
      vertex 174.157 7.04305 0
      vertex 174.629 7.75 1
      vertex 174.629 7.75 0
    endloop
  endfacet
  facet normal -0.83167 0.55527 0
    outer loop
      vertex 174.629 7.75 1
      vertex 174.157 7.04305 0
      vertex 174.157 7.04305 1
    endloop
  endfacet
  facet normal 0.195098 -0.980784 0
    outer loop
      vertex 167.318 17.2785 0
      vertex 168.152 17.4444 1
      vertex 167.318 17.2785 1
    endloop
  endfacet
  facet normal 0.195098 -0.980784 0
    outer loop
      vertex 168.152 17.4444 1
      vertex 167.318 17.2785 0
      vertex 168.152 17.4444 0
    endloop
  endfacet
  facet normal 0.442033 -0.896999 0
    outer loop
      vertex 165.75 16.6292 0
      vertex 166.513 17.0052 1
      vertex 165.75 16.6292 1
    endloop
  endfacet
  facet normal 0.442033 -0.896999 0
    outer loop
      vertex 166.513 17.0052 1
      vertex 165.75 16.6292 0
      vertex 166.513 17.0052 0
    endloop
  endfacet
  facet normal 0.83167 0.55527 0
    outer loop
      vertex 163.843 7.04305 1
      vertex 163.371 7.75 0
      vertex 163.371 7.75 1
    endloop
  endfacet
  facet normal 0.83167 0.55527 0
    outer loop
      vertex 163.371 7.75 0
      vertex 163.843 7.04305 1
      vertex 163.843 7.04305 0
    endloop
  endfacet
  facet normal -0.195098 -0.980784 0
    outer loop
      vertex 169.848 17.4444 0
      vertex 170.682 17.2785 1
      vertex 169.848 17.4444 1
    endloop
  endfacet
  facet normal -0.195098 -0.980784 -0
    outer loop
      vertex 170.682 17.2785 1
      vertex 169.848 17.4444 0
      vertex 170.682 17.2785 0
    endloop
  endfacet
  facet normal -0.555544 0.831487 0
    outer loop
      vertex 172.957 5.8432 0
      vertex 172.25 5.37083 1
      vertex 172.957 5.8432 1
    endloop
  endfacet
  facet normal -0.555544 0.831487 0
    outer loop
      vertex 172.25 5.37083 1
      vertex 172.957 5.8432 0
      vertex 172.25 5.37083 0
    endloop
  endfacet
  facet normal -0.321481 -0.946916 0
    outer loop
      vertex 170.682 17.2785 0
      vertex 171.487 17.0052 1
      vertex 170.682 17.2785 1
    endloop
  endfacet
  facet normal -0.321481 -0.946916 -0
    outer loop
      vertex 171.487 17.0052 1
      vertex 170.682 17.2785 0
      vertex 171.487 17.0052 0
    endloop
  endfacet
  facet normal 0.896897 0.442239 0
    outer loop
      vertex 163.371 7.75 1
      vertex 162.995 8.51256 0
      vertex 162.995 8.51256 1
    endloop
  endfacet
  facet normal 0.896897 0.442239 0
    outer loop
      vertex 162.995 8.51256 0
      vertex 163.371 7.75 1
      vertex 163.371 7.75 0
    endloop
  endfacet
  facet normal 0.997829 0.0658633 0
    outer loop
      vertex 162.556 10.1516 1
      vertex 162.5 11 0
      vertex 162.5 11 1
    endloop
  endfacet
  facet normal 0.997829 0.0658633 0
    outer loop
      vertex 162.5 11 0
      vertex 162.556 10.1516 1
      vertex 162.556 10.1516 0
    endloop
  endfacet
  facet normal -0.896907 -0.44222 0
    outer loop
      vertex 175.005 13.4874 0
      vertex 174.629 14.25 1
      vertex 174.629 14.25 0
    endloop
  endfacet
  facet normal -0.896907 -0.44222 0
    outer loop
      vertex 174.629 14.25 1
      vertex 175.005 13.4874 0
      vertex 175.005 13.4874 1
    endloop
  endfacet
  facet normal 0.195064 0.98079 -0
    outer loop
      vertex 168.152 4.55561 0
      vertex 167.318 4.72148 1
      vertex 168.152 4.55561 1
    endloop
  endfacet
  facet normal 0.195064 0.98079 0
    outer loop
      vertex 167.318 4.72148 1
      vertex 168.152 4.55561 0
      vertex 167.318 4.72148 0
    endloop
  endfacet
  facet normal -0.946677 -0.322183 0
    outer loop
      vertex 175.279 12.6823 0
      vertex 175.005 13.4874 1
      vertex 175.005 13.4874 0
    endloop
  endfacet
  facet normal -0.946677 -0.322183 0
    outer loop
      vertex 175.005 13.4874 1
      vertex 175.279 12.6823 0
      vertex 175.279 12.6823 1
    endloop
  endfacet
  facet normal -0.321481 0.946916 0
    outer loop
      vertex 171.487 4.99478 0
      vertex 170.682 4.72148 1
      vertex 171.487 4.99478 1
    endloop
  endfacet
  facet normal -0.321481 0.946916 0
    outer loop
      vertex 170.682 4.72148 1
      vertex 171.487 4.99478 0
      vertex 170.682 4.72148 0
    endloop
  endfacet
  facet normal 0.831652 -0.555297 0
    outer loop
      vertex 163.371 14.25 1
      vertex 163.843 14.9569 0
      vertex 163.843 14.9569 1
    endloop
  endfacet
  facet normal 0.831652 -0.555297 0
    outer loop
      vertex 163.843 14.9569 0
      vertex 163.371 14.25 1
      vertex 163.371 14.25 0
    endloop
  endfacet
  facet normal 0.0654373 0.997857 -0
    outer loop
      vertex 169 4.5 0
      vertex 168.152 4.55561 1
      vertex 169 4.5 1
    endloop
  endfacet
  facet normal 0.0654373 0.997857 0
    outer loop
      vertex 168.152 4.55561 1
      vertex 169 4.5 0
      vertex 168.152 4.55561 0
    endloop
  endfacet
  facet normal 0.442081 0.896975 -0
    outer loop
      vertex 166.513 4.99478 0
      vertex 165.75 5.37083 1
      vertex 166.513 4.99478 1
    endloop
  endfacet
  facet normal 0.442081 0.896975 0
    outer loop
      vertex 165.75 5.37083 1
      vertex 166.513 4.99478 0
      vertex 165.75 5.37083 0
    endloop
  endfacet
  facet normal 0 0 -1
    outer loop
      vertex 175.444 10.1516 1
      vertex 175.444 11.8484 1
      vertex 175.5 11 1
    endloop
  endfacet
  facet normal 0 0 -1
    outer loop
      vertex 175.279 9.31768 1
      vertex 175.444 11.8484 1
      vertex 175.444 10.1516 1
    endloop
  endfacet
  facet normal 0 0 -1
    outer loop
      vertex 175.279 9.31768 1
      vertex 175.279 12.6823 1
      vertex 175.444 11.8484 1
    endloop
  endfacet
  facet normal 0 0 -1
    outer loop
      vertex 175.005 8.51256 1
      vertex 175.279 12.6823 1
      vertex 175.279 9.31768 1
    endloop
  endfacet
  facet normal 0 0 -1
    outer loop
      vertex 175.005 8.51256 1
      vertex 175.005 13.4874 1
      vertex 175.279 12.6823 1
    endloop
  endfacet
  facet normal 0 0 -1
    outer loop
      vertex 174.629 7.75 1
      vertex 175.005 13.4874 1
      vertex 175.005 8.51256 1
    endloop
  endfacet
  facet normal 0 0 -1
    outer loop
      vertex 174.629 7.75 1
      vertex 174.629 14.25 1
      vertex 175.005 13.4874 1
    endloop
  endfacet
  facet normal 0 0 -1
    outer loop
      vertex 174.157 7.04305 1
      vertex 174.629 14.25 1
      vertex 174.629 7.75 1
    endloop
  endfacet
  facet normal 0 0 -1
    outer loop
      vertex 174.157 7.04305 1
      vertex 174.157 14.9569 1
      vertex 174.629 14.25 1
    endloop
  endfacet
  facet normal 0 0 -1
    outer loop
      vertex 173.596 6.40381 1
      vertex 174.157 14.9569 1
      vertex 174.157 7.04305 1
    endloop
  endfacet
  facet normal 0 0 -1
    outer loop
      vertex 173.596 6.40381 1
      vertex 173.596 15.5962 1
      vertex 174.157 14.9569 1
    endloop
  endfacet
  facet normal 0 0 -1
    outer loop
      vertex 172.957 5.8432 1
      vertex 173.596 15.5962 1
      vertex 173.596 6.40381 1
    endloop
  endfacet
  facet normal 0 0 -1
    outer loop
      vertex 172.957 5.8432 1
      vertex 172.957 16.1568 1
      vertex 173.596 15.5962 1
    endloop
  endfacet
  facet normal 0 0 -1
    outer loop
      vertex 172.25 5.37083 1
      vertex 172.957 16.1568 1
      vertex 172.957 5.8432 1
    endloop
  endfacet
  facet normal 0 0 -1
    outer loop
      vertex 172.25 5.37083 1
      vertex 172.25 16.6292 1
      vertex 172.957 16.1568 1
    endloop
  endfacet
  facet normal 0 0 -1
    outer loop
      vertex 171.487 4.99478 1
      vertex 172.25 16.6292 1
      vertex 172.25 5.37083 1
    endloop
  endfacet
  facet normal 0 0 -1
    outer loop
      vertex 171.487 4.99478 1
      vertex 171.487 17.0052 1
      vertex 172.25 16.6292 1
    endloop
  endfacet
  facet normal 0 0 -1
    outer loop
      vertex 170.682 4.72148 1
      vertex 171.487 17.0052 1
      vertex 171.487 4.99478 1
    endloop
  endfacet
  facet normal 0 0 -1
    outer loop
      vertex 170.682 4.72148 1
      vertex 170.682 17.2785 1
      vertex 171.487 17.0052 1
    endloop
  endfacet
  facet normal 0 0 -1
    outer loop
      vertex 169.848 4.55561 1
      vertex 170.682 17.2785 1
      vertex 170.682 4.72148 1
    endloop
  endfacet
  facet normal 0 0 -1
    outer loop
      vertex 169.848 4.55561 1
      vertex 169.848 17.4444 1
      vertex 170.682 17.2785 1
    endloop
  endfacet
  facet normal 0 0 -1
    outer loop
      vertex 169 4.5 1
      vertex 169.848 17.4444 1
      vertex 169.848 4.55561 1
    endloop
  endfacet
  facet normal 0 0 -1
    outer loop
      vertex 169 4.5 1
      vertex 169 17.5 1
      vertex 169.848 17.4444 1
    endloop
  endfacet
  facet normal 0 0 -1
    outer loop
      vertex 168.152 4.55561 1
      vertex 169 17.5 1
      vertex 169 4.5 1
    endloop
  endfacet
  facet normal 0 0 -1
    outer loop
      vertex 168.152 4.55561 1
      vertex 168.152 17.4444 1
      vertex 169 17.5 1
    endloop
  endfacet
  facet normal 0 0 -1
    outer loop
      vertex 167.318 4.72148 1
      vertex 168.152 17.4444 1
      vertex 168.152 4.55561 1
    endloop
  endfacet
  facet normal 0 0 -1
    outer loop
      vertex 167.318 4.72148 1
      vertex 167.318 17.2785 1
      vertex 168.152 17.4444 1
    endloop
  endfacet
  facet normal 0 0 -1
    outer loop
      vertex 166.513 4.99478 1
      vertex 167.318 17.2785 1
      vertex 167.318 4.72148 1
    endloop
  endfacet
  facet normal 0 0 -1
    outer loop
      vertex 166.513 4.99478 1
      vertex 166.513 17.0052 1
      vertex 167.318 17.2785 1
    endloop
  endfacet
  facet normal 0 0 -1
    outer loop
      vertex 165.75 5.37083 1
      vertex 166.513 17.0052 1
      vertex 166.513 4.99478 1
    endloop
  endfacet
  facet normal 0 0 -1
    outer loop
      vertex 165.75 5.37083 1
      vertex 165.75 16.6292 1
      vertex 166.513 17.0052 1
    endloop
  endfacet
  facet normal 0 0 -1
    outer loop
      vertex 165.043 5.8432 1
      vertex 165.75 16.6292 1
      vertex 165.75 5.37083 1
    endloop
  endfacet
  facet normal 0 0 -1
    outer loop
      vertex 165.043 5.8432 1
      vertex 165.043 16.1568 1
      vertex 165.75 16.6292 1
    endloop
  endfacet
  facet normal 0 0 -1
    outer loop
      vertex 164.404 6.40381 1
      vertex 165.043 16.1568 1
      vertex 165.043 5.8432 1
    endloop
  endfacet
  facet normal 0 0 -1
    outer loop
      vertex 164.404 6.40381 1
      vertex 164.404 15.5962 1
      vertex 165.043 16.1568 1
    endloop
  endfacet
  facet normal 0 0 -1
    outer loop
      vertex 163.843 7.04305 1
      vertex 164.404 15.5962 1
      vertex 164.404 6.40381 1
    endloop
  endfacet
  facet normal 0 0 -1
    outer loop
      vertex 163.843 7.04305 1
      vertex 163.843 14.9569 1
      vertex 164.404 15.5962 1
    endloop
  endfacet
  facet normal 0 0 -1
    outer loop
      vertex 163.371 7.75 1
      vertex 163.843 14.9569 1
      vertex 163.843 7.04305 1
    endloop
  endfacet
  facet normal 0 0 -1
    outer loop
      vertex 163.371 7.75 1
      vertex 163.371 14.25 1
      vertex 163.843 14.9569 1
    endloop
  endfacet
  facet normal 0 0 -1
    outer loop
      vertex 162.995 8.51256 1
      vertex 163.371 14.25 1
      vertex 163.371 7.75 1
    endloop
  endfacet
  facet normal 0 0 -1
    outer loop
      vertex 162.995 8.51256 1
      vertex 162.995 13.4874 1
      vertex 163.371 14.25 1
    endloop
  endfacet
  facet normal 0 0 -1
    outer loop
      vertex 162.721 9.31768 1
      vertex 162.995 13.4874 1
      vertex 162.995 8.51256 1
    endloop
  endfacet
  facet normal 0 0 -1
    outer loop
      vertex 162.721 9.31768 1
      vertex 162.721 12.6823 1
      vertex 162.995 13.4874 1
    endloop
  endfacet
  facet normal 0 0 -1
    outer loop
      vertex 162.556 10.1516 1
      vertex 162.721 12.6823 1
      vertex 162.721 9.31768 1
    endloop
  endfacet
  facet normal 0 0 -1
    outer loop
      vertex 162.556 10.1516 1
      vertex 162.556 11.8484 1
      vertex 162.721 12.6823 1
    endloop
  endfacet
  facet normal 0 -0 -1
    outer loop
      vertex 162.556 11.8484 1
      vertex 162.556 10.1516 1
      vertex 162.5 11 1
    endloop
  endfacet
  facet normal -0.980981 0.194102 0
    outer loop
      vertex 175.279 87.3177 0
      vertex 175.444 88.1516 1
      vertex 175.444 88.1516 0
    endloop
  endfacet
  facet normal -0.980981 0.194102 0
    outer loop
      vertex 175.444 88.1516 1
      vertex 175.279 87.3177 0
      vertex 175.279 87.3177 1
    endloop
  endfacet
  facet normal -0.195098 0.980784 0
    outer loop
      vertex 170.682 82.7215 0
      vertex 169.848 82.5556 1
      vertex 170.682 82.7215 1
    endloop
  endfacet
  facet normal -0.195098 0.980784 0
    outer loop
      vertex 169.848 82.5556 1
      vertex 170.682 82.7215 0
      vertex 169.848 82.5556 0
    endloop
  endfacet
  facet normal -0.980981 -0.194102 0
    outer loop
      vertex 175.444 89.8484 0
      vertex 175.279 90.6823 1
      vertex 175.279 90.6823 0
    endloop
  endfacet
  facet normal -0.980981 -0.194102 0
    outer loop
      vertex 175.279 90.6823 1
      vertex 175.444 89.8484 0
      vertex 175.444 89.8484 1
    endloop
  endfacet
  facet normal -0.997829 -0.0658633 0
    outer loop
      vertex 175.5 89 0
      vertex 175.444 89.8484 1
      vertex 175.444 89.8484 0
    endloop
  endfacet
  facet normal -0.997829 -0.0658633 0
    outer loop
      vertex 175.444 89.8484 1
      vertex 175.5 89 0
      vertex 175.5 89 1
    endloop
  endfacet
  facet normal 0.555568 0.831471 -0
    outer loop
      vertex 165.75 83.3708 0
      vertex 165.043 83.8432 1
      vertex 165.75 83.3708 1
    endloop
  endfacet
  facet normal 0.555568 0.831471 0
    outer loop
      vertex 165.043 83.8432 1
      vertex 165.75 83.3708 0
      vertex 165.043 83.8432 0
    endloop
  endfacet
  facet normal 0.896907 -0.44222 0
    outer loop
      vertex 162.995 91.4874 1
      vertex 163.371 92.25 0
      vertex 163.371 92.25 1
    endloop
  endfacet
  facet normal 0.896907 -0.44222 0
    outer loop
      vertex 163.371 92.25 0
      vertex 162.995 91.4874 1
      vertex 162.995 91.4874 0
    endloop
  endfacet
  facet normal 0.751636 0.659578 0
    outer loop
      vertex 164.404 84.4038 1
      vertex 163.843 85.0431 0
      vertex 163.843 85.0431 1
    endloop
  endfacet
  facet normal 0.751636 0.659578 0
    outer loop
      vertex 163.843 85.0431 0
      vertex 164.404 84.4038 1
      vertex 164.404 84.4038 0
    endloop
  endfacet
  facet normal 0.321481 0.946916 -0
    outer loop
      vertex 167.318 82.7215 0
      vertex 166.513 82.9948 1
      vertex 167.318 82.7215 1
    endloop
  endfacet
  facet normal 0.321481 0.946916 0
    outer loop
      vertex 166.513 82.9948 1
      vertex 167.318 82.7215 0
      vertex 166.513 82.9948 0
    endloop
  endfacet
  facet normal 0.751636 -0.659578 0
    outer loop
      vertex 163.843 92.9569 1
      vertex 164.404 93.5962 0
      vertex 164.404 93.5962 1
    endloop
  endfacet
  facet normal 0.751636 -0.659578 0
    outer loop
      vertex 164.404 93.5962 0
      vertex 163.843 92.9569 1
      vertex 163.843 92.9569 0
    endloop
  endfacet
  facet normal 0.555568 -0.831471 0
    outer loop
      vertex 165.043 94.1568 0
      vertex 165.75 94.6292 1
      vertex 165.043 94.1568 1
    endloop
  endfacet
  facet normal 0.555568 -0.831471 0
    outer loop
      vertex 165.75 94.6292 1
      vertex 165.043 94.1568 0
      vertex 165.75 94.6292 0
    endloop
  endfacet
  facet normal -0.751636 0.659578 0
    outer loop
      vertex 173.596 84.4038 0
      vertex 174.157 85.0431 1
      vertex 174.157 85.0431 0
    endloop
  endfacet
  facet normal -0.751636 0.659578 0
    outer loop
      vertex 174.157 85.0431 1
      vertex 173.596 84.4038 0
      vertex 173.596 84.4038 1
    endloop
  endfacet
  facet normal 0.659487 -0.751716 0
    outer loop
      vertex 164.404 93.5962 0
      vertex 165.043 94.1568 1
      vertex 164.404 93.5962 1
    endloop
  endfacet
  facet normal 0.659487 -0.751716 0
    outer loop
      vertex 165.043 94.1568 1
      vertex 164.404 93.5962 0
      vertex 165.043 94.1568 0
    endloop
  endfacet
  facet normal -0.442033 -0.896999 0
    outer loop
      vertex 171.487 95.0052 0
      vertex 172.25 94.6292 1
      vertex 171.487 95.0052 1
    endloop
  endfacet
  facet normal -0.442033 -0.896999 -0
    outer loop
      vertex 172.25 94.6292 1
      vertex 171.487 95.0052 0
      vertex 172.25 94.6292 0
    endloop
  endfacet
  facet normal -0.946677 0.322183 0
    outer loop
      vertex 175.005 86.5126 0
      vertex 175.279 87.3177 1
      vertex 175.279 87.3177 0
    endloop
  endfacet
  facet normal -0.946677 0.322183 0
    outer loop
      vertex 175.279 87.3177 1
      vertex 175.005 86.5126 0
      vertex 175.005 86.5126 1
    endloop
  endfacet
  facet normal -0.659487 -0.751716 0
    outer loop
      vertex 172.957 94.1568 0
      vertex 173.596 93.5962 1
      vertex 172.957 94.1568 1
    endloop
  endfacet
  facet normal -0.659487 -0.751716 -0
    outer loop
      vertex 173.596 93.5962 1
      vertex 172.957 94.1568 0
      vertex 173.596 93.5962 0
    endloop
  endfacet
  facet normal -0.659487 0.751716 0
    outer loop
      vertex 173.596 84.4038 0
      vertex 172.957 83.8432 1
      vertex 173.596 84.4038 1
    endloop
  endfacet
  facet normal -0.659487 0.751716 0
    outer loop
      vertex 172.957 83.8432 1
      vertex 173.596 84.4038 0
      vertex 172.957 83.8432 0
    endloop
  endfacet
  facet normal -0.0654256 0.997857 0
    outer loop
      vertex 169.848 82.5556 0
      vertex 169 82.5 1
      vertex 169.848 82.5556 1
    endloop
  endfacet
  facet normal -0.0654256 0.997857 0
    outer loop
      vertex 169 82.5 1
      vertex 169.848 82.5556 0
      vertex 169 82.5 0
    endloop
  endfacet
  facet normal 0.946677 -0.322183 0
    outer loop
      vertex 162.721 90.6823 1
      vertex 162.995 91.4874 0
      vertex 162.995 91.4874 1
    endloop
  endfacet
  facet normal 0.946677 -0.322183 0
    outer loop
      vertex 162.995 91.4874 0
      vertex 162.721 90.6823 1
      vertex 162.721 90.6823 0
    endloop
  endfacet
  facet normal 0.0654256 -0.997857 0
    outer loop
      vertex 168.152 95.4444 0
      vertex 169 95.5 1
      vertex 168.152 95.4444 1
    endloop
  endfacet
  facet normal 0.0654256 -0.997857 0
    outer loop
      vertex 169 95.5 1
      vertex 168.152 95.4444 0
      vertex 169 95.5 0
    endloop
  endfacet
  facet normal 0.980981 0.194102 0
    outer loop
      vertex 162.721 87.3177 1
      vertex 162.556 88.1516 0
      vertex 162.556 88.1516 1
    endloop
  endfacet
  facet normal 0.980981 0.194102 0
    outer loop
      vertex 162.556 88.1516 0
      vertex 162.721 87.3177 1
      vertex 162.721 87.3177 0
    endloop
  endfacet
  facet normal 0.980981 -0.194102 0
    outer loop
      vertex 162.556 89.8484 1
      vertex 162.721 90.6823 0
      vertex 162.721 90.6823 1
    endloop
  endfacet
  facet normal 0.980981 -0.194102 0
    outer loop
      vertex 162.721 90.6823 0
      vertex 162.556 89.8484 1
      vertex 162.556 89.8484 0
    endloop
  endfacet
  facet normal -0.751636 -0.659578 0
    outer loop
      vertex 174.157 92.9569 0
      vertex 173.596 93.5962 1
      vertex 173.596 93.5962 0
    endloop
  endfacet
  facet normal -0.751636 -0.659578 0
    outer loop
      vertex 173.596 93.5962 1
      vertex 174.157 92.9569 0
      vertex 174.157 92.9569 1
    endloop
  endfacet
  facet normal 0.0654256 0.997857 -0
    outer loop
      vertex 169 82.5 0
      vertex 168.152 82.5556 1
      vertex 169 82.5 1
    endloop
  endfacet
  facet normal 0.0654256 0.997857 0
    outer loop
      vertex 168.152 82.5556 1
      vertex 169 82.5 0
      vertex 168.152 82.5556 0
    endloop
  endfacet
  facet normal -0.0654256 -0.997857 0
    outer loop
      vertex 169 95.5 0
      vertex 169.848 95.4444 1
      vertex 169 95.5 1
    endloop
  endfacet
  facet normal -0.0654256 -0.997857 -0
    outer loop
      vertex 169.848 95.4444 1
      vertex 169 95.5 0
      vertex 169.848 95.4444 0
    endloop
  endfacet
  facet normal 0.946677 0.322183 0
    outer loop
      vertex 162.995 86.5126 1
      vertex 162.721 87.3177 0
      vertex 162.721 87.3177 1
    endloop
  endfacet
  facet normal 0.946677 0.322183 0
    outer loop
      vertex 162.721 87.3177 0
      vertex 162.995 86.5126 1
      vertex 162.995 86.5126 0
    endloop
  endfacet
  facet normal -0.831652 -0.555297 0
    outer loop
      vertex 174.629 92.25 0
      vertex 174.157 92.9569 1
      vertex 174.157 92.9569 0
    endloop
  endfacet
  facet normal -0.831652 -0.555297 0
    outer loop
      vertex 174.157 92.9569 1
      vertex 174.629 92.25 0
      vertex 174.629 92.25 1
    endloop
  endfacet
  facet normal -0.555568 -0.831471 0
    outer loop
      vertex 172.25 94.6292 0
      vertex 172.957 94.1568 1
      vertex 172.25 94.6292 1
    endloop
  endfacet
  facet normal -0.555568 -0.831471 -0
    outer loop
      vertex 172.957 94.1568 1
      vertex 172.25 94.6292 0
      vertex 172.957 94.1568 0
    endloop
  endfacet
  facet normal 0.321481 -0.946916 0
    outer loop
      vertex 166.513 95.0052 0
      vertex 167.318 95.2785 1
      vertex 166.513 95.0052 1
    endloop
  endfacet
  facet normal 0.321481 -0.946916 0
    outer loop
      vertex 167.318 95.2785 1
      vertex 166.513 95.0052 0
      vertex 167.318 95.2785 0
    endloop
  endfacet
  facet normal -0.997829 0.0658633 0
    outer loop
      vertex 175.444 88.1516 0
      vertex 175.5 89 1
      vertex 175.5 89 0
    endloop
  endfacet
  facet normal -0.997829 0.0658633 0
    outer loop
      vertex 175.5 89 1
      vertex 175.444 88.1516 0
      vertex 175.444 88.1516 1
    endloop
  endfacet
  facet normal 0.997829 -0.0658633 0
    outer loop
      vertex 162.5 89 1
      vertex 162.556 89.8484 0
      vertex 162.556 89.8484 1
    endloop
  endfacet
  facet normal 0.997829 -0.0658633 0
    outer loop
      vertex 162.556 89.8484 0
      vertex 162.5 89 1
      vertex 162.5 89 0
    endloop
  endfacet
  facet normal -0.442033 0.896999 0
    outer loop
      vertex 172.25 83.3708 0
      vertex 171.487 82.9948 1
      vertex 172.25 83.3708 1
    endloop
  endfacet
  facet normal -0.442033 0.896999 0
    outer loop
      vertex 171.487 82.9948 1
      vertex 172.25 83.3708 0
      vertex 171.487 82.9948 0
    endloop
  endfacet
  facet normal -0.896907 0.44222 0
    outer loop
      vertex 174.629 85.75 0
      vertex 175.005 86.5126 1
      vertex 175.005 86.5126 0
    endloop
  endfacet
  facet normal -0.896907 0.44222 0
    outer loop
      vertex 175.005 86.5126 1
      vertex 174.629 85.75 0
      vertex 174.629 85.75 1
    endloop
  endfacet
  facet normal -0.831652 0.555297 0
    outer loop
      vertex 174.157 85.0431 0
      vertex 174.629 85.75 1
      vertex 174.629 85.75 0
    endloop
  endfacet
  facet normal -0.831652 0.555297 0
    outer loop
      vertex 174.629 85.75 1
      vertex 174.157 85.0431 0
      vertex 174.157 85.0431 1
    endloop
  endfacet
  facet normal 0.195098 -0.980784 0
    outer loop
      vertex 167.318 95.2785 0
      vertex 168.152 95.4444 1
      vertex 167.318 95.2785 1
    endloop
  endfacet
  facet normal 0.195098 -0.980784 0
    outer loop
      vertex 168.152 95.4444 1
      vertex 167.318 95.2785 0
      vertex 168.152 95.4444 0
    endloop
  endfacet
  facet normal 0.442033 -0.896999 0
    outer loop
      vertex 165.75 94.6292 0
      vertex 166.513 95.0052 1
      vertex 165.75 94.6292 1
    endloop
  endfacet
  facet normal 0.442033 -0.896999 0
    outer loop
      vertex 166.513 95.0052 1
      vertex 165.75 94.6292 0
      vertex 166.513 95.0052 0
    endloop
  endfacet
  facet normal 0.831652 0.555297 0
    outer loop
      vertex 163.843 85.0431 1
      vertex 163.371 85.75 0
      vertex 163.371 85.75 1
    endloop
  endfacet
  facet normal 0.831652 0.555297 0
    outer loop
      vertex 163.371 85.75 0
      vertex 163.843 85.0431 1
      vertex 163.843 85.0431 0
    endloop
  endfacet
  facet normal -0.195098 -0.980784 0
    outer loop
      vertex 169.848 95.4444 0
      vertex 170.682 95.2785 1
      vertex 169.848 95.4444 1
    endloop
  endfacet
  facet normal -0.195098 -0.980784 -0
    outer loop
      vertex 170.682 95.2785 1
      vertex 169.848 95.4444 0
      vertex 170.682 95.2785 0
    endloop
  endfacet
  facet normal -0.555568 0.831471 0
    outer loop
      vertex 172.957 83.8432 0
      vertex 172.25 83.3708 1
      vertex 172.957 83.8432 1
    endloop
  endfacet
  facet normal -0.555568 0.831471 0
    outer loop
      vertex 172.25 83.3708 1
      vertex 172.957 83.8432 0
      vertex 172.25 83.3708 0
    endloop
  endfacet
  facet normal -0.321481 -0.946916 0
    outer loop
      vertex 170.682 95.2785 0
      vertex 171.487 95.0052 1
      vertex 170.682 95.2785 1
    endloop
  endfacet
  facet normal -0.321481 -0.946916 -0
    outer loop
      vertex 171.487 95.0052 1
      vertex 170.682 95.2785 0
      vertex 171.487 95.0052 0
    endloop
  endfacet
  facet normal 0.896907 0.44222 0
    outer loop
      vertex 163.371 85.75 1
      vertex 162.995 86.5126 0
      vertex 162.995 86.5126 1
    endloop
  endfacet
  facet normal 0.896907 0.44222 0
    outer loop
      vertex 162.995 86.5126 0
      vertex 163.371 85.75 1
      vertex 163.371 85.75 0
    endloop
  endfacet
  facet normal 0.997829 0.0658633 0
    outer loop
      vertex 162.556 88.1516 1
      vertex 162.5 89 0
      vertex 162.5 89 1
    endloop
  endfacet
  facet normal 0.997829 0.0658633 0
    outer loop
      vertex 162.5 89 0
      vertex 162.556 88.1516 1
      vertex 162.556 88.1516 0
    endloop
  endfacet
  facet normal -0.896907 -0.44222 0
    outer loop
      vertex 175.005 91.4874 0
      vertex 174.629 92.25 1
      vertex 174.629 92.25 0
    endloop
  endfacet
  facet normal -0.896907 -0.44222 0
    outer loop
      vertex 174.629 92.25 1
      vertex 175.005 91.4874 0
      vertex 175.005 91.4874 1
    endloop
  endfacet
  facet normal -0.946677 -0.322183 0
    outer loop
      vertex 175.279 90.6823 0
      vertex 175.005 91.4874 1
      vertex 175.005 91.4874 0
    endloop
  endfacet
  facet normal -0.946677 -0.322183 0
    outer loop
      vertex 175.005 91.4874 1
      vertex 175.279 90.6823 0
      vertex 175.279 90.6823 1
    endloop
  endfacet
  facet normal -0.321481 0.946916 0
    outer loop
      vertex 171.487 82.9948 0
      vertex 170.682 82.7215 1
      vertex 171.487 82.9948 1
    endloop
  endfacet
  facet normal -0.321481 0.946916 0
    outer loop
      vertex 170.682 82.7215 1
      vertex 171.487 82.9948 0
      vertex 170.682 82.7215 0
    endloop
  endfacet
  facet normal 0.195098 0.980784 -0
    outer loop
      vertex 168.152 82.5556 0
      vertex 167.318 82.7215 1
      vertex 168.152 82.5556 1
    endloop
  endfacet
  facet normal 0.195098 0.980784 0
    outer loop
      vertex 167.318 82.7215 1
      vertex 168.152 82.5556 0
      vertex 167.318 82.7215 0
    endloop
  endfacet
  facet normal 0.659487 0.751716 -0
    outer loop
      vertex 165.043 83.8432 0
      vertex 164.404 84.4038 1
      vertex 165.043 83.8432 1
    endloop
  endfacet
  facet normal 0.659487 0.751716 0
    outer loop
      vertex 164.404 84.4038 1
      vertex 165.043 83.8432 0
      vertex 164.404 84.4038 0
    endloop
  endfacet
  facet normal 0.831652 -0.555297 0
    outer loop
      vertex 163.371 92.25 1
      vertex 163.843 92.9569 0
      vertex 163.843 92.9569 1
    endloop
  endfacet
  facet normal 0.831652 -0.555297 0
    outer loop
      vertex 163.843 92.9569 0
      vertex 163.371 92.25 1
      vertex 163.371 92.25 0
    endloop
  endfacet
  facet normal 0.442033 0.896999 -0
    outer loop
      vertex 166.513 82.9948 0
      vertex 165.75 83.3708 1
      vertex 166.513 82.9948 1
    endloop
  endfacet
  facet normal 0.442033 0.896999 0
    outer loop
      vertex 165.75 83.3708 1
      vertex 166.513 82.9948 0
      vertex 165.75 83.3708 0
    endloop
  endfacet
  facet normal 0 0 -1
    outer loop
      vertex 175.444 88.1516 1
      vertex 175.444 89.8484 1
      vertex 175.5 89 1
    endloop
  endfacet
  facet normal 0 0 -1
    outer loop
      vertex 175.279 87.3177 1
      vertex 175.444 89.8484 1
      vertex 175.444 88.1516 1
    endloop
  endfacet
  facet normal 0 0 -1
    outer loop
      vertex 175.279 87.3177 1
      vertex 175.279 90.6823 1
      vertex 175.444 89.8484 1
    endloop
  endfacet
  facet normal 0 0 -1
    outer loop
      vertex 175.005 86.5126 1
      vertex 175.279 90.6823 1
      vertex 175.279 87.3177 1
    endloop
  endfacet
  facet normal 0 0 -1
    outer loop
      vertex 175.005 86.5126 1
      vertex 175.005 91.4874 1
      vertex 175.279 90.6823 1
    endloop
  endfacet
  facet normal 0 0 -1
    outer loop
      vertex 174.629 85.75 1
      vertex 175.005 91.4874 1
      vertex 175.005 86.5126 1
    endloop
  endfacet
  facet normal 0 0 -1
    outer loop
      vertex 174.629 85.75 1
      vertex 174.629 92.25 1
      vertex 175.005 91.4874 1
    endloop
  endfacet
  facet normal 0 0 -1
    outer loop
      vertex 174.157 85.0431 1
      vertex 174.629 92.25 1
      vertex 174.629 85.75 1
    endloop
  endfacet
  facet normal 0 0 -1
    outer loop
      vertex 174.157 85.0431 1
      vertex 174.157 92.9569 1
      vertex 174.629 92.25 1
    endloop
  endfacet
  facet normal 0 0 -1
    outer loop
      vertex 173.596 84.4038 1
      vertex 174.157 92.9569 1
      vertex 174.157 85.0431 1
    endloop
  endfacet
  facet normal 0 0 -1
    outer loop
      vertex 173.596 84.4038 1
      vertex 173.596 93.5962 1
      vertex 174.157 92.9569 1
    endloop
  endfacet
  facet normal 0 0 -1
    outer loop
      vertex 172.957 83.8432 1
      vertex 173.596 93.5962 1
      vertex 173.596 84.4038 1
    endloop
  endfacet
  facet normal 0 0 -1
    outer loop
      vertex 172.957 83.8432 1
      vertex 172.957 94.1568 1
      vertex 173.596 93.5962 1
    endloop
  endfacet
  facet normal 0 0 -1
    outer loop
      vertex 172.25 83.3708 1
      vertex 172.957 94.1568 1
      vertex 172.957 83.8432 1
    endloop
  endfacet
  facet normal 0 0 -1
    outer loop
      vertex 172.25 83.3708 1
      vertex 172.25 94.6292 1
      vertex 172.957 94.1568 1
    endloop
  endfacet
  facet normal 0 0 -1
    outer loop
      vertex 171.487 82.9948 1
      vertex 172.25 94.6292 1
      vertex 172.25 83.3708 1
    endloop
  endfacet
  facet normal 0 0 -1
    outer loop
      vertex 171.487 82.9948 1
      vertex 171.487 95.0052 1
      vertex 172.25 94.6292 1
    endloop
  endfacet
  facet normal 0 0 -1
    outer loop
      vertex 170.682 82.7215 1
      vertex 171.487 95.0052 1
      vertex 171.487 82.9948 1
    endloop
  endfacet
  facet normal 0 0 -1
    outer loop
      vertex 170.682 82.7215 1
      vertex 170.682 95.2785 1
      vertex 171.487 95.0052 1
    endloop
  endfacet
  facet normal 0 0 -1
    outer loop
      vertex 169.848 82.5556 1
      vertex 170.682 95.2785 1
      vertex 170.682 82.7215 1
    endloop
  endfacet
  facet normal 0 0 -1
    outer loop
      vertex 169.848 82.5556 1
      vertex 169.848 95.4444 1
      vertex 170.682 95.2785 1
    endloop
  endfacet
  facet normal 0 0 -1
    outer loop
      vertex 169 82.5 1
      vertex 169.848 95.4444 1
      vertex 169.848 82.5556 1
    endloop
  endfacet
  facet normal 0 0 -1
    outer loop
      vertex 169 82.5 1
      vertex 169 95.5 1
      vertex 169.848 95.4444 1
    endloop
  endfacet
  facet normal 0 0 -1
    outer loop
      vertex 168.152 82.5556 1
      vertex 169 95.5 1
      vertex 169 82.5 1
    endloop
  endfacet
  facet normal 0 0 -1
    outer loop
      vertex 168.152 82.5556 1
      vertex 168.152 95.4444 1
      vertex 169 95.5 1
    endloop
  endfacet
  facet normal 0 0 -1
    outer loop
      vertex 167.318 82.7215 1
      vertex 168.152 95.4444 1
      vertex 168.152 82.5556 1
    endloop
  endfacet
  facet normal 0 0 -1
    outer loop
      vertex 167.318 82.7215 1
      vertex 167.318 95.2785 1
      vertex 168.152 95.4444 1
    endloop
  endfacet
  facet normal 0 0 -1
    outer loop
      vertex 166.513 82.9948 1
      vertex 167.318 95.2785 1
      vertex 167.318 82.7215 1
    endloop
  endfacet
  facet normal 0 0 -1
    outer loop
      vertex 166.513 82.9948 1
      vertex 166.513 95.0052 1
      vertex 167.318 95.2785 1
    endloop
  endfacet
  facet normal 0 0 -1
    outer loop
      vertex 165.75 83.3708 1
      vertex 166.513 95.0052 1
      vertex 166.513 82.9948 1
    endloop
  endfacet
  facet normal 0 0 -1
    outer loop
      vertex 165.75 83.3708 1
      vertex 165.75 94.6292 1
      vertex 166.513 95.0052 1
    endloop
  endfacet
  facet normal 0 0 -1
    outer loop
      vertex 165.043 83.8432 1
      vertex 165.75 94.6292 1
      vertex 165.75 83.3708 1
    endloop
  endfacet
  facet normal 0 0 -1
    outer loop
      vertex 165.043 83.8432 1
      vertex 165.043 94.1568 1
      vertex 165.75 94.6292 1
    endloop
  endfacet
  facet normal 0 0 -1
    outer loop
      vertex 164.404 84.4038 1
      vertex 165.043 94.1568 1
      vertex 165.043 83.8432 1
    endloop
  endfacet
  facet normal 0 0 -1
    outer loop
      vertex 164.404 84.4038 1
      vertex 164.404 93.5962 1
      vertex 165.043 94.1568 1
    endloop
  endfacet
  facet normal 0 0 -1
    outer loop
      vertex 163.843 85.0431 1
      vertex 164.404 93.5962 1
      vertex 164.404 84.4038 1
    endloop
  endfacet
  facet normal 0 0 -1
    outer loop
      vertex 163.843 85.0431 1
      vertex 163.843 92.9569 1
      vertex 164.404 93.5962 1
    endloop
  endfacet
  facet normal 0 0 -1
    outer loop
      vertex 163.371 85.75 1
      vertex 163.843 92.9569 1
      vertex 163.843 85.0431 1
    endloop
  endfacet
  facet normal 0 0 -1
    outer loop
      vertex 163.371 85.75 1
      vertex 163.371 92.25 1
      vertex 163.843 92.9569 1
    endloop
  endfacet
  facet normal 0 0 -1
    outer loop
      vertex 162.995 86.5126 1
      vertex 163.371 92.25 1
      vertex 163.371 85.75 1
    endloop
  endfacet
  facet normal 0 0 -1
    outer loop
      vertex 162.995 86.5126 1
      vertex 162.995 91.4874 1
      vertex 163.371 92.25 1
    endloop
  endfacet
  facet normal 0 0 -1
    outer loop
      vertex 162.721 87.3177 1
      vertex 162.995 91.4874 1
      vertex 162.995 86.5126 1
    endloop
  endfacet
  facet normal 0 0 -1
    outer loop
      vertex 162.721 87.3177 1
      vertex 162.721 90.6823 1
      vertex 162.995 91.4874 1
    endloop
  endfacet
  facet normal 0 0 -1
    outer loop
      vertex 162.556 88.1516 1
      vertex 162.721 90.6823 1
      vertex 162.721 87.3177 1
    endloop
  endfacet
  facet normal 0 0 -1
    outer loop
      vertex 162.556 88.1516 1
      vertex 162.556 89.8484 1
      vertex 162.721 90.6823 1
    endloop
  endfacet
  facet normal 0 -0 -1
    outer loop
      vertex 162.556 89.8484 1
      vertex 162.556 88.1516 1
      vertex 162.5 89 1
    endloop
  endfacet
  facet normal -0.980889 -0.194566 0
    outer loop
      vertex 128.726 85.3589 2.49
      vertex 128.656 85.7118 5
      vertex 128.656 85.7118 2.49
    endloop
  endfacet
  facet normal -0.980889 -0.194566 0
    outer loop
      vertex 128.656 85.7118 5
      vertex 128.726 85.3589 2.49
      vertex 128.726 85.3589 5
    endloop
  endfacet
  facet normal -0.997772 -0.066722 0
    outer loop
      vertex 128.75 85 2.49
      vertex 128.726 85.3589 5
      vertex 128.726 85.3589 2.49
    endloop
  endfacet
  facet normal -0.997772 -0.066722 0
    outer loop
      vertex 128.726 85.3589 5
      vertex 128.75 85 2.49
      vertex 128.75 85 5
    endloop
  endfacet
  facet normal -0.947452 -0.319897 0
    outer loop
      vertex 128.656 85.7118 2.49
      vertex 128.541 86.0524 5
      vertex 128.541 86.0524 2.49
    endloop
  endfacet
  facet normal -0.947452 -0.319897 0
    outer loop
      vertex 128.541 86.0524 5
      vertex 128.656 85.7118 2.49
      vertex 128.656 85.7118 5
    endloop
  endfacet
  facet normal -0.321903 -0.946773 0
    outer loop
      vertex 126.712 87.6563 2.49
      vertex 127.052 87.5407 5
      vertex 126.712 87.6563 5
    endloop
  endfacet
  facet normal -0.321903 -0.946773 -0
    outer loop
      vertex 127.052 87.5407 5
      vertex 126.712 87.6563 2.49
      vertex 127.052 87.5407 2.49
    endloop
  endfacet
  facet normal -0.658623 0.752473 0
    outer loop
      vertex 127.945 83.0555 5
      vertex 127.674 82.8183 2.49
      vertex 127.674 82.8183 5
    endloop
  endfacet
  facet normal -0.658623 0.752473 0
    outer loop
      vertex 127.674 82.8183 2.49
      vertex 127.945 83.0555 5
      vertex 127.945 83.0555 2.49
    endloop
  endfacet
  facet normal 0.321903 0.946773 -0
    outer loop
      vertex 125.288 82.3437 2.49
      vertex 124.948 82.4593 5
      vertex 125.288 82.3437 5
    endloop
  endfacet
  facet normal 0.321903 0.946773 0
    outer loop
      vertex 124.948 82.4593 5
      vertex 125.288 82.3437 2.49
      vertex 124.948 82.4593 2.49
    endloop
  endfacet
  facet normal -0.55579 0.831322 0
    outer loop
      vertex 127.674 82.8183 2.49
      vertex 127.375 82.6184 5
      vertex 127.674 82.8183 5
    endloop
  endfacet
  facet normal -0.55579 0.831322 0
    outer loop
      vertex 127.375 82.6184 5
      vertex 127.674 82.8183 2.49
      vertex 127.375 82.6184 2.49
    endloop
  endfacet
  facet normal -0.896971 -0.44209 0
    outer loop
      vertex 128.541 86.0524 2.49
      vertex 128.382 86.375 5
      vertex 128.382 86.375 2.49
    endloop
  endfacet
  facet normal -0.896971 -0.44209 0
    outer loop
      vertex 128.382 86.375 5
      vertex 128.541 86.0524 2.49
      vertex 128.541 86.0524 5
    endloop
  endfacet
  facet normal -0.997772 0.066722 0
    outer loop
      vertex 128.726 84.6411 2.49
      vertex 128.75 85 5
      vertex 128.75 85 2.49
    endloop
  endfacet
  facet normal -0.997772 0.066722 0
    outer loop
      vertex 128.75 85 5
      vertex 128.726 84.6411 2.49
      vertex 128.726 84.6411 5
    endloop
  endfacet
  facet normal 0.752025 -0.659134 0
    outer loop
      vertex 123.818 86.6741 5
      vertex 124.055 86.9445 2.49
      vertex 124.055 86.9445 5
    endloop
  endfacet
  facet normal 0.752025 -0.659134 0
    outer loop
      vertex 124.055 86.9445 2.49
      vertex 123.818 86.6741 5
      vertex 123.818 86.6741 2.49
    endloop
  endfacet
  facet normal 0.55579 0.831322 0
    outer loop
      vertex 124.625 82.6184 5
      vertex 124.326 82.8183 2.49
      vertex 124.326 82.8183 5
    endloop
  endfacet
  facet normal 0.55579 0.831322 0
    outer loop
      vertex 124.326 82.8183 2.49
      vertex 124.625 82.6184 5
      vertex 124.625 82.6184 2.49
    endloop
  endfacet
  facet normal -0.321903 0.946773 0
    outer loop
      vertex 127.052 82.4593 2.49
      vertex 126.712 82.3437 5
      vertex 127.052 82.4593 5
    endloop
  endfacet
  facet normal -0.321903 0.946773 0
    outer loop
      vertex 126.712 82.3437 5
      vertex 127.052 82.4593 2.49
      vertex 126.712 82.3437 2.49
    endloop
  endfacet
  facet normal 0.752025 0.659134 0
    outer loop
      vertex 124.055 83.0555 5
      vertex 123.818 83.3259 2.49
      vertex 123.818 83.3259 5
    endloop
  endfacet
  facet normal 0.752025 0.659134 0
    outer loop
      vertex 123.818 83.3259 2.49
      vertex 124.055 83.0555 5
      vertex 124.055 83.0555 2.49
    endloop
  endfacet
  facet normal -0.980889 0.194566 0
    outer loop
      vertex 128.656 84.2882 2.49
      vertex 128.726 84.6411 5
      vertex 128.726 84.6411 2.49
    endloop
  endfacet
  facet normal -0.980889 0.194566 0
    outer loop
      vertex 128.726 84.6411 5
      vertex 128.656 84.2882 2.49
      vertex 128.656 84.2882 5
    endloop
  endfacet
  facet normal -0.896971 0.44209 0
    outer loop
      vertex 128.382 83.625 2.49
      vertex 128.541 83.9476 5
      vertex 128.541 83.9476 2.49
    endloop
  endfacet
  facet normal -0.896971 0.44209 0
    outer loop
      vertex 128.541 83.9476 5
      vertex 128.382 83.625 2.49
      vertex 128.382 83.625 5
    endloop
  endfacet
  facet normal 0.441873 0.897078 0
    outer loop
      vertex 124.948 82.4593 5
      vertex 124.625 82.6184 2.49
      vertex 124.625 82.6184 5
    endloop
  endfacet
  facet normal 0.441873 0.897078 0
    outer loop
      vertex 124.625 82.6184 2.49
      vertex 124.948 82.4593 5
      vertex 124.948 82.4593 2.49
    endloop
  endfacet
  facet normal 0.0653198 -0.997864 0
    outer loop
      vertex 125.641 87.7265 2.49
      vertex 126 87.75 5
      vertex 125.641 87.7265 5
    endloop
  endfacet
  facet normal 0.0653198 -0.997864 0
    outer loop
      vertex 126 87.75 5
      vertex 125.641 87.7265 2.49
      vertex 126 87.75 2.49
    endloop
  endfacet
  facet normal 0.947452 0.319897 0
    outer loop
      vertex 123.459 83.9476 5
      vertex 123.344 84.2882 2.49
      vertex 123.344 84.2882 5
    endloop
  endfacet
  facet normal 0.947452 0.319897 0
    outer loop
      vertex 123.344 84.2882 2.49
      vertex 123.459 83.9476 5
      vertex 123.459 83.9476 2.49
    endloop
  endfacet
  facet normal 0.658623 0.752473 -0
    outer loop
      vertex 124.326 82.8183 2.49
      vertex 124.055 83.0555 5
      vertex 124.326 82.8183 5
    endloop
  endfacet
  facet normal 0.658623 0.752473 0
    outer loop
      vertex 124.055 83.0555 5
      vertex 124.326 82.8183 2.49
      vertex 124.055 83.0555 2.49
    endloop
  endfacet
  facet normal -0.441873 0.897078 0
    outer loop
      vertex 127.375 82.6184 2.49
      vertex 127.052 82.4593 5
      vertex 127.375 82.6184 5
    endloop
  endfacet
  facet normal -0.441873 0.897078 0
    outer loop
      vertex 127.052 82.4593 5
      vertex 127.375 82.6184 2.49
      vertex 127.052 82.4593 2.49
    endloop
  endfacet
  facet normal 0.980889 -0.194566 0
    outer loop
      vertex 123.274 85.3589 5
      vertex 123.344 85.7118 2.49
      vertex 123.344 85.7118 5
    endloop
  endfacet
  facet normal 0.980889 -0.194566 0
    outer loop
      vertex 123.344 85.7118 2.49
      vertex 123.274 85.3589 5
      vertex 123.274 85.3589 2.49
    endloop
  endfacet
  facet normal -0.195047 0.980794 0
    outer loop
      vertex 126.712 82.3437 5
      vertex 126.359 82.2735 2.49
      vertex 126.359 82.2735 5
    endloop
  endfacet
  facet normal -0.195047 0.980794 0
    outer loop
      vertex 126.359 82.2735 2.49
      vertex 126.712 82.3437 5
      vertex 126.712 82.3437 2.49
    endloop
  endfacet
  facet normal 0.997772 0.066722 0
    outer loop
      vertex 123.274 84.6411 5
      vertex 123.25 85 2.49
      vertex 123.25 85 5
    endloop
  endfacet
  facet normal 0.997772 0.066722 0
    outer loop
      vertex 123.25 85 2.49
      vertex 123.274 84.6411 5
      vertex 123.274 84.6411 2.49
    endloop
  endfacet
  facet normal -0.83128 -0.555854 0
    outer loop
      vertex 128.382 86.375 2.49
      vertex 128.182 86.6741 5
      vertex 128.182 86.6741 2.49
    endloop
  endfacet
  facet normal -0.83128 -0.555854 0
    outer loop
      vertex 128.182 86.6741 5
      vertex 128.382 86.375 2.49
      vertex 128.382 86.375 5
    endloop
  endfacet
  facet normal 0.997772 -0.066722 0
    outer loop
      vertex 123.25 85 5
      vertex 123.274 85.3589 2.49
      vertex 123.274 85.3589 5
    endloop
  endfacet
  facet normal 0.997772 -0.066722 0
    outer loop
      vertex 123.274 85.3589 2.49
      vertex 123.25 85 5
      vertex 123.25 85 2.49
    endloop
  endfacet
  facet normal -0.752025 -0.659134 0
    outer loop
      vertex 128.182 86.6741 2.49
      vertex 127.945 86.9445 5
      vertex 127.945 86.9445 2.49
    endloop
  endfacet
  facet normal -0.752025 -0.659134 0
    outer loop
      vertex 127.945 86.9445 5
      vertex 128.182 86.6741 2.49
      vertex 128.182 86.6741 5
    endloop
  endfacet
  facet normal -0.658623 -0.752473 0
    outer loop
      vertex 127.674 87.1817 2.49
      vertex 127.945 86.9445 5
      vertex 127.674 87.1817 5
    endloop
  endfacet
  facet normal -0.658623 -0.752473 -0
    outer loop
      vertex 127.945 86.9445 5
      vertex 127.674 87.1817 2.49
      vertex 127.945 86.9445 2.49
    endloop
  endfacet
  facet normal 0.980889 0.194566 0
    outer loop
      vertex 123.344 84.2882 5
      vertex 123.274 84.6411 2.49
      vertex 123.274 84.6411 5
    endloop
  endfacet
  facet normal 0.980889 0.194566 0
    outer loop
      vertex 123.274 84.6411 2.49
      vertex 123.344 84.2882 5
      vertex 123.344 84.2882 2.49
    endloop
  endfacet
  facet normal 0.83128 -0.555854 0
    outer loop
      vertex 123.618 86.375 5
      vertex 123.818 86.6741 2.49
      vertex 123.818 86.6741 5
    endloop
  endfacet
  facet normal 0.83128 -0.555854 0
    outer loop
      vertex 123.818 86.6741 2.49
      vertex 123.618 86.375 5
      vertex 123.618 86.375 2.49
    endloop
  endfacet
  facet normal 0.441873 -0.897078 0
    outer loop
      vertex 124.625 87.3816 2.49
      vertex 124.948 87.5407 5
      vertex 124.625 87.3816 5
    endloop
  endfacet
  facet normal 0.441873 -0.897078 0
    outer loop
      vertex 124.948 87.5407 5
      vertex 124.625 87.3816 2.49
      vertex 124.948 87.5407 2.49
    endloop
  endfacet
  facet normal -0.947452 0.319897 0
    outer loop
      vertex 128.541 83.9476 2.49
      vertex 128.656 84.2882 5
      vertex 128.656 84.2882 2.49
    endloop
  endfacet
  facet normal -0.947452 0.319897 0
    outer loop
      vertex 128.656 84.2882 5
      vertex 128.541 83.9476 2.49
      vertex 128.541 83.9476 5
    endloop
  endfacet
  facet normal 0.947452 -0.319897 0
    outer loop
      vertex 123.344 85.7118 5
      vertex 123.459 86.0524 2.49
      vertex 123.459 86.0524 5
    endloop
  endfacet
  facet normal 0.947452 -0.319897 0
    outer loop
      vertex 123.459 86.0524 2.49
      vertex 123.344 85.7118 5
      vertex 123.344 85.7118 2.49
    endloop
  endfacet
  facet normal 0.896971 0.44209 0
    outer loop
      vertex 123.618 83.625 5
      vertex 123.459 83.9476 2.49
      vertex 123.459 83.9476 5
    endloop
  endfacet
  facet normal 0.896971 0.44209 0
    outer loop
      vertex 123.459 83.9476 2.49
      vertex 123.618 83.625 5
      vertex 123.618 83.625 2.49
    endloop
  endfacet
  facet normal -0.752025 0.659134 0
    outer loop
      vertex 127.945 83.0555 2.49
      vertex 128.182 83.3259 5
      vertex 128.182 83.3259 2.49
    endloop
  endfacet
  facet normal -0.752025 0.659134 0
    outer loop
      vertex 128.182 83.3259 5
      vertex 127.945 83.0555 2.49
      vertex 127.945 83.0555 5
    endloop
  endfacet
  facet normal -0.441873 -0.897078 0
    outer loop
      vertex 127.052 87.5407 5
      vertex 127.375 87.3816 2.49
      vertex 127.375 87.3816 5
    endloop
  endfacet
  facet normal -0.441873 -0.897078 0
    outer loop
      vertex 127.375 87.3816 2.49
      vertex 127.052 87.5407 5
      vertex 127.052 87.5407 2.49
    endloop
  endfacet
  facet normal -0.55579 -0.831322 0
    outer loop
      vertex 127.375 87.3816 5
      vertex 127.674 87.1817 2.49
      vertex 127.674 87.1817 5
    endloop
  endfacet
  facet normal -0.55579 -0.831322 0
    outer loop
      vertex 127.674 87.1817 2.49
      vertex 127.375 87.3816 5
      vertex 127.375 87.3816 2.49
    endloop
  endfacet
  facet normal 0.321903 -0.946773 0
    outer loop
      vertex 124.948 87.5407 2.49
      vertex 125.288 87.6563 5
      vertex 124.948 87.5407 5
    endloop
  endfacet
  facet normal 0.321903 -0.946773 0
    outer loop
      vertex 125.288 87.6563 5
      vertex 124.948 87.5407 2.49
      vertex 125.288 87.6563 2.49
    endloop
  endfacet
  facet normal 0.83128 0.555854 0
    outer loop
      vertex 123.818 83.3259 5
      vertex 123.618 83.625 2.49
      vertex 123.618 83.625 5
    endloop
  endfacet
  facet normal 0.83128 0.555854 0
    outer loop
      vertex 123.618 83.625 2.49
      vertex 123.818 83.3259 5
      vertex 123.818 83.3259 2.49
    endloop
  endfacet
  facet normal 0.195047 0.980794 -0
    outer loop
      vertex 125.641 82.2735 2.49
      vertex 125.288 82.3437 5
      vertex 125.641 82.2735 5
    endloop
  endfacet
  facet normal 0.195047 0.980794 0
    outer loop
      vertex 125.288 82.3437 5
      vertex 125.641 82.2735 2.49
      vertex 125.288 82.3437 2.49
    endloop
  endfacet
  facet normal 0.896971 -0.44209 0
    outer loop
      vertex 123.459 86.0524 5
      vertex 123.618 86.375 2.49
      vertex 123.618 86.375 5
    endloop
  endfacet
  facet normal 0.896971 -0.44209 0
    outer loop
      vertex 123.618 86.375 2.49
      vertex 123.459 86.0524 5
      vertex 123.459 86.0524 2.49
    endloop
  endfacet
  facet normal 0.195047 -0.980794 0
    outer loop
      vertex 125.288 87.6563 5
      vertex 125.641 87.7265 2.49
      vertex 125.641 87.7265 5
    endloop
  endfacet
  facet normal 0.195047 -0.980794 0
    outer loop
      vertex 125.641 87.7265 2.49
      vertex 125.288 87.6563 5
      vertex 125.288 87.6563 2.49
    endloop
  endfacet
  facet normal -0.83128 0.555854 0
    outer loop
      vertex 128.182 83.3259 2.49
      vertex 128.382 83.625 5
      vertex 128.382 83.625 2.49
    endloop
  endfacet
  facet normal -0.83128 0.555854 0
    outer loop
      vertex 128.382 83.625 5
      vertex 128.182 83.3259 2.49
      vertex 128.182 83.3259 5
    endloop
  endfacet
  facet normal -0.0653198 0.997864 0
    outer loop
      vertex 126.359 82.2735 5
      vertex 126 82.25 2.49
      vertex 126 82.25 5
    endloop
  endfacet
  facet normal -0.0653198 0.997864 0
    outer loop
      vertex 126 82.25 2.49
      vertex 126.359 82.2735 5
      vertex 126.359 82.2735 2.49
    endloop
  endfacet
  facet normal -0.0653198 -0.997864 0
    outer loop
      vertex 126 87.75 5
      vertex 126.359 87.7265 2.49
      vertex 126.359 87.7265 5
    endloop
  endfacet
  facet normal -0.0653198 -0.997864 0
    outer loop
      vertex 126.359 87.7265 2.49
      vertex 126 87.75 5
      vertex 126 87.75 2.49
    endloop
  endfacet
  facet normal 0.55579 -0.831322 0
    outer loop
      vertex 124.326 87.1817 2.49
      vertex 124.625 87.3816 5
      vertex 124.326 87.1817 5
    endloop
  endfacet
  facet normal 0.55579 -0.831322 0
    outer loop
      vertex 124.625 87.3816 5
      vertex 124.326 87.1817 2.49
      vertex 124.625 87.3816 2.49
    endloop
  endfacet
  facet normal 0.658623 -0.752473 0
    outer loop
      vertex 124.055 86.9445 5
      vertex 124.326 87.1817 2.49
      vertex 124.326 87.1817 5
    endloop
  endfacet
  facet normal 0.658623 -0.752473 0
    outer loop
      vertex 124.326 87.1817 2.49
      vertex 124.055 86.9445 5
      vertex 124.055 86.9445 2.49
    endloop
  endfacet
  facet normal -0.195047 -0.980794 0
    outer loop
      vertex 126.359 87.7265 2.49
      vertex 126.712 87.6563 5
      vertex 126.359 87.7265 5
    endloop
  endfacet
  facet normal -0.195047 -0.980794 -0
    outer loop
      vertex 126.712 87.6563 5
      vertex 126.359 87.7265 2.49
      vertex 126.712 87.6563 2.49
    endloop
  endfacet
  facet normal 0.0653198 0.997864 -0
    outer loop
      vertex 126 82.25 2.49
      vertex 125.641 82.2735 5
      vertex 126 82.25 5
    endloop
  endfacet
  facet normal 0.0653198 0.997864 0
    outer loop
      vertex 125.641 82.2735 5
      vertex 126 82.25 2.49
      vertex 125.641 82.2735 2.49
    endloop
  endfacet
  facet normal -0.706343 -0.0464699 -0.706343
    outer loop
      vertex 128.75 85 2.49
      vertex 131.195 85.684 0
      vertex 131.24 85 0
    endloop
  endfacet
  facet normal -0.706213 -0.0472252 -0.706423
    outer loop
      vertex 131.195 85.684 0
      vertex 128.75 85 2.49
      vertex 128.726 85.3589 2.49
    endloop
  endfacet
  facet normal 0.634984 -0.312965 -0.706292
    outer loop
      vertex 123.459 86.0524 2.49
      vertex 121.462 87.62 0
      vertex 123.618 86.375 2.49
    endloop
  endfacet
  facet normal 0.634968 -0.312991 -0.706295
    outer loop
      vertex 121.462 87.62 0
      vertex 123.459 86.0524 2.49
      vertex 121.159 87.0053 0
    endloop
  endfacet
  facet normal -0.0462374 -0.706351 -0.706351
    outer loop
      vertex 126 90.24 0
      vertex 126.359 87.7265 2.49
      vertex 126 87.75 2.49
    endloop
  endfacet
  facet normal -0.046264 -0.706352 -0.706348
    outer loop
      vertex 126.359 87.7265 2.49
      vertex 126 90.24 0
      vertex 126.684 90.1952 0
    endloop
  endfacet
  facet normal 0.312782 -0.635 -0.706359
    outer loop
      vertex 124.625 87.3816 2.49
      vertex 123.995 89.8411 0
      vertex 124.948 87.5407 2.49
    endloop
  endfacet
  facet normal 0.31293 -0.634945 -0.706343
    outer loop
      vertex 123.995 89.8411 0
      vertex 124.625 87.3816 2.49
      vertex 123.38 89.538 0
    endloop
  endfacet
  facet normal -0.532191 -0.466816 -0.706297
    outer loop
      vertex 128.182 86.6741 2.49
      vertex 129.705 88.7052 0
      vertex 130.157 88.1899 0
    endloop
  endfacet
  facet normal -0.532392 -0.466631 -0.706268
    outer loop
      vertex 129.705 88.7052 0
      vertex 128.182 86.6741 2.49
      vertex 127.945 86.9445 2.49
    endloop
  endfacet
  facet normal 0.227872 0.670211 -0.706322
    outer loop
      vertex 124.644 79.9385 0
      vertex 124.948 82.4593 2.49
      vertex 125.288 82.3437 2.49
    endloop
  endfacet
  facet normal 0.227623 0.670268 -0.706349
    outer loop
      vertex 124.948 82.4593 2.49
      vertex 124.644 79.9385 0
      vertex 123.995 80.1589 0
    endloop
  endfacet
  facet normal 0.532392 -0.466631 -0.706268
    outer loop
      vertex 123.818 86.6741 2.49
      vertex 122.295 88.7052 0
      vertex 124.055 86.9445 2.49
    endloop
  endfacet
  facet normal 0.532191 -0.466816 -0.706297
    outer loop
      vertex 122.295 88.7052 0
      vertex 123.818 86.6741 2.49
      vertex 121.843 88.1899 0
    endloop
  endfacet
  facet normal -0.393214 0.588581 -0.706367
    outer loop
      vertex 128.62 80.462 0
      vertex 127.674 82.8183 2.49
      vertex 129.19 80.8428 0
    endloop
  endfacet
  facet normal -0.393428 0.588469 -0.706342
    outer loop
      vertex 127.674 82.8183 2.49
      vertex 128.62 80.462 0
      vertex 127.375 82.6184 2.49
    endloop
  endfacet
  facet normal 0.0462374 0.706351 -0.706351
    outer loop
      vertex 126 79.76 0
      vertex 125.641 82.2735 2.49
      vertex 126 82.25 2.49
    endloop
  endfacet
  facet normal 0.046264 0.706352 -0.706348
    outer loop
      vertex 125.641 82.2735 2.49
      vertex 126 79.76 0
      vertex 125.316 79.8048 0
    endloop
  endfacet
  facet normal 0.670762 -0.226476 -0.706249
    outer loop
      vertex 123.344 85.7118 2.49
      vertex 121.159 87.0053 0
      vertex 123.459 86.0524 2.49
    endloop
  endfacet
  facet normal 0.670417 -0.227225 -0.706336
    outer loop
      vertex 121.159 87.0053 0
      vertex 123.344 85.7118 2.49
      vertex 120.939 86.3562 0
    endloop
  endfacet
  facet normal 0.588472 -0.393495 -0.706302
    outer loop
      vertex 123.618 86.375 2.49
      vertex 121.843 88.1899 0
      vertex 123.818 86.6741 2.49
    endloop
  endfacet
  facet normal 0.588514 -0.393444 -0.706295
    outer loop
      vertex 121.843 88.1899 0
      vertex 123.618 86.375 2.49
      vertex 121.462 87.62 0
    endloop
  endfacet
  facet normal -0.634968 0.312991 -0.706295
    outer loop
      vertex 130.538 82.38 0
      vertex 128.541 83.9476 2.49
      vertex 130.841 82.9947 0
    endloop
  endfacet
  facet normal -0.634984 0.312965 -0.706292
    outer loop
      vertex 128.541 83.9476 2.49
      vertex 130.538 82.38 0
      vertex 128.382 83.625 2.49
    endloop
  endfacet
  facet normal 0.532392 0.466631 -0.706268
    outer loop
      vertex 122.295 81.2948 0
      vertex 123.818 83.3259 2.49
      vertex 124.055 83.0555 2.49
    endloop
  endfacet
  facet normal 0.532191 0.466816 -0.706297
    outer loop
      vertex 123.818 83.3259 2.49
      vertex 122.295 81.2948 0
      vertex 121.843 81.8101 0
    endloop
  endfacet
  facet normal 0.588472 0.393495 -0.706302
    outer loop
      vertex 121.843 81.8101 0
      vertex 123.618 83.625 2.49
      vertex 123.818 83.3259 2.49
    endloop
  endfacet
  facet normal 0.588514 0.393444 -0.706295
    outer loop
      vertex 123.618 83.625 2.49
      vertex 121.843 81.8101 0
      vertex 121.462 82.38 0
    endloop
  endfacet
  facet normal -0.694171 0.13838 -0.706384
    outer loop
      vertex 131.061 83.6438 0
      vertex 128.726 84.6411 2.49
      vertex 131.195 84.316 0
    endloop
  endfacet
  facet normal -0.694372 0.137733 -0.706313
    outer loop
      vertex 128.726 84.6411 2.49
      vertex 131.061 83.6438 0
      vertex 128.656 84.2882 2.49
    endloop
  endfacet
  facet normal 0.138067 0.694268 -0.70635
    outer loop
      vertex 125.316 79.8048 0
      vertex 125.288 82.3437 2.49
      vertex 125.641 82.2735 2.49
    endloop
  endfacet
  facet normal 0.138129 0.694262 -0.706343
    outer loop
      vertex 125.288 82.3437 2.49
      vertex 125.316 79.8048 0
      vertex 124.644 79.9385 0
    endloop
  endfacet
  facet normal 0.694372 -0.137733 -0.706313
    outer loop
      vertex 123.274 85.3589 2.49
      vertex 120.939 86.3562 0
      vertex 123.344 85.7118 2.49
    endloop
  endfacet
  facet normal 0.694171 -0.13838 -0.706384
    outer loop
      vertex 120.939 86.3562 0
      vertex 123.274 85.3589 2.49
      vertex 120.805 85.684 0
    endloop
  endfacet
  facet normal 0.138067 -0.694268 -0.70635
    outer loop
      vertex 125.288 87.6563 2.49
      vertex 125.316 90.1952 0
      vertex 125.641 87.7265 2.49
    endloop
  endfacet
  facet normal 0.138129 -0.694262 -0.706343
    outer loop
      vertex 125.316 90.1952 0
      vertex 125.288 87.6563 2.49
      vertex 124.644 90.0615 0
    endloop
  endfacet
  facet normal 0.706213 0.0472252 -0.706423
    outer loop
      vertex 120.805 84.316 0
      vertex 123.25 85 2.49
      vertex 123.274 84.6411 2.49
    endloop
  endfacet
  facet normal 0.706343 0.0464699 -0.706343
    outer loop
      vertex 123.25 85 2.49
      vertex 120.805 84.316 0
      vertex 120.76 85 0
    endloop
  endfacet
  facet normal -0.227623 -0.670268 -0.706349
    outer loop
      vertex 127.052 87.5407 2.49
      vertex 127.356 90.0615 0
      vertex 128.005 89.8411 0
    endloop
  endfacet
  facet normal -0.227872 -0.670211 -0.706322
    outer loop
      vertex 127.356 90.0615 0
      vertex 127.052 87.5407 2.49
      vertex 126.712 87.6563 2.49
    endloop
  endfacet
  facet normal -0.466973 0.532059 -0.706293
    outer loop
      vertex 129.19 80.8428 0
      vertex 127.945 83.0555 2.49
      vertex 129.705 81.2948 0
    endloop
  endfacet
  facet normal -0.466186 0.532615 -0.706393
    outer loop
      vertex 127.945 83.0555 2.49
      vertex 129.19 80.8428 0
      vertex 127.674 82.8183 2.49
    endloop
  endfacet
  facet normal -0.466973 -0.532059 -0.706293
    outer loop
      vertex 127.945 86.9445 2.49
      vertex 129.19 89.1572 0
      vertex 129.705 88.7052 0
    endloop
  endfacet
  facet normal -0.466186 -0.532615 -0.706393
    outer loop
      vertex 127.945 86.9445 2.49
      vertex 127.674 87.1817 2.49
      vertex 129.19 89.1572 0
    endloop
  endfacet
  facet normal 0.393428 -0.588469 -0.706342
    outer loop
      vertex 124.326 87.1817 2.49
      vertex 123.38 89.538 0
      vertex 124.625 87.3816 2.49
    endloop
  endfacet
  facet normal 0.393214 -0.588581 -0.706367
    outer loop
      vertex 123.38 89.538 0
      vertex 124.326 87.1817 2.49
      vertex 122.81 89.1572 0
    endloop
  endfacet
  facet normal -0.393214 -0.588581 -0.706367
    outer loop
      vertex 127.674 87.1817 2.49
      vertex 128.62 89.538 0
      vertex 129.19 89.1572 0
    endloop
  endfacet
  facet normal -0.393428 -0.588469 -0.706342
    outer loop
      vertex 128.62 89.538 0
      vertex 127.674 87.1817 2.49
      vertex 127.375 87.3816 2.49
    endloop
  endfacet
  facet normal 0.046264 -0.706352 -0.706348
    outer loop
      vertex 126 90.24 0
      vertex 125.641 87.7265 2.49
      vertex 125.316 90.1952 0
    endloop
  endfacet
  facet normal 0.0462374 -0.706351 -0.706351
    outer loop
      vertex 125.641 87.7265 2.49
      vertex 126 90.24 0
      vertex 126 87.75 2.49
    endloop
  endfacet
  facet normal -0.138129 0.694262 -0.706343
    outer loop
      vertex 126.684 79.8048 0
      vertex 126.712 82.3437 2.49
      vertex 127.356 79.9385 0
    endloop
  endfacet
  facet normal -0.138067 0.694268 -0.70635
    outer loop
      vertex 126.712 82.3437 2.49
      vertex 126.684 79.8048 0
      vertex 126.359 82.2735 2.49
    endloop
  endfacet
  facet normal 0.466186 -0.532615 -0.706393
    outer loop
      vertex 124.055 86.9445 2.49
      vertex 122.81 89.1572 0
      vertex 124.326 87.1817 2.49
    endloop
  endfacet
  facet normal 0.466973 -0.532059 -0.706293
    outer loop
      vertex 122.81 89.1572 0
      vertex 124.055 86.9445 2.49
      vertex 122.295 88.7052 0
    endloop
  endfacet
  facet normal -0.31293 0.634945 -0.706343
    outer loop
      vertex 128.005 80.1589 0
      vertex 127.375 82.6184 2.49
      vertex 128.62 80.462 0
    endloop
  endfacet
  facet normal -0.312782 0.635 -0.706359
    outer loop
      vertex 127.375 82.6184 2.49
      vertex 128.005 80.1589 0
      vertex 127.052 82.4593 2.49
    endloop
  endfacet
  facet normal -0.670417 0.227225 -0.706336
    outer loop
      vertex 130.841 82.9947 0
      vertex 128.656 84.2882 2.49
      vertex 131.061 83.6438 0
    endloop
  endfacet
  facet normal -0.670762 0.226476 -0.706249
    outer loop
      vertex 128.656 84.2882 2.49
      vertex 130.841 82.9947 0
      vertex 128.541 83.9476 2.49
    endloop
  endfacet
  facet normal -0.588514 -0.393444 -0.706295
    outer loop
      vertex 128.382 86.375 2.49
      vertex 130.157 88.1899 0
      vertex 130.538 87.62 0
    endloop
  endfacet
  facet normal -0.588472 -0.393495 -0.706302
    outer loop
      vertex 128.382 86.375 2.49
      vertex 128.182 86.6741 2.49
      vertex 130.157 88.1899 0
    endloop
  endfacet
  facet normal -0.706343 0.0464699 -0.706343
    outer loop
      vertex 131.195 84.316 0
      vertex 128.75 85 2.49
      vertex 131.24 85 0
    endloop
  endfacet
  facet normal -0.706213 0.0472252 -0.706423
    outer loop
      vertex 128.75 85 2.49
      vertex 131.195 84.316 0
      vertex 128.726 84.6411 2.49
    endloop
  endfacet
  facet normal 0.393428 0.588469 -0.706342
    outer loop
      vertex 123.38 80.462 0
      vertex 124.326 82.8183 2.49
      vertex 124.625 82.6184 2.49
    endloop
  endfacet
  facet normal 0.393214 0.588581 -0.706367
    outer loop
      vertex 124.326 82.8183 2.49
      vertex 123.38 80.462 0
      vertex 122.81 80.8428 0
    endloop
  endfacet
  facet normal -0.694171 -0.13838 -0.706384
    outer loop
      vertex 128.726 85.3589 2.49
      vertex 131.061 86.3562 0
      vertex 131.195 85.684 0
    endloop
  endfacet
  facet normal -0.694372 -0.137733 -0.706313
    outer loop
      vertex 131.061 86.3562 0
      vertex 128.726 85.3589 2.49
      vertex 128.656 85.7118 2.49
    endloop
  endfacet
  facet normal -0.138129 -0.694262 -0.706343
    outer loop
      vertex 126.712 87.6563 2.49
      vertex 126.684 90.1952 0
      vertex 127.356 90.0615 0
    endloop
  endfacet
  facet normal -0.138067 -0.694268 -0.70635
    outer loop
      vertex 126.684 90.1952 0
      vertex 126.712 87.6563 2.49
      vertex 126.359 87.7265 2.49
    endloop
  endfacet
  facet normal 0.706213 -0.0472252 -0.706423
    outer loop
      vertex 123.25 85 2.49
      vertex 120.805 85.684 0
      vertex 123.274 85.3589 2.49
    endloop
  endfacet
  facet normal 0.706343 -0.0464699 -0.706343
    outer loop
      vertex 120.805 85.684 0
      vertex 123.25 85 2.49
      vertex 120.76 85 0
    endloop
  endfacet
  facet normal -0.227623 0.670268 -0.706349
    outer loop
      vertex 127.356 79.9385 0
      vertex 127.052 82.4593 2.49
      vertex 128.005 80.1589 0
    endloop
  endfacet
  facet normal -0.227872 0.670211 -0.706322
    outer loop
      vertex 127.052 82.4593 2.49
      vertex 127.356 79.9385 0
      vertex 126.712 82.3437 2.49
    endloop
  endfacet
  facet normal 0.466186 0.532615 -0.706393
    outer loop
      vertex 122.81 80.8428 0
      vertex 124.055 83.0555 2.49
      vertex 124.326 82.8183 2.49
    endloop
  endfacet
  facet normal 0.466973 0.532059 -0.706293
    outer loop
      vertex 124.055 83.0555 2.49
      vertex 122.81 80.8428 0
      vertex 122.295 81.2948 0
    endloop
  endfacet
  facet normal -0.31293 -0.634945 -0.706343
    outer loop
      vertex 127.375 87.3816 2.49
      vertex 128.005 89.8411 0
      vertex 128.62 89.538 0
    endloop
  endfacet
  facet normal -0.312782 -0.635 -0.706359
    outer loop
      vertex 128.005 89.8411 0
      vertex 127.375 87.3816 2.49
      vertex 127.052 87.5407 2.49
    endloop
  endfacet
  facet normal 0.227872 -0.670211 -0.706322
    outer loop
      vertex 124.948 87.5407 2.49
      vertex 124.644 90.0615 0
      vertex 125.288 87.6563 2.49
    endloop
  endfacet
  facet normal 0.227623 -0.670268 -0.706349
    outer loop
      vertex 124.644 90.0615 0
      vertex 124.948 87.5407 2.49
      vertex 123.995 89.8411 0
    endloop
  endfacet
  facet normal 0.694372 0.137733 -0.706313
    outer loop
      vertex 120.939 83.6438 0
      vertex 123.274 84.6411 2.49
      vertex 123.344 84.2882 2.49
    endloop
  endfacet
  facet normal 0.694171 0.13838 -0.706384
    outer loop
      vertex 123.274 84.6411 2.49
      vertex 120.939 83.6438 0
      vertex 120.805 84.316 0
    endloop
  endfacet
  facet normal -0.046264 0.706352 -0.706348
    outer loop
      vertex 126 79.76 0
      vertex 126.359 82.2735 2.49
      vertex 126.684 79.8048 0
    endloop
  endfacet
  facet normal -0.0462374 0.706351 -0.706351
    outer loop
      vertex 126.359 82.2735 2.49
      vertex 126 79.76 0
      vertex 126 82.25 2.49
    endloop
  endfacet
  facet normal -0.634968 -0.312991 -0.706295
    outer loop
      vertex 128.541 86.0524 2.49
      vertex 130.538 87.62 0
      vertex 130.841 87.0053 0
    endloop
  endfacet
  facet normal -0.634984 -0.312965 -0.706292
    outer loop
      vertex 130.538 87.62 0
      vertex 128.541 86.0524 2.49
      vertex 128.382 86.375 2.49
    endloop
  endfacet
  facet normal 0.312782 0.635 -0.706359
    outer loop
      vertex 123.995 80.1589 0
      vertex 124.625 82.6184 2.49
      vertex 124.948 82.4593 2.49
    endloop
  endfacet
  facet normal 0.31293 0.634945 -0.706343
    outer loop
      vertex 124.625 82.6184 2.49
      vertex 123.995 80.1589 0
      vertex 123.38 80.462 0
    endloop
  endfacet
  facet normal -0.588514 0.393444 -0.706295
    outer loop
      vertex 130.157 81.8101 0
      vertex 128.382 83.625 2.49
      vertex 130.538 82.38 0
    endloop
  endfacet
  facet normal -0.588472 0.393495 -0.706302
    outer loop
      vertex 128.182 83.3259 2.49
      vertex 128.382 83.625 2.49
      vertex 130.157 81.8101 0
    endloop
  endfacet
  facet normal -0.670417 -0.227225 -0.706336
    outer loop
      vertex 128.656 85.7118 2.49
      vertex 130.841 87.0053 0
      vertex 131.061 86.3562 0
    endloop
  endfacet
  facet normal -0.670762 -0.226476 -0.706249
    outer loop
      vertex 130.841 87.0053 0
      vertex 128.656 85.7118 2.49
      vertex 128.541 86.0524 2.49
    endloop
  endfacet
  facet normal -0.532191 0.466816 -0.706297
    outer loop
      vertex 129.705 81.2948 0
      vertex 128.182 83.3259 2.49
      vertex 130.157 81.8101 0
    endloop
  endfacet
  facet normal -0.532392 0.466631 -0.706268
    outer loop
      vertex 128.182 83.3259 2.49
      vertex 129.705 81.2948 0
      vertex 127.945 83.0555 2.49
    endloop
  endfacet
  facet normal 0.634984 0.312965 -0.706292
    outer loop
      vertex 121.462 82.38 0
      vertex 123.459 83.9476 2.49
      vertex 123.618 83.625 2.49
    endloop
  endfacet
  facet normal 0.634968 0.312991 -0.706295
    outer loop
      vertex 123.459 83.9476 2.49
      vertex 121.462 82.38 0
      vertex 121.159 82.9947 0
    endloop
  endfacet
  facet normal 0.670762 0.226476 -0.706249
    outer loop
      vertex 121.159 82.9947 0
      vertex 123.344 84.2882 2.49
      vertex 123.459 83.9476 2.49
    endloop
  endfacet
  facet normal 0.670417 0.227225 -0.706336
    outer loop
      vertex 123.344 84.2882 2.49
      vertex 121.159 82.9947 0
      vertex 120.939 83.6438 0
    endloop
  endfacet
  facet normal -0.980889 -0.194566 0
    outer loop
      vertex 128.726 70.3589 2.49
      vertex 128.656 70.7118 5
      vertex 128.656 70.7118 2.49
    endloop
  endfacet
  facet normal -0.980889 -0.194566 0
    outer loop
      vertex 128.656 70.7118 5
      vertex 128.726 70.3589 2.49
      vertex 128.726 70.3589 5
    endloop
  endfacet
  facet normal -0.997772 -0.066722 0
    outer loop
      vertex 128.75 70 2.49
      vertex 128.726 70.3589 5
      vertex 128.726 70.3589 2.49
    endloop
  endfacet
  facet normal -0.997772 -0.066722 0
    outer loop
      vertex 128.726 70.3589 5
      vertex 128.75 70 2.49
      vertex 128.75 70 5
    endloop
  endfacet
  facet normal -0.947452 -0.319897 0
    outer loop
      vertex 128.656 70.7118 2.49
      vertex 128.541 71.0524 5
      vertex 128.541 71.0524 2.49
    endloop
  endfacet
  facet normal -0.947452 -0.319897 0
    outer loop
      vertex 128.541 71.0524 5
      vertex 128.656 70.7118 2.49
      vertex 128.656 70.7118 5
    endloop
  endfacet
  facet normal -0.321903 -0.946773 0
    outer loop
      vertex 126.712 72.6563 2.49
      vertex 127.052 72.5407 5
      vertex 126.712 72.6563 5
    endloop
  endfacet
  facet normal -0.321903 -0.946773 -0
    outer loop
      vertex 127.052 72.5407 5
      vertex 126.712 72.6563 2.49
      vertex 127.052 72.5407 2.49
    endloop
  endfacet
  facet normal -0.658623 0.752473 0
    outer loop
      vertex 127.945 68.0555 5
      vertex 127.674 67.8183 2.49
      vertex 127.674 67.8183 5
    endloop
  endfacet
  facet normal -0.658623 0.752473 0
    outer loop
      vertex 127.674 67.8183 2.49
      vertex 127.945 68.0555 5
      vertex 127.945 68.0555 2.49
    endloop
  endfacet
  facet normal 0.321903 0.946773 -0
    outer loop
      vertex 125.288 67.3437 2.49
      vertex 124.948 67.4593 5
      vertex 125.288 67.3437 5
    endloop
  endfacet
  facet normal 0.321903 0.946773 0
    outer loop
      vertex 124.948 67.4593 5
      vertex 125.288 67.3437 2.49
      vertex 124.948 67.4593 2.49
    endloop
  endfacet
  facet normal -0.55579 0.831322 0
    outer loop
      vertex 127.674 67.8183 2.49
      vertex 127.375 67.6184 5
      vertex 127.674 67.8183 5
    endloop
  endfacet
  facet normal -0.55579 0.831322 0
    outer loop
      vertex 127.375 67.6184 5
      vertex 127.674 67.8183 2.49
      vertex 127.375 67.6184 2.49
    endloop
  endfacet
  facet normal -0.896971 -0.44209 0
    outer loop
      vertex 128.541 71.0524 2.49
      vertex 128.382 71.375 5
      vertex 128.382 71.375 2.49
    endloop
  endfacet
  facet normal -0.896971 -0.44209 0
    outer loop
      vertex 128.382 71.375 5
      vertex 128.541 71.0524 2.49
      vertex 128.541 71.0524 5
    endloop
  endfacet
  facet normal -0.997772 0.066722 0
    outer loop
      vertex 128.726 69.6411 2.49
      vertex 128.75 70 5
      vertex 128.75 70 2.49
    endloop
  endfacet
  facet normal -0.997772 0.066722 0
    outer loop
      vertex 128.75 70 5
      vertex 128.726 69.6411 2.49
      vertex 128.726 69.6411 5
    endloop
  endfacet
  facet normal 0.752025 -0.659134 0
    outer loop
      vertex 123.818 71.6741 5
      vertex 124.055 71.9445 2.49
      vertex 124.055 71.9445 5
    endloop
  endfacet
  facet normal 0.752025 -0.659134 0
    outer loop
      vertex 124.055 71.9445 2.49
      vertex 123.818 71.6741 5
      vertex 123.818 71.6741 2.49
    endloop
  endfacet
  facet normal 0.55579 0.831322 0
    outer loop
      vertex 124.625 67.6184 5
      vertex 124.326 67.8183 2.49
      vertex 124.326 67.8183 5
    endloop
  endfacet
  facet normal 0.55579 0.831322 0
    outer loop
      vertex 124.326 67.8183 2.49
      vertex 124.625 67.6184 5
      vertex 124.625 67.6184 2.49
    endloop
  endfacet
  facet normal -0.321903 0.946773 0
    outer loop
      vertex 127.052 67.4593 2.49
      vertex 126.712 67.3437 5
      vertex 127.052 67.4593 5
    endloop
  endfacet
  facet normal -0.321903 0.946773 0
    outer loop
      vertex 126.712 67.3437 5
      vertex 127.052 67.4593 2.49
      vertex 126.712 67.3437 2.49
    endloop
  endfacet
  facet normal 0.752025 0.659134 0
    outer loop
      vertex 124.055 68.0555 5
      vertex 123.818 68.3259 2.49
      vertex 123.818 68.3259 5
    endloop
  endfacet
  facet normal 0.752025 0.659134 0
    outer loop
      vertex 123.818 68.3259 2.49
      vertex 124.055 68.0555 5
      vertex 124.055 68.0555 2.49
    endloop
  endfacet
  facet normal -0.980889 0.194566 0
    outer loop
      vertex 128.656 69.2882 2.49
      vertex 128.726 69.6411 5
      vertex 128.726 69.6411 2.49
    endloop
  endfacet
  facet normal -0.980889 0.194566 0
    outer loop
      vertex 128.726 69.6411 5
      vertex 128.656 69.2882 2.49
      vertex 128.656 69.2882 5
    endloop
  endfacet
  facet normal -0.896971 0.44209 0
    outer loop
      vertex 128.382 68.625 2.49
      vertex 128.541 68.9476 5
      vertex 128.541 68.9476 2.49
    endloop
  endfacet
  facet normal -0.896971 0.44209 0
    outer loop
      vertex 128.541 68.9476 5
      vertex 128.382 68.625 2.49
      vertex 128.382 68.625 5
    endloop
  endfacet
  facet normal 0.441873 0.897078 0
    outer loop
      vertex 124.948 67.4593 5
      vertex 124.625 67.6184 2.49
      vertex 124.625 67.6184 5
    endloop
  endfacet
  facet normal 0.441873 0.897078 0
    outer loop
      vertex 124.625 67.6184 2.49
      vertex 124.948 67.4593 5
      vertex 124.948 67.4593 2.49
    endloop
  endfacet
  facet normal 0.0653198 -0.997864 0
    outer loop
      vertex 125.641 72.7265 2.49
      vertex 126 72.75 5
      vertex 125.641 72.7265 5
    endloop
  endfacet
  facet normal 0.0653198 -0.997864 0
    outer loop
      vertex 126 72.75 5
      vertex 125.641 72.7265 2.49
      vertex 126 72.75 2.49
    endloop
  endfacet
  facet normal 0.947452 0.319897 0
    outer loop
      vertex 123.459 68.9476 5
      vertex 123.344 69.2882 2.49
      vertex 123.344 69.2882 5
    endloop
  endfacet
  facet normal 0.947452 0.319897 0
    outer loop
      vertex 123.344 69.2882 2.49
      vertex 123.459 68.9476 5
      vertex 123.459 68.9476 2.49
    endloop
  endfacet
  facet normal 0.658623 0.752473 -0
    outer loop
      vertex 124.326 67.8183 2.49
      vertex 124.055 68.0555 5
      vertex 124.326 67.8183 5
    endloop
  endfacet
  facet normal 0.658623 0.752473 0
    outer loop
      vertex 124.055 68.0555 5
      vertex 124.326 67.8183 2.49
      vertex 124.055 68.0555 2.49
    endloop
  endfacet
  facet normal -0.441873 0.897078 0
    outer loop
      vertex 127.375 67.6184 2.49
      vertex 127.052 67.4593 5
      vertex 127.375 67.6184 5
    endloop
  endfacet
  facet normal -0.441873 0.897078 0
    outer loop
      vertex 127.052 67.4593 5
      vertex 127.375 67.6184 2.49
      vertex 127.052 67.4593 2.49
    endloop
  endfacet
  facet normal 0.980889 -0.194566 0
    outer loop
      vertex 123.274 70.3589 5
      vertex 123.344 70.7118 2.49
      vertex 123.344 70.7118 5
    endloop
  endfacet
  facet normal 0.980889 -0.194566 0
    outer loop
      vertex 123.344 70.7118 2.49
      vertex 123.274 70.3589 5
      vertex 123.274 70.3589 2.49
    endloop
  endfacet
  facet normal -0.195047 0.980794 0
    outer loop
      vertex 126.712 67.3437 5
      vertex 126.359 67.2735 2.49
      vertex 126.359 67.2735 5
    endloop
  endfacet
  facet normal -0.195047 0.980794 0
    outer loop
      vertex 126.359 67.2735 2.49
      vertex 126.712 67.3437 5
      vertex 126.712 67.3437 2.49
    endloop
  endfacet
  facet normal 0.997772 0.066722 0
    outer loop
      vertex 123.274 69.6411 5
      vertex 123.25 70 2.49
      vertex 123.25 70 5
    endloop
  endfacet
  facet normal 0.997772 0.066722 0
    outer loop
      vertex 123.25 70 2.49
      vertex 123.274 69.6411 5
      vertex 123.274 69.6411 2.49
    endloop
  endfacet
  facet normal -0.83128 -0.555854 0
    outer loop
      vertex 128.382 71.375 2.49
      vertex 128.182 71.6741 5
      vertex 128.182 71.6741 2.49
    endloop
  endfacet
  facet normal -0.83128 -0.555854 0
    outer loop
      vertex 128.182 71.6741 5
      vertex 128.382 71.375 2.49
      vertex 128.382 71.375 5
    endloop
  endfacet
  facet normal 0.997772 -0.066722 0
    outer loop
      vertex 123.25 70 5
      vertex 123.274 70.3589 2.49
      vertex 123.274 70.3589 5
    endloop
  endfacet
  facet normal 0.997772 -0.066722 0
    outer loop
      vertex 123.274 70.3589 2.49
      vertex 123.25 70 5
      vertex 123.25 70 2.49
    endloop
  endfacet
  facet normal -0.752025 -0.659134 0
    outer loop
      vertex 128.182 71.6741 2.49
      vertex 127.945 71.9445 5
      vertex 127.945 71.9445 2.49
    endloop
  endfacet
  facet normal -0.752025 -0.659134 0
    outer loop
      vertex 127.945 71.9445 5
      vertex 128.182 71.6741 2.49
      vertex 128.182 71.6741 5
    endloop
  endfacet
  facet normal -0.658623 -0.752473 0
    outer loop
      vertex 127.674 72.1817 2.49
      vertex 127.945 71.9445 5
      vertex 127.674 72.1817 5
    endloop
  endfacet
  facet normal -0.658623 -0.752473 -0
    outer loop
      vertex 127.945 71.9445 5
      vertex 127.674 72.1817 2.49
      vertex 127.945 71.9445 2.49
    endloop
  endfacet
  facet normal 0.980889 0.194566 0
    outer loop
      vertex 123.344 69.2882 5
      vertex 123.274 69.6411 2.49
      vertex 123.274 69.6411 5
    endloop
  endfacet
  facet normal 0.980889 0.194566 0
    outer loop
      vertex 123.274 69.6411 2.49
      vertex 123.344 69.2882 5
      vertex 123.344 69.2882 2.49
    endloop
  endfacet
  facet normal 0.83128 -0.555854 0
    outer loop
      vertex 123.618 71.375 5
      vertex 123.818 71.6741 2.49
      vertex 123.818 71.6741 5
    endloop
  endfacet
  facet normal 0.83128 -0.555854 0
    outer loop
      vertex 123.818 71.6741 2.49
      vertex 123.618 71.375 5
      vertex 123.618 71.375 2.49
    endloop
  endfacet
  facet normal 0.441873 -0.897078 0
    outer loop
      vertex 124.625 72.3816 2.49
      vertex 124.948 72.5407 5
      vertex 124.625 72.3816 5
    endloop
  endfacet
  facet normal 0.441873 -0.897078 0
    outer loop
      vertex 124.948 72.5407 5
      vertex 124.625 72.3816 2.49
      vertex 124.948 72.5407 2.49
    endloop
  endfacet
  facet normal -0.947452 0.319897 0
    outer loop
      vertex 128.541 68.9476 2.49
      vertex 128.656 69.2882 5
      vertex 128.656 69.2882 2.49
    endloop
  endfacet
  facet normal -0.947452 0.319897 0
    outer loop
      vertex 128.656 69.2882 5
      vertex 128.541 68.9476 2.49
      vertex 128.541 68.9476 5
    endloop
  endfacet
  facet normal 0.947452 -0.319897 0
    outer loop
      vertex 123.344 70.7118 5
      vertex 123.459 71.0524 2.49
      vertex 123.459 71.0524 5
    endloop
  endfacet
  facet normal 0.947452 -0.319897 0
    outer loop
      vertex 123.459 71.0524 2.49
      vertex 123.344 70.7118 5
      vertex 123.344 70.7118 2.49
    endloop
  endfacet
  facet normal 0.896971 0.44209 0
    outer loop
      vertex 123.618 68.625 5
      vertex 123.459 68.9476 2.49
      vertex 123.459 68.9476 5
    endloop
  endfacet
  facet normal 0.896971 0.44209 0
    outer loop
      vertex 123.459 68.9476 2.49
      vertex 123.618 68.625 5
      vertex 123.618 68.625 2.49
    endloop
  endfacet
  facet normal -0.752025 0.659134 0
    outer loop
      vertex 127.945 68.0555 2.49
      vertex 128.182 68.3259 5
      vertex 128.182 68.3259 2.49
    endloop
  endfacet
  facet normal -0.752025 0.659134 0
    outer loop
      vertex 128.182 68.3259 5
      vertex 127.945 68.0555 2.49
      vertex 127.945 68.0555 5
    endloop
  endfacet
  facet normal -0.441873 -0.897078 0
    outer loop
      vertex 127.052 72.5407 5
      vertex 127.375 72.3816 2.49
      vertex 127.375 72.3816 5
    endloop
  endfacet
  facet normal -0.441873 -0.897078 0
    outer loop
      vertex 127.375 72.3816 2.49
      vertex 127.052 72.5407 5
      vertex 127.052 72.5407 2.49
    endloop
  endfacet
  facet normal -0.55579 -0.831322 0
    outer loop
      vertex 127.375 72.3816 5
      vertex 127.674 72.1817 2.49
      vertex 127.674 72.1817 5
    endloop
  endfacet
  facet normal -0.55579 -0.831322 0
    outer loop
      vertex 127.674 72.1817 2.49
      vertex 127.375 72.3816 5
      vertex 127.375 72.3816 2.49
    endloop
  endfacet
  facet normal 0.321903 -0.946773 0
    outer loop
      vertex 124.948 72.5407 2.49
      vertex 125.288 72.6563 5
      vertex 124.948 72.5407 5
    endloop
  endfacet
  facet normal 0.321903 -0.946773 0
    outer loop
      vertex 125.288 72.6563 5
      vertex 124.948 72.5407 2.49
      vertex 125.288 72.6563 2.49
    endloop
  endfacet
  facet normal 0.83128 0.555854 0
    outer loop
      vertex 123.818 68.3259 5
      vertex 123.618 68.625 2.49
      vertex 123.618 68.625 5
    endloop
  endfacet
  facet normal 0.83128 0.555854 0
    outer loop
      vertex 123.618 68.625 2.49
      vertex 123.818 68.3259 5
      vertex 123.818 68.3259 2.49
    endloop
  endfacet
  facet normal 0.195047 0.980794 -0
    outer loop
      vertex 125.641 67.2735 2.49
      vertex 125.288 67.3437 5
      vertex 125.641 67.2735 5
    endloop
  endfacet
  facet normal 0.195047 0.980794 0
    outer loop
      vertex 125.288 67.3437 5
      vertex 125.641 67.2735 2.49
      vertex 125.288 67.3437 2.49
    endloop
  endfacet
  facet normal 0.896971 -0.44209 0
    outer loop
      vertex 123.459 71.0524 5
      vertex 123.618 71.375 2.49
      vertex 123.618 71.375 5
    endloop
  endfacet
  facet normal 0.896971 -0.44209 0
    outer loop
      vertex 123.618 71.375 2.49
      vertex 123.459 71.0524 5
      vertex 123.459 71.0524 2.49
    endloop
  endfacet
  facet normal 0.195047 -0.980794 0
    outer loop
      vertex 125.288 72.6563 5
      vertex 125.641 72.7265 2.49
      vertex 125.641 72.7265 5
    endloop
  endfacet
  facet normal 0.195047 -0.980794 0
    outer loop
      vertex 125.641 72.7265 2.49
      vertex 125.288 72.6563 5
      vertex 125.288 72.6563 2.49
    endloop
  endfacet
  facet normal -0.83128 0.555854 0
    outer loop
      vertex 128.182 68.3259 2.49
      vertex 128.382 68.625 5
      vertex 128.382 68.625 2.49
    endloop
  endfacet
  facet normal -0.83128 0.555854 0
    outer loop
      vertex 128.382 68.625 5
      vertex 128.182 68.3259 2.49
      vertex 128.182 68.3259 5
    endloop
  endfacet
  facet normal -0.0653198 0.997864 0
    outer loop
      vertex 126.359 67.2735 5
      vertex 126 67.25 2.49
      vertex 126 67.25 5
    endloop
  endfacet
  facet normal -0.0653198 0.997864 0
    outer loop
      vertex 126 67.25 2.49
      vertex 126.359 67.2735 5
      vertex 126.359 67.2735 2.49
    endloop
  endfacet
  facet normal -0.0653198 -0.997864 0
    outer loop
      vertex 126 72.75 5
      vertex 126.359 72.7265 2.49
      vertex 126.359 72.7265 5
    endloop
  endfacet
  facet normal -0.0653198 -0.997864 0
    outer loop
      vertex 126.359 72.7265 2.49
      vertex 126 72.75 5
      vertex 126 72.75 2.49
    endloop
  endfacet
  facet normal 0.55579 -0.831322 0
    outer loop
      vertex 124.326 72.1817 2.49
      vertex 124.625 72.3816 5
      vertex 124.326 72.1817 5
    endloop
  endfacet
  facet normal 0.55579 -0.831322 0
    outer loop
      vertex 124.625 72.3816 5
      vertex 124.326 72.1817 2.49
      vertex 124.625 72.3816 2.49
    endloop
  endfacet
  facet normal 0.658623 -0.752473 0
    outer loop
      vertex 124.055 71.9445 5
      vertex 124.326 72.1817 2.49
      vertex 124.326 72.1817 5
    endloop
  endfacet
  facet normal 0.658623 -0.752473 0
    outer loop
      vertex 124.326 72.1817 2.49
      vertex 124.055 71.9445 5
      vertex 124.055 71.9445 2.49
    endloop
  endfacet
  facet normal -0.195047 -0.980794 0
    outer loop
      vertex 126.359 72.7265 2.49
      vertex 126.712 72.6563 5
      vertex 126.359 72.7265 5
    endloop
  endfacet
  facet normal -0.195047 -0.980794 -0
    outer loop
      vertex 126.712 72.6563 5
      vertex 126.359 72.7265 2.49
      vertex 126.712 72.6563 2.49
    endloop
  endfacet
  facet normal 0.0653198 0.997864 -0
    outer loop
      vertex 126 67.25 2.49
      vertex 125.641 67.2735 5
      vertex 126 67.25 5
    endloop
  endfacet
  facet normal 0.0653198 0.997864 0
    outer loop
      vertex 125.641 67.2735 5
      vertex 126 67.25 2.49
      vertex 125.641 67.2735 2.49
    endloop
  endfacet
  facet normal -0.706343 -0.0464699 -0.706343
    outer loop
      vertex 128.75 70 2.49
      vertex 131.195 70.684 0
      vertex 131.24 70 0
    endloop
  endfacet
  facet normal -0.706213 -0.0472252 -0.706423
    outer loop
      vertex 131.195 70.684 0
      vertex 128.75 70 2.49
      vertex 128.726 70.3589 2.49
    endloop
  endfacet
  facet normal 0.634984 -0.312965 -0.706292
    outer loop
      vertex 123.459 71.0524 2.49
      vertex 121.462 72.62 0
      vertex 123.618 71.375 2.49
    endloop
  endfacet
  facet normal 0.634968 -0.312991 -0.706295
    outer loop
      vertex 121.462 72.62 0
      vertex 123.459 71.0524 2.49
      vertex 121.159 72.0053 0
    endloop
  endfacet
  facet normal -0.0462374 -0.706351 -0.706351
    outer loop
      vertex 126 75.24 0
      vertex 126.359 72.7265 2.49
      vertex 126 72.75 2.49
    endloop
  endfacet
  facet normal -0.046264 -0.706352 -0.706348
    outer loop
      vertex 126.359 72.7265 2.49
      vertex 126 75.24 0
      vertex 126.684 75.1952 0
    endloop
  endfacet
  facet normal 0.312782 -0.635 -0.706359
    outer loop
      vertex 124.625 72.3816 2.49
      vertex 123.995 74.8411 0
      vertex 124.948 72.5407 2.49
    endloop
  endfacet
  facet normal 0.31293 -0.634945 -0.706343
    outer loop
      vertex 123.995 74.8411 0
      vertex 124.625 72.3816 2.49
      vertex 123.38 74.538 0
    endloop
  endfacet
  facet normal -0.532191 -0.466816 -0.706297
    outer loop
      vertex 128.182 71.6741 2.49
      vertex 129.705 73.7052 0
      vertex 130.157 73.1899 0
    endloop
  endfacet
  facet normal -0.532392 -0.466631 -0.706268
    outer loop
      vertex 129.705 73.7052 0
      vertex 128.182 71.6741 2.49
      vertex 127.945 71.9445 2.49
    endloop
  endfacet
  facet normal 0.227872 0.670211 -0.706322
    outer loop
      vertex 124.644 64.9385 0
      vertex 124.948 67.4593 2.49
      vertex 125.288 67.3437 2.49
    endloop
  endfacet
  facet normal 0.227623 0.670268 -0.706349
    outer loop
      vertex 124.948 67.4593 2.49
      vertex 124.644 64.9385 0
      vertex 123.995 65.1589 0
    endloop
  endfacet
  facet normal 0.532392 -0.466631 -0.706268
    outer loop
      vertex 123.818 71.6741 2.49
      vertex 122.295 73.7052 0
      vertex 124.055 71.9445 2.49
    endloop
  endfacet
  facet normal 0.532191 -0.466816 -0.706297
    outer loop
      vertex 122.295 73.7052 0
      vertex 123.818 71.6741 2.49
      vertex 121.843 73.1899 0
    endloop
  endfacet
  facet normal -0.393214 0.588581 -0.706367
    outer loop
      vertex 128.62 65.462 0
      vertex 127.674 67.8183 2.49
      vertex 129.19 65.8428 0
    endloop
  endfacet
  facet normal -0.393428 0.588469 -0.706342
    outer loop
      vertex 127.674 67.8183 2.49
      vertex 128.62 65.462 0
      vertex 127.375 67.6184 2.49
    endloop
  endfacet
  facet normal 0.0462374 0.706351 -0.706351
    outer loop
      vertex 126 64.76 0
      vertex 125.641 67.2735 2.49
      vertex 126 67.25 2.49
    endloop
  endfacet
  facet normal 0.046264 0.706352 -0.706348
    outer loop
      vertex 125.641 67.2735 2.49
      vertex 126 64.76 0
      vertex 125.316 64.8048 0
    endloop
  endfacet
  facet normal 0.670762 -0.226476 -0.706249
    outer loop
      vertex 123.344 70.7118 2.49
      vertex 121.159 72.0053 0
      vertex 123.459 71.0524 2.49
    endloop
  endfacet
  facet normal 0.670417 -0.227225 -0.706336
    outer loop
      vertex 121.159 72.0053 0
      vertex 123.344 70.7118 2.49
      vertex 120.939 71.3562 0
    endloop
  endfacet
  facet normal 0.588472 -0.393495 -0.706302
    outer loop
      vertex 123.618 71.375 2.49
      vertex 121.843 73.1899 0
      vertex 123.818 71.6741 2.49
    endloop
  endfacet
  facet normal 0.588514 -0.393444 -0.706295
    outer loop
      vertex 121.843 73.1899 0
      vertex 123.618 71.375 2.49
      vertex 121.462 72.62 0
    endloop
  endfacet
  facet normal -0.634968 0.312991 -0.706295
    outer loop
      vertex 130.538 67.38 0
      vertex 128.541 68.9476 2.49
      vertex 130.841 67.9947 0
    endloop
  endfacet
  facet normal -0.634984 0.312965 -0.706292
    outer loop
      vertex 128.541 68.9476 2.49
      vertex 130.538 67.38 0
      vertex 128.382 68.625 2.49
    endloop
  endfacet
  facet normal 0.532392 0.466631 -0.706268
    outer loop
      vertex 122.295 66.2948 0
      vertex 123.818 68.3259 2.49
      vertex 124.055 68.0555 2.49
    endloop
  endfacet
  facet normal 0.532191 0.466816 -0.706297
    outer loop
      vertex 123.818 68.3259 2.49
      vertex 122.295 66.2948 0
      vertex 121.843 66.8101 0
    endloop
  endfacet
  facet normal 0.588472 0.393495 -0.706302
    outer loop
      vertex 121.843 66.8101 0
      vertex 123.618 68.625 2.49
      vertex 123.818 68.3259 2.49
    endloop
  endfacet
  facet normal 0.588514 0.393444 -0.706295
    outer loop
      vertex 123.618 68.625 2.49
      vertex 121.843 66.8101 0
      vertex 121.462 67.38 0
    endloop
  endfacet
  facet normal -0.694171 0.13838 -0.706384
    outer loop
      vertex 131.061 68.6438 0
      vertex 128.726 69.6411 2.49
      vertex 131.195 69.316 0
    endloop
  endfacet
  facet normal -0.694372 0.137733 -0.706313
    outer loop
      vertex 128.726 69.6411 2.49
      vertex 131.061 68.6438 0
      vertex 128.656 69.2882 2.49
    endloop
  endfacet
  facet normal 0.138067 0.694268 -0.70635
    outer loop
      vertex 125.316 64.8048 0
      vertex 125.288 67.3437 2.49
      vertex 125.641 67.2735 2.49
    endloop
  endfacet
  facet normal 0.138129 0.694262 -0.706343
    outer loop
      vertex 125.288 67.3437 2.49
      vertex 125.316 64.8048 0
      vertex 124.644 64.9385 0
    endloop
  endfacet
  facet normal 0.694372 -0.137733 -0.706313
    outer loop
      vertex 123.274 70.3589 2.49
      vertex 120.939 71.3562 0
      vertex 123.344 70.7118 2.49
    endloop
  endfacet
  facet normal 0.694171 -0.13838 -0.706384
    outer loop
      vertex 120.939 71.3562 0
      vertex 123.274 70.3589 2.49
      vertex 120.805 70.684 0
    endloop
  endfacet
  facet normal 0.138067 -0.694268 -0.70635
    outer loop
      vertex 125.288 72.6563 2.49
      vertex 125.316 75.1952 0
      vertex 125.641 72.7265 2.49
    endloop
  endfacet
  facet normal 0.138129 -0.694262 -0.706343
    outer loop
      vertex 125.316 75.1952 0
      vertex 125.288 72.6563 2.49
      vertex 124.644 75.0615 0
    endloop
  endfacet
  facet normal 0.706213 0.0472252 -0.706423
    outer loop
      vertex 120.805 69.316 0
      vertex 123.25 70 2.49
      vertex 123.274 69.6411 2.49
    endloop
  endfacet
  facet normal 0.706343 0.0464699 -0.706343
    outer loop
      vertex 123.25 70 2.49
      vertex 120.805 69.316 0
      vertex 120.76 70 0
    endloop
  endfacet
  facet normal -0.227623 -0.670268 -0.706349
    outer loop
      vertex 127.052 72.5407 2.49
      vertex 127.356 75.0615 0
      vertex 128.005 74.8411 0
    endloop
  endfacet
  facet normal -0.227872 -0.670211 -0.706322
    outer loop
      vertex 127.356 75.0615 0
      vertex 127.052 72.5407 2.49
      vertex 126.712 72.6563 2.49
    endloop
  endfacet
  facet normal -0.466973 0.532059 -0.706293
    outer loop
      vertex 129.19 65.8428 0
      vertex 127.945 68.0555 2.49
      vertex 129.705 66.2948 0
    endloop
  endfacet
  facet normal -0.466186 0.532615 -0.706393
    outer loop
      vertex 127.945 68.0555 2.49
      vertex 129.19 65.8428 0
      vertex 127.674 67.8183 2.49
    endloop
  endfacet
  facet normal -0.466973 -0.532059 -0.706293
    outer loop
      vertex 127.945 71.9445 2.49
      vertex 129.19 74.1572 0
      vertex 129.705 73.7052 0
    endloop
  endfacet
  facet normal -0.466186 -0.532615 -0.706393
    outer loop
      vertex 127.945 71.9445 2.49
      vertex 127.674 72.1817 2.49
      vertex 129.19 74.1572 0
    endloop
  endfacet
  facet normal 0.393428 -0.588469 -0.706342
    outer loop
      vertex 124.326 72.1817 2.49
      vertex 123.38 74.538 0
      vertex 124.625 72.3816 2.49
    endloop
  endfacet
  facet normal 0.393214 -0.588581 -0.706367
    outer loop
      vertex 123.38 74.538 0
      vertex 124.326 72.1817 2.49
      vertex 122.81 74.1572 0
    endloop
  endfacet
  facet normal -0.393214 -0.588581 -0.706367
    outer loop
      vertex 127.674 72.1817 2.49
      vertex 128.62 74.538 0
      vertex 129.19 74.1572 0
    endloop
  endfacet
  facet normal -0.393428 -0.588469 -0.706342
    outer loop
      vertex 128.62 74.538 0
      vertex 127.674 72.1817 2.49
      vertex 127.375 72.3816 2.49
    endloop
  endfacet
  facet normal 0.046264 -0.706352 -0.706348
    outer loop
      vertex 126 75.24 0
      vertex 125.641 72.7265 2.49
      vertex 125.316 75.1952 0
    endloop
  endfacet
  facet normal 0.0462374 -0.706351 -0.706351
    outer loop
      vertex 125.641 72.7265 2.49
      vertex 126 75.24 0
      vertex 126 72.75 2.49
    endloop
  endfacet
  facet normal -0.138129 0.694262 -0.706343
    outer loop
      vertex 126.684 64.8048 0
      vertex 126.712 67.3437 2.49
      vertex 127.356 64.9385 0
    endloop
  endfacet
  facet normal -0.138067 0.694268 -0.70635
    outer loop
      vertex 126.712 67.3437 2.49
      vertex 126.684 64.8048 0
      vertex 126.359 67.2735 2.49
    endloop
  endfacet
  facet normal 0.466186 -0.532615 -0.706393
    outer loop
      vertex 124.055 71.9445 2.49
      vertex 122.81 74.1572 0
      vertex 124.326 72.1817 2.49
    endloop
  endfacet
  facet normal 0.466973 -0.532059 -0.706293
    outer loop
      vertex 122.81 74.1572 0
      vertex 124.055 71.9445 2.49
      vertex 122.295 73.7052 0
    endloop
  endfacet
  facet normal -0.31293 0.634945 -0.706343
    outer loop
      vertex 128.005 65.1589 0
      vertex 127.375 67.6184 2.49
      vertex 128.62 65.462 0
    endloop
  endfacet
  facet normal -0.312782 0.635 -0.706359
    outer loop
      vertex 127.375 67.6184 2.49
      vertex 128.005 65.1589 0
      vertex 127.052 67.4593 2.49
    endloop
  endfacet
  facet normal -0.670417 0.227225 -0.706336
    outer loop
      vertex 130.841 67.9947 0
      vertex 128.656 69.2882 2.49
      vertex 131.061 68.6438 0
    endloop
  endfacet
  facet normal -0.670762 0.226476 -0.706249
    outer loop
      vertex 128.656 69.2882 2.49
      vertex 130.841 67.9947 0
      vertex 128.541 68.9476 2.49
    endloop
  endfacet
  facet normal -0.588514 -0.393444 -0.706295
    outer loop
      vertex 128.382 71.375 2.49
      vertex 130.157 73.1899 0
      vertex 130.538 72.62 0
    endloop
  endfacet
  facet normal -0.588472 -0.393495 -0.706302
    outer loop
      vertex 128.382 71.375 2.49
      vertex 128.182 71.6741 2.49
      vertex 130.157 73.1899 0
    endloop
  endfacet
  facet normal -0.706343 0.0464699 -0.706343
    outer loop
      vertex 131.195 69.316 0
      vertex 128.75 70 2.49
      vertex 131.24 70 0
    endloop
  endfacet
  facet normal -0.706213 0.0472252 -0.706423
    outer loop
      vertex 128.75 70 2.49
      vertex 131.195 69.316 0
      vertex 128.726 69.6411 2.49
    endloop
  endfacet
  facet normal 0.393428 0.588469 -0.706342
    outer loop
      vertex 123.38 65.462 0
      vertex 124.326 67.8183 2.49
      vertex 124.625 67.6184 2.49
    endloop
  endfacet
  facet normal 0.393214 0.588581 -0.706367
    outer loop
      vertex 124.326 67.8183 2.49
      vertex 123.38 65.462 0
      vertex 122.81 65.8428 0
    endloop
  endfacet
  facet normal -0.694171 -0.13838 -0.706384
    outer loop
      vertex 128.726 70.3589 2.49
      vertex 131.061 71.3562 0
      vertex 131.195 70.684 0
    endloop
  endfacet
  facet normal -0.694372 -0.137733 -0.706313
    outer loop
      vertex 131.061 71.3562 0
      vertex 128.726 70.3589 2.49
      vertex 128.656 70.7118 2.49
    endloop
  endfacet
  facet normal -0.138129 -0.694262 -0.706343
    outer loop
      vertex 126.712 72.6563 2.49
      vertex 126.684 75.1952 0
      vertex 127.356 75.0615 0
    endloop
  endfacet
  facet normal -0.138067 -0.694268 -0.70635
    outer loop
      vertex 126.684 75.1952 0
      vertex 126.712 72.6563 2.49
      vertex 126.359 72.7265 2.49
    endloop
  endfacet
  facet normal 0.706213 -0.0472252 -0.706423
    outer loop
      vertex 123.25 70 2.49
      vertex 120.805 70.684 0
      vertex 123.274 70.3589 2.49
    endloop
  endfacet
  facet normal 0.706343 -0.0464699 -0.706343
    outer loop
      vertex 120.805 70.684 0
      vertex 123.25 70 2.49
      vertex 120.76 70 0
    endloop
  endfacet
  facet normal -0.227623 0.670268 -0.706349
    outer loop
      vertex 127.356 64.9385 0
      vertex 127.052 67.4593 2.49
      vertex 128.005 65.1589 0
    endloop
  endfacet
  facet normal -0.227872 0.670211 -0.706322
    outer loop
      vertex 127.052 67.4593 2.49
      vertex 127.356 64.9385 0
      vertex 126.712 67.3437 2.49
    endloop
  endfacet
  facet normal 0.466186 0.532615 -0.706393
    outer loop
      vertex 122.81 65.8428 0
      vertex 124.055 68.0555 2.49
      vertex 124.326 67.8183 2.49
    endloop
  endfacet
  facet normal 0.466973 0.532059 -0.706293
    outer loop
      vertex 124.055 68.0555 2.49
      vertex 122.81 65.8428 0
      vertex 122.295 66.2948 0
    endloop
  endfacet
  facet normal -0.31293 -0.634945 -0.706343
    outer loop
      vertex 127.375 72.3816 2.49
      vertex 128.005 74.8411 0
      vertex 128.62 74.538 0
    endloop
  endfacet
  facet normal -0.312782 -0.635 -0.706359
    outer loop
      vertex 128.005 74.8411 0
      vertex 127.375 72.3816 2.49
      vertex 127.052 72.5407 2.49
    endloop
  endfacet
  facet normal 0.227872 -0.670211 -0.706322
    outer loop
      vertex 124.948 72.5407 2.49
      vertex 124.644 75.0615 0
      vertex 125.288 72.6563 2.49
    endloop
  endfacet
  facet normal 0.227623 -0.670268 -0.706349
    outer loop
      vertex 124.644 75.0615 0
      vertex 124.948 72.5407 2.49
      vertex 123.995 74.8411 0
    endloop
  endfacet
  facet normal 0.694372 0.137733 -0.706313
    outer loop
      vertex 120.939 68.6438 0
      vertex 123.274 69.6411 2.49
      vertex 123.344 69.2882 2.49
    endloop
  endfacet
  facet normal 0.694171 0.13838 -0.706384
    outer loop
      vertex 123.274 69.6411 2.49
      vertex 120.939 68.6438 0
      vertex 120.805 69.316 0
    endloop
  endfacet
  facet normal -0.046264 0.706352 -0.706348
    outer loop
      vertex 126 64.76 0
      vertex 126.359 67.2735 2.49
      vertex 126.684 64.8048 0
    endloop
  endfacet
  facet normal -0.0462374 0.706351 -0.706351
    outer loop
      vertex 126.359 67.2735 2.49
      vertex 126 64.76 0
      vertex 126 67.25 2.49
    endloop
  endfacet
  facet normal -0.634968 -0.312991 -0.706295
    outer loop
      vertex 128.541 71.0524 2.49
      vertex 130.538 72.62 0
      vertex 130.841 72.0053 0
    endloop
  endfacet
  facet normal -0.634984 -0.312965 -0.706292
    outer loop
      vertex 130.538 72.62 0
      vertex 128.541 71.0524 2.49
      vertex 128.382 71.375 2.49
    endloop
  endfacet
  facet normal 0.312782 0.635 -0.706359
    outer loop
      vertex 123.995 65.1589 0
      vertex 124.625 67.6184 2.49
      vertex 124.948 67.4593 2.49
    endloop
  endfacet
  facet normal 0.31293 0.634945 -0.706343
    outer loop
      vertex 124.625 67.6184 2.49
      vertex 123.995 65.1589 0
      vertex 123.38 65.462 0
    endloop
  endfacet
  facet normal -0.588514 0.393444 -0.706295
    outer loop
      vertex 130.157 66.8101 0
      vertex 128.382 68.625 2.49
      vertex 130.538 67.38 0
    endloop
  endfacet
  facet normal -0.588472 0.393495 -0.706302
    outer loop
      vertex 128.182 68.3259 2.49
      vertex 128.382 68.625 2.49
      vertex 130.157 66.8101 0
    endloop
  endfacet
  facet normal -0.670417 -0.227225 -0.706336
    outer loop
      vertex 128.656 70.7118 2.49
      vertex 130.841 72.0053 0
      vertex 131.061 71.3562 0
    endloop
  endfacet
  facet normal -0.670762 -0.226476 -0.706249
    outer loop
      vertex 130.841 72.0053 0
      vertex 128.656 70.7118 2.49
      vertex 128.541 71.0524 2.49
    endloop
  endfacet
  facet normal -0.532191 0.466816 -0.706297
    outer loop
      vertex 129.705 66.2948 0
      vertex 128.182 68.3259 2.49
      vertex 130.157 66.8101 0
    endloop
  endfacet
  facet normal -0.532392 0.466631 -0.706268
    outer loop
      vertex 128.182 68.3259 2.49
      vertex 129.705 66.2948 0
      vertex 127.945 68.0555 2.49
    endloop
  endfacet
  facet normal 0.634984 0.312965 -0.706292
    outer loop
      vertex 121.462 67.38 0
      vertex 123.459 68.9476 2.49
      vertex 123.618 68.625 2.49
    endloop
  endfacet
  facet normal 0.634968 0.312991 -0.706295
    outer loop
      vertex 123.459 68.9476 2.49
      vertex 121.462 67.38 0
      vertex 121.159 67.9947 0
    endloop
  endfacet
  facet normal 0.670762 0.226476 -0.706249
    outer loop
      vertex 121.159 67.9947 0
      vertex 123.344 69.2882 2.49
      vertex 123.459 68.9476 2.49
    endloop
  endfacet
  facet normal 0.670417 0.227225 -0.706336
    outer loop
      vertex 123.344 69.2882 2.49
      vertex 121.159 67.9947 0
      vertex 120.939 68.6438 0
    endloop
  endfacet
  facet normal 0.195105 0.980782 -0
    outer loop
      vertex 8.23684 13.5607 8.4
      vertex 8.07648 13.5926 18.4
      vertex 8.23684 13.5607 18.4
    endloop
  endfacet
  facet normal 0.195105 0.980782 0
    outer loop
      vertex 8.07648 13.5926 18.4
      vertex 8.23684 13.5607 8.4
      vertex 8.07648 13.5926 8.4
    endloop
  endfacet
  facet normal -0.980768 -0.195175 0
    outer loop
      vertex 9.63931 14.9632 8.4
      vertex 9.60741 15.1235 18.4
      vertex 9.60741 15.1235 8.4
    endloop
  endfacet
  facet normal -0.980768 -0.195175 0
    outer loop
      vertex 9.60741 15.1235 18.4
      vertex 9.63931 14.9632 8.4
      vertex 9.63931 14.9632 18.4
    endloop
  endfacet
  facet normal -0.997862 -0.0653624 0
    outer loop
      vertex 9.65 14.8 8.4
      vertex 9.63931 14.9632 18.4
      vertex 9.63931 14.9632 8.4
    endloop
  endfacet
  facet normal -0.997862 -0.0653624 0
    outer loop
      vertex 9.63931 14.9632 18.4
      vertex 9.65 14.8 8.4
      vertex 9.65 14.8 18.4
    endloop
  endfacet
  facet normal 0.980768 -0.195175 0
    outer loop
      vertex 7.16069 14.9632 18.4
      vertex 7.19259 15.1235 8.4
      vertex 7.19259 15.1235 18.4
    endloop
  endfacet
  facet normal 0.980768 -0.195175 0
    outer loop
      vertex 7.19259 15.1235 8.4
      vertex 7.16069 14.9632 18.4
      vertex 7.16069 14.9632 8.4
    endloop
  endfacet
  facet normal 0.997862 -0.0653624 0
    outer loop
      vertex 7.15 14.8 18.4
      vertex 7.16069 14.9632 8.4
      vertex 7.16069 14.9632 18.4
    endloop
  endfacet
  facet normal 0.997862 -0.0653624 0
    outer loop
      vertex 7.16069 14.9632 8.4
      vertex 7.15 14.8 18.4
      vertex 7.15 14.8 8.4
    endloop
  endfacet
  facet normal -0.831561 -0.555434 0
    outer loop
      vertex 9.48253 15.425 8.4
      vertex 9.39169 15.561 18.4
      vertex 9.39169 15.561 8.4
    endloop
  endfacet
  facet normal -0.831561 -0.555434 0
    outer loop
      vertex 9.39169 15.561 18.4
      vertex 9.48253 15.425 8.4
      vertex 9.48253 15.425 18.4
    endloop
  endfacet
  facet normal -0.555406 0.831579 0
    outer loop
      vertex 9.16095 13.8083 8.4
      vertex 9.025 13.7175 18.4
      vertex 9.16095 13.8083 18.4
    endloop
  endfacet
  facet normal -0.555406 0.831579 0
    outer loop
      vertex 9.025 13.7175 18.4
      vertex 9.16095 13.8083 8.4
      vertex 9.025 13.7175 8.4
    endloop
  endfacet
  facet normal -0.896812 0.442411 0
    outer loop
      vertex 9.48253 14.175 8.4
      vertex 9.55485 14.3216 18.4
      vertex 9.55485 14.3216 8.4
    endloop
  endfacet
  facet normal -0.896812 0.442411 0
    outer loop
      vertex 9.55485 14.3216 18.4
      vertex 9.48253 14.175 8.4
      vertex 9.48253 14.175 18.4
    endloop
  endfacet
  facet normal -0.0654392 0.997857 0
    outer loop
      vertex 8.56316 13.5607 8.4
      vertex 8.4 13.55 18.4
      vertex 8.56316 13.5607 18.4
    endloop
  endfacet
  facet normal -0.0654392 0.997857 0
    outer loop
      vertex 8.4 13.55 18.4
      vertex 8.56316 13.5607 8.4
      vertex 8.4 13.55 8.4
    endloop
  endfacet
  facet normal -0.442191 0.896921 0
    outer loop
      vertex 9.025 13.7175 8.4
      vertex 8.87835 13.6452 18.4
      vertex 9.025 13.7175 18.4
    endloop
  endfacet
  facet normal -0.442191 0.896921 0
    outer loop
      vertex 8.87835 13.6452 18.4
      vertex 9.025 13.7175 8.4
      vertex 8.87835 13.6452 8.4
    endloop
  endfacet
  facet normal -0.997862 0.0653624 0
    outer loop
      vertex 9.63931 14.6368 8.4
      vertex 9.65 14.8 18.4
      vertex 9.65 14.8 8.4
    endloop
  endfacet
  facet normal -0.997862 0.0653624 0
    outer loop
      vertex 9.65 14.8 18.4
      vertex 9.63931 14.6368 8.4
      vertex 9.63931 14.6368 18.4
    endloop
  endfacet
  facet normal -0.321671 0.946851 0
    outer loop
      vertex 8.87835 13.6452 8.4
      vertex 8.72352 13.5926 18.4
      vertex 8.87835 13.6452 18.4
    endloop
  endfacet
  facet normal -0.321671 0.946851 0
    outer loop
      vertex 8.72352 13.5926 18.4
      vertex 8.87835 13.6452 8.4
      vertex 8.72352 13.5926 8.4
    endloop
  endfacet
  facet normal -0.555406 -0.831579 0
    outer loop
      vertex 9.025 15.8825 8.4
      vertex 9.16095 15.7917 18.4
      vertex 9.025 15.8825 18.4
    endloop
  endfacet
  facet normal -0.555406 -0.831579 -0
    outer loop
      vertex 9.16095 15.7917 18.4
      vertex 9.025 15.8825 8.4
      vertex 9.16095 15.7917 8.4
    endloop
  endfacet
  facet normal 0.442191 -0.896921 0
    outer loop
      vertex 7.775 15.8825 8.4
      vertex 7.92165 15.9548 18.4
      vertex 7.775 15.8825 18.4
    endloop
  endfacet
  facet normal 0.442191 -0.896921 0
    outer loop
      vertex 7.92165 15.9548 18.4
      vertex 7.775 15.8825 8.4
      vertex 7.92165 15.9548 8.4
    endloop
  endfacet
  facet normal -0.442191 -0.896921 0
    outer loop
      vertex 8.87835 15.9548 8.4
      vertex 9.025 15.8825 18.4
      vertex 8.87835 15.9548 18.4
    endloop
  endfacet
  facet normal -0.442191 -0.896921 -0
    outer loop
      vertex 9.025 15.8825 18.4
      vertex 8.87835 15.9548 8.4
      vertex 9.025 15.8825 8.4
    endloop
  endfacet
  facet normal 0.659323 0.75186 -0
    outer loop
      vertex 7.63905 13.8083 8.4
      vertex 7.51612 13.9161 18.4
      vertex 7.63905 13.8083 18.4
    endloop
  endfacet
  facet normal 0.659323 0.75186 0
    outer loop
      vertex 7.51612 13.9161 18.4
      vertex 7.63905 13.8083 8.4
      vertex 7.51612 13.9161 8.4
    endloop
  endfacet
  facet normal -0.75175 0.659448 0
    outer loop
      vertex 9.28388 13.9161 8.4
      vertex 9.39169 14.039 18.4
      vertex 9.39169 14.039 8.4
    endloop
  endfacet
  facet normal -0.75175 0.659448 0
    outer loop
      vertex 9.39169 14.039 18.4
      vertex 9.28388 13.9161 8.4
      vertex 9.28388 13.9161 18.4
    endloop
  endfacet
  facet normal 0.831561 0.555434 0
    outer loop
      vertex 7.40831 14.039 18.4
      vertex 7.31747 14.175 8.4
      vertex 7.31747 14.175 18.4
    endloop
  endfacet
  facet normal 0.831561 0.555434 0
    outer loop
      vertex 7.31747 14.175 8.4
      vertex 7.40831 14.039 18.4
      vertex 7.40831 14.039 8.4
    endloop
  endfacet
  facet normal 0.555406 -0.831579 0
    outer loop
      vertex 7.63905 15.7917 8.4
      vertex 7.775 15.8825 18.4
      vertex 7.63905 15.7917 18.4
    endloop
  endfacet
  facet normal 0.555406 -0.831579 0
    outer loop
      vertex 7.775 15.8825 18.4
      vertex 7.63905 15.7917 8.4
      vertex 7.775 15.8825 8.4
    endloop
  endfacet
  facet normal -0.831561 0.555434 0
    outer loop
      vertex 9.39169 14.039 8.4
      vertex 9.48253 14.175 18.4
      vertex 9.48253 14.175 8.4
    endloop
  endfacet
  facet normal -0.831561 0.555434 0
    outer loop
      vertex 9.48253 14.175 18.4
      vertex 9.39169 14.039 8.4
      vertex 9.39169 14.039 18.4
    endloop
  endfacet
  facet normal 0.831561 -0.555434 0
    outer loop
      vertex 7.31747 15.425 18.4
      vertex 7.40831 15.561 8.4
      vertex 7.40831 15.561 18.4
    endloop
  endfacet
  facet normal 0.831561 -0.555434 0
    outer loop
      vertex 7.40831 15.561 8.4
      vertex 7.31747 15.425 18.4
      vertex 7.31747 15.425 8.4
    endloop
  endfacet
  facet normal -0.94697 0.321322 0
    outer loop
      vertex 9.55485 14.3216 8.4
      vertex 9.60741 14.4765 18.4
      vertex 9.60741 14.4765 8.4
    endloop
  endfacet
  facet normal -0.94697 0.321322 0
    outer loop
      vertex 9.60741 14.4765 18.4
      vertex 9.55485 14.3216 8.4
      vertex 9.55485 14.3216 18.4
    endloop
  endfacet
  facet normal 0.555406 0.831579 -0
    outer loop
      vertex 7.775 13.7175 8.4
      vertex 7.63905 13.8083 18.4
      vertex 7.775 13.7175 18.4
    endloop
  endfacet
  facet normal 0.555406 0.831579 0
    outer loop
      vertex 7.63905 13.8083 18.4
      vertex 7.775 13.7175 8.4
      vertex 7.63905 13.8083 8.4
    endloop
  endfacet
  facet normal -0.321671 -0.946851 0
    outer loop
      vertex 8.72352 16.0074 8.4
      vertex 8.87835 15.9548 18.4
      vertex 8.72352 16.0074 18.4
    endloop
  endfacet
  facet normal -0.321671 -0.946851 -0
    outer loop
      vertex 8.87835 15.9548 18.4
      vertex 8.72352 16.0074 8.4
      vertex 8.87835 15.9548 8.4
    endloop
  endfacet
  facet normal -0.75175 -0.659448 0
    outer loop
      vertex 9.39169 15.561 8.4
      vertex 9.28388 15.6839 18.4
      vertex 9.28388 15.6839 8.4
    endloop
  endfacet
  facet normal -0.75175 -0.659448 0
    outer loop
      vertex 9.28388 15.6839 18.4
      vertex 9.39169 15.561 8.4
      vertex 9.39169 15.561 18.4
    endloop
  endfacet
  facet normal 0.980768 0.195175 0
    outer loop
      vertex 7.19259 14.4765 18.4
      vertex 7.16069 14.6368 8.4
      vertex 7.16069 14.6368 18.4
    endloop
  endfacet
  facet normal 0.980768 0.195175 0
    outer loop
      vertex 7.16069 14.6368 8.4
      vertex 7.19259 14.4765 18.4
      vertex 7.19259 14.4765 8.4
    endloop
  endfacet
  facet normal -0.195105 0.980782 0
    outer loop
      vertex 8.72352 13.5926 8.4
      vertex 8.56316 13.5607 18.4
      vertex 8.72352 13.5926 18.4
    endloop
  endfacet
  facet normal -0.195105 0.980782 0
    outer loop
      vertex 8.56316 13.5607 18.4
      vertex 8.72352 13.5926 8.4
      vertex 8.56316 13.5607 8.4
    endloop
  endfacet
  facet normal -0.195105 -0.980782 0
    outer loop
      vertex 8.56316 16.0393 8.4
      vertex 8.72352 16.0074 18.4
      vertex 8.56316 16.0393 18.4
    endloop
  endfacet
  facet normal -0.195105 -0.980782 -0
    outer loop
      vertex 8.72352 16.0074 18.4
      vertex 8.56316 16.0393 8.4
      vertex 8.72352 16.0074 8.4
    endloop
  endfacet
  facet normal 0.94697 0.321322 0
    outer loop
      vertex 7.24515 14.3216 18.4
      vertex 7.19259 14.4765 8.4
      vertex 7.19259 14.4765 18.4
    endloop
  endfacet
  facet normal 0.94697 0.321322 0
    outer loop
      vertex 7.19259 14.4765 8.4
      vertex 7.24515 14.3216 18.4
      vertex 7.24515 14.3216 8.4
    endloop
  endfacet
  facet normal 0.0654392 -0.997857 0
    outer loop
      vertex 8.23684 16.0393 8.4
      vertex 8.4 16.05 18.4
      vertex 8.23684 16.0393 18.4
    endloop
  endfacet
  facet normal 0.0654392 -0.997857 0
    outer loop
      vertex 8.4 16.05 18.4
      vertex 8.23684 16.0393 8.4
      vertex 8.4 16.05 8.4
    endloop
  endfacet
  facet normal 0.896812 0.442411 0
    outer loop
      vertex 7.31747 14.175 18.4
      vertex 7.24515 14.3216 8.4
      vertex 7.24515 14.3216 18.4
    endloop
  endfacet
  facet normal 0.896812 0.442411 0
    outer loop
      vertex 7.24515 14.3216 8.4
      vertex 7.31747 14.175 18.4
      vertex 7.31747 14.175 8.4
    endloop
  endfacet
  facet normal 0.195105 -0.980782 0
    outer loop
      vertex 8.07648 16.0074 8.4
      vertex 8.23684 16.0393 18.4
      vertex 8.07648 16.0074 18.4
    endloop
  endfacet
  facet normal 0.195105 -0.980782 0
    outer loop
      vertex 8.23684 16.0393 18.4
      vertex 8.07648 16.0074 8.4
      vertex 8.23684 16.0393 8.4
    endloop
  endfacet
  facet normal -0.896812 -0.442411 0
    outer loop
      vertex 9.55485 15.2784 8.4
      vertex 9.48253 15.425 18.4
      vertex 9.48253 15.425 8.4
    endloop
  endfacet
  facet normal -0.896812 -0.442411 0
    outer loop
      vertex 9.48253 15.425 18.4
      vertex 9.55485 15.2784 8.4
      vertex 9.55485 15.2784 18.4
    endloop
  endfacet
  facet normal 0.94697 -0.321322 0
    outer loop
      vertex 7.19259 15.1235 18.4
      vertex 7.24515 15.2784 8.4
      vertex 7.24515 15.2784 18.4
    endloop
  endfacet
  facet normal 0.94697 -0.321322 0
    outer loop
      vertex 7.24515 15.2784 8.4
      vertex 7.19259 15.1235 18.4
      vertex 7.19259 15.1235 8.4
    endloop
  endfacet
  facet normal -0.659323 -0.75186 0
    outer loop
      vertex 9.16095 15.7917 8.4
      vertex 9.28388 15.6839 18.4
      vertex 9.16095 15.7917 18.4
    endloop
  endfacet
  facet normal -0.659323 -0.75186 -0
    outer loop
      vertex 9.28388 15.6839 18.4
      vertex 9.16095 15.7917 8.4
      vertex 9.28388 15.6839 8.4
    endloop
  endfacet
  facet normal 0.997862 0.0653624 0
    outer loop
      vertex 7.16069 14.6368 18.4
      vertex 7.15 14.8 8.4
      vertex 7.15 14.8 18.4
    endloop
  endfacet
  facet normal 0.997862 0.0653624 0
    outer loop
      vertex 7.15 14.8 8.4
      vertex 7.16069 14.6368 18.4
      vertex 7.16069 14.6368 8.4
    endloop
  endfacet
  facet normal -0.0654392 -0.997857 0
    outer loop
      vertex 8.4 16.05 8.4
      vertex 8.56316 16.0393 18.4
      vertex 8.4 16.05 18.4
    endloop
  endfacet
  facet normal -0.0654392 -0.997857 -0
    outer loop
      vertex 8.56316 16.0393 18.4
      vertex 8.4 16.05 8.4
      vertex 8.56316 16.0393 8.4
    endloop
  endfacet
  facet normal -0.980768 0.195175 0
    outer loop
      vertex 9.60741 14.4765 8.4
      vertex 9.63931 14.6368 18.4
      vertex 9.63931 14.6368 8.4
    endloop
  endfacet
  facet normal -0.980768 0.195175 0
    outer loop
      vertex 9.63931 14.6368 18.4
      vertex 9.60741 14.4765 8.4
      vertex 9.60741 14.4765 18.4
    endloop
  endfacet
  facet normal 0.321671 -0.946851 0
    outer loop
      vertex 7.92165 15.9548 8.4
      vertex 8.07648 16.0074 18.4
      vertex 7.92165 15.9548 18.4
    endloop
  endfacet
  facet normal 0.321671 -0.946851 0
    outer loop
      vertex 8.07648 16.0074 18.4
      vertex 7.92165 15.9548 8.4
      vertex 8.07648 16.0074 8.4
    endloop
  endfacet
  facet normal -0.659323 0.75186 0
    outer loop
      vertex 9.28388 13.9161 8.4
      vertex 9.16095 13.8083 18.4
      vertex 9.28388 13.9161 18.4
    endloop
  endfacet
  facet normal -0.659323 0.75186 0
    outer loop
      vertex 9.16095 13.8083 18.4
      vertex 9.28388 13.9161 8.4
      vertex 9.16095 13.8083 8.4
    endloop
  endfacet
  facet normal 0.659323 -0.75186 0
    outer loop
      vertex 7.51612 15.6839 8.4
      vertex 7.63905 15.7917 18.4
      vertex 7.51612 15.6839 18.4
    endloop
  endfacet
  facet normal 0.659323 -0.75186 0
    outer loop
      vertex 7.63905 15.7917 18.4
      vertex 7.51612 15.6839 8.4
      vertex 7.63905 15.7917 8.4
    endloop
  endfacet
  facet normal -0.94697 -0.321322 0
    outer loop
      vertex 9.60741 15.1235 8.4
      vertex 9.55485 15.2784 18.4
      vertex 9.55485 15.2784 8.4
    endloop
  endfacet
  facet normal -0.94697 -0.321322 0
    outer loop
      vertex 9.55485 15.2784 18.4
      vertex 9.60741 15.1235 8.4
      vertex 9.60741 15.1235 18.4
    endloop
  endfacet
  facet normal 0.75175 -0.659448 0
    outer loop
      vertex 7.40831 15.561 18.4
      vertex 7.51612 15.6839 8.4
      vertex 7.51612 15.6839 18.4
    endloop
  endfacet
  facet normal 0.75175 -0.659448 0
    outer loop
      vertex 7.51612 15.6839 8.4
      vertex 7.40831 15.561 18.4
      vertex 7.40831 15.561 8.4
    endloop
  endfacet
  facet normal 0.896812 -0.442411 0
    outer loop
      vertex 7.24515 15.2784 18.4
      vertex 7.31747 15.425 8.4
      vertex 7.31747 15.425 18.4
    endloop
  endfacet
  facet normal 0.896812 -0.442411 0
    outer loop
      vertex 7.31747 15.425 8.4
      vertex 7.24515 15.2784 18.4
      vertex 7.24515 15.2784 8.4
    endloop
  endfacet
  facet normal 0.442191 0.896921 -0
    outer loop
      vertex 7.92165 13.6452 8.4
      vertex 7.775 13.7175 18.4
      vertex 7.92165 13.6452 18.4
    endloop
  endfacet
  facet normal 0.442191 0.896921 0
    outer loop
      vertex 7.775 13.7175 18.4
      vertex 7.92165 13.6452 8.4
      vertex 7.775 13.7175 8.4
    endloop
  endfacet
  facet normal 0.321671 0.946851 -0
    outer loop
      vertex 8.07648 13.5926 8.4
      vertex 7.92165 13.6452 18.4
      vertex 8.07648 13.5926 18.4
    endloop
  endfacet
  facet normal 0.321671 0.946851 0
    outer loop
      vertex 7.92165 13.6452 18.4
      vertex 8.07648 13.5926 8.4
      vertex 7.92165 13.6452 8.4
    endloop
  endfacet
  facet normal 0.75175 0.659448 0
    outer loop
      vertex 7.51612 13.9161 18.4
      vertex 7.40831 14.039 8.4
      vertex 7.40831 14.039 18.4
    endloop
  endfacet
  facet normal 0.75175 0.659448 0
    outer loop
      vertex 7.40831 14.039 8.4
      vertex 7.51612 13.9161 18.4
      vertex 7.51612 13.9161 8.4
    endloop
  endfacet
  facet normal 0.0654392 0.997857 -0
    outer loop
      vertex 8.4 13.55 8.4
      vertex 8.23684 13.5607 18.4
      vertex 8.4 13.55 18.4
    endloop
  endfacet
  facet normal 0.0654392 0.997857 0
    outer loop
      vertex 8.23684 13.5607 18.4
      vertex 8.4 13.55 8.4
      vertex 8.23684 13.5607 8.4
    endloop
  endfacet
  facet normal 0 0 1
    outer loop
      vertex 9.63931 14.9632 8.4
      vertex 9.63931 14.6368 8.4
      vertex 9.65 14.8 8.4
    endloop
  endfacet
  facet normal 0 0 1
    outer loop
      vertex 9.60741 15.1235 8.4
      vertex 9.63931 14.6368 8.4
      vertex 9.63931 14.9632 8.4
    endloop
  endfacet
  facet normal 0 0 1
    outer loop
      vertex 9.60741 15.1235 8.4
      vertex 9.60741 14.4765 8.4
      vertex 9.63931 14.6368 8.4
    endloop
  endfacet
  facet normal 0 0 1
    outer loop
      vertex 9.55485 15.2784 8.4
      vertex 9.60741 14.4765 8.4
      vertex 9.60741 15.1235 8.4
    endloop
  endfacet
  facet normal 0 0 1
    outer loop
      vertex 9.55485 15.2784 8.4
      vertex 9.55485 14.3216 8.4
      vertex 9.60741 14.4765 8.4
    endloop
  endfacet
  facet normal 0 0 1
    outer loop
      vertex 9.48253 15.425 8.4
      vertex 9.55485 14.3216 8.4
      vertex 9.55485 15.2784 8.4
    endloop
  endfacet
  facet normal 0 0 1
    outer loop
      vertex 9.48253 15.425 8.4
      vertex 9.48253 14.175 8.4
      vertex 9.55485 14.3216 8.4
    endloop
  endfacet
  facet normal 0 0 1
    outer loop
      vertex 9.39169 15.561 8.4
      vertex 9.48253 14.175 8.4
      vertex 9.48253 15.425 8.4
    endloop
  endfacet
  facet normal 0 0 1
    outer loop
      vertex 9.39169 15.561 8.4
      vertex 9.39169 14.039 8.4
      vertex 9.48253 14.175 8.4
    endloop
  endfacet
  facet normal 0 0 1
    outer loop
      vertex 9.28388 15.6839 8.4
      vertex 9.39169 14.039 8.4
      vertex 9.39169 15.561 8.4
    endloop
  endfacet
  facet normal 0 0 1
    outer loop
      vertex 9.28388 15.6839 8.4
      vertex 9.28388 13.9161 8.4
      vertex 9.39169 14.039 8.4
    endloop
  endfacet
  facet normal 0 0 1
    outer loop
      vertex 9.16095 15.7917 8.4
      vertex 9.28388 13.9161 8.4
      vertex 9.28388 15.6839 8.4
    endloop
  endfacet
  facet normal 0 0 1
    outer loop
      vertex 9.16095 15.7917 8.4
      vertex 9.16095 13.8083 8.4
      vertex 9.28388 13.9161 8.4
    endloop
  endfacet
  facet normal 0 0 1
    outer loop
      vertex 9.025 15.8825 8.4
      vertex 9.16095 13.8083 8.4
      vertex 9.16095 15.7917 8.4
    endloop
  endfacet
  facet normal 0 0 1
    outer loop
      vertex 9.025 15.8825 8.4
      vertex 9.025 13.7175 8.4
      vertex 9.16095 13.8083 8.4
    endloop
  endfacet
  facet normal 0 0 1
    outer loop
      vertex 8.87835 15.9548 8.4
      vertex 9.025 13.7175 8.4
      vertex 9.025 15.8825 8.4
    endloop
  endfacet
  facet normal 0 0 1
    outer loop
      vertex 8.87835 15.9548 8.4
      vertex 8.87835 13.6452 8.4
      vertex 9.025 13.7175 8.4
    endloop
  endfacet
  facet normal 0 0 1
    outer loop
      vertex 8.72352 16.0074 8.4
      vertex 8.87835 13.6452 8.4
      vertex 8.87835 15.9548 8.4
    endloop
  endfacet
  facet normal 0 0 1
    outer loop
      vertex 8.72352 16.0074 8.4
      vertex 8.72352 13.5926 8.4
      vertex 8.87835 13.6452 8.4
    endloop
  endfacet
  facet normal 0 0 1
    outer loop
      vertex 8.56316 16.0393 8.4
      vertex 8.72352 13.5926 8.4
      vertex 8.72352 16.0074 8.4
    endloop
  endfacet
  facet normal 0 0 1
    outer loop
      vertex 8.56316 16.0393 8.4
      vertex 8.56316 13.5607 8.4
      vertex 8.72352 13.5926 8.4
    endloop
  endfacet
  facet normal 0 0 1
    outer loop
      vertex 8.4 16.05 8.4
      vertex 8.56316 13.5607 8.4
      vertex 8.56316 16.0393 8.4
    endloop
  endfacet
  facet normal 0 0 1
    outer loop
      vertex 8.4 16.05 8.4
      vertex 8.4 13.55 8.4
      vertex 8.56316 13.5607 8.4
    endloop
  endfacet
  facet normal -0 0 1
    outer loop
      vertex 8.23684 16.0393 8.4
      vertex 8.4 13.55 8.4
      vertex 8.4 16.05 8.4
    endloop
  endfacet
  facet normal 0 0 1
    outer loop
      vertex 8.23684 16.0393 8.4
      vertex 8.23684 13.5607 8.4
      vertex 8.4 13.55 8.4
    endloop
  endfacet
  facet normal -0 0 1
    outer loop
      vertex 8.07648 16.0074 8.4
      vertex 8.23684 13.5607 8.4
      vertex 8.23684 16.0393 8.4
    endloop
  endfacet
  facet normal 0 0 1
    outer loop
      vertex 8.07648 16.0074 8.4
      vertex 8.07648 13.5926 8.4
      vertex 8.23684 13.5607 8.4
    endloop
  endfacet
  facet normal -0 0 1
    outer loop
      vertex 7.92165 15.9548 8.4
      vertex 8.07648 13.5926 8.4
      vertex 8.07648 16.0074 8.4
    endloop
  endfacet
  facet normal 0 0 1
    outer loop
      vertex 7.92165 15.9548 8.4
      vertex 7.92165 13.6452 8.4
      vertex 8.07648 13.5926 8.4
    endloop
  endfacet
  facet normal -0 0 1
    outer loop
      vertex 7.775 15.8825 8.4
      vertex 7.92165 13.6452 8.4
      vertex 7.92165 15.9548 8.4
    endloop
  endfacet
  facet normal 0 0 1
    outer loop
      vertex 7.775 15.8825 8.4
      vertex 7.775 13.7175 8.4
      vertex 7.92165 13.6452 8.4
    endloop
  endfacet
  facet normal -0 0 1
    outer loop
      vertex 7.63905 15.7917 8.4
      vertex 7.775 13.7175 8.4
      vertex 7.775 15.8825 8.4
    endloop
  endfacet
  facet normal 0 0 1
    outer loop
      vertex 7.63905 15.7917 8.4
      vertex 7.63905 13.8083 8.4
      vertex 7.775 13.7175 8.4
    endloop
  endfacet
  facet normal -0 0 1
    outer loop
      vertex 7.51612 15.6839 8.4
      vertex 7.63905 13.8083 8.4
      vertex 7.63905 15.7917 8.4
    endloop
  endfacet
  facet normal 0 0 1
    outer loop
      vertex 7.51612 15.6839 8.4
      vertex 7.51612 13.9161 8.4
      vertex 7.63905 13.8083 8.4
    endloop
  endfacet
  facet normal -0 0 1
    outer loop
      vertex 7.40831 15.561 8.4
      vertex 7.51612 13.9161 8.4
      vertex 7.51612 15.6839 8.4
    endloop
  endfacet
  facet normal 0 0 1
    outer loop
      vertex 7.40831 15.561 8.4
      vertex 7.40831 14.039 8.4
      vertex 7.51612 13.9161 8.4
    endloop
  endfacet
  facet normal -0 0 1
    outer loop
      vertex 7.31747 15.425 8.4
      vertex 7.40831 14.039 8.4
      vertex 7.40831 15.561 8.4
    endloop
  endfacet
  facet normal 0 0 1
    outer loop
      vertex 7.31747 15.425 8.4
      vertex 7.31747 14.175 8.4
      vertex 7.40831 14.039 8.4
    endloop
  endfacet
  facet normal -0 0 1
    outer loop
      vertex 7.24515 15.2784 8.4
      vertex 7.31747 14.175 8.4
      vertex 7.31747 15.425 8.4
    endloop
  endfacet
  facet normal 0 0 1
    outer loop
      vertex 7.24515 15.2784 8.4
      vertex 7.24515 14.3216 8.4
      vertex 7.31747 14.175 8.4
    endloop
  endfacet
  facet normal -0 0 1
    outer loop
      vertex 7.19259 15.1235 8.4
      vertex 7.24515 14.3216 8.4
      vertex 7.24515 15.2784 8.4
    endloop
  endfacet
  facet normal 0 0 1
    outer loop
      vertex 7.19259 15.1235 8.4
      vertex 7.19259 14.4765 8.4
      vertex 7.24515 14.3216 8.4
    endloop
  endfacet
  facet normal -0 0 1
    outer loop
      vertex 7.16069 14.9632 8.4
      vertex 7.19259 14.4765 8.4
      vertex 7.19259 15.1235 8.4
    endloop
  endfacet
  facet normal 0 0 1
    outer loop
      vertex 7.16069 14.9632 8.4
      vertex 7.16069 14.6368 8.4
      vertex 7.19259 14.4765 8.4
    endloop
  endfacet
  facet normal 0 -0 1
    outer loop
      vertex 7.16069 14.6368 8.4
      vertex 7.16069 14.9632 8.4
      vertex 7.15 14.8 8.4
    endloop
  endfacet
  facet normal 0.195105 0.980782 -0
    outer loop
      vertex 8.23684 91.5607 8.4
      vertex 8.07648 91.5926 18.4
      vertex 8.23684 91.5607 18.4
    endloop
  endfacet
  facet normal 0.195105 0.980782 0
    outer loop
      vertex 8.07648 91.5926 18.4
      vertex 8.23684 91.5607 8.4
      vertex 8.07648 91.5926 8.4
    endloop
  endfacet
  facet normal -0.980768 -0.195175 0
    outer loop
      vertex 9.63931 92.9632 8.4
      vertex 9.60741 93.1235 18.4
      vertex 9.60741 93.1235 8.4
    endloop
  endfacet
  facet normal -0.980768 -0.195175 0
    outer loop
      vertex 9.60741 93.1235 18.4
      vertex 9.63931 92.9632 8.4
      vertex 9.63931 92.9632 18.4
    endloop
  endfacet
  facet normal -0.997862 -0.0653624 0
    outer loop
      vertex 9.65 92.8 8.4
      vertex 9.63931 92.9632 18.4
      vertex 9.63931 92.9632 8.4
    endloop
  endfacet
  facet normal -0.997862 -0.0653624 0
    outer loop
      vertex 9.63931 92.9632 18.4
      vertex 9.65 92.8 8.4
      vertex 9.65 92.8 18.4
    endloop
  endfacet
  facet normal 0.980768 -0.195175 0
    outer loop
      vertex 7.16069 92.9632 18.4
      vertex 7.19259 93.1235 8.4
      vertex 7.19259 93.1235 18.4
    endloop
  endfacet
  facet normal 0.980768 -0.195175 0
    outer loop
      vertex 7.19259 93.1235 8.4
      vertex 7.16069 92.9632 18.4
      vertex 7.16069 92.9632 8.4
    endloop
  endfacet
  facet normal 0.997862 -0.0653624 0
    outer loop
      vertex 7.15 92.8 18.4
      vertex 7.16069 92.9632 8.4
      vertex 7.16069 92.9632 18.4
    endloop
  endfacet
  facet normal 0.997862 -0.0653624 0
    outer loop
      vertex 7.16069 92.9632 8.4
      vertex 7.15 92.8 18.4
      vertex 7.15 92.8 8.4
    endloop
  endfacet
  facet normal -0.831561 -0.555434 0
    outer loop
      vertex 9.48253 93.425 8.4
      vertex 9.39169 93.561 18.4
      vertex 9.39169 93.561 8.4
    endloop
  endfacet
  facet normal -0.831561 -0.555434 0
    outer loop
      vertex 9.39169 93.561 18.4
      vertex 9.48253 93.425 8.4
      vertex 9.48253 93.425 18.4
    endloop
  endfacet
  facet normal -0.555406 0.831579 0
    outer loop
      vertex 9.16095 91.8083 8.4
      vertex 9.025 91.7175 18.4
      vertex 9.16095 91.8083 18.4
    endloop
  endfacet
  facet normal -0.555406 0.831579 0
    outer loop
      vertex 9.025 91.7175 18.4
      vertex 9.16095 91.8083 8.4
      vertex 9.025 91.7175 8.4
    endloop
  endfacet
  facet normal -0.896812 0.442411 0
    outer loop
      vertex 9.48253 92.175 8.4
      vertex 9.55485 92.3216 18.4
      vertex 9.55485 92.3216 8.4
    endloop
  endfacet
  facet normal -0.896812 0.442411 0
    outer loop
      vertex 9.55485 92.3216 18.4
      vertex 9.48253 92.175 8.4
      vertex 9.48253 92.175 18.4
    endloop
  endfacet
  facet normal -0.0654392 0.997857 0
    outer loop
      vertex 8.56316 91.5607 8.4
      vertex 8.4 91.55 18.4
      vertex 8.56316 91.5607 18.4
    endloop
  endfacet
  facet normal -0.0654392 0.997857 0
    outer loop
      vertex 8.4 91.55 18.4
      vertex 8.56316 91.5607 8.4
      vertex 8.4 91.55 8.4
    endloop
  endfacet
  facet normal -0.442683 0.896678 0
    outer loop
      vertex 9.025 91.7175 8.4
      vertex 8.87835 91.6451 18.4
      vertex 9.025 91.7175 18.4
    endloop
  endfacet
  facet normal -0.442683 0.896678 0
    outer loop
      vertex 8.87835 91.6451 18.4
      vertex 9.025 91.7175 8.4
      vertex 8.87835 91.6451 8.4
    endloop
  endfacet
  facet normal -0.997862 0.0653624 0
    outer loop
      vertex 9.63931 92.6368 8.4
      vertex 9.65 92.8 18.4
      vertex 9.65 92.8 8.4
    endloop
  endfacet
  facet normal -0.997862 0.0653624 0
    outer loop
      vertex 9.65 92.8 18.4
      vertex 9.63931 92.6368 8.4
      vertex 9.63931 92.6368 18.4
    endloop
  endfacet
  facet normal -0.321123 0.947038 0
    outer loop
      vertex 8.87835 91.6451 8.4
      vertex 8.72352 91.5926 18.4
      vertex 8.87835 91.6451 18.4
    endloop
  endfacet
  facet normal -0.321123 0.947038 0
    outer loop
      vertex 8.72352 91.5926 18.4
      vertex 8.87835 91.6451 8.4
      vertex 8.72352 91.5926 8.4
    endloop
  endfacet
  facet normal -0.555406 -0.831579 0
    outer loop
      vertex 9.025 93.8825 8.4
      vertex 9.16095 93.7917 18.4
      vertex 9.025 93.8825 18.4
    endloop
  endfacet
  facet normal -0.555406 -0.831579 -0
    outer loop
      vertex 9.16095 93.7917 18.4
      vertex 9.025 93.8825 8.4
      vertex 9.16095 93.7917 8.4
    endloop
  endfacet
  facet normal 0.442191 -0.896921 0
    outer loop
      vertex 7.775 93.8825 8.4
      vertex 7.92165 93.9548 18.4
      vertex 7.775 93.8825 18.4
    endloop
  endfacet
  facet normal 0.442191 -0.896921 0
    outer loop
      vertex 7.92165 93.9548 18.4
      vertex 7.775 93.8825 8.4
      vertex 7.92165 93.9548 8.4
    endloop
  endfacet
  facet normal -0.442191 -0.896921 0
    outer loop
      vertex 8.87835 93.9548 8.4
      vertex 9.025 93.8825 18.4
      vertex 8.87835 93.9548 18.4
    endloop
  endfacet
  facet normal -0.442191 -0.896921 -0
    outer loop
      vertex 9.025 93.8825 18.4
      vertex 8.87835 93.9548 8.4
      vertex 9.025 93.8825 8.4
    endloop
  endfacet
  facet normal 0.659323 0.75186 -0
    outer loop
      vertex 7.63905 91.8083 8.4
      vertex 7.51612 91.9161 18.4
      vertex 7.63905 91.8083 18.4
    endloop
  endfacet
  facet normal 0.659323 0.75186 0
    outer loop
      vertex 7.51612 91.9161 18.4
      vertex 7.63905 91.8083 8.4
      vertex 7.51612 91.9161 8.4
    endloop
  endfacet
  facet normal -0.75175 0.659448 0
    outer loop
      vertex 9.28388 91.9161 8.4
      vertex 9.39169 92.039 18.4
      vertex 9.39169 92.039 8.4
    endloop
  endfacet
  facet normal -0.75175 0.659448 0
    outer loop
      vertex 9.39169 92.039 18.4
      vertex 9.28388 91.9161 8.4
      vertex 9.28388 91.9161 18.4
    endloop
  endfacet
  facet normal 0.831561 0.555434 0
    outer loop
      vertex 7.40831 92.039 18.4
      vertex 7.31747 92.175 8.4
      vertex 7.31747 92.175 18.4
    endloop
  endfacet
  facet normal 0.831561 0.555434 0
    outer loop
      vertex 7.31747 92.175 8.4
      vertex 7.40831 92.039 18.4
      vertex 7.40831 92.039 8.4
    endloop
  endfacet
  facet normal 0.555406 -0.831579 0
    outer loop
      vertex 7.63905 93.7917 8.4
      vertex 7.775 93.8825 18.4
      vertex 7.63905 93.7917 18.4
    endloop
  endfacet
  facet normal 0.555406 -0.831579 0
    outer loop
      vertex 7.775 93.8825 18.4
      vertex 7.63905 93.7917 8.4
      vertex 7.775 93.8825 8.4
    endloop
  endfacet
  facet normal -0.831561 0.555434 0
    outer loop
      vertex 9.39169 92.039 8.4
      vertex 9.48253 92.175 18.4
      vertex 9.48253 92.175 8.4
    endloop
  endfacet
  facet normal -0.831561 0.555434 0
    outer loop
      vertex 9.48253 92.175 18.4
      vertex 9.39169 92.039 8.4
      vertex 9.39169 92.039 18.4
    endloop
  endfacet
  facet normal 0.831561 -0.555434 0
    outer loop
      vertex 7.31747 93.425 18.4
      vertex 7.40831 93.561 8.4
      vertex 7.40831 93.561 18.4
    endloop
  endfacet
  facet normal 0.831561 -0.555434 0
    outer loop
      vertex 7.40831 93.561 8.4
      vertex 7.31747 93.425 18.4
      vertex 7.31747 93.425 8.4
    endloop
  endfacet
  facet normal -0.94697 0.321322 0
    outer loop
      vertex 9.55485 92.3216 8.4
      vertex 9.60741 92.4765 18.4
      vertex 9.60741 92.4765 8.4
    endloop
  endfacet
  facet normal -0.94697 0.321322 0
    outer loop
      vertex 9.60741 92.4765 18.4
      vertex 9.55485 92.3216 8.4
      vertex 9.55485 92.3216 18.4
    endloop
  endfacet
  facet normal 0.555406 0.831579 -0
    outer loop
      vertex 7.775 91.7175 8.4
      vertex 7.63905 91.8083 18.4
      vertex 7.775 91.7175 18.4
    endloop
  endfacet
  facet normal 0.555406 0.831579 0
    outer loop
      vertex 7.63905 91.8083 18.4
      vertex 7.775 91.7175 8.4
      vertex 7.63905 91.8083 8.4
    endloop
  endfacet
  facet normal -0.321671 -0.946851 0
    outer loop
      vertex 8.72352 94.0074 8.4
      vertex 8.87835 93.9548 18.4
      vertex 8.72352 94.0074 18.4
    endloop
  endfacet
  facet normal -0.321671 -0.946851 -0
    outer loop
      vertex 8.87835 93.9548 18.4
      vertex 8.72352 94.0074 8.4
      vertex 8.87835 93.9548 8.4
    endloop
  endfacet
  facet normal -0.75175 -0.659448 0
    outer loop
      vertex 9.39169 93.561 8.4
      vertex 9.28388 93.6839 18.4
      vertex 9.28388 93.6839 8.4
    endloop
  endfacet
  facet normal -0.75175 -0.659448 0
    outer loop
      vertex 9.28388 93.6839 18.4
      vertex 9.39169 93.561 8.4
      vertex 9.39169 93.561 18.4
    endloop
  endfacet
  facet normal 0.980768 0.195175 0
    outer loop
      vertex 7.19259 92.4765 18.4
      vertex 7.16069 92.6368 8.4
      vertex 7.16069 92.6368 18.4
    endloop
  endfacet
  facet normal 0.980768 0.195175 0
    outer loop
      vertex 7.16069 92.6368 8.4
      vertex 7.19259 92.4765 18.4
      vertex 7.19259 92.4765 8.4
    endloop
  endfacet
  facet normal -0.195105 0.980782 0
    outer loop
      vertex 8.72352 91.5926 8.4
      vertex 8.56316 91.5607 18.4
      vertex 8.72352 91.5926 18.4
    endloop
  endfacet
  facet normal -0.195105 0.980782 0
    outer loop
      vertex 8.56316 91.5607 18.4
      vertex 8.72352 91.5926 8.4
      vertex 8.56316 91.5607 8.4
    endloop
  endfacet
  facet normal -0.195105 -0.980782 0
    outer loop
      vertex 8.56316 94.0393 8.4
      vertex 8.72352 94.0074 18.4
      vertex 8.56316 94.0393 18.4
    endloop
  endfacet
  facet normal -0.195105 -0.980782 -0
    outer loop
      vertex 8.72352 94.0074 18.4
      vertex 8.56316 94.0393 8.4
      vertex 8.72352 94.0074 8.4
    endloop
  endfacet
  facet normal 0.94697 0.321322 0
    outer loop
      vertex 7.24515 92.3216 18.4
      vertex 7.19259 92.4765 8.4
      vertex 7.19259 92.4765 18.4
    endloop
  endfacet
  facet normal 0.94697 0.321322 0
    outer loop
      vertex 7.19259 92.4765 8.4
      vertex 7.24515 92.3216 18.4
      vertex 7.24515 92.3216 8.4
    endloop
  endfacet
  facet normal -0.659323 -0.75186 0
    outer loop
      vertex 9.16095 93.7917 8.4
      vertex 9.28388 93.6839 18.4
      vertex 9.16095 93.7917 18.4
    endloop
  endfacet
  facet normal -0.659323 -0.75186 -0
    outer loop
      vertex 9.28388 93.6839 18.4
      vertex 9.16095 93.7917 8.4
      vertex 9.28388 93.6839 8.4
    endloop
  endfacet
  facet normal 0.0654392 -0.997857 0
    outer loop
      vertex 8.23684 94.0393 8.4
      vertex 8.4 94.05 18.4
      vertex 8.23684 94.0393 18.4
    endloop
  endfacet
  facet normal 0.0654392 -0.997857 0
    outer loop
      vertex 8.4 94.05 18.4
      vertex 8.23684 94.0393 8.4
      vertex 8.4 94.05 8.4
    endloop
  endfacet
  facet normal 0.321123 0.947038 -0
    outer loop
      vertex 8.07648 91.5926 8.4
      vertex 7.92165 91.6451 18.4
      vertex 8.07648 91.5926 18.4
    endloop
  endfacet
  facet normal 0.321123 0.947038 0
    outer loop
      vertex 7.92165 91.6451 18.4
      vertex 8.07648 91.5926 8.4
      vertex 7.92165 91.6451 8.4
    endloop
  endfacet
  facet normal 0.896812 0.442411 0
    outer loop
      vertex 7.31747 92.175 18.4
      vertex 7.24515 92.3216 8.4
      vertex 7.24515 92.3216 18.4
    endloop
  endfacet
  facet normal 0.896812 0.442411 0
    outer loop
      vertex 7.24515 92.3216 8.4
      vertex 7.31747 92.175 18.4
      vertex 7.31747 92.175 8.4
    endloop
  endfacet
  facet normal 0.195105 -0.980782 0
    outer loop
      vertex 8.07648 94.0074 8.4
      vertex 8.23684 94.0393 18.4
      vertex 8.07648 94.0074 18.4
    endloop
  endfacet
  facet normal 0.195105 -0.980782 0
    outer loop
      vertex 8.23684 94.0393 18.4
      vertex 8.07648 94.0074 8.4
      vertex 8.23684 94.0393 8.4
    endloop
  endfacet
  facet normal -0.896812 -0.442411 0
    outer loop
      vertex 9.55485 93.2784 8.4
      vertex 9.48253 93.425 18.4
      vertex 9.48253 93.425 8.4
    endloop
  endfacet
  facet normal -0.896812 -0.442411 0
    outer loop
      vertex 9.48253 93.425 18.4
      vertex 9.55485 93.2784 8.4
      vertex 9.55485 93.2784 18.4
    endloop
  endfacet
  facet normal 0.94697 -0.321322 0
    outer loop
      vertex 7.19259 93.1235 18.4
      vertex 7.24515 93.2784 8.4
      vertex 7.24515 93.2784 18.4
    endloop
  endfacet
  facet normal 0.94697 -0.321322 0
    outer loop
      vertex 7.24515 93.2784 8.4
      vertex 7.19259 93.1235 18.4
      vertex 7.19259 93.1235 8.4
    endloop
  endfacet
  facet normal 0.997862 0.0653624 0
    outer loop
      vertex 7.16069 92.6368 18.4
      vertex 7.15 92.8 8.4
      vertex 7.15 92.8 18.4
    endloop
  endfacet
  facet normal 0.997862 0.0653624 0
    outer loop
      vertex 7.15 92.8 8.4
      vertex 7.16069 92.6368 18.4
      vertex 7.16069 92.6368 8.4
    endloop
  endfacet
  facet normal -0.0654392 -0.997857 0
    outer loop
      vertex 8.4 94.05 8.4
      vertex 8.56316 94.0393 18.4
      vertex 8.4 94.05 18.4
    endloop
  endfacet
  facet normal -0.0654392 -0.997857 -0
    outer loop
      vertex 8.56316 94.0393 18.4
      vertex 8.4 94.05 8.4
      vertex 8.56316 94.0393 8.4
    endloop
  endfacet
  facet normal -0.980768 0.195175 0
    outer loop
      vertex 9.60741 92.4765 8.4
      vertex 9.63931 92.6368 18.4
      vertex 9.63931 92.6368 8.4
    endloop
  endfacet
  facet normal -0.980768 0.195175 0
    outer loop
      vertex 9.63931 92.6368 18.4
      vertex 9.60741 92.4765 8.4
      vertex 9.60741 92.4765 18.4
    endloop
  endfacet
  facet normal 0.321671 -0.946851 0
    outer loop
      vertex 7.92165 93.9548 8.4
      vertex 8.07648 94.0074 18.4
      vertex 7.92165 93.9548 18.4
    endloop
  endfacet
  facet normal 0.321671 -0.946851 0
    outer loop
      vertex 8.07648 94.0074 18.4
      vertex 7.92165 93.9548 8.4
      vertex 8.07648 94.0074 8.4
    endloop
  endfacet
  facet normal -0.659323 0.75186 0
    outer loop
      vertex 9.28388 91.9161 8.4
      vertex 9.16095 91.8083 18.4
      vertex 9.28388 91.9161 18.4
    endloop
  endfacet
  facet normal -0.659323 0.75186 0
    outer loop
      vertex 9.16095 91.8083 18.4
      vertex 9.28388 91.9161 8.4
      vertex 9.16095 91.8083 8.4
    endloop
  endfacet
  facet normal 0.659323 -0.75186 0
    outer loop
      vertex 7.51612 93.6839 8.4
      vertex 7.63905 93.7917 18.4
      vertex 7.51612 93.6839 18.4
    endloop
  endfacet
  facet normal 0.659323 -0.75186 0
    outer loop
      vertex 7.63905 93.7917 18.4
      vertex 7.51612 93.6839 8.4
      vertex 7.63905 93.7917 8.4
    endloop
  endfacet
  facet normal -0.94697 -0.321322 0
    outer loop
      vertex 9.60741 93.1235 8.4
      vertex 9.55485 93.2784 18.4
      vertex 9.55485 93.2784 8.4
    endloop
  endfacet
  facet normal -0.94697 -0.321322 0
    outer loop
      vertex 9.55485 93.2784 18.4
      vertex 9.60741 93.1235 8.4
      vertex 9.60741 93.1235 18.4
    endloop
  endfacet
  facet normal 0.75175 -0.659448 0
    outer loop
      vertex 7.40831 93.561 18.4
      vertex 7.51612 93.6839 8.4
      vertex 7.51612 93.6839 18.4
    endloop
  endfacet
  facet normal 0.75175 -0.659448 0
    outer loop
      vertex 7.51612 93.6839 8.4
      vertex 7.40831 93.561 18.4
      vertex 7.40831 93.561 8.4
    endloop
  endfacet
  facet normal 0.896812 -0.442411 0
    outer loop
      vertex 7.24515 93.2784 18.4
      vertex 7.31747 93.425 8.4
      vertex 7.31747 93.425 18.4
    endloop
  endfacet
  facet normal 0.896812 -0.442411 0
    outer loop
      vertex 7.31747 93.425 8.4
      vertex 7.24515 93.2784 18.4
      vertex 7.24515 93.2784 8.4
    endloop
  endfacet
  facet normal 0.442683 0.896678 -0
    outer loop
      vertex 7.92165 91.6451 8.4
      vertex 7.775 91.7175 18.4
      vertex 7.92165 91.6451 18.4
    endloop
  endfacet
  facet normal 0.442683 0.896678 0
    outer loop
      vertex 7.775 91.7175 18.4
      vertex 7.92165 91.6451 8.4
      vertex 7.775 91.7175 8.4
    endloop
  endfacet
  facet normal 0.75175 0.659448 0
    outer loop
      vertex 7.51612 91.9161 18.4
      vertex 7.40831 92.039 8.4
      vertex 7.40831 92.039 18.4
    endloop
  endfacet
  facet normal 0.75175 0.659448 0
    outer loop
      vertex 7.40831 92.039 8.4
      vertex 7.51612 91.9161 18.4
      vertex 7.51612 91.9161 8.4
    endloop
  endfacet
  facet normal 0.0654392 0.997857 -0
    outer loop
      vertex 8.4 91.55 8.4
      vertex 8.23684 91.5607 18.4
      vertex 8.4 91.55 18.4
    endloop
  endfacet
  facet normal 0.0654392 0.997857 0
    outer loop
      vertex 8.23684 91.5607 18.4
      vertex 8.4 91.55 8.4
      vertex 8.23684 91.5607 8.4
    endloop
  endfacet
  facet normal 0 0 1
    outer loop
      vertex 9.63931 92.9632 8.4
      vertex 9.63931 92.6368 8.4
      vertex 9.65 92.8 8.4
    endloop
  endfacet
  facet normal 0 0 1
    outer loop
      vertex 9.60741 93.1235 8.4
      vertex 9.63931 92.6368 8.4
      vertex 9.63931 92.9632 8.4
    endloop
  endfacet
  facet normal 0 0 1
    outer loop
      vertex 9.60741 93.1235 8.4
      vertex 9.60741 92.4765 8.4
      vertex 9.63931 92.6368 8.4
    endloop
  endfacet
  facet normal 0 0 1
    outer loop
      vertex 9.55485 93.2784 8.4
      vertex 9.60741 92.4765 8.4
      vertex 9.60741 93.1235 8.4
    endloop
  endfacet
  facet normal 0 0 1
    outer loop
      vertex 9.55485 93.2784 8.4
      vertex 9.55485 92.3216 8.4
      vertex 9.60741 92.4765 8.4
    endloop
  endfacet
  facet normal 0 0 1
    outer loop
      vertex 9.48253 93.425 8.4
      vertex 9.55485 92.3216 8.4
      vertex 9.55485 93.2784 8.4
    endloop
  endfacet
  facet normal 0 0 1
    outer loop
      vertex 9.48253 93.425 8.4
      vertex 9.48253 92.175 8.4
      vertex 9.55485 92.3216 8.4
    endloop
  endfacet
  facet normal 0 0 1
    outer loop
      vertex 9.39169 93.561 8.4
      vertex 9.48253 92.175 8.4
      vertex 9.48253 93.425 8.4
    endloop
  endfacet
  facet normal 0 0 1
    outer loop
      vertex 9.39169 93.561 8.4
      vertex 9.39169 92.039 8.4
      vertex 9.48253 92.175 8.4
    endloop
  endfacet
  facet normal 0 0 1
    outer loop
      vertex 9.28388 93.6839 8.4
      vertex 9.39169 92.039 8.4
      vertex 9.39169 93.561 8.4
    endloop
  endfacet
  facet normal 0 0 1
    outer loop
      vertex 9.28388 93.6839 8.4
      vertex 9.28388 91.9161 8.4
      vertex 9.39169 92.039 8.4
    endloop
  endfacet
  facet normal 0 0 1
    outer loop
      vertex 9.16095 93.7917 8.4
      vertex 9.28388 91.9161 8.4
      vertex 9.28388 93.6839 8.4
    endloop
  endfacet
  facet normal 0 0 1
    outer loop
      vertex 9.16095 93.7917 8.4
      vertex 9.16095 91.8083 8.4
      vertex 9.28388 91.9161 8.4
    endloop
  endfacet
  facet normal 0 0 1
    outer loop
      vertex 9.025 93.8825 8.4
      vertex 9.16095 91.8083 8.4
      vertex 9.16095 93.7917 8.4
    endloop
  endfacet
  facet normal 0 0 1
    outer loop
      vertex 9.025 93.8825 8.4
      vertex 9.025 91.7175 8.4
      vertex 9.16095 91.8083 8.4
    endloop
  endfacet
  facet normal 0 0 1
    outer loop
      vertex 8.87835 93.9548 8.4
      vertex 9.025 91.7175 8.4
      vertex 9.025 93.8825 8.4
    endloop
  endfacet
  facet normal 0 0 1
    outer loop
      vertex 8.87835 93.9548 8.4
      vertex 8.87835 91.6451 8.4
      vertex 9.025 91.7175 8.4
    endloop
  endfacet
  facet normal 0 0 1
    outer loop
      vertex 8.72352 94.0074 8.4
      vertex 8.87835 91.6451 8.4
      vertex 8.87835 93.9548 8.4
    endloop
  endfacet
  facet normal 0 0 1
    outer loop
      vertex 8.72352 94.0074 8.4
      vertex 8.72352 91.5926 8.4
      vertex 8.87835 91.6451 8.4
    endloop
  endfacet
  facet normal 0 0 1
    outer loop
      vertex 8.56316 94.0393 8.4
      vertex 8.72352 91.5926 8.4
      vertex 8.72352 94.0074 8.4
    endloop
  endfacet
  facet normal 0 0 1
    outer loop
      vertex 8.56316 94.0393 8.4
      vertex 8.56316 91.5607 8.4
      vertex 8.72352 91.5926 8.4
    endloop
  endfacet
  facet normal 0 0 1
    outer loop
      vertex 8.4 94.05 8.4
      vertex 8.56316 91.5607 8.4
      vertex 8.56316 94.0393 8.4
    endloop
  endfacet
  facet normal 0 0 1
    outer loop
      vertex 8.4 94.05 8.4
      vertex 8.4 91.55 8.4
      vertex 8.56316 91.5607 8.4
    endloop
  endfacet
  facet normal -0 0 1
    outer loop
      vertex 8.23684 94.0393 8.4
      vertex 8.4 91.55 8.4
      vertex 8.4 94.05 8.4
    endloop
  endfacet
  facet normal 0 0 1
    outer loop
      vertex 8.23684 94.0393 8.4
      vertex 8.23684 91.5607 8.4
      vertex 8.4 91.55 8.4
    endloop
  endfacet
  facet normal -0 0 1
    outer loop
      vertex 8.07648 94.0074 8.4
      vertex 8.23684 91.5607 8.4
      vertex 8.23684 94.0393 8.4
    endloop
  endfacet
  facet normal 0 0 1
    outer loop
      vertex 8.07648 94.0074 8.4
      vertex 8.07648 91.5926 8.4
      vertex 8.23684 91.5607 8.4
    endloop
  endfacet
  facet normal -0 0 1
    outer loop
      vertex 7.92165 93.9548 8.4
      vertex 8.07648 91.5926 8.4
      vertex 8.07648 94.0074 8.4
    endloop
  endfacet
  facet normal 0 0 1
    outer loop
      vertex 7.92165 93.9548 8.4
      vertex 7.92165 91.6451 8.4
      vertex 8.07648 91.5926 8.4
    endloop
  endfacet
  facet normal -0 0 1
    outer loop
      vertex 7.775 93.8825 8.4
      vertex 7.92165 91.6451 8.4
      vertex 7.92165 93.9548 8.4
    endloop
  endfacet
  facet normal 0 0 1
    outer loop
      vertex 7.775 93.8825 8.4
      vertex 7.775 91.7175 8.4
      vertex 7.92165 91.6451 8.4
    endloop
  endfacet
  facet normal -0 0 1
    outer loop
      vertex 7.63905 93.7917 8.4
      vertex 7.775 91.7175 8.4
      vertex 7.775 93.8825 8.4
    endloop
  endfacet
  facet normal 0 0 1
    outer loop
      vertex 7.63905 93.7917 8.4
      vertex 7.63905 91.8083 8.4
      vertex 7.775 91.7175 8.4
    endloop
  endfacet
  facet normal -0 0 1
    outer loop
      vertex 7.51612 93.6839 8.4
      vertex 7.63905 91.8083 8.4
      vertex 7.63905 93.7917 8.4
    endloop
  endfacet
  facet normal 0 0 1
    outer loop
      vertex 7.51612 93.6839 8.4
      vertex 7.51612 91.9161 8.4
      vertex 7.63905 91.8083 8.4
    endloop
  endfacet
  facet normal -0 0 1
    outer loop
      vertex 7.40831 93.561 8.4
      vertex 7.51612 91.9161 8.4
      vertex 7.51612 93.6839 8.4
    endloop
  endfacet
  facet normal 0 0 1
    outer loop
      vertex 7.40831 93.561 8.4
      vertex 7.40831 92.039 8.4
      vertex 7.51612 91.9161 8.4
    endloop
  endfacet
  facet normal -0 0 1
    outer loop
      vertex 7.31747 93.425 8.4
      vertex 7.40831 92.039 8.4
      vertex 7.40831 93.561 8.4
    endloop
  endfacet
  facet normal 0 0 1
    outer loop
      vertex 7.31747 93.425 8.4
      vertex 7.31747 92.175 8.4
      vertex 7.40831 92.039 8.4
    endloop
  endfacet
  facet normal -0 0 1
    outer loop
      vertex 7.24515 93.2784 8.4
      vertex 7.31747 92.175 8.4
      vertex 7.31747 93.425 8.4
    endloop
  endfacet
  facet normal 0 0 1
    outer loop
      vertex 7.24515 93.2784 8.4
      vertex 7.24515 92.3216 8.4
      vertex 7.31747 92.175 8.4
    endloop
  endfacet
  facet normal -0 0 1
    outer loop
      vertex 7.19259 93.1235 8.4
      vertex 7.24515 92.3216 8.4
      vertex 7.24515 93.2784 8.4
    endloop
  endfacet
  facet normal 0 0 1
    outer loop
      vertex 7.19259 93.1235 8.4
      vertex 7.19259 92.4765 8.4
      vertex 7.24515 92.3216 8.4
    endloop
  endfacet
  facet normal -0 0 1
    outer loop
      vertex 7.16069 92.9632 8.4
      vertex 7.19259 92.4765 8.4
      vertex 7.19259 93.1235 8.4
    endloop
  endfacet
  facet normal 0 0 1
    outer loop
      vertex 7.16069 92.9632 8.4
      vertex 7.16069 92.6368 8.4
      vertex 7.19259 92.4765 8.4
    endloop
  endfacet
  facet normal 0 -0 1
    outer loop
      vertex 7.16069 92.6368 8.4
      vertex 7.16069 92.9632 8.4
      vertex 7.15 92.8 8.4
    endloop
  endfacet
  facet normal 0.195175 0.980768 -0
    outer loop
      vertex 50.2368 13.5607 8.4
      vertex 50.0765 13.5926 18.4
      vertex 50.2368 13.5607 18.4
    endloop
  endfacet
  facet normal 0.195175 0.980768 0
    outer loop
      vertex 50.0765 13.5926 18.4
      vertex 50.2368 13.5607 8.4
      vertex 50.0765 13.5926 8.4
    endloop
  endfacet
  facet normal -0.980768 -0.195175 0
    outer loop
      vertex 51.6393 14.9632 8.4
      vertex 51.6074 15.1235 18.4
      vertex 51.6074 15.1235 8.4
    endloop
  endfacet
  facet normal -0.980768 -0.195175 0
    outer loop
      vertex 51.6074 15.1235 18.4
      vertex 51.6393 14.9632 8.4
      vertex 51.6393 14.9632 18.4
    endloop
  endfacet
  facet normal -0.997858 -0.0654233 0
    outer loop
      vertex 51.65 14.8 8.4
      vertex 51.6393 14.9632 18.4
      vertex 51.6393 14.9632 8.4
    endloop
  endfacet
  facet normal -0.997858 -0.0654233 0
    outer loop
      vertex 51.6393 14.9632 18.4
      vertex 51.65 14.8 8.4
      vertex 51.65 14.8 18.4
    endloop
  endfacet
  facet normal 0.980768 -0.195175 0
    outer loop
      vertex 49.1607 14.9632 18.4
      vertex 49.1926 15.1235 8.4
      vertex 49.1926 15.1235 18.4
    endloop
  endfacet
  facet normal 0.980768 -0.195175 0
    outer loop
      vertex 49.1926 15.1235 8.4
      vertex 49.1607 14.9632 18.4
      vertex 49.1607 14.9632 8.4
    endloop
  endfacet
  facet normal 0.997858 -0.0654233 0
    outer loop
      vertex 49.15 14.8 18.4
      vertex 49.1607 14.9632 8.4
      vertex 49.1607 14.9632 18.4
    endloop
  endfacet
  facet normal 0.997858 -0.0654233 0
    outer loop
      vertex 49.1607 14.9632 8.4
      vertex 49.15 14.8 18.4
      vertex 49.15 14.8 8.4
    endloop
  endfacet
  facet normal -0.831674 -0.555265 0
    outer loop
      vertex 51.4825 15.425 8.4
      vertex 51.3917 15.561 18.4
      vertex 51.3917 15.561 8.4
    endloop
  endfacet
  facet normal -0.831674 -0.555265 0
    outer loop
      vertex 51.3917 15.561 18.4
      vertex 51.4825 15.425 8.4
      vertex 51.4825 15.425 18.4
    endloop
  endfacet
  facet normal -0.555547 0.831485 0
    outer loop
      vertex 51.1609 13.8083 8.4
      vertex 51.025 13.7175 18.4
      vertex 51.1609 13.8083 18.4
    endloop
  endfacet
  facet normal -0.555547 0.831485 0
    outer loop
      vertex 51.025 13.7175 18.4
      vertex 51.1609 13.8083 8.4
      vertex 51.025 13.7175 8.4
    endloop
  endfacet
  facet normal -0.896861 0.442313 0
    outer loop
      vertex 51.4825 14.175 8.4
      vertex 51.5548 14.3216 18.4
      vertex 51.5548 14.3216 8.4
    endloop
  endfacet
  facet normal -0.896861 0.442313 0
    outer loop
      vertex 51.5548 14.3216 18.4
      vertex 51.4825 14.175 8.4
      vertex 51.4825 14.175 18.4
    endloop
  endfacet
  facet normal -0.0654233 0.997858 0
    outer loop
      vertex 50.5632 13.5607 8.4
      vertex 50.4 13.55 18.4
      vertex 50.5632 13.5607 18.4
    endloop
  endfacet
  facet normal -0.0654233 0.997858 0
    outer loop
      vertex 50.4 13.55 18.4
      vertex 50.5632 13.5607 8.4
      vertex 50.4 13.55 8.4
    endloop
  endfacet
  facet normal -0.442313 0.896861 0
    outer loop
      vertex 51.025 13.7175 8.4
      vertex 50.8784 13.6452 18.4
      vertex 51.025 13.7175 18.4
    endloop
  endfacet
  facet normal -0.442313 0.896861 0
    outer loop
      vertex 50.8784 13.6452 18.4
      vertex 51.025 13.7175 8.4
      vertex 50.8784 13.6452 8.4
    endloop
  endfacet
  facet normal -0.997858 0.0654233 0
    outer loop
      vertex 51.6393 14.6368 8.4
      vertex 51.65 14.8 18.4
      vertex 51.65 14.8 8.4
    endloop
  endfacet
  facet normal -0.997858 0.0654233 0
    outer loop
      vertex 51.65 14.8 18.4
      vertex 51.6393 14.6368 8.4
      vertex 51.6393 14.6368 18.4
    endloop
  endfacet
  facet normal -0.321541 0.946896 0
    outer loop
      vertex 50.8784 13.6452 8.4
      vertex 50.7235 13.5926 18.4
      vertex 50.8784 13.6452 18.4
    endloop
  endfacet
  facet normal -0.321541 0.946896 0
    outer loop
      vertex 50.7235 13.5926 18.4
      vertex 50.8784 13.6452 8.4
      vertex 50.7235 13.5926 8.4
    endloop
  endfacet
  facet normal -0.555547 -0.831485 0
    outer loop
      vertex 51.025 15.8825 8.4
      vertex 51.1609 15.7917 18.4
      vertex 51.025 15.8825 18.4
    endloop
  endfacet
  facet normal -0.555547 -0.831485 -0
    outer loop
      vertex 51.1609 15.7917 18.4
      vertex 51.025 15.8825 8.4
      vertex 51.1609 15.7917 8.4
    endloop
  endfacet
  facet normal 0.442313 -0.896861 0
    outer loop
      vertex 49.775 15.8825 8.4
      vertex 49.9216 15.9548 18.4
      vertex 49.775 15.8825 18.4
    endloop
  endfacet
  facet normal 0.442313 -0.896861 0
    outer loop
      vertex 49.9216 15.9548 18.4
      vertex 49.775 15.8825 8.4
      vertex 49.9216 15.9548 8.4
    endloop
  endfacet
  facet normal -0.442313 -0.896861 0
    outer loop
      vertex 50.8784 15.9548 8.4
      vertex 51.025 15.8825 18.4
      vertex 50.8784 15.9548 18.4
    endloop
  endfacet
  facet normal -0.442313 -0.896861 -0
    outer loop
      vertex 51.025 15.8825 18.4
      vertex 50.8784 15.9548 8.4
      vertex 51.025 15.8825 8.4
    endloop
  endfacet
  facet normal 0.659414 0.75178 -0
    outer loop
      vertex 49.639 13.8083 8.4
      vertex 49.5161 13.9161 18.4
      vertex 49.639 13.8083 18.4
    endloop
  endfacet
  facet normal 0.659414 0.75178 0
    outer loop
      vertex 49.5161 13.9161 18.4
      vertex 49.639 13.8083 8.4
      vertex 49.5161 13.9161 8.4
    endloop
  endfacet
  facet normal -0.75178 0.659414 0
    outer loop
      vertex 51.2839 13.9161 8.4
      vertex 51.3917 14.039 18.4
      vertex 51.3917 14.039 8.4
    endloop
  endfacet
  facet normal -0.75178 0.659414 0
    outer loop
      vertex 51.3917 14.039 18.4
      vertex 51.2839 13.9161 8.4
      vertex 51.2839 13.9161 18.4
    endloop
  endfacet
  facet normal 0.831674 0.555265 0
    outer loop
      vertex 49.4083 14.039 18.4
      vertex 49.3175 14.175 8.4
      vertex 49.3175 14.175 18.4
    endloop
  endfacet
  facet normal 0.831674 0.555265 0
    outer loop
      vertex 49.3175 14.175 8.4
      vertex 49.4083 14.039 18.4
      vertex 49.4083 14.039 8.4
    endloop
  endfacet
  facet normal 0.555265 -0.831674 0
    outer loop
      vertex 49.639 15.7917 8.4
      vertex 49.775 15.8825 18.4
      vertex 49.639 15.7917 18.4
    endloop
  endfacet
  facet normal 0.555265 -0.831674 0
    outer loop
      vertex 49.775 15.8825 18.4
      vertex 49.639 15.7917 8.4
      vertex 49.775 15.8825 8.4
    endloop
  endfacet
  facet normal -0.831674 0.555265 0
    outer loop
      vertex 51.3917 14.039 8.4
      vertex 51.4825 14.175 18.4
      vertex 51.4825 14.175 8.4
    endloop
  endfacet
  facet normal -0.831674 0.555265 0
    outer loop
      vertex 51.4825 14.175 18.4
      vertex 51.3917 14.039 8.4
      vertex 51.3917 14.039 18.4
    endloop
  endfacet
  facet normal 0.831674 -0.555265 0
    outer loop
      vertex 49.3175 15.425 18.4
      vertex 49.4083 15.561 8.4
      vertex 49.4083 15.561 18.4
    endloop
  endfacet
  facet normal 0.831674 -0.555265 0
    outer loop
      vertex 49.4083 15.561 8.4
      vertex 49.3175 15.425 18.4
      vertex 49.3175 15.425 8.4
    endloop
  endfacet
  facet normal -0.946896 0.321541 0
    outer loop
      vertex 51.5548 14.3216 8.4
      vertex 51.6074 14.4765 18.4
      vertex 51.6074 14.4765 8.4
    endloop
  endfacet
  facet normal -0.946896 0.321541 0
    outer loop
      vertex 51.6074 14.4765 18.4
      vertex 51.5548 14.3216 8.4
      vertex 51.5548 14.3216 18.4
    endloop
  endfacet
  facet normal 0.555265 0.831674 -0
    outer loop
      vertex 49.775 13.7175 8.4
      vertex 49.639 13.8083 18.4
      vertex 49.775 13.7175 18.4
    endloop
  endfacet
  facet normal 0.555265 0.831674 0
    outer loop
      vertex 49.639 13.8083 18.4
      vertex 49.775 13.7175 8.4
      vertex 49.639 13.8083 8.4
    endloop
  endfacet
  facet normal -0.321541 -0.946896 0
    outer loop
      vertex 50.7235 16.0074 8.4
      vertex 50.8784 15.9548 18.4
      vertex 50.7235 16.0074 18.4
    endloop
  endfacet
  facet normal -0.321541 -0.946896 -0
    outer loop
      vertex 50.8784 15.9548 18.4
      vertex 50.7235 16.0074 8.4
      vertex 50.8784 15.9548 8.4
    endloop
  endfacet
  facet normal -0.75178 -0.659414 0
    outer loop
      vertex 51.3917 15.561 8.4
      vertex 51.2839 15.6839 18.4
      vertex 51.2839 15.6839 8.4
    endloop
  endfacet
  facet normal -0.75178 -0.659414 0
    outer loop
      vertex 51.2839 15.6839 18.4
      vertex 51.3917 15.561 8.4
      vertex 51.3917 15.561 18.4
    endloop
  endfacet
  facet normal 0.980768 0.195175 0
    outer loop
      vertex 49.1926 14.4765 18.4
      vertex 49.1607 14.6368 8.4
      vertex 49.1607 14.6368 18.4
    endloop
  endfacet
  facet normal 0.980768 0.195175 0
    outer loop
      vertex 49.1607 14.6368 8.4
      vertex 49.1926 14.4765 18.4
      vertex 49.1926 14.4765 8.4
    endloop
  endfacet
  facet normal -0.195175 0.980768 0
    outer loop
      vertex 50.7235 13.5926 8.4
      vertex 50.5632 13.5607 18.4
      vertex 50.7235 13.5926 18.4
    endloop
  endfacet
  facet normal -0.195175 0.980768 0
    outer loop
      vertex 50.5632 13.5607 18.4
      vertex 50.7235 13.5926 8.4
      vertex 50.5632 13.5607 8.4
    endloop
  endfacet
  facet normal -0.195175 -0.980768 0
    outer loop
      vertex 50.5632 16.0393 8.4
      vertex 50.7235 16.0074 18.4
      vertex 50.5632 16.0393 18.4
    endloop
  endfacet
  facet normal -0.195175 -0.980768 -0
    outer loop
      vertex 50.7235 16.0074 18.4
      vertex 50.5632 16.0393 8.4
      vertex 50.7235 16.0074 8.4
    endloop
  endfacet
  facet normal 0.946896 0.321541 0
    outer loop
      vertex 49.2452 14.3216 18.4
      vertex 49.1926 14.4765 8.4
      vertex 49.1926 14.4765 18.4
    endloop
  endfacet
  facet normal 0.946896 0.321541 0
    outer loop
      vertex 49.1926 14.4765 8.4
      vertex 49.2452 14.3216 18.4
      vertex 49.2452 14.3216 8.4
    endloop
  endfacet
  facet normal -0.65911 -0.752046 0
    outer loop
      vertex 51.1609 15.7917 8.4
      vertex 51.2839 15.6839 18.4
      vertex 51.1609 15.7917 18.4
    endloop
  endfacet
  facet normal -0.65911 -0.752046 -0
    outer loop
      vertex 51.2839 15.6839 18.4
      vertex 51.1609 15.7917 8.4
      vertex 51.2839 15.6839 8.4
    endloop
  endfacet
  facet normal 0.0654233 -0.997858 0
    outer loop
      vertex 50.2368 16.0393 8.4
      vertex 50.4 16.05 18.4
      vertex 50.2368 16.0393 18.4
    endloop
  endfacet
  facet normal 0.0654233 -0.997858 0
    outer loop
      vertex 50.4 16.05 18.4
      vertex 50.2368 16.0393 8.4
      vertex 50.4 16.05 8.4
    endloop
  endfacet
  facet normal 0.896861 0.442313 0
    outer loop
      vertex 49.3175 14.175 18.4
      vertex 49.2452 14.3216 8.4
      vertex 49.2452 14.3216 18.4
    endloop
  endfacet
  facet normal 0.896861 0.442313 0
    outer loop
      vertex 49.2452 14.3216 8.4
      vertex 49.3175 14.175 18.4
      vertex 49.3175 14.175 8.4
    endloop
  endfacet
  facet normal -0.896861 -0.442313 0
    outer loop
      vertex 51.5548 15.2784 8.4
      vertex 51.4825 15.425 18.4
      vertex 51.4825 15.425 8.4
    endloop
  endfacet
  facet normal -0.896861 -0.442313 0
    outer loop
      vertex 51.4825 15.425 18.4
      vertex 51.5548 15.2784 8.4
      vertex 51.5548 15.2784 18.4
    endloop
  endfacet
  facet normal 0.946896 -0.321541 0
    outer loop
      vertex 49.1926 15.1235 18.4
      vertex 49.2452 15.2784 8.4
      vertex 49.2452 15.2784 18.4
    endloop
  endfacet
  facet normal 0.946896 -0.321541 0
    outer loop
      vertex 49.2452 15.2784 8.4
      vertex 49.1926 15.1235 18.4
      vertex 49.1926 15.1235 8.4
    endloop
  endfacet
  facet normal 0.997858 0.0654233 0
    outer loop
      vertex 49.1607 14.6368 18.4
      vertex 49.15 14.8 8.4
      vertex 49.15 14.8 18.4
    endloop
  endfacet
  facet normal 0.997858 0.0654233 0
    outer loop
      vertex 49.15 14.8 8.4
      vertex 49.1607 14.6368 18.4
      vertex 49.1607 14.6368 8.4
    endloop
  endfacet
  facet normal -0.0654233 -0.997858 0
    outer loop
      vertex 50.4 16.05 8.4
      vertex 50.5632 16.0393 18.4
      vertex 50.4 16.05 18.4
    endloop
  endfacet
  facet normal -0.0654233 -0.997858 -0
    outer loop
      vertex 50.5632 16.0393 18.4
      vertex 50.4 16.05 8.4
      vertex 50.5632 16.0393 8.4
    endloop
  endfacet
  facet normal -0.980768 0.195175 0
    outer loop
      vertex 51.6074 14.4765 8.4
      vertex 51.6393 14.6368 18.4
      vertex 51.6393 14.6368 8.4
    endloop
  endfacet
  facet normal -0.980768 0.195175 0
    outer loop
      vertex 51.6393 14.6368 18.4
      vertex 51.6074 14.4765 8.4
      vertex 51.6074 14.4765 18.4
    endloop
  endfacet
  facet normal 0.321541 -0.946896 0
    outer loop
      vertex 49.9216 15.9548 8.4
      vertex 50.0765 16.0074 18.4
      vertex 49.9216 15.9548 18.4
    endloop
  endfacet
  facet normal 0.321541 -0.946896 0
    outer loop
      vertex 50.0765 16.0074 18.4
      vertex 49.9216 15.9548 8.4
      vertex 50.0765 16.0074 8.4
    endloop
  endfacet
  facet normal -0.65911 0.752046 0
    outer loop
      vertex 51.2839 13.9161 8.4
      vertex 51.1609 13.8083 18.4
      vertex 51.2839 13.9161 18.4
    endloop
  endfacet
  facet normal -0.65911 0.752046 0
    outer loop
      vertex 51.1609 13.8083 18.4
      vertex 51.2839 13.9161 8.4
      vertex 51.1609 13.8083 8.4
    endloop
  endfacet
  facet normal 0.659414 -0.75178 0
    outer loop
      vertex 49.5161 15.6839 8.4
      vertex 49.639 15.7917 18.4
      vertex 49.5161 15.6839 18.4
    endloop
  endfacet
  facet normal 0.659414 -0.75178 0
    outer loop
      vertex 49.639 15.7917 18.4
      vertex 49.5161 15.6839 8.4
      vertex 49.639 15.7917 8.4
    endloop
  endfacet
  facet normal 0.195175 -0.980768 0
    outer loop
      vertex 50.0765 16.0074 8.4
      vertex 50.2368 16.0393 18.4
      vertex 50.0765 16.0074 18.4
    endloop
  endfacet
  facet normal 0.195175 -0.980768 0
    outer loop
      vertex 50.2368 16.0393 18.4
      vertex 50.0765 16.0074 8.4
      vertex 50.2368 16.0393 8.4
    endloop
  endfacet
  facet normal -0.946896 -0.321541 0
    outer loop
      vertex 51.6074 15.1235 8.4
      vertex 51.5548 15.2784 18.4
      vertex 51.5548 15.2784 8.4
    endloop
  endfacet
  facet normal -0.946896 -0.321541 0
    outer loop
      vertex 51.5548 15.2784 18.4
      vertex 51.6074 15.1235 8.4
      vertex 51.6074 15.1235 18.4
    endloop
  endfacet
  facet normal 0.75178 -0.659414 0
    outer loop
      vertex 49.4083 15.561 18.4
      vertex 49.5161 15.6839 8.4
      vertex 49.5161 15.6839 18.4
    endloop
  endfacet
  facet normal 0.75178 -0.659414 0
    outer loop
      vertex 49.5161 15.6839 8.4
      vertex 49.4083 15.561 18.4
      vertex 49.4083 15.561 8.4
    endloop
  endfacet
  facet normal 0.896861 -0.442313 0
    outer loop
      vertex 49.2452 15.2784 18.4
      vertex 49.3175 15.425 8.4
      vertex 49.3175 15.425 18.4
    endloop
  endfacet
  facet normal 0.896861 -0.442313 0
    outer loop
      vertex 49.3175 15.425 8.4
      vertex 49.2452 15.2784 18.4
      vertex 49.2452 15.2784 8.4
    endloop
  endfacet
  facet normal 0.442313 0.896861 -0
    outer loop
      vertex 49.9216 13.6452 8.4
      vertex 49.775 13.7175 18.4
      vertex 49.9216 13.6452 18.4
    endloop
  endfacet
  facet normal 0.442313 0.896861 0
    outer loop
      vertex 49.775 13.7175 18.4
      vertex 49.9216 13.6452 8.4
      vertex 49.775 13.7175 8.4
    endloop
  endfacet
  facet normal 0.321541 0.946896 -0
    outer loop
      vertex 50.0765 13.5926 8.4
      vertex 49.9216 13.6452 18.4
      vertex 50.0765 13.5926 18.4
    endloop
  endfacet
  facet normal 0.321541 0.946896 0
    outer loop
      vertex 49.9216 13.6452 18.4
      vertex 50.0765 13.5926 8.4
      vertex 49.9216 13.6452 8.4
    endloop
  endfacet
  facet normal 0.75178 0.659414 0
    outer loop
      vertex 49.5161 13.9161 18.4
      vertex 49.4083 14.039 8.4
      vertex 49.4083 14.039 18.4
    endloop
  endfacet
  facet normal 0.75178 0.659414 0
    outer loop
      vertex 49.4083 14.039 8.4
      vertex 49.5161 13.9161 18.4
      vertex 49.5161 13.9161 8.4
    endloop
  endfacet
  facet normal 0.0654233 0.997858 -0
    outer loop
      vertex 50.4 13.55 8.4
      vertex 50.2368 13.5607 18.4
      vertex 50.4 13.55 18.4
    endloop
  endfacet
  facet normal 0.0654233 0.997858 0
    outer loop
      vertex 50.2368 13.5607 18.4
      vertex 50.4 13.55 8.4
      vertex 50.2368 13.5607 8.4
    endloop
  endfacet
  facet normal 0 0 1
    outer loop
      vertex 51.6393 14.9632 8.4
      vertex 51.6393 14.6368 8.4
      vertex 51.65 14.8 8.4
    endloop
  endfacet
  facet normal 0 0 1
    outer loop
      vertex 51.6074 15.1235 8.4
      vertex 51.6393 14.6368 8.4
      vertex 51.6393 14.9632 8.4
    endloop
  endfacet
  facet normal 0 0 1
    outer loop
      vertex 51.6074 15.1235 8.4
      vertex 51.6074 14.4765 8.4
      vertex 51.6393 14.6368 8.4
    endloop
  endfacet
  facet normal 0 0 1
    outer loop
      vertex 51.5548 15.2784 8.4
      vertex 51.6074 14.4765 8.4
      vertex 51.6074 15.1235 8.4
    endloop
  endfacet
  facet normal 0 0 1
    outer loop
      vertex 51.5548 15.2784 8.4
      vertex 51.5548 14.3216 8.4
      vertex 51.6074 14.4765 8.4
    endloop
  endfacet
  facet normal 0 0 1
    outer loop
      vertex 51.4825 15.425 8.4
      vertex 51.5548 14.3216 8.4
      vertex 51.5548 15.2784 8.4
    endloop
  endfacet
  facet normal 0 0 1
    outer loop
      vertex 51.4825 15.425 8.4
      vertex 51.4825 14.175 8.4
      vertex 51.5548 14.3216 8.4
    endloop
  endfacet
  facet normal 0 0 1
    outer loop
      vertex 51.3917 15.561 8.4
      vertex 51.4825 14.175 8.4
      vertex 51.4825 15.425 8.4
    endloop
  endfacet
  facet normal 0 0 1
    outer loop
      vertex 51.3917 15.561 8.4
      vertex 51.3917 14.039 8.4
      vertex 51.4825 14.175 8.4
    endloop
  endfacet
  facet normal 0 0 1
    outer loop
      vertex 51.2839 15.6839 8.4
      vertex 51.3917 14.039 8.4
      vertex 51.3917 15.561 8.4
    endloop
  endfacet
  facet normal 0 0 1
    outer loop
      vertex 51.2839 15.6839 8.4
      vertex 51.2839 13.9161 8.4
      vertex 51.3917 14.039 8.4
    endloop
  endfacet
  facet normal 0 0 1
    outer loop
      vertex 51.1609 15.7917 8.4
      vertex 51.2839 13.9161 8.4
      vertex 51.2839 15.6839 8.4
    endloop
  endfacet
  facet normal 0 0 1
    outer loop
      vertex 51.1609 15.7917 8.4
      vertex 51.1609 13.8083 8.4
      vertex 51.2839 13.9161 8.4
    endloop
  endfacet
  facet normal 0 0 1
    outer loop
      vertex 51.025 15.8825 8.4
      vertex 51.1609 13.8083 8.4
      vertex 51.1609 15.7917 8.4
    endloop
  endfacet
  facet normal 0 0 1
    outer loop
      vertex 51.025 15.8825 8.4
      vertex 51.025 13.7175 8.4
      vertex 51.1609 13.8083 8.4
    endloop
  endfacet
  facet normal 0 0 1
    outer loop
      vertex 50.8784 15.9548 8.4
      vertex 51.025 13.7175 8.4
      vertex 51.025 15.8825 8.4
    endloop
  endfacet
  facet normal 0 0 1
    outer loop
      vertex 50.8784 15.9548 8.4
      vertex 50.8784 13.6452 8.4
      vertex 51.025 13.7175 8.4
    endloop
  endfacet
  facet normal 0 0 1
    outer loop
      vertex 50.7235 16.0074 8.4
      vertex 50.8784 13.6452 8.4
      vertex 50.8784 15.9548 8.4
    endloop
  endfacet
  facet normal 0 0 1
    outer loop
      vertex 50.7235 16.0074 8.4
      vertex 50.7235 13.5926 8.4
      vertex 50.8784 13.6452 8.4
    endloop
  endfacet
  facet normal 0 0 1
    outer loop
      vertex 50.5632 16.0393 8.4
      vertex 50.7235 13.5926 8.4
      vertex 50.7235 16.0074 8.4
    endloop
  endfacet
  facet normal 0 0 1
    outer loop
      vertex 50.5632 16.0393 8.4
      vertex 50.5632 13.5607 8.4
      vertex 50.7235 13.5926 8.4
    endloop
  endfacet
  facet normal 0 0 1
    outer loop
      vertex 50.4 16.05 8.4
      vertex 50.5632 13.5607 8.4
      vertex 50.5632 16.0393 8.4
    endloop
  endfacet
  facet normal 0 0 1
    outer loop
      vertex 50.4 16.05 8.4
      vertex 50.4 13.55 8.4
      vertex 50.5632 13.5607 8.4
    endloop
  endfacet
  facet normal -0 0 1
    outer loop
      vertex 50.2368 16.0393 8.4
      vertex 50.4 13.55 8.4
      vertex 50.4 16.05 8.4
    endloop
  endfacet
  facet normal 0 0 1
    outer loop
      vertex 50.2368 16.0393 8.4
      vertex 50.2368 13.5607 8.4
      vertex 50.4 13.55 8.4
    endloop
  endfacet
  facet normal -0 0 1
    outer loop
      vertex 50.0765 16.0074 8.4
      vertex 50.2368 13.5607 8.4
      vertex 50.2368 16.0393 8.4
    endloop
  endfacet
  facet normal 0 0 1
    outer loop
      vertex 50.0765 16.0074 8.4
      vertex 50.0765 13.5926 8.4
      vertex 50.2368 13.5607 8.4
    endloop
  endfacet
  facet normal -0 0 1
    outer loop
      vertex 49.9216 15.9548 8.4
      vertex 50.0765 13.5926 8.4
      vertex 50.0765 16.0074 8.4
    endloop
  endfacet
  facet normal 0 0 1
    outer loop
      vertex 49.9216 15.9548 8.4
      vertex 49.9216 13.6452 8.4
      vertex 50.0765 13.5926 8.4
    endloop
  endfacet
  facet normal -0 0 1
    outer loop
      vertex 49.775 15.8825 8.4
      vertex 49.9216 13.6452 8.4
      vertex 49.9216 15.9548 8.4
    endloop
  endfacet
  facet normal 0 0 1
    outer loop
      vertex 49.775 15.8825 8.4
      vertex 49.775 13.7175 8.4
      vertex 49.9216 13.6452 8.4
    endloop
  endfacet
  facet normal -0 0 1
    outer loop
      vertex 49.639 15.7917 8.4
      vertex 49.775 13.7175 8.4
      vertex 49.775 15.8825 8.4
    endloop
  endfacet
  facet normal 0 0 1
    outer loop
      vertex 49.639 15.7917 8.4
      vertex 49.639 13.8083 8.4
      vertex 49.775 13.7175 8.4
    endloop
  endfacet
  facet normal -0 0 1
    outer loop
      vertex 49.5161 15.6839 8.4
      vertex 49.639 13.8083 8.4
      vertex 49.639 15.7917 8.4
    endloop
  endfacet
  facet normal 0 0 1
    outer loop
      vertex 49.5161 15.6839 8.4
      vertex 49.5161 13.9161 8.4
      vertex 49.639 13.8083 8.4
    endloop
  endfacet
  facet normal -0 0 1
    outer loop
      vertex 49.4083 15.561 8.4
      vertex 49.5161 13.9161 8.4
      vertex 49.5161 15.6839 8.4
    endloop
  endfacet
  facet normal 0 0 1
    outer loop
      vertex 49.4083 15.561 8.4
      vertex 49.4083 14.039 8.4
      vertex 49.5161 13.9161 8.4
    endloop
  endfacet
  facet normal -0 0 1
    outer loop
      vertex 49.3175 15.425 8.4
      vertex 49.4083 14.039 8.4
      vertex 49.4083 15.561 8.4
    endloop
  endfacet
  facet normal 0 0 1
    outer loop
      vertex 49.3175 15.425 8.4
      vertex 49.3175 14.175 8.4
      vertex 49.4083 14.039 8.4
    endloop
  endfacet
  facet normal -0 0 1
    outer loop
      vertex 49.2452 15.2784 8.4
      vertex 49.3175 14.175 8.4
      vertex 49.3175 15.425 8.4
    endloop
  endfacet
  facet normal 0 0 1
    outer loop
      vertex 49.2452 15.2784 8.4
      vertex 49.2452 14.3216 8.4
      vertex 49.3175 14.175 8.4
    endloop
  endfacet
  facet normal -0 0 1
    outer loop
      vertex 49.1926 15.1235 8.4
      vertex 49.2452 14.3216 8.4
      vertex 49.2452 15.2784 8.4
    endloop
  endfacet
  facet normal 0 0 1
    outer loop
      vertex 49.1926 15.1235 8.4
      vertex 49.1926 14.4765 8.4
      vertex 49.2452 14.3216 8.4
    endloop
  endfacet
  facet normal -0 0 1
    outer loop
      vertex 49.1607 14.9632 8.4
      vertex 49.1926 14.4765 8.4
      vertex 49.1926 15.1235 8.4
    endloop
  endfacet
  facet normal 0 0 1
    outer loop
      vertex 49.1607 14.9632 8.4
      vertex 49.1607 14.6368 8.4
      vertex 49.1926 14.4765 8.4
    endloop
  endfacet
  facet normal 0 -0 1
    outer loop
      vertex 49.1607 14.6368 8.4
      vertex 49.1607 14.9632 8.4
      vertex 49.15 14.8 8.4
    endloop
  endfacet
  facet normal 0.195175 0.980768 -0
    outer loop
      vertex 50.2368 91.5607 8.4
      vertex 50.0765 91.5926 18.4
      vertex 50.2368 91.5607 18.4
    endloop
  endfacet
  facet normal 0.195175 0.980768 0
    outer loop
      vertex 50.0765 91.5926 18.4
      vertex 50.2368 91.5607 8.4
      vertex 50.0765 91.5926 8.4
    endloop
  endfacet
  facet normal -0.980768 -0.195175 0
    outer loop
      vertex 51.6393 92.9632 8.4
      vertex 51.6074 93.1235 18.4
      vertex 51.6074 93.1235 8.4
    endloop
  endfacet
  facet normal -0.980768 -0.195175 0
    outer loop
      vertex 51.6074 93.1235 18.4
      vertex 51.6393 92.9632 8.4
      vertex 51.6393 92.9632 18.4
    endloop
  endfacet
  facet normal -0.997858 -0.0654233 0
    outer loop
      vertex 51.65 92.8 8.4
      vertex 51.6393 92.9632 18.4
      vertex 51.6393 92.9632 8.4
    endloop
  endfacet
  facet normal -0.997858 -0.0654233 0
    outer loop
      vertex 51.6393 92.9632 18.4
      vertex 51.65 92.8 8.4
      vertex 51.65 92.8 18.4
    endloop
  endfacet
  facet normal 0.980768 -0.195175 0
    outer loop
      vertex 49.1607 92.9632 18.4
      vertex 49.1926 93.1235 8.4
      vertex 49.1926 93.1235 18.4
    endloop
  endfacet
  facet normal 0.980768 -0.195175 0
    outer loop
      vertex 49.1926 93.1235 8.4
      vertex 49.1607 92.9632 18.4
      vertex 49.1607 92.9632 8.4
    endloop
  endfacet
  facet normal 0.997858 -0.0654233 0
    outer loop
      vertex 49.15 92.8 18.4
      vertex 49.1607 92.9632 8.4
      vertex 49.1607 92.9632 18.4
    endloop
  endfacet
  facet normal 0.997858 -0.0654233 0
    outer loop
      vertex 49.1607 92.9632 8.4
      vertex 49.15 92.8 18.4
      vertex 49.15 92.8 8.4
    endloop
  endfacet
  facet normal -0.831674 -0.555265 0
    outer loop
      vertex 51.4825 93.425 8.4
      vertex 51.3917 93.561 18.4
      vertex 51.3917 93.561 8.4
    endloop
  endfacet
  facet normal -0.831674 -0.555265 0
    outer loop
      vertex 51.3917 93.561 18.4
      vertex 51.4825 93.425 8.4
      vertex 51.4825 93.425 18.4
    endloop
  endfacet
  facet normal -0.555547 0.831485 0
    outer loop
      vertex 51.1609 91.8083 8.4
      vertex 51.025 91.7175 18.4
      vertex 51.1609 91.8083 18.4
    endloop
  endfacet
  facet normal -0.555547 0.831485 0
    outer loop
      vertex 51.025 91.7175 18.4
      vertex 51.1609 91.8083 8.4
      vertex 51.025 91.7175 8.4
    endloop
  endfacet
  facet normal -0.896861 0.442313 0
    outer loop
      vertex 51.4825 92.175 8.4
      vertex 51.5548 92.3216 18.4
      vertex 51.5548 92.3216 8.4
    endloop
  endfacet
  facet normal -0.896861 0.442313 0
    outer loop
      vertex 51.5548 92.3216 18.4
      vertex 51.4825 92.175 8.4
      vertex 51.4825 92.175 18.4
    endloop
  endfacet
  facet normal -0.0654233 0.997858 0
    outer loop
      vertex 50.5632 91.5607 8.4
      vertex 50.4 91.55 18.4
      vertex 50.5632 91.5607 18.4
    endloop
  endfacet
  facet normal -0.0654233 0.997858 0
    outer loop
      vertex 50.4 91.55 18.4
      vertex 50.5632 91.5607 8.4
      vertex 50.4 91.55 8.4
    endloop
  endfacet
  facet normal -0.442805 0.896618 0
    outer loop
      vertex 51.025 91.7175 8.4
      vertex 50.8784 91.6451 18.4
      vertex 51.025 91.7175 18.4
    endloop
  endfacet
  facet normal -0.442805 0.896618 0
    outer loop
      vertex 50.8784 91.6451 18.4
      vertex 51.025 91.7175 8.4
      vertex 50.8784 91.6451 8.4
    endloop
  endfacet
  facet normal -0.997858 0.0654233 0
    outer loop
      vertex 51.6393 92.6368 8.4
      vertex 51.65 92.8 18.4
      vertex 51.65 92.8 8.4
    endloop
  endfacet
  facet normal -0.997858 0.0654233 0
    outer loop
      vertex 51.65 92.8 18.4
      vertex 51.6393 92.6368 8.4
      vertex 51.6393 92.6368 18.4
    endloop
  endfacet
  facet normal -0.320993 0.947082 0
    outer loop
      vertex 50.8784 91.6451 8.4
      vertex 50.7235 91.5926 18.4
      vertex 50.8784 91.6451 18.4
    endloop
  endfacet
  facet normal -0.320993 0.947082 0
    outer loop
      vertex 50.7235 91.5926 18.4
      vertex 50.8784 91.6451 8.4
      vertex 50.7235 91.5926 8.4
    endloop
  endfacet
  facet normal -0.555547 -0.831485 0
    outer loop
      vertex 51.025 93.8825 8.4
      vertex 51.1609 93.7917 18.4
      vertex 51.025 93.8825 18.4
    endloop
  endfacet
  facet normal -0.555547 -0.831485 -0
    outer loop
      vertex 51.1609 93.7917 18.4
      vertex 51.025 93.8825 8.4
      vertex 51.1609 93.7917 8.4
    endloop
  endfacet
  facet normal 0.442313 -0.896861 0
    outer loop
      vertex 49.775 93.8825 8.4
      vertex 49.9216 93.9548 18.4
      vertex 49.775 93.8825 18.4
    endloop
  endfacet
  facet normal 0.442313 -0.896861 0
    outer loop
      vertex 49.9216 93.9548 18.4
      vertex 49.775 93.8825 8.4
      vertex 49.9216 93.9548 8.4
    endloop
  endfacet
  facet normal -0.442313 -0.896861 0
    outer loop
      vertex 50.8784 93.9548 8.4
      vertex 51.025 93.8825 18.4
      vertex 50.8784 93.9548 18.4
    endloop
  endfacet
  facet normal -0.442313 -0.896861 -0
    outer loop
      vertex 51.025 93.8825 18.4
      vertex 50.8784 93.9548 8.4
      vertex 51.025 93.8825 8.4
    endloop
  endfacet
  facet normal 0.659414 0.75178 -0
    outer loop
      vertex 49.639 91.8083 8.4
      vertex 49.5161 91.9161 18.4
      vertex 49.639 91.8083 18.4
    endloop
  endfacet
  facet normal 0.659414 0.75178 0
    outer loop
      vertex 49.5161 91.9161 18.4
      vertex 49.639 91.8083 8.4
      vertex 49.5161 91.9161 8.4
    endloop
  endfacet
  facet normal -0.75178 0.659414 0
    outer loop
      vertex 51.2839 91.9161 8.4
      vertex 51.3917 92.039 18.4
      vertex 51.3917 92.039 8.4
    endloop
  endfacet
  facet normal -0.75178 0.659414 0
    outer loop
      vertex 51.3917 92.039 18.4
      vertex 51.2839 91.9161 8.4
      vertex 51.2839 91.9161 18.4
    endloop
  endfacet
  facet normal 0.831674 0.555265 0
    outer loop
      vertex 49.4083 92.039 18.4
      vertex 49.3175 92.175 8.4
      vertex 49.3175 92.175 18.4
    endloop
  endfacet
  facet normal 0.831674 0.555265 0
    outer loop
      vertex 49.3175 92.175 8.4
      vertex 49.4083 92.039 18.4
      vertex 49.4083 92.039 8.4
    endloop
  endfacet
  facet normal 0.555265 -0.831674 0
    outer loop
      vertex 49.639 93.7917 8.4
      vertex 49.775 93.8825 18.4
      vertex 49.639 93.7917 18.4
    endloop
  endfacet
  facet normal 0.555265 -0.831674 0
    outer loop
      vertex 49.775 93.8825 18.4
      vertex 49.639 93.7917 8.4
      vertex 49.775 93.8825 8.4
    endloop
  endfacet
  facet normal -0.831674 0.555265 0
    outer loop
      vertex 51.3917 92.039 8.4
      vertex 51.4825 92.175 18.4
      vertex 51.4825 92.175 8.4
    endloop
  endfacet
  facet normal -0.831674 0.555265 0
    outer loop
      vertex 51.4825 92.175 18.4
      vertex 51.3917 92.039 8.4
      vertex 51.3917 92.039 18.4
    endloop
  endfacet
  facet normal 0.831674 -0.555265 0
    outer loop
      vertex 49.3175 93.425 18.4
      vertex 49.4083 93.561 8.4
      vertex 49.4083 93.561 18.4
    endloop
  endfacet
  facet normal 0.831674 -0.555265 0
    outer loop
      vertex 49.4083 93.561 8.4
      vertex 49.3175 93.425 18.4
      vertex 49.3175 93.425 8.4
    endloop
  endfacet
  facet normal -0.946896 0.321541 0
    outer loop
      vertex 51.5548 92.3216 8.4
      vertex 51.6074 92.4765 18.4
      vertex 51.6074 92.4765 8.4
    endloop
  endfacet
  facet normal -0.946896 0.321541 0
    outer loop
      vertex 51.6074 92.4765 18.4
      vertex 51.5548 92.3216 8.4
      vertex 51.5548 92.3216 18.4
    endloop
  endfacet
  facet normal 0.555265 0.831674 -0
    outer loop
      vertex 49.775 91.7175 8.4
      vertex 49.639 91.8083 18.4
      vertex 49.775 91.7175 18.4
    endloop
  endfacet
  facet normal 0.555265 0.831674 0
    outer loop
      vertex 49.639 91.8083 18.4
      vertex 49.775 91.7175 8.4
      vertex 49.639 91.8083 8.4
    endloop
  endfacet
  facet normal -0.321541 -0.946896 0
    outer loop
      vertex 50.7235 94.0074 8.4
      vertex 50.8784 93.9548 18.4
      vertex 50.7235 94.0074 18.4
    endloop
  endfacet
  facet normal -0.321541 -0.946896 -0
    outer loop
      vertex 50.8784 93.9548 18.4
      vertex 50.7235 94.0074 8.4
      vertex 50.8784 93.9548 8.4
    endloop
  endfacet
  facet normal -0.75178 -0.659414 0
    outer loop
      vertex 51.3917 93.561 8.4
      vertex 51.2839 93.6839 18.4
      vertex 51.2839 93.6839 8.4
    endloop
  endfacet
  facet normal -0.75178 -0.659414 0
    outer loop
      vertex 51.2839 93.6839 18.4
      vertex 51.3917 93.561 8.4
      vertex 51.3917 93.561 18.4
    endloop
  endfacet
  facet normal 0.980768 0.195175 0
    outer loop
      vertex 49.1926 92.4765 18.4
      vertex 49.1607 92.6368 8.4
      vertex 49.1607 92.6368 18.4
    endloop
  endfacet
  facet normal 0.980768 0.195175 0
    outer loop
      vertex 49.1607 92.6368 8.4
      vertex 49.1926 92.4765 18.4
      vertex 49.1926 92.4765 8.4
    endloop
  endfacet
  facet normal -0.195175 0.980768 0
    outer loop
      vertex 50.7235 91.5926 8.4
      vertex 50.5632 91.5607 18.4
      vertex 50.7235 91.5926 18.4
    endloop
  endfacet
  facet normal -0.195175 0.980768 0
    outer loop
      vertex 50.5632 91.5607 18.4
      vertex 50.7235 91.5926 8.4
      vertex 50.5632 91.5607 8.4
    endloop
  endfacet
  facet normal -0.195175 -0.980768 0
    outer loop
      vertex 50.5632 94.0393 8.4
      vertex 50.7235 94.0074 18.4
      vertex 50.5632 94.0393 18.4
    endloop
  endfacet
  facet normal -0.195175 -0.980768 -0
    outer loop
      vertex 50.7235 94.0074 18.4
      vertex 50.5632 94.0393 8.4
      vertex 50.7235 94.0074 8.4
    endloop
  endfacet
  facet normal 0.946896 0.321541 0
    outer loop
      vertex 49.2452 92.3216 18.4
      vertex 49.1926 92.4765 8.4
      vertex 49.1926 92.4765 18.4
    endloop
  endfacet
  facet normal 0.946896 0.321541 0
    outer loop
      vertex 49.1926 92.4765 8.4
      vertex 49.2452 92.3216 18.4
      vertex 49.2452 92.3216 8.4
    endloop
  endfacet
  facet normal -0.65911 -0.752046 0
    outer loop
      vertex 51.1609 93.7917 8.4
      vertex 51.2839 93.6839 18.4
      vertex 51.1609 93.7917 18.4
    endloop
  endfacet
  facet normal -0.65911 -0.752046 -0
    outer loop
      vertex 51.2839 93.6839 18.4
      vertex 51.1609 93.7917 8.4
      vertex 51.2839 93.6839 8.4
    endloop
  endfacet
  facet normal 0.0654233 -0.997858 0
    outer loop
      vertex 50.2368 94.0393 8.4
      vertex 50.4 94.05 18.4
      vertex 50.2368 94.0393 18.4
    endloop
  endfacet
  facet normal 0.0654233 -0.997858 0
    outer loop
      vertex 50.4 94.05 18.4
      vertex 50.2368 94.0393 8.4
      vertex 50.4 94.05 8.4
    endloop
  endfacet
  facet normal 0.320993 0.947082 -0
    outer loop
      vertex 50.0765 91.5926 8.4
      vertex 49.9216 91.6451 18.4
      vertex 50.0765 91.5926 18.4
    endloop
  endfacet
  facet normal 0.320993 0.947082 0
    outer loop
      vertex 49.9216 91.6451 18.4
      vertex 50.0765 91.5926 8.4
      vertex 49.9216 91.6451 8.4
    endloop
  endfacet
  facet normal 0.896861 0.442313 0
    outer loop
      vertex 49.3175 92.175 18.4
      vertex 49.2452 92.3216 8.4
      vertex 49.2452 92.3216 18.4
    endloop
  endfacet
  facet normal 0.896861 0.442313 0
    outer loop
      vertex 49.2452 92.3216 8.4
      vertex 49.3175 92.175 18.4
      vertex 49.3175 92.175 8.4
    endloop
  endfacet
  facet normal 0.195175 -0.980768 0
    outer loop
      vertex 50.0765 94.0074 8.4
      vertex 50.2368 94.0393 18.4
      vertex 50.0765 94.0074 18.4
    endloop
  endfacet
  facet normal 0.195175 -0.980768 0
    outer loop
      vertex 50.2368 94.0393 18.4
      vertex 50.0765 94.0074 8.4
      vertex 50.2368 94.0393 8.4
    endloop
  endfacet
  facet normal -0.896861 -0.442313 0
    outer loop
      vertex 51.5548 93.2784 8.4
      vertex 51.4825 93.425 18.4
      vertex 51.4825 93.425 8.4
    endloop
  endfacet
  facet normal -0.896861 -0.442313 0
    outer loop
      vertex 51.4825 93.425 18.4
      vertex 51.5548 93.2784 8.4
      vertex 51.5548 93.2784 18.4
    endloop
  endfacet
  facet normal 0.946896 -0.321541 0
    outer loop
      vertex 49.1926 93.1235 18.4
      vertex 49.2452 93.2784 8.4
      vertex 49.2452 93.2784 18.4
    endloop
  endfacet
  facet normal 0.946896 -0.321541 0
    outer loop
      vertex 49.2452 93.2784 8.4
      vertex 49.1926 93.1235 18.4
      vertex 49.1926 93.1235 8.4
    endloop
  endfacet
  facet normal 0.997858 0.0654233 0
    outer loop
      vertex 49.1607 92.6368 18.4
      vertex 49.15 92.8 8.4
      vertex 49.15 92.8 18.4
    endloop
  endfacet
  facet normal 0.997858 0.0654233 0
    outer loop
      vertex 49.15 92.8 8.4
      vertex 49.1607 92.6368 18.4
      vertex 49.1607 92.6368 8.4
    endloop
  endfacet
  facet normal -0.0654233 -0.997858 0
    outer loop
      vertex 50.4 94.05 8.4
      vertex 50.5632 94.0393 18.4
      vertex 50.4 94.05 18.4
    endloop
  endfacet
  facet normal -0.0654233 -0.997858 -0
    outer loop
      vertex 50.5632 94.0393 18.4
      vertex 50.4 94.05 8.4
      vertex 50.5632 94.0393 8.4
    endloop
  endfacet
  facet normal -0.980768 0.195175 0
    outer loop
      vertex 51.6074 92.4765 8.4
      vertex 51.6393 92.6368 18.4
      vertex 51.6393 92.6368 8.4
    endloop
  endfacet
  facet normal -0.980768 0.195175 0
    outer loop
      vertex 51.6393 92.6368 18.4
      vertex 51.6074 92.4765 8.4
      vertex 51.6074 92.4765 18.4
    endloop
  endfacet
  facet normal 0.321541 -0.946896 0
    outer loop
      vertex 49.9216 93.9548 8.4
      vertex 50.0765 94.0074 18.4
      vertex 49.9216 93.9548 18.4
    endloop
  endfacet
  facet normal 0.321541 -0.946896 0
    outer loop
      vertex 50.0765 94.0074 18.4
      vertex 49.9216 93.9548 8.4
      vertex 50.0765 94.0074 8.4
    endloop
  endfacet
  facet normal -0.65911 0.752046 0
    outer loop
      vertex 51.2839 91.9161 8.4
      vertex 51.1609 91.8083 18.4
      vertex 51.2839 91.9161 18.4
    endloop
  endfacet
  facet normal -0.65911 0.752046 0
    outer loop
      vertex 51.1609 91.8083 18.4
      vertex 51.2839 91.9161 8.4
      vertex 51.1609 91.8083 8.4
    endloop
  endfacet
  facet normal 0.659414 -0.75178 0
    outer loop
      vertex 49.5161 93.6839 8.4
      vertex 49.639 93.7917 18.4
      vertex 49.5161 93.6839 18.4
    endloop
  endfacet
  facet normal 0.659414 -0.75178 0
    outer loop
      vertex 49.639 93.7917 18.4
      vertex 49.5161 93.6839 8.4
      vertex 49.639 93.7917 8.4
    endloop
  endfacet
  facet normal -0.946896 -0.321541 0
    outer loop
      vertex 51.6074 93.1235 8.4
      vertex 51.5548 93.2784 18.4
      vertex 51.5548 93.2784 8.4
    endloop
  endfacet
  facet normal -0.946896 -0.321541 0
    outer loop
      vertex 51.5548 93.2784 18.4
      vertex 51.6074 93.1235 8.4
      vertex 51.6074 93.1235 18.4
    endloop
  endfacet
  facet normal 0.75178 -0.659414 0
    outer loop
      vertex 49.4083 93.561 18.4
      vertex 49.5161 93.6839 8.4
      vertex 49.5161 93.6839 18.4
    endloop
  endfacet
  facet normal 0.75178 -0.659414 0
    outer loop
      vertex 49.5161 93.6839 8.4
      vertex 49.4083 93.561 18.4
      vertex 49.4083 93.561 8.4
    endloop
  endfacet
  facet normal 0.896861 -0.442313 0
    outer loop
      vertex 49.2452 93.2784 18.4
      vertex 49.3175 93.425 8.4
      vertex 49.3175 93.425 18.4
    endloop
  endfacet
  facet normal 0.896861 -0.442313 0
    outer loop
      vertex 49.3175 93.425 8.4
      vertex 49.2452 93.2784 18.4
      vertex 49.2452 93.2784 8.4
    endloop
  endfacet
  facet normal 0.442805 0.896618 -0
    outer loop
      vertex 49.9216 91.6451 8.4
      vertex 49.775 91.7175 18.4
      vertex 49.9216 91.6451 18.4
    endloop
  endfacet
  facet normal 0.442805 0.896618 0
    outer loop
      vertex 49.775 91.7175 18.4
      vertex 49.9216 91.6451 8.4
      vertex 49.775 91.7175 8.4
    endloop
  endfacet
  facet normal 0.75178 0.659414 0
    outer loop
      vertex 49.5161 91.9161 18.4
      vertex 49.4083 92.039 8.4
      vertex 49.4083 92.039 18.4
    endloop
  endfacet
  facet normal 0.75178 0.659414 0
    outer loop
      vertex 49.4083 92.039 8.4
      vertex 49.5161 91.9161 18.4
      vertex 49.5161 91.9161 8.4
    endloop
  endfacet
  facet normal 0.0654233 0.997858 -0
    outer loop
      vertex 50.4 91.55 8.4
      vertex 50.2368 91.5607 18.4
      vertex 50.4 91.55 18.4
    endloop
  endfacet
  facet normal 0.0654233 0.997858 0
    outer loop
      vertex 50.2368 91.5607 18.4
      vertex 50.4 91.55 8.4
      vertex 50.2368 91.5607 8.4
    endloop
  endfacet
  facet normal 0 0 1
    outer loop
      vertex 51.6393 92.9632 8.4
      vertex 51.6393 92.6368 8.4
      vertex 51.65 92.8 8.4
    endloop
  endfacet
  facet normal 0 0 1
    outer loop
      vertex 51.6074 93.1235 8.4
      vertex 51.6393 92.6368 8.4
      vertex 51.6393 92.9632 8.4
    endloop
  endfacet
  facet normal 0 0 1
    outer loop
      vertex 51.6074 93.1235 8.4
      vertex 51.6074 92.4765 8.4
      vertex 51.6393 92.6368 8.4
    endloop
  endfacet
  facet normal 0 0 1
    outer loop
      vertex 51.5548 93.2784 8.4
      vertex 51.6074 92.4765 8.4
      vertex 51.6074 93.1235 8.4
    endloop
  endfacet
  facet normal 0 0 1
    outer loop
      vertex 51.5548 93.2784 8.4
      vertex 51.5548 92.3216 8.4
      vertex 51.6074 92.4765 8.4
    endloop
  endfacet
  facet normal 0 0 1
    outer loop
      vertex 51.4825 93.425 8.4
      vertex 51.5548 92.3216 8.4
      vertex 51.5548 93.2784 8.4
    endloop
  endfacet
  facet normal 0 0 1
    outer loop
      vertex 51.4825 93.425 8.4
      vertex 51.4825 92.175 8.4
      vertex 51.5548 92.3216 8.4
    endloop
  endfacet
  facet normal 0 0 1
    outer loop
      vertex 51.3917 93.561 8.4
      vertex 51.4825 92.175 8.4
      vertex 51.4825 93.425 8.4
    endloop
  endfacet
  facet normal 0 0 1
    outer loop
      vertex 51.3917 93.561 8.4
      vertex 51.3917 92.039 8.4
      vertex 51.4825 92.175 8.4
    endloop
  endfacet
  facet normal 0 0 1
    outer loop
      vertex 51.2839 93.6839 8.4
      vertex 51.3917 92.039 8.4
      vertex 51.3917 93.561 8.4
    endloop
  endfacet
  facet normal 0 0 1
    outer loop
      vertex 51.2839 93.6839 8.4
      vertex 51.2839 91.9161 8.4
      vertex 51.3917 92.039 8.4
    endloop
  endfacet
  facet normal 0 0 1
    outer loop
      vertex 51.1609 93.7917 8.4
      vertex 51.2839 91.9161 8.4
      vertex 51.2839 93.6839 8.4
    endloop
  endfacet
  facet normal 0 0 1
    outer loop
      vertex 51.1609 93.7917 8.4
      vertex 51.1609 91.8083 8.4
      vertex 51.2839 91.9161 8.4
    endloop
  endfacet
  facet normal 0 0 1
    outer loop
      vertex 51.025 93.8825 8.4
      vertex 51.1609 91.8083 8.4
      vertex 51.1609 93.7917 8.4
    endloop
  endfacet
  facet normal 0 0 1
    outer loop
      vertex 51.025 93.8825 8.4
      vertex 51.025 91.7175 8.4
      vertex 51.1609 91.8083 8.4
    endloop
  endfacet
  facet normal 0 0 1
    outer loop
      vertex 50.8784 93.9548 8.4
      vertex 51.025 91.7175 8.4
      vertex 51.025 93.8825 8.4
    endloop
  endfacet
  facet normal 0 0 1
    outer loop
      vertex 50.8784 93.9548 8.4
      vertex 50.8784 91.6451 8.4
      vertex 51.025 91.7175 8.4
    endloop
  endfacet
  facet normal 0 0 1
    outer loop
      vertex 50.7235 94.0074 8.4
      vertex 50.8784 91.6451 8.4
      vertex 50.8784 93.9548 8.4
    endloop
  endfacet
  facet normal 0 0 1
    outer loop
      vertex 50.7235 94.0074 8.4
      vertex 50.7235 91.5926 8.4
      vertex 50.8784 91.6451 8.4
    endloop
  endfacet
  facet normal 0 0 1
    outer loop
      vertex 50.5632 94.0393 8.4
      vertex 50.7235 91.5926 8.4
      vertex 50.7235 94.0074 8.4
    endloop
  endfacet
  facet normal 0 0 1
    outer loop
      vertex 50.5632 94.0393 8.4
      vertex 50.5632 91.5607 8.4
      vertex 50.7235 91.5926 8.4
    endloop
  endfacet
  facet normal 0 0 1
    outer loop
      vertex 50.4 94.05 8.4
      vertex 50.5632 91.5607 8.4
      vertex 50.5632 94.0393 8.4
    endloop
  endfacet
  facet normal 0 0 1
    outer loop
      vertex 50.4 94.05 8.4
      vertex 50.4 91.55 8.4
      vertex 50.5632 91.5607 8.4
    endloop
  endfacet
  facet normal -0 0 1
    outer loop
      vertex 50.2368 94.0393 8.4
      vertex 50.4 91.55 8.4
      vertex 50.4 94.05 8.4
    endloop
  endfacet
  facet normal 0 0 1
    outer loop
      vertex 50.2368 94.0393 8.4
      vertex 50.2368 91.5607 8.4
      vertex 50.4 91.55 8.4
    endloop
  endfacet
  facet normal -0 0 1
    outer loop
      vertex 50.0765 94.0074 8.4
      vertex 50.2368 91.5607 8.4
      vertex 50.2368 94.0393 8.4
    endloop
  endfacet
  facet normal 0 0 1
    outer loop
      vertex 50.0765 94.0074 8.4
      vertex 50.0765 91.5926 8.4
      vertex 50.2368 91.5607 8.4
    endloop
  endfacet
  facet normal -0 0 1
    outer loop
      vertex 49.9216 93.9548 8.4
      vertex 50.0765 91.5926 8.4
      vertex 50.0765 94.0074 8.4
    endloop
  endfacet
  facet normal 0 0 1
    outer loop
      vertex 49.9216 93.9548 8.4
      vertex 49.9216 91.6451 8.4
      vertex 50.0765 91.5926 8.4
    endloop
  endfacet
  facet normal -0 0 1
    outer loop
      vertex 49.775 93.8825 8.4
      vertex 49.9216 91.6451 8.4
      vertex 49.9216 93.9548 8.4
    endloop
  endfacet
  facet normal 0 0 1
    outer loop
      vertex 49.775 93.8825 8.4
      vertex 49.775 91.7175 8.4
      vertex 49.9216 91.6451 8.4
    endloop
  endfacet
  facet normal -0 0 1
    outer loop
      vertex 49.639 93.7917 8.4
      vertex 49.775 91.7175 8.4
      vertex 49.775 93.8825 8.4
    endloop
  endfacet
  facet normal 0 0 1
    outer loop
      vertex 49.639 93.7917 8.4
      vertex 49.639 91.8083 8.4
      vertex 49.775 91.7175 8.4
    endloop
  endfacet
  facet normal -0 0 1
    outer loop
      vertex 49.5161 93.6839 8.4
      vertex 49.639 91.8083 8.4
      vertex 49.639 93.7917 8.4
    endloop
  endfacet
  facet normal 0 0 1
    outer loop
      vertex 49.5161 93.6839 8.4
      vertex 49.5161 91.9161 8.4
      vertex 49.639 91.8083 8.4
    endloop
  endfacet
  facet normal -0 0 1
    outer loop
      vertex 49.4083 93.561 8.4
      vertex 49.5161 91.9161 8.4
      vertex 49.5161 93.6839 8.4
    endloop
  endfacet
  facet normal 0 0 1
    outer loop
      vertex 49.4083 93.561 8.4
      vertex 49.4083 92.039 8.4
      vertex 49.5161 91.9161 8.4
    endloop
  endfacet
  facet normal -0 0 1
    outer loop
      vertex 49.3175 93.425 8.4
      vertex 49.4083 92.039 8.4
      vertex 49.4083 93.561 8.4
    endloop
  endfacet
  facet normal 0 0 1
    outer loop
      vertex 49.3175 93.425 8.4
      vertex 49.3175 92.175 8.4
      vertex 49.4083 92.039 8.4
    endloop
  endfacet
  facet normal -0 0 1
    outer loop
      vertex 49.2452 93.2784 8.4
      vertex 49.3175 92.175 8.4
      vertex 49.3175 93.425 8.4
    endloop
  endfacet
  facet normal 0 0 1
    outer loop
      vertex 49.2452 93.2784 8.4
      vertex 49.2452 92.3216 8.4
      vertex 49.3175 92.175 8.4
    endloop
  endfacet
  facet normal -0 0 1
    outer loop
      vertex 49.1926 93.1235 8.4
      vertex 49.2452 92.3216 8.4
      vertex 49.2452 93.2784 8.4
    endloop
  endfacet
  facet normal 0 0 1
    outer loop
      vertex 49.1926 93.1235 8.4
      vertex 49.1926 92.4765 8.4
      vertex 49.2452 92.3216 8.4
    endloop
  endfacet
  facet normal -0 0 1
    outer loop
      vertex 49.1607 92.9632 8.4
      vertex 49.1926 92.4765 8.4
      vertex 49.1926 93.1235 8.4
    endloop
  endfacet
  facet normal 0 0 1
    outer loop
      vertex 49.1607 92.9632 8.4
      vertex 49.1607 92.6368 8.4
      vertex 49.1926 92.4765 8.4
    endloop
  endfacet
  facet normal 0 -0 1
    outer loop
      vertex 49.1607 92.6368 8.4
      vertex 49.1607 92.9632 8.4
      vertex 49.15 92.8 8.4
    endloop
  endfacet
  facet normal -0.195175 0.980768 0
    outer loop
      vertex 77.3235 5.79259 10
      vertex 77.1632 5.76069 20.99
      vertex 77.3235 5.79259 20.99
    endloop
  endfacet
  facet normal -0.195175 0.980768 0
    outer loop
      vertex 77.1632 5.76069 20.99
      vertex 77.3235 5.79259 10
      vertex 77.1632 5.76069 10
    endloop
  endfacet
  facet normal -0.980782 -0.195105 0
    outer loop
      vertex 78.2393 7.16316 10
      vertex 78.2074 7.32352 20.99
      vertex 78.2074 7.32352 10
    endloop
  endfacet
  facet normal -0.980782 -0.195105 0
    outer loop
      vertex 78.2074 7.32352 20.99
      vertex 78.2393 7.16316 10
      vertex 78.2393 7.16316 20.99
    endloop
  endfacet
  facet normal -0.997857 -0.0654392 0
    outer loop
      vertex 78.25 7 10
      vertex 78.2393 7.16316 20.99
      vertex 78.2393 7.16316 10
    endloop
  endfacet
  facet normal -0.997857 -0.0654392 0
    outer loop
      vertex 78.2393 7.16316 20.99
      vertex 78.25 7 10
      vertex 78.25 7 20.99
    endloop
  endfacet
  facet normal 0 0 1
    outer loop
      vertex 78.2393 7.16316 10
      vertex 78.2393 6.83684 10
      vertex 78.25 7 10
    endloop
  endfacet
  facet normal 0 0 1
    outer loop
      vertex 78.2074 7.32352 10
      vertex 78.2393 6.83684 10
      vertex 78.2393 7.16316 10
    endloop
  endfacet
  facet normal 0 0 1
    outer loop
      vertex 78.2074 7.32352 10
      vertex 78.2074 6.67648 10
      vertex 78.2393 6.83684 10
    endloop
  endfacet
  facet normal 0 0 1
    outer loop
      vertex 78.1548 7.47835 10
      vertex 78.2074 6.67648 10
      vertex 78.2074 7.32352 10
    endloop
  endfacet
  facet normal 0 0 1
    outer loop
      vertex 78.1548 7.47835 10
      vertex 78.1548 6.52165 10
      vertex 78.2074 6.67648 10
    endloop
  endfacet
  facet normal 0 0 1
    outer loop
      vertex 78.0825 7.625 10
      vertex 78.1548 6.52165 10
      vertex 78.1548 7.47835 10
    endloop
  endfacet
  facet normal 0 0 1
    outer loop
      vertex 78.0825 7.625 10
      vertex 78.0825 6.375 10
      vertex 78.1548 6.52165 10
    endloop
  endfacet
  facet normal 0 0 1
    outer loop
      vertex 77.9917 7.76095 10
      vertex 78.0825 6.375 10
      vertex 78.0825 7.625 10
    endloop
  endfacet
  facet normal 0 0 1
    outer loop
      vertex 77.9917 7.76095 10
      vertex 77.9917 6.23905 10
      vertex 78.0825 6.375 10
    endloop
  endfacet
  facet normal 0 0 1
    outer loop
      vertex 77.8839 7.88388 10
      vertex 77.9917 6.23905 10
      vertex 77.9917 7.76095 10
    endloop
  endfacet
  facet normal 0 0 1
    outer loop
      vertex 77.8839 7.88388 10
      vertex 77.8839 6.11612 10
      vertex 77.9917 6.23905 10
    endloop
  endfacet
  facet normal 0 0 1
    outer loop
      vertex 77.7609 7.99169 10
      vertex 77.8839 6.11612 10
      vertex 77.8839 7.88388 10
    endloop
  endfacet
  facet normal 0 0 1
    outer loop
      vertex 77.7609 7.99169 10
      vertex 77.7609 6.00831 10
      vertex 77.8839 6.11612 10
    endloop
  endfacet
  facet normal 0 0 1
    outer loop
      vertex 77.625 8.08253 10
      vertex 77.7609 6.00831 10
      vertex 77.7609 7.99169 10
    endloop
  endfacet
  facet normal 0 0 1
    outer loop
      vertex 77.625 8.08253 10
      vertex 77.625 5.91747 10
      vertex 77.7609 6.00831 10
    endloop
  endfacet
  facet normal 0 0 1
    outer loop
      vertex 77.4784 8.15485 10
      vertex 77.625 5.91747 10
      vertex 77.625 8.08253 10
    endloop
  endfacet
  facet normal 0 0 1
    outer loop
      vertex 77.4784 8.15485 10
      vertex 77.4784 5.84515 10
      vertex 77.625 5.91747 10
    endloop
  endfacet
  facet normal 0 0 1
    outer loop
      vertex 77.3235 8.20741 10
      vertex 77.4784 5.84515 10
      vertex 77.4784 8.15485 10
    endloop
  endfacet
  facet normal 0 0 1
    outer loop
      vertex 77.3235 8.20741 10
      vertex 77.3235 5.79259 10
      vertex 77.4784 5.84515 10
    endloop
  endfacet
  facet normal 0 0 1
    outer loop
      vertex 77.1632 8.23931 10
      vertex 77.3235 5.79259 10
      vertex 77.3235 8.20741 10
    endloop
  endfacet
  facet normal 0 0 1
    outer loop
      vertex 77.1632 8.23931 10
      vertex 77.1632 5.76069 10
      vertex 77.3235 5.79259 10
    endloop
  endfacet
  facet normal 0 0 1
    outer loop
      vertex 77 8.25 10
      vertex 77.1632 5.76069 10
      vertex 77.1632 8.23931 10
    endloop
  endfacet
  facet normal 0 0 1
    outer loop
      vertex 77 8.25 10
      vertex 77 5.75 10
      vertex 77.1632 5.76069 10
    endloop
  endfacet
  facet normal -0 0 1
    outer loop
      vertex 76.8368 8.23931 10
      vertex 77 5.75 10
      vertex 77 8.25 10
    endloop
  endfacet
  facet normal 0 0 1
    outer loop
      vertex 76.8368 8.23931 10
      vertex 76.8368 5.76069 10
      vertex 77 5.75 10
    endloop
  endfacet
  facet normal -0 0 1
    outer loop
      vertex 76.6765 8.20741 10
      vertex 76.8368 5.76069 10
      vertex 76.8368 8.23931 10
    endloop
  endfacet
  facet normal 0 0 1
    outer loop
      vertex 76.6765 8.20741 10
      vertex 76.6765 5.79259 10
      vertex 76.8368 5.76069 10
    endloop
  endfacet
  facet normal -0 0 1
    outer loop
      vertex 76.5216 8.15485 10
      vertex 76.6765 5.79259 10
      vertex 76.6765 8.20741 10
    endloop
  endfacet
  facet normal 0 0 1
    outer loop
      vertex 76.5216 8.15485 10
      vertex 76.5216 5.84515 10
      vertex 76.6765 5.79259 10
    endloop
  endfacet
  facet normal -0 0 1
    outer loop
      vertex 76.375 8.08253 10
      vertex 76.5216 5.84515 10
      vertex 76.5216 8.15485 10
    endloop
  endfacet
  facet normal 0 0 1
    outer loop
      vertex 76.375 8.08253 10
      vertex 76.375 5.91747 10
      vertex 76.5216 5.84515 10
    endloop
  endfacet
  facet normal -0 0 1
    outer loop
      vertex 76.239 7.99169 10
      vertex 76.375 5.91747 10
      vertex 76.375 8.08253 10
    endloop
  endfacet
  facet normal 0 0 1
    outer loop
      vertex 76.239 7.99169 10
      vertex 76.239 6.00831 10
      vertex 76.375 5.91747 10
    endloop
  endfacet
  facet normal -0 0 1
    outer loop
      vertex 76.1161 7.88388 10
      vertex 76.239 6.00831 10
      vertex 76.239 7.99169 10
    endloop
  endfacet
  facet normal 0 0 1
    outer loop
      vertex 76.1161 7.88388 10
      vertex 76.1161 6.11612 10
      vertex 76.239 6.00831 10
    endloop
  endfacet
  facet normal -0 0 1
    outer loop
      vertex 76.0083 7.76095 10
      vertex 76.1161 6.11612 10
      vertex 76.1161 7.88388 10
    endloop
  endfacet
  facet normal 0 0 1
    outer loop
      vertex 76.0083 7.76095 10
      vertex 76.0083 6.23905 10
      vertex 76.1161 6.11612 10
    endloop
  endfacet
  facet normal -0 0 1
    outer loop
      vertex 75.9175 7.625 10
      vertex 76.0083 6.23905 10
      vertex 76.0083 7.76095 10
    endloop
  endfacet
  facet normal 0 0 1
    outer loop
      vertex 75.9175 7.625 10
      vertex 75.9175 6.375 10
      vertex 76.0083 6.23905 10
    endloop
  endfacet
  facet normal -0 0 1
    outer loop
      vertex 75.8452 7.47835 10
      vertex 75.9175 6.375 10
      vertex 75.9175 7.625 10
    endloop
  endfacet
  facet normal 0 0 1
    outer loop
      vertex 75.8452 7.47835 10
      vertex 75.8452 6.52165 10
      vertex 75.9175 6.375 10
    endloop
  endfacet
  facet normal -0 0 1
    outer loop
      vertex 75.7926 7.32352 10
      vertex 75.8452 6.52165 10
      vertex 75.8452 7.47835 10
    endloop
  endfacet
  facet normal 0 0 1
    outer loop
      vertex 75.7926 7.32352 10
      vertex 75.7926 6.67648 10
      vertex 75.8452 6.52165 10
    endloop
  endfacet
  facet normal -0 0 1
    outer loop
      vertex 75.7607 7.16316 10
      vertex 75.7926 6.67648 10
      vertex 75.7926 7.32352 10
    endloop
  endfacet
  facet normal 0 0 1
    outer loop
      vertex 75.7607 7.16316 10
      vertex 75.7607 6.83684 10
      vertex 75.7926 6.67648 10
    endloop
  endfacet
  facet normal 0 -0 1
    outer loop
      vertex 75.7607 6.83684 10
      vertex 75.7607 7.16316 10
      vertex 75.75 7 10
    endloop
  endfacet
  facet normal -0.946851 0.321671 0
    outer loop
      vertex 78.1548 6.52165 10
      vertex 78.2074 6.67648 20.99
      vertex 78.2074 6.67648 10
    endloop
  endfacet
  facet normal -0.946851 0.321671 0
    outer loop
      vertex 78.2074 6.67648 20.99
      vertex 78.1548 6.52165 10
      vertex 78.1548 6.52165 20.99
    endloop
  endfacet
  facet normal 0.980782 0.195105 0
    outer loop
      vertex 75.7926 6.67648 20.99
      vertex 75.7607 6.83684 10
      vertex 75.7607 6.83684 20.99
    endloop
  endfacet
  facet normal 0.980782 0.195105 0
    outer loop
      vertex 75.7607 6.83684 10
      vertex 75.7926 6.67648 20.99
      vertex 75.7926 6.67648 10
    endloop
  endfacet
  facet normal 0.321322 0.94697 -0
    outer loop
      vertex 76.6765 5.79259 10
      vertex 76.5216 5.84515 20.99
      vertex 76.6765 5.79259 20.99
    endloop
  endfacet
  facet normal 0.321322 0.94697 0
    outer loop
      vertex 76.5216 5.84515 20.99
      vertex 76.6765 5.79259 10
      vertex 76.5216 5.84515 10
    endloop
  endfacet
  facet normal 0.75186 0.659323 0
    outer loop
      vertex 76.1161 6.11612 20.99
      vertex 76.0083 6.23905 10
      vertex 76.0083 6.23905 20.99
    endloop
  endfacet
  facet normal 0.75186 0.659323 0
    outer loop
      vertex 76.0083 6.23905 10
      vertex 76.1161 6.11612 20.99
      vertex 76.1161 6.11612 10
    endloop
  endfacet
  facet normal 0.195175 -0.980768 0
    outer loop
      vertex 76.6765 8.20741 10
      vertex 76.8368 8.23931 20.99
      vertex 76.6765 8.20741 20.99
    endloop
  endfacet
  facet normal 0.195175 -0.980768 0
    outer loop
      vertex 76.8368 8.23931 20.99
      vertex 76.6765 8.20741 10
      vertex 76.8368 8.23931 10
    endloop
  endfacet
  facet normal -0.946851 -0.321671 0
    outer loop
      vertex 78.2074 7.32352 10
      vertex 78.1548 7.47835 20.99
      vertex 78.1548 7.47835 10
    endloop
  endfacet
  facet normal -0.946851 -0.321671 0
    outer loop
      vertex 78.1548 7.47835 20.99
      vertex 78.2074 7.32352 10
      vertex 78.2074 7.32352 20.99
    endloop
  endfacet
  facet normal -0.831579 -0.555406 0
    outer loop
      vertex 78.0825 7.625 10
      vertex 77.9917 7.76095 20.99
      vertex 77.9917 7.76095 10
    endloop
  endfacet
  facet normal -0.831579 -0.555406 0
    outer loop
      vertex 77.9917 7.76095 20.99
      vertex 78.0825 7.625 10
      vertex 78.0825 7.625 20.99
    endloop
  endfacet
  facet normal 0.442411 -0.896812 0
    outer loop
      vertex 76.375 8.08253 10
      vertex 76.5216 8.15485 20.99
      vertex 76.375 8.08253 20.99
    endloop
  endfacet
  facet normal 0.442411 -0.896812 0
    outer loop
      vertex 76.5216 8.15485 20.99
      vertex 76.375 8.08253 10
      vertex 76.5216 8.15485 10
    endloop
  endfacet
  facet normal -0.321322 -0.94697 0
    outer loop
      vertex 77.3235 8.20741 10
      vertex 77.4784 8.15485 20.99
      vertex 77.3235 8.20741 20.99
    endloop
  endfacet
  facet normal -0.321322 -0.94697 -0
    outer loop
      vertex 77.4784 8.15485 20.99
      vertex 77.3235 8.20741 10
      vertex 77.4784 8.15485 10
    endloop
  endfacet
  facet normal -0.659145 -0.752016 0
    outer loop
      vertex 77.7609 7.99169 10
      vertex 77.8839 7.88388 20.99
      vertex 77.7609 7.99169 20.99
    endloop
  endfacet
  facet normal -0.659145 -0.752016 -0
    outer loop
      vertex 77.8839 7.88388 20.99
      vertex 77.7609 7.99169 10
      vertex 77.8839 7.88388 10
    endloop
  endfacet
  facet normal -0.555716 -0.831372 0
    outer loop
      vertex 77.625 8.08253 10
      vertex 77.7609 7.99169 20.99
      vertex 77.625 8.08253 20.99
    endloop
  endfacet
  facet normal -0.555716 -0.831372 -0
    outer loop
      vertex 77.7609 7.99169 20.99
      vertex 77.625 8.08253 10
      vertex 77.7609 7.99169 10
    endloop
  endfacet
  facet normal -0.896921 0.442191 0
    outer loop
      vertex 78.0825 6.375 10
      vertex 78.1548 6.52165 20.99
      vertex 78.1548 6.52165 10
    endloop
  endfacet
  facet normal -0.896921 0.442191 0
    outer loop
      vertex 78.1548 6.52165 20.99
      vertex 78.0825 6.375 10
      vertex 78.0825 6.375 20.99
    endloop
  endfacet
  facet normal -0.997857 0.0654392 0
    outer loop
      vertex 78.2393 6.83684 10
      vertex 78.25 7 20.99
      vertex 78.25 7 10
    endloop
  endfacet
  facet normal -0.997857 0.0654392 0
    outer loop
      vertex 78.25 7 20.99
      vertex 78.2393 6.83684 10
      vertex 78.2393 6.83684 20.99
    endloop
  endfacet
  facet normal 0.75186 -0.659323 0
    outer loop
      vertex 76.0083 7.76095 20.99
      vertex 76.1161 7.88388 10
      vertex 76.1161 7.88388 20.99
    endloop
  endfacet
  facet normal 0.75186 -0.659323 0
    outer loop
      vertex 76.1161 7.88388 10
      vertex 76.0083 7.76095 20.99
      vertex 76.0083 7.76095 10
    endloop
  endfacet
  facet normal 0.442411 0.896812 -0
    outer loop
      vertex 76.5216 5.84515 10
      vertex 76.375 5.91747 20.99
      vertex 76.5216 5.84515 20.99
    endloop
  endfacet
  facet normal 0.442411 0.896812 0
    outer loop
      vertex 76.375 5.91747 20.99
      vertex 76.5216 5.84515 10
      vertex 76.375 5.91747 10
    endloop
  endfacet
  facet normal -0.659145 0.752016 0
    outer loop
      vertex 77.8839 6.11612 10
      vertex 77.7609 6.00831 20.99
      vertex 77.8839 6.11612 20.99
    endloop
  endfacet
  facet normal -0.659145 0.752016 0
    outer loop
      vertex 77.7609 6.00831 20.99
      vertex 77.8839 6.11612 10
      vertex 77.7609 6.00831 10
    endloop
  endfacet
  facet normal -0.555716 0.831372 0
    outer loop
      vertex 77.7609 6.00831 10
      vertex 77.625 5.91747 20.99
      vertex 77.7609 6.00831 20.99
    endloop
  endfacet
  facet normal -0.555716 0.831372 0
    outer loop
      vertex 77.625 5.91747 20.99
      vertex 77.7609 6.00831 10
      vertex 77.625 5.91747 10
    endloop
  endfacet
  facet normal -0.980782 0.195105 0
    outer loop
      vertex 78.2074 6.67648 10
      vertex 78.2393 6.83684 20.99
      vertex 78.2393 6.83684 10
    endloop
  endfacet
  facet normal -0.980782 0.195105 0
    outer loop
      vertex 78.2393 6.83684 20.99
      vertex 78.2074 6.67648 10
      vertex 78.2074 6.67648 20.99
    endloop
  endfacet
  facet normal -0.0653624 -0.997862 0
    outer loop
      vertex 77 8.25 10
      vertex 77.1632 8.23931 20.99
      vertex 77 8.25 20.99
    endloop
  endfacet
  facet normal -0.0653624 -0.997862 -0
    outer loop
      vertex 77.1632 8.23931 20.99
      vertex 77 8.25 10
      vertex 77.1632 8.23931 10
    endloop
  endfacet
  facet normal 0.997857 0.0654392 0
    outer loop
      vertex 75.7607 6.83684 20.99
      vertex 75.75 7 10
      vertex 75.75 7 20.99
    endloop
  endfacet
  facet normal 0.997857 0.0654392 0
    outer loop
      vertex 75.75 7 10
      vertex 75.7607 6.83684 20.99
      vertex 75.7607 6.83684 10
    endloop
  endfacet
  facet normal -0.321322 0.94697 0
    outer loop
      vertex 77.4784 5.84515 10
      vertex 77.3235 5.79259 20.99
      vertex 77.4784 5.84515 20.99
    endloop
  endfacet
  facet normal -0.321322 0.94697 0
    outer loop
      vertex 77.3235 5.79259 20.99
      vertex 77.4784 5.84515 10
      vertex 77.3235 5.79259 10
    endloop
  endfacet
  facet normal 0.896921 0.442191 0
    outer loop
      vertex 75.9175 6.375 20.99
      vertex 75.8452 6.52165 10
      vertex 75.8452 6.52165 20.99
    endloop
  endfacet
  facet normal 0.896921 0.442191 0
    outer loop
      vertex 75.8452 6.52165 10
      vertex 75.9175 6.375 20.99
      vertex 75.9175 6.375 10
    endloop
  endfacet
  facet normal 0.831579 0.555406 0
    outer loop
      vertex 76.0083 6.23905 20.99
      vertex 75.9175 6.375 10
      vertex 75.9175 6.375 20.99
    endloop
  endfacet
  facet normal 0.831579 0.555406 0
    outer loop
      vertex 75.9175 6.375 10
      vertex 76.0083 6.23905 20.99
      vertex 76.0083 6.23905 10
    endloop
  endfacet
  facet normal 0.0653624 -0.997862 0
    outer loop
      vertex 76.8368 8.23931 10
      vertex 77 8.25 20.99
      vertex 76.8368 8.23931 20.99
    endloop
  endfacet
  facet normal 0.0653624 -0.997862 0
    outer loop
      vertex 77 8.25 20.99
      vertex 76.8368 8.23931 10
      vertex 77 8.25 10
    endloop
  endfacet
  facet normal -0.195175 -0.980768 0
    outer loop
      vertex 77.1632 8.23931 10
      vertex 77.3235 8.20741 20.99
      vertex 77.1632 8.23931 20.99
    endloop
  endfacet
  facet normal -0.195175 -0.980768 -0
    outer loop
      vertex 77.3235 8.20741 20.99
      vertex 77.1632 8.23931 10
      vertex 77.3235 8.20741 10
    endloop
  endfacet
  facet normal 0.659448 0.75175 -0
    outer loop
      vertex 76.239 6.00831 10
      vertex 76.1161 6.11612 20.99
      vertex 76.239 6.00831 20.99
    endloop
  endfacet
  facet normal 0.659448 0.75175 0
    outer loop
      vertex 76.1161 6.11612 20.99
      vertex 76.239 6.00831 10
      vertex 76.1161 6.11612 10
    endloop
  endfacet
  facet normal -0.75186 0.659323 0
    outer loop
      vertex 77.8839 6.11612 10
      vertex 77.9917 6.23905 20.99
      vertex 77.9917 6.23905 10
    endloop
  endfacet
  facet normal -0.75186 0.659323 0
    outer loop
      vertex 77.9917 6.23905 20.99
      vertex 77.8839 6.11612 10
      vertex 77.8839 6.11612 20.99
    endloop
  endfacet
  facet normal 0.555434 -0.831561 0
    outer loop
      vertex 76.239 7.99169 10
      vertex 76.375 8.08253 20.99
      vertex 76.239 7.99169 20.99
    endloop
  endfacet
  facet normal 0.555434 -0.831561 0
    outer loop
      vertex 76.375 8.08253 20.99
      vertex 76.239 7.99169 10
      vertex 76.375 8.08253 10
    endloop
  endfacet
  facet normal 0.946851 0.321671 0
    outer loop
      vertex 75.8452 6.52165 20.99
      vertex 75.7926 6.67648 10
      vertex 75.7926 6.67648 20.99
    endloop
  endfacet
  facet normal 0.946851 0.321671 0
    outer loop
      vertex 75.7926 6.67648 10
      vertex 75.8452 6.52165 20.99
      vertex 75.8452 6.52165 10
    endloop
  endfacet
  facet normal -0.831579 0.555406 0
    outer loop
      vertex 77.9917 6.23905 10
      vertex 78.0825 6.375 20.99
      vertex 78.0825 6.375 10
    endloop
  endfacet
  facet normal -0.831579 0.555406 0
    outer loop
      vertex 78.0825 6.375 20.99
      vertex 77.9917 6.23905 10
      vertex 77.9917 6.23905 20.99
    endloop
  endfacet
  facet normal 0.980782 -0.195105 0
    outer loop
      vertex 75.7607 7.16316 20.99
      vertex 75.7926 7.32352 10
      vertex 75.7926 7.32352 20.99
    endloop
  endfacet
  facet normal 0.980782 -0.195105 0
    outer loop
      vertex 75.7926 7.32352 10
      vertex 75.7607 7.16316 20.99
      vertex 75.7607 7.16316 10
    endloop
  endfacet
  facet normal -0.442411 -0.896812 0
    outer loop
      vertex 77.4784 8.15485 10
      vertex 77.625 8.08253 20.99
      vertex 77.4784 8.15485 20.99
    endloop
  endfacet
  facet normal -0.442411 -0.896812 -0
    outer loop
      vertex 77.625 8.08253 20.99
      vertex 77.4784 8.15485 10
      vertex 77.625 8.08253 10
    endloop
  endfacet
  facet normal -0.896921 -0.442191 0
    outer loop
      vertex 78.1548 7.47835 10
      vertex 78.0825 7.625 20.99
      vertex 78.0825 7.625 10
    endloop
  endfacet
  facet normal -0.896921 -0.442191 0
    outer loop
      vertex 78.0825 7.625 20.99
      vertex 78.1548 7.47835 10
      vertex 78.1548 7.47835 20.99
    endloop
  endfacet
  facet normal -0.75186 -0.659323 0
    outer loop
      vertex 77.9917 7.76095 10
      vertex 77.8839 7.88388 20.99
      vertex 77.8839 7.88388 10
    endloop
  endfacet
  facet normal -0.75186 -0.659323 0
    outer loop
      vertex 77.8839 7.88388 20.99
      vertex 77.9917 7.76095 10
      vertex 77.9917 7.76095 20.99
    endloop
  endfacet
  facet normal 0.997857 -0.0654392 0
    outer loop
      vertex 75.75 7 20.99
      vertex 75.7607 7.16316 10
      vertex 75.7607 7.16316 20.99
    endloop
  endfacet
  facet normal 0.997857 -0.0654392 0
    outer loop
      vertex 75.7607 7.16316 10
      vertex 75.75 7 20.99
      vertex 75.75 7 10
    endloop
  endfacet
  facet normal 0.321322 -0.94697 0
    outer loop
      vertex 76.5216 8.15485 10
      vertex 76.6765 8.20741 20.99
      vertex 76.5216 8.15485 20.99
    endloop
  endfacet
  facet normal 0.321322 -0.94697 0
    outer loop
      vertex 76.6765 8.20741 20.99
      vertex 76.5216 8.15485 10
      vertex 76.6765 8.20741 10
    endloop
  endfacet
  facet normal 0.831579 -0.555406 0
    outer loop
      vertex 75.9175 7.625 20.99
      vertex 76.0083 7.76095 10
      vertex 76.0083 7.76095 20.99
    endloop
  endfacet
  facet normal 0.831579 -0.555406 0
    outer loop
      vertex 76.0083 7.76095 10
      vertex 75.9175 7.625 20.99
      vertex 75.9175 7.625 10
    endloop
  endfacet
  facet normal -0.442411 0.896812 0
    outer loop
      vertex 77.625 5.91747 10
      vertex 77.4784 5.84515 20.99
      vertex 77.625 5.91747 20.99
    endloop
  endfacet
  facet normal -0.442411 0.896812 0
    outer loop
      vertex 77.4784 5.84515 20.99
      vertex 77.625 5.91747 10
      vertex 77.4784 5.84515 10
    endloop
  endfacet
  facet normal -0.0653624 0.997862 0
    outer loop
      vertex 77.1632 5.76069 10
      vertex 77 5.75 20.99
      vertex 77.1632 5.76069 20.99
    endloop
  endfacet
  facet normal -0.0653624 0.997862 0
    outer loop
      vertex 77 5.75 20.99
      vertex 77.1632 5.76069 10
      vertex 77 5.75 10
    endloop
  endfacet
  facet normal 0.195175 0.980768 -0
    outer loop
      vertex 76.8368 5.76069 10
      vertex 76.6765 5.79259 20.99
      vertex 76.8368 5.76069 20.99
    endloop
  endfacet
  facet normal 0.195175 0.980768 0
    outer loop
      vertex 76.6765 5.79259 20.99
      vertex 76.8368 5.76069 10
      vertex 76.6765 5.79259 10
    endloop
  endfacet
  facet normal 0.659448 -0.75175 0
    outer loop
      vertex 76.1161 7.88388 10
      vertex 76.239 7.99169 20.99
      vertex 76.1161 7.88388 20.99
    endloop
  endfacet
  facet normal 0.659448 -0.75175 0
    outer loop
      vertex 76.239 7.99169 20.99
      vertex 76.1161 7.88388 10
      vertex 76.239 7.99169 10
    endloop
  endfacet
  facet normal 0.896921 -0.442191 0
    outer loop
      vertex 75.8452 7.47835 20.99
      vertex 75.9175 7.625 10
      vertex 75.9175 7.625 20.99
    endloop
  endfacet
  facet normal 0.896921 -0.442191 0
    outer loop
      vertex 75.9175 7.625 10
      vertex 75.8452 7.47835 20.99
      vertex 75.8452 7.47835 10
    endloop
  endfacet
  facet normal 0.946851 -0.321671 0
    outer loop
      vertex 75.7926 7.32352 20.99
      vertex 75.8452 7.47835 10
      vertex 75.8452 7.47835 20.99
    endloop
  endfacet
  facet normal 0.946851 -0.321671 0
    outer loop
      vertex 75.8452 7.47835 10
      vertex 75.7926 7.32352 20.99
      vertex 75.7926 7.32352 10
    endloop
  endfacet
  facet normal 0.555434 0.831561 -0
    outer loop
      vertex 76.375 5.91747 10
      vertex 76.239 6.00831 20.99
      vertex 76.375 5.91747 20.99
    endloop
  endfacet
  facet normal 0.555434 0.831561 0
    outer loop
      vertex 76.239 6.00831 20.99
      vertex 76.375 5.91747 10
      vertex 76.239 6.00831 10
    endloop
  endfacet
  facet normal 0.0653624 0.997862 -0
    outer loop
      vertex 77 5.75 10
      vertex 76.8368 5.76069 20.99
      vertex 77 5.75 20.99
    endloop
  endfacet
  facet normal 0.0653624 0.997862 0
    outer loop
      vertex 76.8368 5.76069 20.99
      vertex 77 5.75 10
      vertex 76.8368 5.76069 10
    endloop
  endfacet
  facet normal -0.195175 0.980768 0
    outer loop
      vertex 77.3235 91.7926 10
      vertex 77.1632 91.7607 20.99
      vertex 77.3235 91.7926 20.99
    endloop
  endfacet
  facet normal -0.195175 0.980768 0
    outer loop
      vertex 77.1632 91.7607 20.99
      vertex 77.3235 91.7926 10
      vertex 77.1632 91.7607 10
    endloop
  endfacet
  facet normal -0.980768 -0.195175 0
    outer loop
      vertex 78.2393 93.1632 10
      vertex 78.2074 93.3235 20.99
      vertex 78.2074 93.3235 10
    endloop
  endfacet
  facet normal -0.980768 -0.195175 0
    outer loop
      vertex 78.2074 93.3235 20.99
      vertex 78.2393 93.1632 10
      vertex 78.2393 93.1632 20.99
    endloop
  endfacet
  facet normal -0.997858 -0.0654233 0
    outer loop
      vertex 78.25 93 10
      vertex 78.2393 93.1632 20.99
      vertex 78.2393 93.1632 10
    endloop
  endfacet
  facet normal -0.997858 -0.0654233 0
    outer loop
      vertex 78.2393 93.1632 20.99
      vertex 78.25 93 10
      vertex 78.25 93 20.99
    endloop
  endfacet
  facet normal 0 0 1
    outer loop
      vertex 78.2393 93.1632 10
      vertex 78.2393 92.8368 10
      vertex 78.25 93 10
    endloop
  endfacet
  facet normal 0 0 1
    outer loop
      vertex 78.2074 93.3235 10
      vertex 78.2393 92.8368 10
      vertex 78.2393 93.1632 10
    endloop
  endfacet
  facet normal 0 0 1
    outer loop
      vertex 78.2074 93.3235 10
      vertex 78.2074 92.6765 10
      vertex 78.2393 92.8368 10
    endloop
  endfacet
  facet normal 0 0 1
    outer loop
      vertex 78.1548 93.4784 10
      vertex 78.2074 92.6765 10
      vertex 78.2074 93.3235 10
    endloop
  endfacet
  facet normal 0 0 1
    outer loop
      vertex 78.1548 93.4784 10
      vertex 78.1548 92.5216 10
      vertex 78.2074 92.6765 10
    endloop
  endfacet
  facet normal 0 0 1
    outer loop
      vertex 78.0825 93.625 10
      vertex 78.1548 92.5216 10
      vertex 78.1548 93.4784 10
    endloop
  endfacet
  facet normal 0 0 1
    outer loop
      vertex 78.0825 93.625 10
      vertex 78.0825 92.375 10
      vertex 78.1548 92.5216 10
    endloop
  endfacet
  facet normal 0 0 1
    outer loop
      vertex 77.9917 93.7609 10
      vertex 78.0825 92.375 10
      vertex 78.0825 93.625 10
    endloop
  endfacet
  facet normal 0 0 1
    outer loop
      vertex 77.9917 93.7609 10
      vertex 77.9917 92.239 10
      vertex 78.0825 92.375 10
    endloop
  endfacet
  facet normal 0 0 1
    outer loop
      vertex 77.8839 93.8839 10
      vertex 77.9917 92.239 10
      vertex 77.9917 93.7609 10
    endloop
  endfacet
  facet normal 0 0 1
    outer loop
      vertex 77.8839 93.8839 10
      vertex 77.8839 92.1161 10
      vertex 77.9917 92.239 10
    endloop
  endfacet
  facet normal 0 0 1
    outer loop
      vertex 77.7609 93.9917 10
      vertex 77.8839 92.1161 10
      vertex 77.8839 93.8839 10
    endloop
  endfacet
  facet normal 0 0 1
    outer loop
      vertex 77.7609 93.9917 10
      vertex 77.7609 92.0083 10
      vertex 77.8839 92.1161 10
    endloop
  endfacet
  facet normal 0 0 1
    outer loop
      vertex 77.625 94.0825 10
      vertex 77.7609 92.0083 10
      vertex 77.7609 93.9917 10
    endloop
  endfacet
  facet normal 0 0 1
    outer loop
      vertex 77.625 94.0825 10
      vertex 77.625 91.9175 10
      vertex 77.7609 92.0083 10
    endloop
  endfacet
  facet normal 0 0 1
    outer loop
      vertex 77.4784 94.1548 10
      vertex 77.625 91.9175 10
      vertex 77.625 94.0825 10
    endloop
  endfacet
  facet normal 0 0 1
    outer loop
      vertex 77.4784 94.1548 10
      vertex 77.4784 91.8452 10
      vertex 77.625 91.9175 10
    endloop
  endfacet
  facet normal 0 0 1
    outer loop
      vertex 77.3235 94.2074 10
      vertex 77.4784 91.8452 10
      vertex 77.4784 94.1548 10
    endloop
  endfacet
  facet normal 0 0 1
    outer loop
      vertex 77.3235 94.2074 10
      vertex 77.3235 91.7926 10
      vertex 77.4784 91.8452 10
    endloop
  endfacet
  facet normal 0 0 1
    outer loop
      vertex 77.1632 94.2393 10
      vertex 77.3235 91.7926 10
      vertex 77.3235 94.2074 10
    endloop
  endfacet
  facet normal 0 0 1
    outer loop
      vertex 77.1632 94.2393 10
      vertex 77.1632 91.7607 10
      vertex 77.3235 91.7926 10
    endloop
  endfacet
  facet normal 0 0 1
    outer loop
      vertex 77 94.25 10
      vertex 77.1632 91.7607 10
      vertex 77.1632 94.2393 10
    endloop
  endfacet
  facet normal 0 0 1
    outer loop
      vertex 77 94.25 10
      vertex 77 91.75 10
      vertex 77.1632 91.7607 10
    endloop
  endfacet
  facet normal -0 0 1
    outer loop
      vertex 76.8368 94.2393 10
      vertex 77 91.75 10
      vertex 77 94.25 10
    endloop
  endfacet
  facet normal 0 0 1
    outer loop
      vertex 76.8368 94.2393 10
      vertex 76.8368 91.7607 10
      vertex 77 91.75 10
    endloop
  endfacet
  facet normal -0 0 1
    outer loop
      vertex 76.6765 94.2074 10
      vertex 76.8368 91.7607 10
      vertex 76.8368 94.2393 10
    endloop
  endfacet
  facet normal 0 0 1
    outer loop
      vertex 76.6765 94.2074 10
      vertex 76.6765 91.7926 10
      vertex 76.8368 91.7607 10
    endloop
  endfacet
  facet normal -0 0 1
    outer loop
      vertex 76.5216 94.1548 10
      vertex 76.6765 91.7926 10
      vertex 76.6765 94.2074 10
    endloop
  endfacet
  facet normal 0 0 1
    outer loop
      vertex 76.5216 94.1548 10
      vertex 76.5216 91.8452 10
      vertex 76.6765 91.7926 10
    endloop
  endfacet
  facet normal -0 0 1
    outer loop
      vertex 76.375 94.0825 10
      vertex 76.5216 91.8452 10
      vertex 76.5216 94.1548 10
    endloop
  endfacet
  facet normal 0 0 1
    outer loop
      vertex 76.375 94.0825 10
      vertex 76.375 91.9175 10
      vertex 76.5216 91.8452 10
    endloop
  endfacet
  facet normal -0 0 1
    outer loop
      vertex 76.239 93.9917 10
      vertex 76.375 91.9175 10
      vertex 76.375 94.0825 10
    endloop
  endfacet
  facet normal 0 0 1
    outer loop
      vertex 76.239 93.9917 10
      vertex 76.239 92.0083 10
      vertex 76.375 91.9175 10
    endloop
  endfacet
  facet normal -0 0 1
    outer loop
      vertex 76.1161 93.8839 10
      vertex 76.239 92.0083 10
      vertex 76.239 93.9917 10
    endloop
  endfacet
  facet normal 0 0 1
    outer loop
      vertex 76.1161 93.8839 10
      vertex 76.1161 92.1161 10
      vertex 76.239 92.0083 10
    endloop
  endfacet
  facet normal -0 0 1
    outer loop
      vertex 76.0083 93.7609 10
      vertex 76.1161 92.1161 10
      vertex 76.1161 93.8839 10
    endloop
  endfacet
  facet normal 0 0 1
    outer loop
      vertex 76.0083 93.7609 10
      vertex 76.0083 92.239 10
      vertex 76.1161 92.1161 10
    endloop
  endfacet
  facet normal -0 0 1
    outer loop
      vertex 75.9175 93.625 10
      vertex 76.0083 92.239 10
      vertex 76.0083 93.7609 10
    endloop
  endfacet
  facet normal 0 0 1
    outer loop
      vertex 75.9175 93.625 10
      vertex 75.9175 92.375 10
      vertex 76.0083 92.239 10
    endloop
  endfacet
  facet normal -0 0 1
    outer loop
      vertex 75.8452 93.4784 10
      vertex 75.9175 92.375 10
      vertex 75.9175 93.625 10
    endloop
  endfacet
  facet normal 0 0 1
    outer loop
      vertex 75.8452 93.4784 10
      vertex 75.8452 92.5216 10
      vertex 75.9175 92.375 10
    endloop
  endfacet
  facet normal -0 0 1
    outer loop
      vertex 75.7926 93.3235 10
      vertex 75.8452 92.5216 10
      vertex 75.8452 93.4784 10
    endloop
  endfacet
  facet normal 0 0 1
    outer loop
      vertex 75.7926 93.3235 10
      vertex 75.7926 92.6765 10
      vertex 75.8452 92.5216 10
    endloop
  endfacet
  facet normal -0 0 1
    outer loop
      vertex 75.7607 93.1632 10
      vertex 75.7926 92.6765 10
      vertex 75.7926 93.3235 10
    endloop
  endfacet
  facet normal 0 0 1
    outer loop
      vertex 75.7607 93.1632 10
      vertex 75.7607 92.8368 10
      vertex 75.7926 92.6765 10
    endloop
  endfacet
  facet normal 0 -0 1
    outer loop
      vertex 75.7607 92.8368 10
      vertex 75.7607 93.1632 10
      vertex 75.75 93 10
    endloop
  endfacet
  facet normal 0.321541 0.946896 -0
    outer loop
      vertex 76.6765 91.7926 10
      vertex 76.5216 91.8452 20.99
      vertex 76.6765 91.7926 20.99
    endloop
  endfacet
  facet normal 0.321541 0.946896 0
    outer loop
      vertex 76.5216 91.8452 20.99
      vertex 76.6765 91.7926 10
      vertex 76.5216 91.8452 10
    endloop
  endfacet
  facet normal -0.946896 0.321541 0
    outer loop
      vertex 78.1548 92.5216 10
      vertex 78.2074 92.6765 20.99
      vertex 78.2074 92.6765 10
    endloop
  endfacet
  facet normal -0.946896 0.321541 0
    outer loop
      vertex 78.2074 92.6765 20.99
      vertex 78.1548 92.5216 10
      vertex 78.1548 92.5216 20.99
    endloop
  endfacet
  facet normal 0.980768 0.195175 0
    outer loop
      vertex 75.7926 92.6765 20.99
      vertex 75.7607 92.8368 10
      vertex 75.7607 92.8368 20.99
    endloop
  endfacet
  facet normal 0.980768 0.195175 0
    outer loop
      vertex 75.7607 92.8368 10
      vertex 75.7926 92.6765 20.99
      vertex 75.7926 92.6765 10
    endloop
  endfacet
  facet normal 0.75178 0.659414 0
    outer loop
      vertex 76.1161 92.1161 20.99
      vertex 76.0083 92.239 10
      vertex 76.0083 92.239 20.99
    endloop
  endfacet
  facet normal 0.75178 0.659414 0
    outer loop
      vertex 76.0083 92.239 10
      vertex 76.1161 92.1161 20.99
      vertex 76.1161 92.1161 10
    endloop
  endfacet
  facet normal 0.195175 -0.980768 0
    outer loop
      vertex 76.6765 94.2074 10
      vertex 76.8368 94.2393 20.99
      vertex 76.6765 94.2074 20.99
    endloop
  endfacet
  facet normal 0.195175 -0.980768 0
    outer loop
      vertex 76.8368 94.2393 20.99
      vertex 76.6765 94.2074 10
      vertex 76.8368 94.2393 10
    endloop
  endfacet
  facet normal -0.946896 -0.321541 0
    outer loop
      vertex 78.2074 93.3235 10
      vertex 78.1548 93.4784 20.99
      vertex 78.1548 93.4784 10
    endloop
  endfacet
  facet normal -0.946896 -0.321541 0
    outer loop
      vertex 78.1548 93.4784 20.99
      vertex 78.2074 93.3235 10
      vertex 78.2074 93.3235 20.99
    endloop
  endfacet
  facet normal -0.831485 -0.555547 0
    outer loop
      vertex 78.0825 93.625 10
      vertex 77.9917 93.7609 20.99
      vertex 77.9917 93.7609 10
    endloop
  endfacet
  facet normal -0.831485 -0.555547 0
    outer loop
      vertex 77.9917 93.7609 20.99
      vertex 78.0825 93.625 10
      vertex 78.0825 93.625 20.99
    endloop
  endfacet
  facet normal 0.442313 -0.896861 0
    outer loop
      vertex 76.375 94.0825 10
      vertex 76.5216 94.1548 20.99
      vertex 76.375 94.0825 20.99
    endloop
  endfacet
  facet normal 0.442313 -0.896861 0
    outer loop
      vertex 76.5216 94.1548 20.99
      vertex 76.375 94.0825 10
      vertex 76.5216 94.1548 10
    endloop
  endfacet
  facet normal -0.321541 -0.946896 0
    outer loop
      vertex 77.3235 94.2074 10
      vertex 77.4784 94.1548 20.99
      vertex 77.3235 94.2074 20.99
    endloop
  endfacet
  facet normal -0.321541 -0.946896 -0
    outer loop
      vertex 77.4784 94.1548 20.99
      vertex 77.3235 94.2074 10
      vertex 77.4784 94.1548 10
    endloop
  endfacet
  facet normal -0.65911 -0.752046 0
    outer loop
      vertex 77.7609 93.9917 10
      vertex 77.8839 93.8839 20.99
      vertex 77.7609 93.9917 20.99
    endloop
  endfacet
  facet normal -0.65911 -0.752046 -0
    outer loop
      vertex 77.8839 93.8839 20.99
      vertex 77.7609 93.9917 10
      vertex 77.8839 93.8839 10
    endloop
  endfacet
  facet normal -0.555547 -0.831485 0
    outer loop
      vertex 77.625 94.0825 10
      vertex 77.7609 93.9917 20.99
      vertex 77.625 94.0825 20.99
    endloop
  endfacet
  facet normal -0.555547 -0.831485 -0
    outer loop
      vertex 77.7609 93.9917 20.99
      vertex 77.625 94.0825 10
      vertex 77.7609 93.9917 10
    endloop
  endfacet
  facet normal -0.896861 0.442313 0
    outer loop
      vertex 78.0825 92.375 10
      vertex 78.1548 92.5216 20.99
      vertex 78.1548 92.5216 10
    endloop
  endfacet
  facet normal -0.896861 0.442313 0
    outer loop
      vertex 78.1548 92.5216 20.99
      vertex 78.0825 92.375 10
      vertex 78.0825 92.375 20.99
    endloop
  endfacet
  facet normal -0.997858 0.0654233 0
    outer loop
      vertex 78.2393 92.8368 10
      vertex 78.25 93 20.99
      vertex 78.25 93 10
    endloop
  endfacet
  facet normal -0.997858 0.0654233 0
    outer loop
      vertex 78.25 93 20.99
      vertex 78.2393 92.8368 10
      vertex 78.2393 92.8368 20.99
    endloop
  endfacet
  facet normal 0.752046 -0.65911 0
    outer loop
      vertex 76.0083 93.7609 20.99
      vertex 76.1161 93.8839 10
      vertex 76.1161 93.8839 20.99
    endloop
  endfacet
  facet normal 0.752046 -0.65911 0
    outer loop
      vertex 76.1161 93.8839 10
      vertex 76.0083 93.7609 20.99
      vertex 76.0083 93.7609 10
    endloop
  endfacet
  facet normal 0.442313 0.896861 -0
    outer loop
      vertex 76.5216 91.8452 10
      vertex 76.375 91.9175 20.99
      vertex 76.5216 91.8452 20.99
    endloop
  endfacet
  facet normal 0.442313 0.896861 0
    outer loop
      vertex 76.375 91.9175 20.99
      vertex 76.5216 91.8452 10
      vertex 76.375 91.9175 10
    endloop
  endfacet
  facet normal -0.65911 0.752046 0
    outer loop
      vertex 77.8839 92.1161 10
      vertex 77.7609 92.0083 20.99
      vertex 77.8839 92.1161 20.99
    endloop
  endfacet
  facet normal -0.65911 0.752046 0
    outer loop
      vertex 77.7609 92.0083 20.99
      vertex 77.8839 92.1161 10
      vertex 77.7609 92.0083 10
    endloop
  endfacet
  facet normal 0.321541 -0.946896 0
    outer loop
      vertex 76.5216 94.1548 10
      vertex 76.6765 94.2074 20.99
      vertex 76.5216 94.1548 20.99
    endloop
  endfacet
  facet normal 0.321541 -0.946896 0
    outer loop
      vertex 76.6765 94.2074 20.99
      vertex 76.5216 94.1548 10
      vertex 76.6765 94.2074 10
    endloop
  endfacet
  facet normal -0.555547 0.831485 0
    outer loop
      vertex 77.7609 92.0083 10
      vertex 77.625 91.9175 20.99
      vertex 77.7609 92.0083 20.99
    endloop
  endfacet
  facet normal -0.555547 0.831485 0
    outer loop
      vertex 77.625 91.9175 20.99
      vertex 77.7609 92.0083 10
      vertex 77.625 91.9175 10
    endloop
  endfacet
  facet normal -0.980768 0.195175 0
    outer loop
      vertex 78.2074 92.6765 10
      vertex 78.2393 92.8368 20.99
      vertex 78.2393 92.8368 10
    endloop
  endfacet
  facet normal -0.980768 0.195175 0
    outer loop
      vertex 78.2393 92.8368 20.99
      vertex 78.2074 92.6765 10
      vertex 78.2074 92.6765 20.99
    endloop
  endfacet
  facet normal -0.0654233 -0.997858 0
    outer loop
      vertex 77 94.25 10
      vertex 77.1632 94.2393 20.99
      vertex 77 94.25 20.99
    endloop
  endfacet
  facet normal -0.0654233 -0.997858 -0
    outer loop
      vertex 77.1632 94.2393 20.99
      vertex 77 94.25 10
      vertex 77.1632 94.2393 10
    endloop
  endfacet
  facet normal 0.997858 0.0654233 0
    outer loop
      vertex 75.7607 92.8368 20.99
      vertex 75.75 93 10
      vertex 75.75 93 20.99
    endloop
  endfacet
  facet normal 0.997858 0.0654233 0
    outer loop
      vertex 75.75 93 10
      vertex 75.7607 92.8368 20.99
      vertex 75.7607 92.8368 10
    endloop
  endfacet
  facet normal -0.321541 0.946896 0
    outer loop
      vertex 77.4784 91.8452 10
      vertex 77.3235 91.7926 20.99
      vertex 77.4784 91.8452 20.99
    endloop
  endfacet
  facet normal -0.321541 0.946896 0
    outer loop
      vertex 77.3235 91.7926 20.99
      vertex 77.4784 91.8452 10
      vertex 77.3235 91.7926 10
    endloop
  endfacet
  facet normal 0.896861 0.442313 0
    outer loop
      vertex 75.9175 92.375 20.99
      vertex 75.8452 92.5216 10
      vertex 75.8452 92.5216 20.99
    endloop
  endfacet
  facet normal 0.896861 0.442313 0
    outer loop
      vertex 75.8452 92.5216 10
      vertex 75.9175 92.375 20.99
      vertex 75.9175 92.375 10
    endloop
  endfacet
  facet normal 0.831674 0.555265 0
    outer loop
      vertex 76.0083 92.239 20.99
      vertex 75.9175 92.375 10
      vertex 75.9175 92.375 20.99
    endloop
  endfacet
  facet normal 0.831674 0.555265 0
    outer loop
      vertex 75.9175 92.375 10
      vertex 76.0083 92.239 20.99
      vertex 76.0083 92.239 10
    endloop
  endfacet
  facet normal 0.0654233 -0.997858 0
    outer loop
      vertex 76.8368 94.2393 10
      vertex 77 94.25 20.99
      vertex 76.8368 94.2393 20.99
    endloop
  endfacet
  facet normal 0.0654233 -0.997858 0
    outer loop
      vertex 77 94.25 20.99
      vertex 76.8368 94.2393 10
      vertex 77 94.25 10
    endloop
  endfacet
  facet normal -0.195175 -0.980768 0
    outer loop
      vertex 77.1632 94.2393 10
      vertex 77.3235 94.2074 20.99
      vertex 77.1632 94.2393 20.99
    endloop
  endfacet
  facet normal -0.195175 -0.980768 -0
    outer loop
      vertex 77.3235 94.2074 20.99
      vertex 77.1632 94.2393 10
      vertex 77.3235 94.2074 10
    endloop
  endfacet
  facet normal 0.659414 0.75178 -0
    outer loop
      vertex 76.239 92.0083 10
      vertex 76.1161 92.1161 20.99
      vertex 76.239 92.0083 20.99
    endloop
  endfacet
  facet normal 0.659414 0.75178 0
    outer loop
      vertex 76.1161 92.1161 20.99
      vertex 76.239 92.0083 10
      vertex 76.1161 92.1161 10
    endloop
  endfacet
  facet normal -0.75178 0.659414 0
    outer loop
      vertex 77.8839 92.1161 10
      vertex 77.9917 92.239 20.99
      vertex 77.9917 92.239 10
    endloop
  endfacet
  facet normal -0.75178 0.659414 0
    outer loop
      vertex 77.9917 92.239 20.99
      vertex 77.8839 92.1161 10
      vertex 77.8839 92.1161 20.99
    endloop
  endfacet
  facet normal 0.555265 -0.831674 0
    outer loop
      vertex 76.239 93.9917 10
      vertex 76.375 94.0825 20.99
      vertex 76.239 93.9917 20.99
    endloop
  endfacet
  facet normal 0.555265 -0.831674 0
    outer loop
      vertex 76.375 94.0825 20.99
      vertex 76.239 93.9917 10
      vertex 76.375 94.0825 10
    endloop
  endfacet
  facet normal 0.946896 0.321541 0
    outer loop
      vertex 75.8452 92.5216 20.99
      vertex 75.7926 92.6765 10
      vertex 75.7926 92.6765 20.99
    endloop
  endfacet
  facet normal 0.946896 0.321541 0
    outer loop
      vertex 75.7926 92.6765 10
      vertex 75.8452 92.5216 20.99
      vertex 75.8452 92.5216 10
    endloop
  endfacet
  facet normal -0.831674 0.555265 0
    outer loop
      vertex 77.9917 92.239 10
      vertex 78.0825 92.375 20.99
      vertex 78.0825 92.375 10
    endloop
  endfacet
  facet normal -0.831674 0.555265 0
    outer loop
      vertex 78.0825 92.375 20.99
      vertex 77.9917 92.239 10
      vertex 77.9917 92.239 20.99
    endloop
  endfacet
  facet normal 0.980768 -0.195175 0
    outer loop
      vertex 75.7607 93.1632 20.99
      vertex 75.7926 93.3235 10
      vertex 75.7926 93.3235 20.99
    endloop
  endfacet
  facet normal 0.980768 -0.195175 0
    outer loop
      vertex 75.7926 93.3235 10
      vertex 75.7607 93.1632 20.99
      vertex 75.7607 93.1632 10
    endloop
  endfacet
  facet normal -0.442313 -0.896861 0
    outer loop
      vertex 77.4784 94.1548 10
      vertex 77.625 94.0825 20.99
      vertex 77.4784 94.1548 20.99
    endloop
  endfacet
  facet normal -0.442313 -0.896861 -0
    outer loop
      vertex 77.625 94.0825 20.99
      vertex 77.4784 94.1548 10
      vertex 77.625 94.0825 10
    endloop
  endfacet
  facet normal -0.896861 -0.442313 0
    outer loop
      vertex 78.1548 93.4784 10
      vertex 78.0825 93.625 20.99
      vertex 78.0825 93.625 10
    endloop
  endfacet
  facet normal -0.896861 -0.442313 0
    outer loop
      vertex 78.0825 93.625 20.99
      vertex 78.1548 93.4784 10
      vertex 78.1548 93.4784 20.99
    endloop
  endfacet
  facet normal -0.752046 -0.65911 0
    outer loop
      vertex 77.9917 93.7609 10
      vertex 77.8839 93.8839 20.99
      vertex 77.8839 93.8839 10
    endloop
  endfacet
  facet normal -0.752046 -0.65911 0
    outer loop
      vertex 77.8839 93.8839 20.99
      vertex 77.9917 93.7609 10
      vertex 77.9917 93.7609 20.99
    endloop
  endfacet
  facet normal 0.997858 -0.0654233 0
    outer loop
      vertex 75.75 93 20.99
      vertex 75.7607 93.1632 10
      vertex 75.7607 93.1632 20.99
    endloop
  endfacet
  facet normal 0.997858 -0.0654233 0
    outer loop
      vertex 75.7607 93.1632 10
      vertex 75.75 93 20.99
      vertex 75.75 93 10
    endloop
  endfacet
  facet normal 0.831485 -0.555547 0
    outer loop
      vertex 75.9175 93.625 20.99
      vertex 76.0083 93.7609 10
      vertex 76.0083 93.7609 20.99
    endloop
  endfacet
  facet normal 0.831485 -0.555547 0
    outer loop
      vertex 76.0083 93.7609 10
      vertex 75.9175 93.625 20.99
      vertex 75.9175 93.625 10
    endloop
  endfacet
  facet normal -0.442313 0.896861 0
    outer loop
      vertex 77.625 91.9175 10
      vertex 77.4784 91.8452 20.99
      vertex 77.625 91.9175 20.99
    endloop
  endfacet
  facet normal -0.442313 0.896861 0
    outer loop
      vertex 77.4784 91.8452 20.99
      vertex 77.625 91.9175 10
      vertex 77.4784 91.8452 10
    endloop
  endfacet
  facet normal -0.0654233 0.997858 0
    outer loop
      vertex 77.1632 91.7607 10
      vertex 77 91.75 20.99
      vertex 77.1632 91.7607 20.99
    endloop
  endfacet
  facet normal -0.0654233 0.997858 0
    outer loop
      vertex 77 91.75 20.99
      vertex 77.1632 91.7607 10
      vertex 77 91.75 10
    endloop
  endfacet
  facet normal 0.195175 0.980768 -0
    outer loop
      vertex 76.8368 91.7607 10
      vertex 76.6765 91.7926 20.99
      vertex 76.8368 91.7607 20.99
    endloop
  endfacet
  facet normal 0.195175 0.980768 0
    outer loop
      vertex 76.6765 91.7926 20.99
      vertex 76.8368 91.7607 10
      vertex 76.6765 91.7926 10
    endloop
  endfacet
  facet normal 0.659414 -0.75178 0
    outer loop
      vertex 76.1161 93.8839 10
      vertex 76.239 93.9917 20.99
      vertex 76.1161 93.8839 20.99
    endloop
  endfacet
  facet normal 0.659414 -0.75178 0
    outer loop
      vertex 76.239 93.9917 20.99
      vertex 76.1161 93.8839 10
      vertex 76.239 93.9917 10
    endloop
  endfacet
  facet normal 0.896861 -0.442313 0
    outer loop
      vertex 75.8452 93.4784 20.99
      vertex 75.9175 93.625 10
      vertex 75.9175 93.625 20.99
    endloop
  endfacet
  facet normal 0.896861 -0.442313 0
    outer loop
      vertex 75.9175 93.625 10
      vertex 75.8452 93.4784 20.99
      vertex 75.8452 93.4784 10
    endloop
  endfacet
  facet normal 0.946896 -0.321541 0
    outer loop
      vertex 75.7926 93.3235 20.99
      vertex 75.8452 93.4784 10
      vertex 75.8452 93.4784 20.99
    endloop
  endfacet
  facet normal 0.946896 -0.321541 0
    outer loop
      vertex 75.8452 93.4784 10
      vertex 75.7926 93.3235 20.99
      vertex 75.7926 93.3235 10
    endloop
  endfacet
  facet normal 0.555265 0.831674 -0
    outer loop
      vertex 76.375 91.9175 10
      vertex 76.239 92.0083 20.99
      vertex 76.375 91.9175 20.99
    endloop
  endfacet
  facet normal 0.555265 0.831674 0
    outer loop
      vertex 76.239 92.0083 20.99
      vertex 76.375 91.9175 10
      vertex 76.239 92.0083 10
    endloop
  endfacet
  facet normal 0.0654233 0.997858 -0
    outer loop
      vertex 77 91.75 10
      vertex 76.8368 91.7607 20.99
      vertex 77 91.75 20.99
    endloop
  endfacet
  facet normal 0.0654233 0.997858 0
    outer loop
      vertex 76.8368 91.7607 20.99
      vertex 77 91.75 10
      vertex 76.8368 91.7607 10
    endloop
  endfacet
  facet normal -0.194358 0.980931 0
    outer loop
      vertex 175.824 18.7926 10
      vertex 175.663 18.7607 20.99
      vertex 175.824 18.7926 20.99
    endloop
  endfacet
  facet normal -0.194358 0.980931 0
    outer loop
      vertex 175.663 18.7607 20.99
      vertex 175.824 18.7926 10
      vertex 175.663 18.7607 10
    endloop
  endfacet
  facet normal -0.980651 -0.195763 0
    outer loop
      vertex 176.739 20.1632 10
      vertex 176.707 20.3235 20.99
      vertex 176.707 20.3235 10
    endloop
  endfacet
  facet normal -0.980651 -0.195763 0
    outer loop
      vertex 176.707 20.3235 20.99
      vertex 176.739 20.1632 10
      vertex 176.739 20.1632 20.99
    endloop
  endfacet
  facet normal -0.997736 -0.0672494 0
    outer loop
      vertex 176.75 20 10
      vertex 176.739 20.1632 20.99
      vertex 176.739 20.1632 10
    endloop
  endfacet
  facet normal -0.997736 -0.0672494 0
    outer loop
      vertex 176.739 20.1632 20.99
      vertex 176.75 20 10
      vertex 176.75 20 20.99
    endloop
  endfacet
  facet normal 0 0 1
    outer loop
      vertex 176.739 20.1632 10
      vertex 176.739 19.8368 10
      vertex 176.75 20 10
    endloop
  endfacet
  facet normal 0 0 1
    outer loop
      vertex 176.707 20.3235 10
      vertex 176.739 19.8368 10
      vertex 176.739 20.1632 10
    endloop
  endfacet
  facet normal 0 0 1
    outer loop
      vertex 176.707 20.3235 10
      vertex 176.707 19.6765 10
      vertex 176.739 19.8368 10
    endloop
  endfacet
  facet normal 0 0 1
    outer loop
      vertex 176.655 20.4784 10
      vertex 176.707 19.6765 10
      vertex 176.707 20.3235 10
    endloop
  endfacet
  facet normal 0 0 1
    outer loop
      vertex 176.655 20.4784 10
      vertex 176.655 19.5216 10
      vertex 176.707 19.6765 10
    endloop
  endfacet
  facet normal 0 0 1
    outer loop
      vertex 176.583 20.625 10
      vertex 176.655 19.5216 10
      vertex 176.655 20.4784 10
    endloop
  endfacet
  facet normal 0 0 1
    outer loop
      vertex 176.583 20.625 10
      vertex 176.583 19.375 10
      vertex 176.655 19.5216 10
    endloop
  endfacet
  facet normal 0 0 1
    outer loop
      vertex 176.492 20.761 10
      vertex 176.583 19.375 10
      vertex 176.583 20.625 10
    endloop
  endfacet
  facet normal 0 0 1
    outer loop
      vertex 176.492 20.761 10
      vertex 176.492 19.239 10
      vertex 176.583 19.375 10
    endloop
  endfacet
  facet normal 0 0 1
    outer loop
      vertex 176.384 20.8839 10
      vertex 176.492 19.239 10
      vertex 176.492 20.761 10
    endloop
  endfacet
  facet normal 0 0 1
    outer loop
      vertex 176.384 20.8839 10
      vertex 176.384 19.1161 10
      vertex 176.492 19.239 10
    endloop
  endfacet
  facet normal 0 0 1
    outer loop
      vertex 176.261 20.9917 10
      vertex 176.384 19.1161 10
      vertex 176.384 20.8839 10
    endloop
  endfacet
  facet normal 0 0 1
    outer loop
      vertex 176.261 20.9917 10
      vertex 176.261 19.0083 10
      vertex 176.384 19.1161 10
    endloop
  endfacet
  facet normal 0 0 1
    outer loop
      vertex 176.125 21.0825 10
      vertex 176.261 19.0083 10
      vertex 176.261 20.9917 10
    endloop
  endfacet
  facet normal 0 0 1
    outer loop
      vertex 176.125 21.0825 10
      vertex 176.125 18.9175 10
      vertex 176.261 19.0083 10
    endloop
  endfacet
  facet normal 0 0 1
    outer loop
      vertex 175.978 21.1549 10
      vertex 176.125 18.9175 10
      vertex 176.125 21.0825 10
    endloop
  endfacet
  facet normal 0 0 1
    outer loop
      vertex 175.978 21.1549 10
      vertex 175.978 18.8451 10
      vertex 176.125 18.9175 10
    endloop
  endfacet
  facet normal 0 0 1
    outer loop
      vertex 175.824 21.2074 10
      vertex 175.978 18.8451 10
      vertex 175.978 21.1549 10
    endloop
  endfacet
  facet normal 0 0 1
    outer loop
      vertex 175.824 21.2074 10
      vertex 175.824 18.7926 10
      vertex 175.978 18.8451 10
    endloop
  endfacet
  facet normal 0 0 1
    outer loop
      vertex 175.663 21.2393 10
      vertex 175.824 18.7926 10
      vertex 175.824 21.2074 10
    endloop
  endfacet
  facet normal 0 0 1
    outer loop
      vertex 175.663 21.2393 10
      vertex 175.663 18.7607 10
      vertex 175.824 18.7926 10
    endloop
  endfacet
  facet normal 0 0 1
    outer loop
      vertex 175.5 21.25 10
      vertex 175.663 18.7607 10
      vertex 175.663 21.2393 10
    endloop
  endfacet
  facet normal 0 0 1
    outer loop
      vertex 175.5 21.25 10
      vertex 175.5 18.75 10
      vertex 175.663 18.7607 10
    endloop
  endfacet
  facet normal -0 0 1
    outer loop
      vertex 175.337 21.2393 10
      vertex 175.5 18.75 10
      vertex 175.5 21.25 10
    endloop
  endfacet
  facet normal 0 0 1
    outer loop
      vertex 175.337 21.2393 10
      vertex 175.337 18.7607 10
      vertex 175.5 18.75 10
    endloop
  endfacet
  facet normal -0 0 1
    outer loop
      vertex 175.176 21.2074 10
      vertex 175.337 18.7607 10
      vertex 175.337 21.2393 10
    endloop
  endfacet
  facet normal 0 0 1
    outer loop
      vertex 175.176 21.2074 10
      vertex 175.176 18.7926 10
      vertex 175.337 18.7607 10
    endloop
  endfacet
  facet normal -0 0 1
    outer loop
      vertex 175.022 21.1549 10
      vertex 175.176 18.7926 10
      vertex 175.176 21.2074 10
    endloop
  endfacet
  facet normal 0 0 1
    outer loop
      vertex 175.022 21.1549 10
      vertex 175.022 18.8451 10
      vertex 175.176 18.7926 10
    endloop
  endfacet
  facet normal -0 0 1
    outer loop
      vertex 174.875 21.0825 10
      vertex 175.022 18.8451 10
      vertex 175.022 21.1549 10
    endloop
  endfacet
  facet normal 0 0 1
    outer loop
      vertex 174.875 21.0825 10
      vertex 174.875 18.9175 10
      vertex 175.022 18.8451 10
    endloop
  endfacet
  facet normal -0 0 1
    outer loop
      vertex 174.739 20.9917 10
      vertex 174.875 18.9175 10
      vertex 174.875 21.0825 10
    endloop
  endfacet
  facet normal 0 0 1
    outer loop
      vertex 174.739 20.9917 10
      vertex 174.739 19.0083 10
      vertex 174.875 18.9175 10
    endloop
  endfacet
  facet normal -0 0 1
    outer loop
      vertex 174.616 20.8839 10
      vertex 174.739 19.0083 10
      vertex 174.739 20.9917 10
    endloop
  endfacet
  facet normal 0 0 1
    outer loop
      vertex 174.616 20.8839 10
      vertex 174.616 19.1161 10
      vertex 174.739 19.0083 10
    endloop
  endfacet
  facet normal -0 0 1
    outer loop
      vertex 174.508 20.761 10
      vertex 174.616 19.1161 10
      vertex 174.616 20.8839 10
    endloop
  endfacet
  facet normal 0 0 1
    outer loop
      vertex 174.508 20.761 10
      vertex 174.508 19.239 10
      vertex 174.616 19.1161 10
    endloop
  endfacet
  facet normal -0 0 1
    outer loop
      vertex 174.417 20.625 10
      vertex 174.508 19.239 10
      vertex 174.508 20.761 10
    endloop
  endfacet
  facet normal 0 0 1
    outer loop
      vertex 174.417 20.625 10
      vertex 174.417 19.375 10
      vertex 174.508 19.239 10
    endloop
  endfacet
  facet normal -0 0 1
    outer loop
      vertex 174.345 20.4784 10
      vertex 174.417 19.375 10
      vertex 174.417 20.625 10
    endloop
  endfacet
  facet normal 0 0 1
    outer loop
      vertex 174.345 20.4784 10
      vertex 174.345 19.5216 10
      vertex 174.417 19.375 10
    endloop
  endfacet
  facet normal -0 0 1
    outer loop
      vertex 174.293 20.3235 10
      vertex 174.345 19.5216 10
      vertex 174.345 20.4784 10
    endloop
  endfacet
  facet normal 0 0 1
    outer loop
      vertex 174.293 20.3235 10
      vertex 174.293 19.6765 10
      vertex 174.345 19.5216 10
    endloop
  endfacet
  facet normal -0 0 1
    outer loop
      vertex 174.261 20.1632 10
      vertex 174.293 19.6765 10
      vertex 174.293 20.3235 10
    endloop
  endfacet
  facet normal 0 0 1
    outer loop
      vertex 174.261 20.1632 10
      vertex 174.261 19.8368 10
      vertex 174.293 19.6765 10
    endloop
  endfacet
  facet normal 0 -0 1
    outer loop
      vertex 174.261 19.8368 10
      vertex 174.261 20.1632 10
      vertex 174.25 20 10
    endloop
  endfacet
  facet normal 0.322674 0.94651 -0
    outer loop
      vertex 175.176 18.7926 10
      vertex 175.022 18.8451 20.99
      vertex 175.176 18.7926 20.99
    endloop
  endfacet
  facet normal 0.322674 0.94651 0
    outer loop
      vertex 175.022 18.8451 20.99
      vertex 175.176 18.7926 10
      vertex 175.022 18.8451 10
    endloop
  endfacet
  facet normal -0.948008 0.318247 0
    outer loop
      vertex 176.655 19.5216 10
      vertex 176.707 19.6765 20.99
      vertex 176.707 19.6765 10
    endloop
  endfacet
  facet normal -0.948008 0.318247 0
    outer loop
      vertex 176.707 19.6765 20.99
      vertex 176.655 19.5216 10
      vertex 176.655 19.5216 20.99
    endloop
  endfacet
  facet normal 0.980651 0.195763 0
    outer loop
      vertex 174.293 19.6765 20.99
      vertex 174.261 19.8368 10
      vertex 174.261 19.8368 20.99
    endloop
  endfacet
  facet normal 0.980651 0.195763 0
    outer loop
      vertex 174.261 19.8368 10
      vertex 174.293 19.6765 20.99
      vertex 174.293 19.6765 10
    endloop
  endfacet
  facet normal 0.751174 0.660104 0
    outer loop
      vertex 174.616 19.1161 20.99
      vertex 174.508 19.239 10
      vertex 174.508 19.239 20.99
    endloop
  endfacet
  facet normal 0.751174 0.660104 0
    outer loop
      vertex 174.508 19.239 10
      vertex 174.616 19.1161 20.99
      vertex 174.616 19.1161 10
    endloop
  endfacet
  facet normal 0.194358 -0.980931 0
    outer loop
      vertex 175.176 21.2074 10
      vertex 175.337 21.2393 20.99
      vertex 175.176 21.2074 20.99
    endloop
  endfacet
  facet normal 0.194358 -0.980931 0
    outer loop
      vertex 175.337 21.2393 20.99
      vertex 175.176 21.2074 10
      vertex 175.337 21.2393 10
    endloop
  endfacet
  facet normal -0.948008 -0.318247 0
    outer loop
      vertex 176.707 20.3235 10
      vertex 176.655 20.4784 20.99
      vertex 176.655 20.4784 10
    endloop
  endfacet
  facet normal -0.948008 -0.318247 0
    outer loop
      vertex 176.655 20.4784 20.99
      vertex 176.707 20.3235 10
      vertex 176.707 20.3235 20.99
    endloop
  endfacet
  facet normal -0.831109 -0.55611 0
    outer loop
      vertex 176.583 20.625 10
      vertex 176.492 20.761 20.99
      vertex 176.492 20.761 10
    endloop
  endfacet
  facet normal -0.831109 -0.55611 0
    outer loop
      vertex 176.492 20.761 20.99
      vertex 176.583 20.625 10
      vertex 176.583 20.625 20.99
    endloop
  endfacet
  facet normal 0.441835 -0.897096 0
    outer loop
      vertex 174.875 21.0825 10
      vertex 175.022 21.1549 20.99
      vertex 174.875 21.0825 20.99
    endloop
  endfacet
  facet normal 0.441835 -0.897096 0
    outer loop
      vertex 175.022 21.1549 20.99
      vertex 174.875 21.0825 10
      vertex 175.022 21.1549 10
    endloop
  endfacet
  facet normal -0.322674 -0.94651 0
    outer loop
      vertex 175.824 21.2074 10
      vertex 175.978 21.1549 20.99
      vertex 175.824 21.2074 20.99
    endloop
  endfacet
  facet normal -0.322674 -0.94651 -0
    outer loop
      vertex 175.978 21.1549 20.99
      vertex 175.824 21.2074 10
      vertex 175.978 21.1549 10
    endloop
  endfacet
  facet normal -0.65911 -0.752046 0
    outer loop
      vertex 176.261 20.9917 10
      vertex 176.384 20.8839 20.99
      vertex 176.261 20.9917 20.99
    endloop
  endfacet
  facet normal -0.65911 -0.752046 -0
    outer loop
      vertex 176.384 20.8839 20.99
      vertex 176.261 20.9917 10
      vertex 176.384 20.8839 10
    endloop
  endfacet
  facet normal -0.555265 -0.831674 0
    outer loop
      vertex 176.125 21.0825 10
      vertex 176.261 20.9917 20.99
      vertex 176.125 21.0825 20.99
    endloop
  endfacet
  facet normal -0.555265 -0.831674 -0
    outer loop
      vertex 176.261 20.9917 20.99
      vertex 176.125 21.0825 10
      vertex 176.261 20.9917 10
    endloop
  endfacet
  facet normal -0.897588 0.440835 0
    outer loop
      vertex 176.583 19.375 10
      vertex 176.655 19.5216 20.99
      vertex 176.655 19.5216 10
    endloop
  endfacet
  facet normal -0.897588 0.440835 0
    outer loop
      vertex 176.655 19.5216 20.99
      vertex 176.583 19.375 10
      vertex 176.583 19.375 20.99
    endloop
  endfacet
  facet normal -0.997736 0.0672494 0
    outer loop
      vertex 176.739 19.8368 10
      vertex 176.75 20 20.99
      vertex 176.75 20 10
    endloop
  endfacet
  facet normal -0.997736 0.0672494 0
    outer loop
      vertex 176.75 20 20.99
      vertex 176.739 19.8368 10
      vertex 176.739 19.8368 20.99
    endloop
  endfacet
  facet normal 0.751174 -0.660104 0
    outer loop
      vertex 174.508 20.761 20.99
      vertex 174.616 20.8839 10
      vertex 174.616 20.8839 20.99
    endloop
  endfacet
  facet normal 0.751174 -0.660104 0
    outer loop
      vertex 174.616 20.8839 10
      vertex 174.508 20.761 20.99
      vertex 174.508 20.761 10
    endloop
  endfacet
  facet normal 0.441835 0.897096 -0
    outer loop
      vertex 175.022 18.8451 10
      vertex 174.875 18.9175 20.99
      vertex 175.022 18.8451 20.99
    endloop
  endfacet
  facet normal 0.441835 0.897096 0
    outer loop
      vertex 174.875 18.9175 20.99
      vertex 175.022 18.8451 10
      vertex 174.875 18.9175 10
    endloop
  endfacet
  facet normal -0.65911 0.752046 0
    outer loop
      vertex 176.384 19.1161 10
      vertex 176.261 19.0083 20.99
      vertex 176.384 19.1161 20.99
    endloop
  endfacet
  facet normal -0.65911 0.752046 0
    outer loop
      vertex 176.261 19.0083 20.99
      vertex 176.384 19.1161 10
      vertex 176.261 19.0083 10
    endloop
  endfacet
  facet normal 0.322674 -0.94651 0
    outer loop
      vertex 175.022 21.1549 10
      vertex 175.176 21.2074 20.99
      vertex 175.022 21.1549 20.99
    endloop
  endfacet
  facet normal 0.322674 -0.94651 0
    outer loop
      vertex 175.176 21.2074 20.99
      vertex 175.022 21.1549 10
      vertex 175.176 21.2074 10
    endloop
  endfacet
  facet normal -0.555265 0.831674 0
    outer loop
      vertex 176.261 19.0083 10
      vertex 176.125 18.9175 20.99
      vertex 176.261 19.0083 20.99
    endloop
  endfacet
  facet normal -0.555265 0.831674 0
    outer loop
      vertex 176.125 18.9175 20.99
      vertex 176.261 19.0083 10
      vertex 176.125 18.9175 10
    endloop
  endfacet
  facet normal -0.980651 0.195763 0
    outer loop
      vertex 176.707 19.6765 10
      vertex 176.739 19.8368 20.99
      vertex 176.739 19.8368 10
    endloop
  endfacet
  facet normal -0.980651 0.195763 0
    outer loop
      vertex 176.739 19.8368 20.99
      vertex 176.707 19.6765 10
      vertex 176.707 19.6765 20.99
    endloop
  endfacet
  facet normal -0.0655032 -0.997852 0
    outer loop
      vertex 175.5 21.25 10
      vertex 175.663 21.2393 20.99
      vertex 175.5 21.25 20.99
    endloop
  endfacet
  facet normal -0.0655032 -0.997852 -0
    outer loop
      vertex 175.663 21.2393 20.99
      vertex 175.5 21.25 10
      vertex 175.663 21.2393 10
    endloop
  endfacet
  facet normal 0.997736 0.0672494 0
    outer loop
      vertex 174.261 19.8368 20.99
      vertex 174.25 20 10
      vertex 174.25 20 20.99
    endloop
  endfacet
  facet normal 0.997736 0.0672494 0
    outer loop
      vertex 174.25 20 10
      vertex 174.261 19.8368 20.99
      vertex 174.261 19.8368 10
    endloop
  endfacet
  facet normal -0.322674 0.94651 0
    outer loop
      vertex 175.978 18.8451 10
      vertex 175.824 18.7926 20.99
      vertex 175.978 18.8451 20.99
    endloop
  endfacet
  facet normal -0.322674 0.94651 0
    outer loop
      vertex 175.824 18.7926 20.99
      vertex 175.978 18.8451 10
      vertex 175.824 18.7926 10
    endloop
  endfacet
  facet normal 0.897588 0.440835 0
    outer loop
      vertex 174.417 19.375 20.99
      vertex 174.345 19.5216 10
      vertex 174.345 19.5216 20.99
    endloop
  endfacet
  facet normal 0.897588 0.440835 0
    outer loop
      vertex 174.345 19.5216 10
      vertex 174.417 19.375 20.99
      vertex 174.417 19.375 10
    endloop
  endfacet
  facet normal 0.831109 0.55611 0
    outer loop
      vertex 174.508 19.239 20.99
      vertex 174.417 19.375 10
      vertex 174.417 19.375 20.99
    endloop
  endfacet
  facet normal 0.831109 0.55611 0
    outer loop
      vertex 174.417 19.375 10
      vertex 174.508 19.239 20.99
      vertex 174.508 19.239 10
    endloop
  endfacet
  facet normal 0.0655032 -0.997852 0
    outer loop
      vertex 175.337 21.2393 10
      vertex 175.5 21.25 20.99
      vertex 175.337 21.2393 20.99
    endloop
  endfacet
  facet normal 0.0655032 -0.997852 0
    outer loop
      vertex 175.5 21.25 20.99
      vertex 175.337 21.2393 10
      vertex 175.5 21.25 10
    endloop
  endfacet
  facet normal -0.194358 -0.980931 0
    outer loop
      vertex 175.663 21.2393 10
      vertex 175.824 21.2074 20.99
      vertex 175.663 21.2393 20.99
    endloop
  endfacet
  facet normal -0.194358 -0.980931 -0
    outer loop
      vertex 175.824 21.2074 20.99
      vertex 175.663 21.2393 10
      vertex 175.824 21.2074 10
    endloop
  endfacet
  facet normal 0.65911 0.752046 -0
    outer loop
      vertex 174.739 19.0083 10
      vertex 174.616 19.1161 20.99
      vertex 174.739 19.0083 20.99
    endloop
  endfacet
  facet normal 0.65911 0.752046 0
    outer loop
      vertex 174.616 19.1161 20.99
      vertex 174.739 19.0083 10
      vertex 174.616 19.1161 10
    endloop
  endfacet
  facet normal -0.751174 0.660104 0
    outer loop
      vertex 176.384 19.1161 10
      vertex 176.492 19.239 20.99
      vertex 176.492 19.239 10
    endloop
  endfacet
  facet normal -0.751174 0.660104 0
    outer loop
      vertex 176.492 19.239 20.99
      vertex 176.384 19.1161 10
      vertex 176.384 19.1161 20.99
    endloop
  endfacet
  facet normal 0.555265 -0.831674 0
    outer loop
      vertex 174.739 20.9917 10
      vertex 174.875 21.0825 20.99
      vertex 174.739 20.9917 20.99
    endloop
  endfacet
  facet normal 0.555265 -0.831674 0
    outer loop
      vertex 174.875 21.0825 20.99
      vertex 174.739 20.9917 10
      vertex 174.875 21.0825 10
    endloop
  endfacet
  facet normal 0.948008 0.318247 0
    outer loop
      vertex 174.345 19.5216 20.99
      vertex 174.293 19.6765 10
      vertex 174.293 19.6765 20.99
    endloop
  endfacet
  facet normal 0.948008 0.318247 0
    outer loop
      vertex 174.293 19.6765 10
      vertex 174.345 19.5216 20.99
      vertex 174.345 19.5216 10
    endloop
  endfacet
  facet normal -0.831109 0.55611 0
    outer loop
      vertex 176.492 19.239 10
      vertex 176.583 19.375 20.99
      vertex 176.583 19.375 10
    endloop
  endfacet
  facet normal -0.831109 0.55611 0
    outer loop
      vertex 176.583 19.375 20.99
      vertex 176.492 19.239 10
      vertex 176.492 19.239 20.99
    endloop
  endfacet
  facet normal 0.980651 -0.195763 0
    outer loop
      vertex 174.261 20.1632 20.99
      vertex 174.293 20.3235 10
      vertex 174.293 20.3235 20.99
    endloop
  endfacet
  facet normal 0.980651 -0.195763 0
    outer loop
      vertex 174.293 20.3235 10
      vertex 174.261 20.1632 20.99
      vertex 174.261 20.1632 10
    endloop
  endfacet
  facet normal -0.441835 -0.897096 0
    outer loop
      vertex 175.978 21.1549 10
      vertex 176.125 21.0825 20.99
      vertex 175.978 21.1549 20.99
    endloop
  endfacet
  facet normal -0.441835 -0.897096 -0
    outer loop
      vertex 176.125 21.0825 20.99
      vertex 175.978 21.1549 10
      vertex 176.125 21.0825 10
    endloop
  endfacet
  facet normal -0.897588 -0.440835 0
    outer loop
      vertex 176.655 20.4784 10
      vertex 176.583 20.625 20.99
      vertex 176.583 20.625 10
    endloop
  endfacet
  facet normal -0.897588 -0.440835 0
    outer loop
      vertex 176.583 20.625 20.99
      vertex 176.655 20.4784 10
      vertex 176.655 20.4784 20.99
    endloop
  endfacet
  facet normal -0.751174 -0.660104 0
    outer loop
      vertex 176.492 20.761 10
      vertex 176.384 20.8839 20.99
      vertex 176.384 20.8839 10
    endloop
  endfacet
  facet normal -0.751174 -0.660104 0
    outer loop
      vertex 176.384 20.8839 20.99
      vertex 176.492 20.761 10
      vertex 176.492 20.761 20.99
    endloop
  endfacet
  facet normal 0.997736 -0.0672494 0
    outer loop
      vertex 174.25 20 20.99
      vertex 174.261 20.1632 10
      vertex 174.261 20.1632 20.99
    endloop
  endfacet
  facet normal 0.997736 -0.0672494 0
    outer loop
      vertex 174.261 20.1632 10
      vertex 174.25 20 20.99
      vertex 174.25 20 10
    endloop
  endfacet
  facet normal 0.831109 -0.55611 0
    outer loop
      vertex 174.417 20.625 20.99
      vertex 174.508 20.761 10
      vertex 174.508 20.761 20.99
    endloop
  endfacet
  facet normal 0.831109 -0.55611 0
    outer loop
      vertex 174.508 20.761 10
      vertex 174.417 20.625 20.99
      vertex 174.417 20.625 10
    endloop
  endfacet
  facet normal -0.441835 0.897096 0
    outer loop
      vertex 176.125 18.9175 10
      vertex 175.978 18.8451 20.99
      vertex 176.125 18.9175 20.99
    endloop
  endfacet
  facet normal -0.441835 0.897096 0
    outer loop
      vertex 175.978 18.8451 20.99
      vertex 176.125 18.9175 10
      vertex 175.978 18.8451 10
    endloop
  endfacet
  facet normal -0.0655032 0.997852 0
    outer loop
      vertex 175.663 18.7607 10
      vertex 175.5 18.75 20.99
      vertex 175.663 18.7607 20.99
    endloop
  endfacet
  facet normal -0.0655032 0.997852 0
    outer loop
      vertex 175.5 18.75 20.99
      vertex 175.663 18.7607 10
      vertex 175.5 18.75 10
    endloop
  endfacet
  facet normal 0.194358 0.980931 -0
    outer loop
      vertex 175.337 18.7607 10
      vertex 175.176 18.7926 20.99
      vertex 175.337 18.7607 20.99
    endloop
  endfacet
  facet normal 0.194358 0.980931 0
    outer loop
      vertex 175.176 18.7926 20.99
      vertex 175.337 18.7607 10
      vertex 175.176 18.7926 10
    endloop
  endfacet
  facet normal 0.65911 -0.752046 0
    outer loop
      vertex 174.616 20.8839 10
      vertex 174.739 20.9917 20.99
      vertex 174.616 20.8839 20.99
    endloop
  endfacet
  facet normal 0.65911 -0.752046 0
    outer loop
      vertex 174.739 20.9917 20.99
      vertex 174.616 20.8839 10
      vertex 174.739 20.9917 10
    endloop
  endfacet
  facet normal 0.897588 -0.440835 0
    outer loop
      vertex 174.345 20.4784 20.99
      vertex 174.417 20.625 10
      vertex 174.417 20.625 20.99
    endloop
  endfacet
  facet normal 0.897588 -0.440835 0
    outer loop
      vertex 174.417 20.625 10
      vertex 174.345 20.4784 20.99
      vertex 174.345 20.4784 10
    endloop
  endfacet
  facet normal 0.948008 -0.318247 0
    outer loop
      vertex 174.293 20.3235 20.99
      vertex 174.345 20.4784 10
      vertex 174.345 20.4784 20.99
    endloop
  endfacet
  facet normal 0.948008 -0.318247 0
    outer loop
      vertex 174.345 20.4784 10
      vertex 174.293 20.3235 20.99
      vertex 174.293 20.3235 10
    endloop
  endfacet
  facet normal 0.555265 0.831674 -0
    outer loop
      vertex 174.875 18.9175 10
      vertex 174.739 19.0083 20.99
      vertex 174.875 18.9175 20.99
    endloop
  endfacet
  facet normal 0.555265 0.831674 0
    outer loop
      vertex 174.739 19.0083 20.99
      vertex 174.875 18.9175 10
      vertex 174.739 19.0083 10
    endloop
  endfacet
  facet normal 0.0655032 0.997852 -0
    outer loop
      vertex 175.5 18.75 10
      vertex 175.337 18.7607 20.99
      vertex 175.5 18.75 20.99
    endloop
  endfacet
  facet normal 0.0655032 0.997852 0
    outer loop
      vertex 175.337 18.7607 20.99
      vertex 175.5 18.75 10
      vertex 175.337 18.7607 10
    endloop
  endfacet
  facet normal -0.194358 0.980931 0
    outer loop
      vertex 175.824 78.7926 10
      vertex 175.663 78.7607 20.99
      vertex 175.824 78.7926 20.99
    endloop
  endfacet
  facet normal -0.194358 0.980931 0
    outer loop
      vertex 175.663 78.7607 20.99
      vertex 175.824 78.7926 10
      vertex 175.663 78.7607 10
    endloop
  endfacet
  facet normal -0.980651 -0.195763 0
    outer loop
      vertex 176.739 80.1632 10
      vertex 176.707 80.3235 20.99
      vertex 176.707 80.3235 10
    endloop
  endfacet
  facet normal -0.980651 -0.195763 0
    outer loop
      vertex 176.707 80.3235 20.99
      vertex 176.739 80.1632 10
      vertex 176.739 80.1632 20.99
    endloop
  endfacet
  facet normal -0.997736 -0.0672494 0
    outer loop
      vertex 176.75 80 10
      vertex 176.739 80.1632 20.99
      vertex 176.739 80.1632 10
    endloop
  endfacet
  facet normal -0.997736 -0.0672494 0
    outer loop
      vertex 176.739 80.1632 20.99
      vertex 176.75 80 10
      vertex 176.75 80 20.99
    endloop
  endfacet
  facet normal 0 0 1
    outer loop
      vertex 176.739 80.1632 10
      vertex 176.739 79.8368 10
      vertex 176.75 80 10
    endloop
  endfacet
  facet normal 0 0 1
    outer loop
      vertex 176.707 80.3235 10
      vertex 176.739 79.8368 10
      vertex 176.739 80.1632 10
    endloop
  endfacet
  facet normal 0 0 1
    outer loop
      vertex 176.707 80.3235 10
      vertex 176.707 79.6765 10
      vertex 176.739 79.8368 10
    endloop
  endfacet
  facet normal 0 0 1
    outer loop
      vertex 176.655 80.4784 10
      vertex 176.707 79.6765 10
      vertex 176.707 80.3235 10
    endloop
  endfacet
  facet normal 0 0 1
    outer loop
      vertex 176.655 80.4784 10
      vertex 176.655 79.5216 10
      vertex 176.707 79.6765 10
    endloop
  endfacet
  facet normal 0 0 1
    outer loop
      vertex 176.583 80.625 10
      vertex 176.655 79.5216 10
      vertex 176.655 80.4784 10
    endloop
  endfacet
  facet normal 0 0 1
    outer loop
      vertex 176.583 80.625 10
      vertex 176.583 79.375 10
      vertex 176.655 79.5216 10
    endloop
  endfacet
  facet normal 0 0 1
    outer loop
      vertex 176.492 80.7609 10
      vertex 176.583 79.375 10
      vertex 176.583 80.625 10
    endloop
  endfacet
  facet normal 0 0 1
    outer loop
      vertex 176.492 80.7609 10
      vertex 176.492 79.239 10
      vertex 176.583 79.375 10
    endloop
  endfacet
  facet normal 0 0 1
    outer loop
      vertex 176.384 80.8839 10
      vertex 176.492 79.239 10
      vertex 176.492 80.7609 10
    endloop
  endfacet
  facet normal 0 0 1
    outer loop
      vertex 176.384 80.8839 10
      vertex 176.384 79.1161 10
      vertex 176.492 79.239 10
    endloop
  endfacet
  facet normal 0 0 1
    outer loop
      vertex 176.261 80.9917 10
      vertex 176.384 79.1161 10
      vertex 176.384 80.8839 10
    endloop
  endfacet
  facet normal 0 0 1
    outer loop
      vertex 176.261 80.9917 10
      vertex 176.261 79.0083 10
      vertex 176.384 79.1161 10
    endloop
  endfacet
  facet normal 0 0 1
    outer loop
      vertex 176.125 81.0825 10
      vertex 176.261 79.0083 10
      vertex 176.261 80.9917 10
    endloop
  endfacet
  facet normal 0 0 1
    outer loop
      vertex 176.125 81.0825 10
      vertex 176.125 78.9175 10
      vertex 176.261 79.0083 10
    endloop
  endfacet
  facet normal 0 0 1
    outer loop
      vertex 175.978 81.1548 10
      vertex 176.125 78.9175 10
      vertex 176.125 81.0825 10
    endloop
  endfacet
  facet normal 0 0 1
    outer loop
      vertex 175.978 81.1548 10
      vertex 175.978 78.8452 10
      vertex 176.125 78.9175 10
    endloop
  endfacet
  facet normal 0 0 1
    outer loop
      vertex 175.824 81.2074 10
      vertex 175.978 78.8452 10
      vertex 175.978 81.1548 10
    endloop
  endfacet
  facet normal 0 0 1
    outer loop
      vertex 175.824 81.2074 10
      vertex 175.824 78.7926 10
      vertex 175.978 78.8452 10
    endloop
  endfacet
  facet normal 0 0 1
    outer loop
      vertex 175.663 81.2393 10
      vertex 175.824 78.7926 10
      vertex 175.824 81.2074 10
    endloop
  endfacet
  facet normal 0 0 1
    outer loop
      vertex 175.663 81.2393 10
      vertex 175.663 78.7607 10
      vertex 175.824 78.7926 10
    endloop
  endfacet
  facet normal 0 0 1
    outer loop
      vertex 175.5 81.25 10
      vertex 175.663 78.7607 10
      vertex 175.663 81.2393 10
    endloop
  endfacet
  facet normal 0 0 1
    outer loop
      vertex 175.5 81.25 10
      vertex 175.5 78.75 10
      vertex 175.663 78.7607 10
    endloop
  endfacet
  facet normal -0 0 1
    outer loop
      vertex 175.337 81.2393 10
      vertex 175.5 78.75 10
      vertex 175.5 81.25 10
    endloop
  endfacet
  facet normal 0 0 1
    outer loop
      vertex 175.337 81.2393 10
      vertex 175.337 78.7607 10
      vertex 175.5 78.75 10
    endloop
  endfacet
  facet normal -0 0 1
    outer loop
      vertex 175.176 81.2074 10
      vertex 175.337 78.7607 10
      vertex 175.337 81.2393 10
    endloop
  endfacet
  facet normal 0 0 1
    outer loop
      vertex 175.176 81.2074 10
      vertex 175.176 78.7926 10
      vertex 175.337 78.7607 10
    endloop
  endfacet
  facet normal -0 0 1
    outer loop
      vertex 175.022 81.1548 10
      vertex 175.176 78.7926 10
      vertex 175.176 81.2074 10
    endloop
  endfacet
  facet normal 0 0 1
    outer loop
      vertex 175.022 81.1548 10
      vertex 175.022 78.8452 10
      vertex 175.176 78.7926 10
    endloop
  endfacet
  facet normal -0 0 1
    outer loop
      vertex 174.875 81.0825 10
      vertex 175.022 78.8452 10
      vertex 175.022 81.1548 10
    endloop
  endfacet
  facet normal 0 0 1
    outer loop
      vertex 174.875 81.0825 10
      vertex 174.875 78.9175 10
      vertex 175.022 78.8452 10
    endloop
  endfacet
  facet normal -0 0 1
    outer loop
      vertex 174.739 80.9917 10
      vertex 174.875 78.9175 10
      vertex 174.875 81.0825 10
    endloop
  endfacet
  facet normal 0 0 1
    outer loop
      vertex 174.739 80.9917 10
      vertex 174.739 79.0083 10
      vertex 174.875 78.9175 10
    endloop
  endfacet
  facet normal -0 0 1
    outer loop
      vertex 174.616 80.8839 10
      vertex 174.739 79.0083 10
      vertex 174.739 80.9917 10
    endloop
  endfacet
  facet normal 0 0 1
    outer loop
      vertex 174.616 80.8839 10
      vertex 174.616 79.1161 10
      vertex 174.739 79.0083 10
    endloop
  endfacet
  facet normal -0 0 1
    outer loop
      vertex 174.508 80.7609 10
      vertex 174.616 79.1161 10
      vertex 174.616 80.8839 10
    endloop
  endfacet
  facet normal 0 0 1
    outer loop
      vertex 174.508 80.7609 10
      vertex 174.508 79.239 10
      vertex 174.616 79.1161 10
    endloop
  endfacet
  facet normal -0 0 1
    outer loop
      vertex 174.417 80.625 10
      vertex 174.508 79.239 10
      vertex 174.508 80.7609 10
    endloop
  endfacet
  facet normal 0 0 1
    outer loop
      vertex 174.417 80.625 10
      vertex 174.417 79.375 10
      vertex 174.508 79.239 10
    endloop
  endfacet
  facet normal -0 0 1
    outer loop
      vertex 174.345 80.4784 10
      vertex 174.417 79.375 10
      vertex 174.417 80.625 10
    endloop
  endfacet
  facet normal 0 0 1
    outer loop
      vertex 174.345 80.4784 10
      vertex 174.345 79.5216 10
      vertex 174.417 79.375 10
    endloop
  endfacet
  facet normal -0 0 1
    outer loop
      vertex 174.293 80.3235 10
      vertex 174.345 79.5216 10
      vertex 174.345 80.4784 10
    endloop
  endfacet
  facet normal 0 0 1
    outer loop
      vertex 174.293 80.3235 10
      vertex 174.293 79.6765 10
      vertex 174.345 79.5216 10
    endloop
  endfacet
  facet normal -0 0 1
    outer loop
      vertex 174.261 80.1632 10
      vertex 174.293 79.6765 10
      vertex 174.293 80.3235 10
    endloop
  endfacet
  facet normal 0 0 1
    outer loop
      vertex 174.261 80.1632 10
      vertex 174.261 79.8368 10
      vertex 174.293 79.6765 10
    endloop
  endfacet
  facet normal 0 -0 1
    outer loop
      vertex 174.261 79.8368 10
      vertex 174.261 80.1632 10
      vertex 174.25 80 10
    endloop
  endfacet
  facet normal -0.948008 0.318247 0
    outer loop
      vertex 176.655 79.5216 10
      vertex 176.707 79.6765 20.99
      vertex 176.707 79.6765 10
    endloop
  endfacet
  facet normal -0.948008 0.318247 0
    outer loop
      vertex 176.707 79.6765 20.99
      vertex 176.655 79.5216 10
      vertex 176.655 79.5216 20.99
    endloop
  endfacet
  facet normal 0.980651 0.195763 0
    outer loop
      vertex 174.293 79.6765 20.99
      vertex 174.261 79.8368 10
      vertex 174.261 79.8368 20.99
    endloop
  endfacet
  facet normal 0.980651 0.195763 0
    outer loop
      vertex 174.261 79.8368 10
      vertex 174.293 79.6765 20.99
      vertex 174.293 79.6765 10
    endloop
  endfacet
  facet normal 0.323224 0.946322 -0
    outer loop
      vertex 175.176 78.7926 10
      vertex 175.022 78.8452 20.99
      vertex 175.176 78.7926 20.99
    endloop
  endfacet
  facet normal 0.323224 0.946322 0
    outer loop
      vertex 175.022 78.8452 20.99
      vertex 175.176 78.7926 10
      vertex 175.022 78.8452 10
    endloop
  endfacet
  facet normal 0.751174 0.660104 0
    outer loop
      vertex 174.616 79.1161 20.99
      vertex 174.508 79.239 10
      vertex 174.508 79.239 20.99
    endloop
  endfacet
  facet normal 0.751174 0.660104 0
    outer loop
      vertex 174.508 79.239 10
      vertex 174.616 79.1161 20.99
      vertex 174.616 79.1161 10
    endloop
  endfacet
  facet normal 0.194358 -0.980931 0
    outer loop
      vertex 175.176 81.2074 10
      vertex 175.337 81.2393 20.99
      vertex 175.176 81.2074 20.99
    endloop
  endfacet
  facet normal 0.194358 -0.980931 0
    outer loop
      vertex 175.337 81.2393 20.99
      vertex 175.176 81.2074 10
      vertex 175.337 81.2393 10
    endloop
  endfacet
  facet normal -0.948008 -0.318247 0
    outer loop
      vertex 176.707 80.3235 10
      vertex 176.655 80.4784 20.99
      vertex 176.655 80.4784 10
    endloop
  endfacet
  facet normal -0.948008 -0.318247 0
    outer loop
      vertex 176.655 80.4784 20.99
      vertex 176.707 80.3235 10
      vertex 176.707 80.3235 20.99
    endloop
  endfacet
  facet normal -0.83092 -0.556392 0
    outer loop
      vertex 176.583 80.625 10
      vertex 176.492 80.7609 20.99
      vertex 176.492 80.7609 10
    endloop
  endfacet
  facet normal -0.83092 -0.556392 0
    outer loop
      vertex 176.492 80.7609 20.99
      vertex 176.583 80.625 10
      vertex 176.583 80.625 20.99
    endloop
  endfacet
  facet normal 0.441344 -0.897338 0
    outer loop
      vertex 174.875 81.0825 10
      vertex 175.022 81.1548 20.99
      vertex 174.875 81.0825 20.99
    endloop
  endfacet
  facet normal 0.441344 -0.897338 0
    outer loop
      vertex 175.022 81.1548 20.99
      vertex 174.875 81.0825 10
      vertex 175.022 81.1548 10
    endloop
  endfacet
  facet normal -0.323224 -0.946322 0
    outer loop
      vertex 175.824 81.2074 10
      vertex 175.978 81.1548 20.99
      vertex 175.824 81.2074 20.99
    endloop
  endfacet
  facet normal -0.323224 -0.946322 -0
    outer loop
      vertex 175.978 81.1548 20.99
      vertex 175.824 81.2074 10
      vertex 175.978 81.1548 10
    endloop
  endfacet
  facet normal -0.65911 -0.752046 0
    outer loop
      vertex 176.261 80.9917 10
      vertex 176.384 80.8839 20.99
      vertex 176.261 80.9917 20.99
    endloop
  endfacet
  facet normal -0.65911 -0.752046 -0
    outer loop
      vertex 176.384 80.8839 20.99
      vertex 176.261 80.9917 10
      vertex 176.384 80.8839 10
    endloop
  endfacet
  facet normal -0.555265 -0.831674 0
    outer loop
      vertex 176.125 81.0825 10
      vertex 176.261 80.9917 20.99
      vertex 176.125 81.0825 20.99
    endloop
  endfacet
  facet normal -0.555265 -0.831674 -0
    outer loop
      vertex 176.261 80.9917 20.99
      vertex 176.125 81.0825 10
      vertex 176.261 80.9917 10
    endloop
  endfacet
  facet normal -0.897588 0.440835 0
    outer loop
      vertex 176.583 79.375 10
      vertex 176.655 79.5216 20.99
      vertex 176.655 79.5216 10
    endloop
  endfacet
  facet normal -0.897588 0.440835 0
    outer loop
      vertex 176.655 79.5216 20.99
      vertex 176.583 79.375 10
      vertex 176.583 79.375 20.99
    endloop
  endfacet
  facet normal -0.997736 0.0672494 0
    outer loop
      vertex 176.739 79.8368 10
      vertex 176.75 80 20.99
      vertex 176.75 80 10
    endloop
  endfacet
  facet normal -0.997736 0.0672494 0
    outer loop
      vertex 176.75 80 20.99
      vertex 176.739 79.8368 10
      vertex 176.739 79.8368 20.99
    endloop
  endfacet
  facet normal 0.75144 -0.659801 0
    outer loop
      vertex 174.508 80.7609 20.99
      vertex 174.616 80.8839 10
      vertex 174.616 80.8839 20.99
    endloop
  endfacet
  facet normal 0.75144 -0.659801 0
    outer loop
      vertex 174.616 80.8839 10
      vertex 174.508 80.7609 20.99
      vertex 174.508 80.7609 10
    endloop
  endfacet
  facet normal 0.441344 0.897338 -0
    outer loop
      vertex 175.022 78.8452 10
      vertex 174.875 78.9175 20.99
      vertex 175.022 78.8452 20.99
    endloop
  endfacet
  facet normal 0.441344 0.897338 0
    outer loop
      vertex 174.875 78.9175 20.99
      vertex 175.022 78.8452 10
      vertex 174.875 78.9175 10
    endloop
  endfacet
  facet normal -0.65911 0.752046 0
    outer loop
      vertex 176.384 79.1161 10
      vertex 176.261 79.0083 20.99
      vertex 176.384 79.1161 20.99
    endloop
  endfacet
  facet normal -0.65911 0.752046 0
    outer loop
      vertex 176.261 79.0083 20.99
      vertex 176.384 79.1161 10
      vertex 176.261 79.0083 10
    endloop
  endfacet
  facet normal 0.323224 -0.946322 0
    outer loop
      vertex 175.022 81.1548 10
      vertex 175.176 81.2074 20.99
      vertex 175.022 81.1548 20.99
    endloop
  endfacet
  facet normal 0.323224 -0.946322 0
    outer loop
      vertex 175.176 81.2074 20.99
      vertex 175.022 81.1548 10
      vertex 175.176 81.2074 10
    endloop
  endfacet
  facet normal -0.555265 0.831674 0
    outer loop
      vertex 176.261 79.0083 10
      vertex 176.125 78.9175 20.99
      vertex 176.261 79.0083 20.99
    endloop
  endfacet
  facet normal -0.555265 0.831674 0
    outer loop
      vertex 176.125 78.9175 20.99
      vertex 176.261 79.0083 10
      vertex 176.125 78.9175 10
    endloop
  endfacet
  facet normal -0.980651 0.195763 0
    outer loop
      vertex 176.707 79.6765 10
      vertex 176.739 79.8368 20.99
      vertex 176.739 79.8368 10
    endloop
  endfacet
  facet normal -0.980651 0.195763 0
    outer loop
      vertex 176.739 79.8368 20.99
      vertex 176.707 79.6765 10
      vertex 176.707 79.6765 20.99
    endloop
  endfacet
  facet normal -0.0655032 -0.997852 0
    outer loop
      vertex 175.5 81.25 10
      vertex 175.663 81.2393 20.99
      vertex 175.5 81.25 20.99
    endloop
  endfacet
  facet normal -0.0655032 -0.997852 -0
    outer loop
      vertex 175.663 81.2393 20.99
      vertex 175.5 81.25 10
      vertex 175.663 81.2393 10
    endloop
  endfacet
  facet normal 0.997736 0.0672494 0
    outer loop
      vertex 174.261 79.8368 20.99
      vertex 174.25 80 10
      vertex 174.25 80 20.99
    endloop
  endfacet
  facet normal 0.997736 0.0672494 0
    outer loop
      vertex 174.25 80 10
      vertex 174.261 79.8368 20.99
      vertex 174.261 79.8368 10
    endloop
  endfacet
  facet normal -0.323224 0.946322 0
    outer loop
      vertex 175.978 78.8452 10
      vertex 175.824 78.7926 20.99
      vertex 175.978 78.8452 20.99
    endloop
  endfacet
  facet normal -0.323224 0.946322 0
    outer loop
      vertex 175.824 78.7926 20.99
      vertex 175.978 78.8452 10
      vertex 175.824 78.7926 10
    endloop
  endfacet
  facet normal 0.897588 0.440835 0
    outer loop
      vertex 174.417 79.375 20.99
      vertex 174.345 79.5216 10
      vertex 174.345 79.5216 20.99
    endloop
  endfacet
  facet normal 0.897588 0.440835 0
    outer loop
      vertex 174.345 79.5216 10
      vertex 174.417 79.375 20.99
      vertex 174.417 79.375 10
    endloop
  endfacet
  facet normal 0.831109 0.55611 0
    outer loop
      vertex 174.508 79.239 20.99
      vertex 174.417 79.375 10
      vertex 174.417 79.375 20.99
    endloop
  endfacet
  facet normal 0.831109 0.55611 0
    outer loop
      vertex 174.417 79.375 10
      vertex 174.508 79.239 20.99
      vertex 174.508 79.239 10
    endloop
  endfacet
  facet normal 0.0655032 -0.997852 0
    outer loop
      vertex 175.337 81.2393 10
      vertex 175.5 81.25 20.99
      vertex 175.337 81.2393 20.99
    endloop
  endfacet
  facet normal 0.0655032 -0.997852 0
    outer loop
      vertex 175.5 81.25 20.99
      vertex 175.337 81.2393 10
      vertex 175.5 81.25 10
    endloop
  endfacet
  facet normal -0.194358 -0.980931 0
    outer loop
      vertex 175.663 81.2393 10
      vertex 175.824 81.2074 20.99
      vertex 175.663 81.2393 20.99
    endloop
  endfacet
  facet normal -0.194358 -0.980931 -0
    outer loop
      vertex 175.824 81.2074 20.99
      vertex 175.663 81.2393 10
      vertex 175.824 81.2074 10
    endloop
  endfacet
  facet normal 0.65911 0.752046 -0
    outer loop
      vertex 174.739 79.0083 10
      vertex 174.616 79.1161 20.99
      vertex 174.739 79.0083 20.99
    endloop
  endfacet
  facet normal 0.65911 0.752046 0
    outer loop
      vertex 174.616 79.1161 20.99
      vertex 174.739 79.0083 10
      vertex 174.616 79.1161 10
    endloop
  endfacet
  facet normal -0.751174 0.660104 0
    outer loop
      vertex 176.384 79.1161 10
      vertex 176.492 79.239 20.99
      vertex 176.492 79.239 10
    endloop
  endfacet
  facet normal -0.751174 0.660104 0
    outer loop
      vertex 176.492 79.239 20.99
      vertex 176.384 79.1161 10
      vertex 176.384 79.1161 20.99
    endloop
  endfacet
  facet normal 0.555265 -0.831674 0
    outer loop
      vertex 174.739 80.9917 10
      vertex 174.875 81.0825 20.99
      vertex 174.739 80.9917 20.99
    endloop
  endfacet
  facet normal 0.555265 -0.831674 0
    outer loop
      vertex 174.875 81.0825 20.99
      vertex 174.739 80.9917 10
      vertex 174.875 81.0825 10
    endloop
  endfacet
  facet normal 0.948008 0.318247 0
    outer loop
      vertex 174.345 79.5216 20.99
      vertex 174.293 79.6765 10
      vertex 174.293 79.6765 20.99
    endloop
  endfacet
  facet normal 0.948008 0.318247 0
    outer loop
      vertex 174.293 79.6765 10
      vertex 174.345 79.5216 20.99
      vertex 174.345 79.5216 10
    endloop
  endfacet
  facet normal -0.831109 0.55611 0
    outer loop
      vertex 176.492 79.239 10
      vertex 176.583 79.375 20.99
      vertex 176.583 79.375 10
    endloop
  endfacet
  facet normal -0.831109 0.55611 0
    outer loop
      vertex 176.583 79.375 20.99
      vertex 176.492 79.239 10
      vertex 176.492 79.239 20.99
    endloop
  endfacet
  facet normal 0.980651 -0.195763 0
    outer loop
      vertex 174.261 80.1632 20.99
      vertex 174.293 80.3235 10
      vertex 174.293 80.3235 20.99
    endloop
  endfacet
  facet normal 0.980651 -0.195763 0
    outer loop
      vertex 174.293 80.3235 10
      vertex 174.261 80.1632 20.99
      vertex 174.261 80.1632 10
    endloop
  endfacet
  facet normal -0.441344 -0.897338 0
    outer loop
      vertex 175.978 81.1548 10
      vertex 176.125 81.0825 20.99
      vertex 175.978 81.1548 20.99
    endloop
  endfacet
  facet normal -0.441344 -0.897338 -0
    outer loop
      vertex 176.125 81.0825 20.99
      vertex 175.978 81.1548 10
      vertex 176.125 81.0825 10
    endloop
  endfacet
  facet normal -0.897588 -0.440835 0
    outer loop
      vertex 176.655 80.4784 10
      vertex 176.583 80.625 20.99
      vertex 176.583 80.625 10
    endloop
  endfacet
  facet normal -0.897588 -0.440835 0
    outer loop
      vertex 176.583 80.625 20.99
      vertex 176.655 80.4784 10
      vertex 176.655 80.4784 20.99
    endloop
  endfacet
  facet normal -0.75144 -0.659801 0
    outer loop
      vertex 176.492 80.7609 10
      vertex 176.384 80.8839 20.99
      vertex 176.384 80.8839 10
    endloop
  endfacet
  facet normal -0.75144 -0.659801 0
    outer loop
      vertex 176.384 80.8839 20.99
      vertex 176.492 80.7609 10
      vertex 176.492 80.7609 20.99
    endloop
  endfacet
  facet normal 0.997736 -0.0672494 0
    outer loop
      vertex 174.25 80 20.99
      vertex 174.261 80.1632 10
      vertex 174.261 80.1632 20.99
    endloop
  endfacet
  facet normal 0.997736 -0.0672494 0
    outer loop
      vertex 174.261 80.1632 10
      vertex 174.25 80 20.99
      vertex 174.25 80 10
    endloop
  endfacet
  facet normal 0.83092 -0.556392 0
    outer loop
      vertex 174.417 80.625 20.99
      vertex 174.508 80.7609 10
      vertex 174.508 80.7609 20.99
    endloop
  endfacet
  facet normal 0.83092 -0.556392 0
    outer loop
      vertex 174.508 80.7609 10
      vertex 174.417 80.625 20.99
      vertex 174.417 80.625 10
    endloop
  endfacet
  facet normal -0.441344 0.897338 0
    outer loop
      vertex 176.125 78.9175 10
      vertex 175.978 78.8452 20.99
      vertex 176.125 78.9175 20.99
    endloop
  endfacet
  facet normal -0.441344 0.897338 0
    outer loop
      vertex 175.978 78.8452 20.99
      vertex 176.125 78.9175 10
      vertex 175.978 78.8452 10
    endloop
  endfacet
  facet normal -0.0655032 0.997852 0
    outer loop
      vertex 175.663 78.7607 10
      vertex 175.5 78.75 20.99
      vertex 175.663 78.7607 20.99
    endloop
  endfacet
  facet normal -0.0655032 0.997852 0
    outer loop
      vertex 175.5 78.75 20.99
      vertex 175.663 78.7607 10
      vertex 175.5 78.75 10
    endloop
  endfacet
  facet normal 0.194358 0.980931 -0
    outer loop
      vertex 175.337 78.7607 10
      vertex 175.176 78.7926 20.99
      vertex 175.337 78.7607 20.99
    endloop
  endfacet
  facet normal 0.194358 0.980931 0
    outer loop
      vertex 175.176 78.7926 20.99
      vertex 175.337 78.7607 10
      vertex 175.176 78.7926 10
    endloop
  endfacet
  facet normal 0.65911 -0.752046 0
    outer loop
      vertex 174.616 80.8839 10
      vertex 174.739 80.9917 20.99
      vertex 174.616 80.8839 20.99
    endloop
  endfacet
  facet normal 0.65911 -0.752046 0
    outer loop
      vertex 174.739 80.9917 20.99
      vertex 174.616 80.8839 10
      vertex 174.739 80.9917 10
    endloop
  endfacet
  facet normal 0.897588 -0.440835 0
    outer loop
      vertex 174.345 80.4784 20.99
      vertex 174.417 80.625 10
      vertex 174.417 80.625 20.99
    endloop
  endfacet
  facet normal 0.897588 -0.440835 0
    outer loop
      vertex 174.417 80.625 10
      vertex 174.345 80.4784 20.99
      vertex 174.345 80.4784 10
    endloop
  endfacet
  facet normal 0.948008 -0.318247 0
    outer loop
      vertex 174.293 80.3235 20.99
      vertex 174.345 80.4784 10
      vertex 174.345 80.4784 20.99
    endloop
  endfacet
  facet normal 0.948008 -0.318247 0
    outer loop
      vertex 174.345 80.4784 10
      vertex 174.293 80.3235 20.99
      vertex 174.293 80.3235 10
    endloop
  endfacet
  facet normal 0.555265 0.831674 -0
    outer loop
      vertex 174.875 78.9175 10
      vertex 174.739 79.0083 20.99
      vertex 174.875 78.9175 20.99
    endloop
  endfacet
  facet normal 0.555265 0.831674 0
    outer loop
      vertex 174.739 79.0083 20.99
      vertex 174.875 78.9175 10
      vertex 174.739 79.0083 10
    endloop
  endfacet
  facet normal 0.0655032 0.997852 -0
    outer loop
      vertex 175.5 78.75 10
      vertex 175.337 78.7607 20.99
      vertex 175.5 78.75 20.99
    endloop
  endfacet
  facet normal 0.0655032 0.997852 0
    outer loop
      vertex 175.337 78.7607 20.99
      vertex 175.5 78.75 10
      vertex 175.337 78.7607 10
    endloop
  endfacet
  facet normal 0.442621 0 0.896709
    outer loop
      vertex 14.4 100 13.268
      vertex 14.6346 97.6 13.1522
      vertex 14.6346 100 13.1522
    endloop
  endfacet
  facet normal 0.442621 0 0.896709
    outer loop
      vertex 14.6346 97.6 13.1522
      vertex 14.4 100 13.268
      vertex 14.4 97.6 13.268
    endloop
  endfacet
  facet normal -0.0653771 0 -0.997861
    outer loop
      vertex 43.4 97.6 20.6
      vertex 43.661 100 20.5829
      vertex 43.661 97.6 20.5829
    endloop
  endfacet
  facet normal -0.0653771 0 -0.997861
    outer loop
      vertex 43.661 100 20.5829
      vertex 43.4 97.6 20.6
      vertex 43.4 100 20.6
    endloop
  endfacet
  facet normal 0.0653771 0 -0.997861
    outer loop
      vertex 15.139 97.6 20.5829
      vertex 15.4 100 20.6
      vertex 15.4 97.6 20.6
    endloop
  endfacet
  facet normal 0.0653771 0 -0.997861
    outer loop
      vertex 15.4 100 20.6
      vertex 15.139 97.6 20.5829
      vertex 15.139 100 20.5829
    endloop
  endfacet
  facet normal 0.997861 -0 0.0653771
    outer loop
      vertex 13.4 97.6 15
      vertex 13.4171 100 14.739
      vertex 13.4 100 15
    endloop
  endfacet
  facet normal 0.997861 0 0.0653771
    outer loop
      vertex 13.4171 100 14.739
      vertex 13.4 97.6 15
      vertex 13.4171 97.6 14.739
    endloop
  endfacet
  facet normal 0.442314 0 -0.89686
    outer loop
      vertex 14.4 97.6 20.3321
      vertex 14.6346 100 20.4478
      vertex 14.6346 97.6 20.4478
    endloop
  endfacet
  facet normal 0.442314 0 -0.89686
    outer loop
      vertex 14.6346 100 20.4478
      vertex 14.4 97.6 20.3321
      vertex 14.4 100 20.3321
    endloop
  endfacet
  facet normal -0.195308 0 0.980742
    outer loop
      vertex 43.661 100 13.0171
      vertex 43.9176 97.6 13.0682
      vertex 43.9176 100 13.0682
    endloop
  endfacet
  facet normal -0.195308 0 0.980742
    outer loop
      vertex 43.9176 97.6 13.0682
      vertex 43.661 100 13.0171
      vertex 43.661 97.6 13.0171
    endloop
  endfacet
  facet normal 0.89686 -0 0.442314
    outer loop
      vertex 13.5522 97.6 14.2346
      vertex 13.6679 100 14
      vertex 13.5522 100 14.2346
    endloop
  endfacet
  facet normal 0.89686 0 0.442314
    outer loop
      vertex 13.6679 100 14
      vertex 13.5522 97.6 14.2346
      vertex 13.6679 97.6 14
    endloop
  endfacet
  facet normal -0.555494 0 0.831521
    outer loop
      vertex 44.4 100 13.268
      vertex 44.6175 97.6 13.4133
      vertex 44.6175 100 13.4133
    endloop
  endfacet
  facet normal -0.555494 0 0.831521
    outer loop
      vertex 44.6175 97.6 13.4133
      vertex 44.4 100 13.268
      vertex 44.4 97.6 13.268
    endloop
  endfacet
  facet normal -0.659343 0 0.751842
    outer loop
      vertex 44.6175 100 13.4133
      vertex 44.8142 97.6 13.5858
      vertex 44.8142 100 13.5858
    endloop
  endfacet
  facet normal -0.659343 0 0.751842
    outer loop
      vertex 44.8142 97.6 13.5858
      vertex 44.6175 100 13.4133
      vertex 44.6175 97.6 13.4133
    endloop
  endfacet
  facet normal 0.659343 0 -0.751842
    outer loop
      vertex 13.9858 97.6 20.0142
      vertex 14.1825 100 20.1867
      vertex 14.1825 97.6 20.1867
    endloop
  endfacet
  facet normal 0.659343 0 -0.751842
    outer loop
      vertex 14.1825 100 20.1867
      vertex 13.9858 97.6 20.0142
      vertex 13.9858 100 20.0142
    endloop
  endfacet
  facet normal 0.751842 0 -0.659343
    outer loop
      vertex 13.9858 97.6 20.0142
      vertex 13.8133 100 19.8175
      vertex 13.9858 100 20.0142
    endloop
  endfacet
  facet normal 0.751842 0 -0.659343
    outer loop
      vertex 13.8133 100 19.8175
      vertex 13.9858 97.6 20.0142
      vertex 13.8133 97.6 19.8175
    endloop
  endfacet
  facet normal 1 -0 0
    outer loop
      vertex 13.4 97.6 18.6
      vertex 13.4 100 15
      vertex 13.4 100 18.6
    endloop
  endfacet
  facet normal 1 0 0
    outer loop
      vertex 13.4 100 15
      vertex 13.4 97.6 18.6
      vertex 13.4 97.6 15
    endloop
  endfacet
  facet normal 0.980815 0 -0.19494
    outer loop
      vertex 13.4681 97.6 19.1176
      vertex 13.4171 100 18.861
      vertex 13.4681 100 19.1176
    endloop
  endfacet
  facet normal 0.980815 0 -0.19494
    outer loop
      vertex 13.4171 100 18.861
      vertex 13.4681 97.6 19.1176
      vertex 13.4171 97.6 18.861
    endloop
  endfacet
  facet normal 0 0 -1
    outer loop
      vertex 15.4 97.6 20.6
      vertex 43.4 100 20.6
      vertex 43.4 97.6 20.6
    endloop
  endfacet
  facet normal -0 0 -1
    outer loop
      vertex 43.4 100 20.6
      vertex 15.4 97.6 20.6
      vertex 15.4 100 20.6
    endloop
  endfacet
  facet normal -0 0 1
    outer loop
      vertex 15.4 100 13
      vertex 43.4 97.6 13
      vertex 43.4 100 13
    endloop
  endfacet
  facet normal 0 0 1
    outer loop
      vertex 43.4 97.6 13
      vertex 15.4 100 13
      vertex 15.4 97.6 13
    endloop
  endfacet
  facet normal 0.555494 0 0.831521
    outer loop
      vertex 14.1825 100 13.4133
      vertex 14.4 97.6 13.268
      vertex 14.4 100 13.268
    endloop
  endfacet
  facet normal 0.555494 0 0.831521
    outer loop
      vertex 14.4 97.6 13.268
      vertex 14.1825 100 13.4133
      vertex 14.1825 97.6 13.4133
    endloop
  endfacet
  facet normal -0.0653771 0 0.997861
    outer loop
      vertex 43.4 100 13
      vertex 43.661 97.6 13.0171
      vertex 43.661 100 13.0171
    endloop
  endfacet
  facet normal -0.0653771 0 0.997861
    outer loop
      vertex 43.661 97.6 13.0171
      vertex 43.4 100 13
      vertex 43.4 97.6 13
    endloop
  endfacet
  facet normal 0.0653771 0 0.997861
    outer loop
      vertex 15.139 100 13.0171
      vertex 15.4 97.6 13
      vertex 15.4 100 13
    endloop
  endfacet
  facet normal 0.0653771 0 0.997861
    outer loop
      vertex 15.4 97.6 13
      vertex 15.139 100 13.0171
      vertex 15.139 97.6 13.0171
    endloop
  endfacet
  facet normal -0.555758 0 -0.831344
    outer loop
      vertex 44.4 97.6 20.3321
      vertex 44.6175 100 20.1867
      vertex 44.6175 97.6 20.1867
    endloop
  endfacet
  facet normal -0.555758 0 -0.831344
    outer loop
      vertex 44.6175 100 20.1867
      vertex 44.4 97.6 20.3321
      vertex 44.4 100 20.3321
    endloop
  endfacet
  facet normal 0.831344 0 -0.555758
    outer loop
      vertex 13.8133 97.6 19.8175
      vertex 13.6679 100 19.6
      vertex 13.8133 100 19.8175
    endloop
  endfacet
  facet normal 0.831344 0 -0.555758
    outer loop
      vertex 13.6679 100 19.6
      vertex 13.8133 97.6 19.8175
      vertex 13.6679 97.6 19.6
    endloop
  endfacet
  facet normal -0.442621 0 0.896709
    outer loop
      vertex 44.1654 100 13.1522
      vertex 44.4 97.6 13.268
      vertex 44.4 100 13.268
    endloop
  endfacet
  facet normal -0.442621 0 0.896709
    outer loop
      vertex 44.4 97.6 13.268
      vertex 44.1654 100 13.1522
      vertex 44.1654 97.6 13.1522
    endloop
  endfacet
  facet normal -0.980815 0 -0.19494
    outer loop
      vertex 45.3829 97.6 18.861
      vertex 45.3319 100 19.1176
      vertex 45.3829 100 18.861
    endloop
  endfacet
  facet normal -0.980815 -0 -0.19494
    outer loop
      vertex 45.3319 100 19.1176
      vertex 45.3829 97.6 18.861
      vertex 45.3319 97.6 19.1176
    endloop
  endfacet
  facet normal 0.19494 0 -0.980815
    outer loop
      vertex 14.8824 97.6 20.5319
      vertex 15.139 100 20.5829
      vertex 15.139 97.6 20.5829
    endloop
  endfacet
  facet normal 0.19494 0 -0.980815
    outer loop
      vertex 15.139 100 20.5829
      vertex 14.8824 97.6 20.5319
      vertex 14.8824 100 20.5319
    endloop
  endfacet
  facet normal -1 0 0
    outer loop
      vertex 45.4 97.6 15
      vertex 45.4 100 18.6
      vertex 45.4 100 15
    endloop
  endfacet
  facet normal -1 -0 0
    outer loop
      vertex 45.4 100 18.6
      vertex 45.4 97.6 15
      vertex 45.4 97.6 18.6
    endloop
  endfacet
  facet normal 0.980815 -0 0.19494
    outer loop
      vertex 13.4171 97.6 14.739
      vertex 13.4681 100 14.4824
      vertex 13.4171 100 14.739
    endloop
  endfacet
  facet normal 0.980815 0 0.19494
    outer loop
      vertex 13.4681 100 14.4824
      vertex 13.4171 97.6 14.739
      vertex 13.4681 97.6 14.4824
    endloop
  endfacet
  facet normal 0.997861 0 -0.0653771
    outer loop
      vertex 13.4171 97.6 18.861
      vertex 13.4 100 18.6
      vertex 13.4171 100 18.861
    endloop
  endfacet
  facet normal 0.997861 0 -0.0653771
    outer loop
      vertex 13.4 100 18.6
      vertex 13.4171 97.6 18.861
      vertex 13.4 97.6 18.6
    endloop
  endfacet
  facet normal 0.195308 0 0.980742
    outer loop
      vertex 14.8824 100 13.0682
      vertex 15.139 97.6 13.0171
      vertex 15.139 100 13.0171
    endloop
  endfacet
  facet normal 0.195308 0 0.980742
    outer loop
      vertex 15.139 97.6 13.0171
      vertex 14.8824 100 13.0682
      vertex 14.8824 97.6 13.0682
    endloop
  endfacet
  facet normal 0.321039 0 0.947066
    outer loop
      vertex 14.6346 100 13.1522
      vertex 14.8824 97.6 13.0682
      vertex 14.8824 100 13.0682
    endloop
  endfacet
  facet normal 0.321039 0 0.947066
    outer loop
      vertex 14.8824 97.6 13.0682
      vertex 14.6346 100 13.1522
      vertex 14.6346 97.6 13.1522
    endloop
  endfacet
  facet normal -0.751842 0 0.659343
    outer loop
      vertex 44.8142 97.6 13.5858
      vertex 44.9867 100 13.7825
      vertex 44.8142 100 13.5858
    endloop
  endfacet
  facet normal -0.751842 0 0.659343
    outer loop
      vertex 44.9867 100 13.7825
      vertex 44.8142 97.6 13.5858
      vertex 44.9867 97.6 13.7825
    endloop
  endfacet
  facet normal 0.321382 0 -0.94695
    outer loop
      vertex 14.6346 97.6 20.4478
      vertex 14.8824 100 20.5319
      vertex 14.8824 97.6 20.5319
    endloop
  endfacet
  facet normal 0.321382 0 -0.94695
    outer loop
      vertex 14.8824 100 20.5319
      vertex 14.6346 97.6 20.4478
      vertex 14.6346 100 20.4478
    endloop
  endfacet
  facet normal -0.321039 0 0.947066
    outer loop
      vertex 43.9176 100 13.0682
      vertex 44.1654 97.6 13.1522
      vertex 44.1654 100 13.1522
    endloop
  endfacet
  facet normal -0.321039 0 0.947066
    outer loop
      vertex 44.1654 97.6 13.1522
      vertex 43.9176 100 13.0682
      vertex 43.9176 97.6 13.0682
    endloop
  endfacet
  facet normal 0.555758 0 -0.831344
    outer loop
      vertex 14.1825 97.6 20.1867
      vertex 14.4 100 20.3321
      vertex 14.4 97.6 20.3321
    endloop
  endfacet
  facet normal 0.555758 0 -0.831344
    outer loop
      vertex 14.4 100 20.3321
      vertex 14.1825 97.6 20.1867
      vertex 14.1825 100 20.1867
    endloop
  endfacet
  facet normal -0.321382 0 -0.94695
    outer loop
      vertex 43.9176 97.6 20.5319
      vertex 44.1654 100 20.4478
      vertex 44.1654 97.6 20.4478
    endloop
  endfacet
  facet normal -0.321382 0 -0.94695
    outer loop
      vertex 44.1654 100 20.4478
      vertex 43.9176 97.6 20.5319
      vertex 43.9176 100 20.5319
    endloop
  endfacet
  facet normal 0.89686 0 -0.442314
    outer loop
      vertex 13.6679 97.6 19.6
      vertex 13.5522 100 19.3654
      vertex 13.6679 100 19.6
    endloop
  endfacet
  facet normal 0.89686 0 -0.442314
    outer loop
      vertex 13.5522 100 19.3654
      vertex 13.6679 97.6 19.6
      vertex 13.5522 97.6 19.3654
    endloop
  endfacet
  facet normal 0.94695 0 -0.321382
    outer loop
      vertex 13.5522 97.6 19.3654
      vertex 13.4681 100 19.1176
      vertex 13.5522 100 19.3654
    endloop
  endfacet
  facet normal 0.94695 0 -0.321382
    outer loop
      vertex 13.4681 100 19.1176
      vertex 13.5522 97.6 19.3654
      vertex 13.4681 97.6 19.1176
    endloop
  endfacet
  facet normal 0.94695 -0 0.321382
    outer loop
      vertex 13.4681 97.6 14.4824
      vertex 13.5522 100 14.2346
      vertex 13.4681 100 14.4824
    endloop
  endfacet
  facet normal 0.94695 0 0.321382
    outer loop
      vertex 13.5522 100 14.2346
      vertex 13.4681 97.6 14.4824
      vertex 13.5522 97.6 14.2346
    endloop
  endfacet
  facet normal -0.997861 0 0.0653771
    outer loop
      vertex 45.3829 97.6 14.739
      vertex 45.4 100 15
      vertex 45.3829 100 14.739
    endloop
  endfacet
  facet normal -0.997861 0 0.0653771
    outer loop
      vertex 45.4 100 15
      vertex 45.3829 97.6 14.739
      vertex 45.4 97.6 15
    endloop
  endfacet
  facet normal -0.831344 0 0.555758
    outer loop
      vertex 44.9867 97.6 13.7825
      vertex 45.1321 100 14
      vertex 44.9867 100 13.7825
    endloop
  endfacet
  facet normal -0.831344 0 0.555758
    outer loop
      vertex 45.1321 100 14
      vertex 44.9867 97.6 13.7825
      vertex 45.1321 97.6 14
    endloop
  endfacet
  facet normal -0.831344 0 -0.555758
    outer loop
      vertex 45.1321 97.6 19.6
      vertex 44.9867 100 19.8175
      vertex 45.1321 100 19.6
    endloop
  endfacet
  facet normal -0.831344 -0 -0.555758
    outer loop
      vertex 44.9867 100 19.8175
      vertex 45.1321 97.6 19.6
      vertex 44.9867 97.6 19.8175
    endloop
  endfacet
  facet normal 0.659343 0 0.751842
    outer loop
      vertex 13.9858 100 13.5858
      vertex 14.1825 97.6 13.4133
      vertex 14.1825 100 13.4133
    endloop
  endfacet
  facet normal 0.659343 0 0.751842
    outer loop
      vertex 14.1825 97.6 13.4133
      vertex 13.9858 100 13.5858
      vertex 13.9858 97.6 13.5858
    endloop
  endfacet
  facet normal 0.831344 -0 0.555758
    outer loop
      vertex 13.6679 97.6 14
      vertex 13.8133 100 13.7825
      vertex 13.6679 100 14
    endloop
  endfacet
  facet normal 0.831344 0 0.555758
    outer loop
      vertex 13.8133 100 13.7825
      vertex 13.6679 97.6 14
      vertex 13.8133 97.6 13.7825
    endloop
  endfacet
  facet normal -0.751842 0 -0.659343
    outer loop
      vertex 44.9867 97.6 19.8175
      vertex 44.8142 100 20.0142
      vertex 44.9867 100 19.8175
    endloop
  endfacet
  facet normal -0.751842 -0 -0.659343
    outer loop
      vertex 44.8142 100 20.0142
      vertex 44.9867 97.6 19.8175
      vertex 44.8142 97.6 20.0142
    endloop
  endfacet
  facet normal -0.659343 0 -0.751842
    outer loop
      vertex 44.6175 97.6 20.1867
      vertex 44.8142 100 20.0142
      vertex 44.8142 97.6 20.0142
    endloop
  endfacet
  facet normal -0.659343 0 -0.751842
    outer loop
      vertex 44.8142 100 20.0142
      vertex 44.6175 97.6 20.1867
      vertex 44.6175 100 20.1867
    endloop
  endfacet
  facet normal -0.89686 0 0.442314
    outer loop
      vertex 45.1321 97.6 14
      vertex 45.2478 100 14.2346
      vertex 45.1321 100 14
    endloop
  endfacet
  facet normal -0.89686 0 0.442314
    outer loop
      vertex 45.2478 100 14.2346
      vertex 45.1321 97.6 14
      vertex 45.2478 97.6 14.2346
    endloop
  endfacet
  facet normal -0.442314 0 -0.89686
    outer loop
      vertex 44.1654 97.6 20.4478
      vertex 44.4 100 20.3321
      vertex 44.4 97.6 20.3321
    endloop
  endfacet
  facet normal -0.442314 0 -0.89686
    outer loop
      vertex 44.4 100 20.3321
      vertex 44.1654 97.6 20.4478
      vertex 44.1654 100 20.4478
    endloop
  endfacet
  facet normal -0.19494 0 -0.980815
    outer loop
      vertex 43.661 97.6 20.5829
      vertex 43.9176 100 20.5319
      vertex 43.9176 97.6 20.5319
    endloop
  endfacet
  facet normal -0.19494 0 -0.980815
    outer loop
      vertex 43.9176 100 20.5319
      vertex 43.661 97.6 20.5829
      vertex 43.661 100 20.5829
    endloop
  endfacet
  facet normal -0.94695 0 0.321382
    outer loop
      vertex 45.2478 97.6 14.2346
      vertex 45.3319 100 14.4824
      vertex 45.2478 100 14.2346
    endloop
  endfacet
  facet normal -0.94695 0 0.321382
    outer loop
      vertex 45.3319 100 14.4824
      vertex 45.2478 97.6 14.2346
      vertex 45.3319 97.6 14.4824
    endloop
  endfacet
  facet normal -0.89686 0 -0.442314
    outer loop
      vertex 45.2478 97.6 19.3654
      vertex 45.1321 100 19.6
      vertex 45.2478 100 19.3654
    endloop
  endfacet
  facet normal -0.89686 -0 -0.442314
    outer loop
      vertex 45.1321 100 19.6
      vertex 45.2478 97.6 19.3654
      vertex 45.1321 97.6 19.6
    endloop
  endfacet
  facet normal -0.997861 0 -0.0653771
    outer loop
      vertex 45.4 97.6 18.6
      vertex 45.3829 100 18.861
      vertex 45.4 100 18.6
    endloop
  endfacet
  facet normal -0.997861 -0 -0.0653771
    outer loop
      vertex 45.3829 100 18.861
      vertex 45.4 97.6 18.6
      vertex 45.3829 97.6 18.861
    endloop
  endfacet
  facet normal -0.980815 0 0.19494
    outer loop
      vertex 45.3319 97.6 14.4824
      vertex 45.3829 100 14.739
      vertex 45.3319 100 14.4824
    endloop
  endfacet
  facet normal -0.980815 0 0.19494
    outer loop
      vertex 45.3829 100 14.739
      vertex 45.3319 97.6 14.4824
      vertex 45.3829 97.6 14.739
    endloop
  endfacet
  facet normal 0.751842 -0 0.659343
    outer loop
      vertex 13.8133 97.6 13.7825
      vertex 13.9858 100 13.5858
      vertex 13.8133 100 13.7825
    endloop
  endfacet
  facet normal 0.751842 0 0.659343
    outer loop
      vertex 13.9858 100 13.5858
      vertex 13.8133 97.6 13.7825
      vertex 13.9858 97.6 13.5858
    endloop
  endfacet
  facet normal -0.94695 0 -0.321382
    outer loop
      vertex 45.3319 97.6 19.1176
      vertex 45.2478 100 19.3654
      vertex 45.3319 100 19.1176
    endloop
  endfacet
  facet normal -0.94695 -0 -0.321382
    outer loop
      vertex 45.2478 100 19.3654
      vertex 45.3319 97.6 19.1176
      vertex 45.2478 97.6 19.3654
    endloop
  endfacet
  facet normal 0.659168 0 0.751996
    outer loop
      vertex 59.9393 98.8 4.91935
      vertex 60.0869 97.6 4.78997
      vertex 60.0869 98.8 4.78997
    endloop
  endfacet
  facet normal 0.659168 0 0.751996
    outer loop
      vertex 60.0869 97.6 4.78997
      vertex 59.9393 98.8 4.91935
      vertex 59.9393 97.6 4.91935
    endloop
  endfacet
  facet normal -0.0653858 0 -0.99786
    outer loop
      vertex 68 97.6 8.98
      vertex 68.1958 98.8 8.96717
      vertex 68.1958 97.6 8.96717
    endloop
  endfacet
  facet normal -0.0653858 0 -0.99786
    outer loop
      vertex 68.1958 98.8 8.96717
      vertex 68 97.6 8.98
      vertex 68 98.8 8.98
    endloop
  endfacet
  facet normal 0.555676 0 0.831399
    outer loop
      vertex 60.0869 98.8 4.78997
      vertex 60.25 97.6 4.68096
      vertex 60.25 98.8 4.68096
    endloop
  endfacet
  facet normal 0.555676 0 0.831399
    outer loop
      vertex 60.25 97.6 4.68096
      vertex 60.0869 98.8 4.78997
      vertex 60.0869 97.6 4.78997
    endloop
  endfacet
  facet normal 0 0 -1
    outer loop
      vertex 61 97.6 8.98
      vertex 68 98.8 8.98
      vertex 68 97.6 8.98
    endloop
  endfacet
  facet normal -0 0 -1
    outer loop
      vertex 68 98.8 8.98
      vertex 61 97.6 8.98
      vertex 61 98.8 8.98
    endloop
  endfacet
  facet normal 0.751976 -0 0.65919
    outer loop
      vertex 59.81 97.6 5.06685
      vertex 59.9393 98.8 4.91935
      vertex 59.81 98.8 5.06685
    endloop
  endfacet
  facet normal 0.751976 0 0.65919
    outer loop
      vertex 59.9393 98.8 4.91935
      vertex 59.81 97.6 5.06685
      vertex 59.9393 97.6 4.91935
    endloop
  endfacet
  facet normal -0 0 1
    outer loop
      vertex 61 98.8 4.48
      vertex 68 97.6 4.48
      vertex 68 98.8 4.48
    endloop
  endfacet
  facet normal 0 0 1
    outer loop
      vertex 68 97.6 4.48
      vertex 61 98.8 4.48
      vertex 61 97.6 4.48
    endloop
  endfacet
  facet normal 0.946879 0 -0.321589
    outer loop
      vertex 59.6142 97.6 8.05402
      vertex 59.5511 98.8 7.86823
      vertex 59.6142 98.8 8.05402
    endloop
  endfacet
  facet normal 0.946879 0 -0.321589
    outer loop
      vertex 59.5511 98.8 7.86823
      vertex 59.6142 97.6 8.05402
      vertex 59.5511 97.6 7.86823
    endloop
  endfacet
  facet normal 0.442233 0 0.8969
    outer loop
      vertex 60.25 98.8 4.68096
      vertex 60.426 97.6 4.59418
      vertex 60.426 98.8 4.59418
    endloop
  endfacet
  facet normal 0.442233 0 0.8969
    outer loop
      vertex 60.426 97.6 4.59418
      vertex 60.25 98.8 4.68096
      vertex 60.25 97.6 4.68096
    endloop
  endfacet
  facet normal 0.89684 -0 0.442355
    outer loop
      vertex 59.6142 97.6 5.40598
      vertex 59.701 98.8 5.23
      vertex 59.6142 98.8 5.40598
    endloop
  endfacet
  facet normal 0.89684 0 0.442355
    outer loop
      vertex 59.701 98.8 5.23
      vertex 59.6142 97.6 5.40598
      vertex 59.701 97.6 5.23
    endloop
  endfacet
  facet normal 0.195185 0 -0.980766
    outer loop
      vertex 60.6118 97.6 8.92888
      vertex 60.8042 98.8 8.96717
      vertex 60.8042 97.6 8.96717
    endloop
  endfacet
  facet normal 0.195185 0 -0.980766
    outer loop
      vertex 60.8042 98.8 8.96717
      vertex 60.6118 97.6 8.92888
      vertex 60.6118 98.8 8.92888
    endloop
  endfacet
  facet normal 0.99787 0 -0.0652369
    outer loop
      vertex 59.5128 97.6 7.67579
      vertex 59.5 98.8 7.48
      vertex 59.5128 98.8 7.67579
    endloop
  endfacet
  facet normal 0.99787 0 -0.0652369
    outer loop
      vertex 59.5 98.8 7.48
      vertex 59.5128 97.6 7.67579
      vertex 59.5 97.6 7.48
    endloop
  endfacet
  facet normal 0.555676 0 -0.831399
    outer loop
      vertex 60.0869 97.6 8.67003
      vertex 60.25 98.8 8.77904
      vertex 60.25 97.6 8.77904
    endloop
  endfacet
  facet normal 0.555676 0 -0.831399
    outer loop
      vertex 60.25 98.8 8.77904
      vertex 60.0869 97.6 8.67003
      vertex 60.0869 98.8 8.67003
    endloop
  endfacet
  facet normal 0.89684 0 -0.442355
    outer loop
      vertex 59.701 97.6 8.23
      vertex 59.6142 98.8 8.05402
      vertex 59.701 98.8 8.23
    endloop
  endfacet
  facet normal 0.89684 0 -0.442355
    outer loop
      vertex 59.6142 98.8 8.05402
      vertex 59.701 97.6 8.23
      vertex 59.6142 97.6 8.05402
    endloop
  endfacet
  facet normal 0.980764 0 -0.195195
    outer loop
      vertex 59.5511 97.6 7.86823
      vertex 59.5128 98.8 7.67579
      vertex 59.5511 98.8 7.86823
    endloop
  endfacet
  facet normal 0.980764 0 -0.195195
    outer loop
      vertex 59.5128 98.8 7.67579
      vertex 59.5511 97.6 7.86823
      vertex 59.5128 97.6 7.67579
    endloop
  endfacet
  facet normal -0.659168 0 -0.751996
    outer loop
      vertex 68.9131 97.6 8.67003
      vertex 69.0607 98.8 8.54065
      vertex 69.0607 97.6 8.54065
    endloop
  endfacet
  facet normal -0.659168 0 -0.751996
    outer loop
      vertex 69.0607 98.8 8.54065
      vertex 68.9131 97.6 8.67003
      vertex 68.9131 98.8 8.67003
    endloop
  endfacet
  facet normal 0.0653858 0 -0.99786
    outer loop
      vertex 60.8042 97.6 8.96717
      vertex 61 98.8 8.98
      vertex 61 97.6 8.98
    endloop
  endfacet
  facet normal 0.0653858 0 -0.99786
    outer loop
      vertex 61 98.8 8.98
      vertex 60.8042 97.6 8.96717
      vertex 60.8042 98.8 8.96717
    endloop
  endfacet
  facet normal 0.321391 0 -0.946947
    outer loop
      vertex 60.426 97.6 8.86582
      vertex 60.6118 98.8 8.92888
      vertex 60.6118 97.6 8.92888
    endloop
  endfacet
  facet normal 0.321391 0 -0.946947
    outer loop
      vertex 60.6118 98.8 8.92888
      vertex 60.426 97.6 8.86582
      vertex 60.426 98.8 8.86582
    endloop
  endfacet
  facet normal -0.980764 0 -0.195195
    outer loop
      vertex 69.4872 97.6 7.67579
      vertex 69.4489 98.8 7.86823
      vertex 69.4872 98.8 7.67579
    endloop
  endfacet
  facet normal -0.980764 -0 -0.195195
    outer loop
      vertex 69.4489 98.8 7.86823
      vertex 69.4872 97.6 7.67579
      vertex 69.4489 97.6 7.86823
    endloop
  endfacet
  facet normal 0.0653858 0 0.99786
    outer loop
      vertex 60.8042 98.8 4.49283
      vertex 61 97.6 4.48
      vertex 61 98.8 4.48
    endloop
  endfacet
  facet normal 0.0653858 0 0.99786
    outer loop
      vertex 61 97.6 4.48
      vertex 60.8042 98.8 4.49283
      vertex 60.8042 97.6 4.49283
    endloop
  endfacet
  facet normal 1 -0 0
    outer loop
      vertex 59.5 97.6 7.48
      vertex 59.5 98.8 5.98
      vertex 59.5 98.8 7.48
    endloop
  endfacet
  facet normal 1 0 0
    outer loop
      vertex 59.5 98.8 5.98
      vertex 59.5 97.6 7.48
      vertex 59.5 97.6 5.98
    endloop
  endfacet
  facet normal 0.321391 0 0.946947
    outer loop
      vertex 60.426 98.8 4.59418
      vertex 60.6118 97.6 4.53112
      vertex 60.6118 98.8 4.53112
    endloop
  endfacet
  facet normal 0.321391 0 0.946947
    outer loop
      vertex 60.6118 97.6 4.53112
      vertex 60.426 98.8 4.59418
      vertex 60.426 97.6 4.59418
    endloop
  endfacet
  facet normal -0.0653858 0 0.99786
    outer loop
      vertex 68 98.8 4.48
      vertex 68.1958 97.6 4.49283
      vertex 68.1958 98.8 4.49283
    endloop
  endfacet
  facet normal -0.0653858 0 0.99786
    outer loop
      vertex 68.1958 97.6 4.49283
      vertex 68 98.8 4.48
      vertex 68 97.6 4.48
    endloop
  endfacet
  facet normal 0.195185 0 0.980766
    outer loop
      vertex 60.6118 98.8 4.53112
      vertex 60.8042 97.6 4.49283
      vertex 60.8042 98.8 4.49283
    endloop
  endfacet
  facet normal 0.195185 0 0.980766
    outer loop
      vertex 60.8042 97.6 4.49283
      vertex 60.6118 98.8 4.53112
      vertex 60.6118 97.6 4.53112
    endloop
  endfacet
  facet normal -0.751976 0 0.65919
    outer loop
      vertex 69.0607 97.6 4.91935
      vertex 69.19 98.8 5.06685
      vertex 69.0607 98.8 4.91935
    endloop
  endfacet
  facet normal -0.751976 0 0.65919
    outer loop
      vertex 69.19 98.8 5.06685
      vertex 69.0607 97.6 4.91935
      vertex 69.19 97.6 5.06685
    endloop
  endfacet
  facet normal -0.321391 0 -0.946947
    outer loop
      vertex 68.3882 97.6 8.92888
      vertex 68.574 98.8 8.86582
      vertex 68.574 97.6 8.86582
    endloop
  endfacet
  facet normal -0.321391 0 -0.946947
    outer loop
      vertex 68.574 98.8 8.86582
      vertex 68.3882 97.6 8.92888
      vertex 68.3882 98.8 8.92888
    endloop
  endfacet
  facet normal -0.321391 0 0.946947
    outer loop
      vertex 68.3882 98.8 4.53112
      vertex 68.574 97.6 4.59418
      vertex 68.574 98.8 4.59418
    endloop
  endfacet
  facet normal -0.321391 0 0.946947
    outer loop
      vertex 68.574 97.6 4.59418
      vertex 68.3882 98.8 4.53112
      vertex 68.3882 97.6 4.53112
    endloop
  endfacet
  facet normal 0.831501 -0 0.555523
    outer loop
      vertex 59.701 97.6 5.23
      vertex 59.81 98.8 5.06685
      vertex 59.701 98.8 5.23
    endloop
  endfacet
  facet normal 0.831501 0 0.555523
    outer loop
      vertex 59.81 98.8 5.06685
      vertex 59.701 97.6 5.23
      vertex 59.81 97.6 5.06685
    endloop
  endfacet
  facet normal -0.442233 0 -0.8969
    outer loop
      vertex 68.574 97.6 8.86582
      vertex 68.75 98.8 8.77904
      vertex 68.75 97.6 8.77904
    endloop
  endfacet
  facet normal -0.442233 0 -0.8969
    outer loop
      vertex 68.75 98.8 8.77904
      vertex 68.574 97.6 8.86582
      vertex 68.574 98.8 8.86582
    endloop
  endfacet
  facet normal 0.946879 -0 0.321589
    outer loop
      vertex 59.5511 97.6 5.59177
      vertex 59.6142 98.8 5.40598
      vertex 59.5511 98.8 5.59177
    endloop
  endfacet
  facet normal 0.946879 0 0.321589
    outer loop
      vertex 59.6142 98.8 5.40598
      vertex 59.5511 97.6 5.59177
      vertex 59.6142 97.6 5.40598
    endloop
  endfacet
  facet normal -0.195185 0 0.980766
    outer loop
      vertex 68.1958 98.8 4.49283
      vertex 68.3882 97.6 4.53112
      vertex 68.3882 98.8 4.53112
    endloop
  endfacet
  facet normal -0.195185 0 0.980766
    outer loop
      vertex 68.3882 97.6 4.53112
      vertex 68.1958 98.8 4.49283
      vertex 68.1958 97.6 4.49283
    endloop
  endfacet
  facet normal -0.946879 0 -0.321589
    outer loop
      vertex 69.4489 97.6 7.86823
      vertex 69.3858 98.8 8.05402
      vertex 69.4489 98.8 7.86823
    endloop
  endfacet
  facet normal -0.946879 -0 -0.321589
    outer loop
      vertex 69.3858 98.8 8.05402
      vertex 69.4489 97.6 7.86823
      vertex 69.3858 97.6 8.05402
    endloop
  endfacet
  facet normal -0.442233 0 0.8969
    outer loop
      vertex 68.574 98.8 4.59418
      vertex 68.75 97.6 4.68096
      vertex 68.75 98.8 4.68096
    endloop
  endfacet
  facet normal -0.442233 0 0.8969
    outer loop
      vertex 68.75 97.6 4.68096
      vertex 68.574 98.8 4.59418
      vertex 68.574 97.6 4.59418
    endloop
  endfacet
  facet normal -0.659168 0 0.751996
    outer loop
      vertex 68.9131 98.8 4.78997
      vertex 69.0607 97.6 4.91935
      vertex 69.0607 98.8 4.91935
    endloop
  endfacet
  facet normal -0.659168 0 0.751996
    outer loop
      vertex 69.0607 97.6 4.91935
      vertex 68.9131 98.8 4.78997
      vertex 68.9131 97.6 4.78997
    endloop
  endfacet
  facet normal 0.442233 0 -0.8969
    outer loop
      vertex 60.25 97.6 8.77904
      vertex 60.426 98.8 8.86582
      vertex 60.426 97.6 8.86582
    endloop
  endfacet
  facet normal 0.442233 0 -0.8969
    outer loop
      vertex 60.426 98.8 8.86582
      vertex 60.25 97.6 8.77904
      vertex 60.25 98.8 8.77904
    endloop
  endfacet
  facet normal 0.99787 -0 0.0652369
    outer loop
      vertex 59.5 97.6 5.98
      vertex 59.5128 98.8 5.78421
      vertex 59.5 98.8 5.98
    endloop
  endfacet
  facet normal 0.99787 0 0.0652369
    outer loop
      vertex 59.5128 98.8 5.78421
      vertex 59.5 97.6 5.98
      vertex 59.5128 97.6 5.78421
    endloop
  endfacet
  facet normal -0.831501 0 0.555523
    outer loop
      vertex 69.19 97.6 5.06685
      vertex 69.299 98.8 5.23
      vertex 69.19 98.8 5.06685
    endloop
  endfacet
  facet normal -0.831501 0 0.555523
    outer loop
      vertex 69.299 98.8 5.23
      vertex 69.19 97.6 5.06685
      vertex 69.299 97.6 5.23
    endloop
  endfacet
  facet normal -0.946879 0 0.321589
    outer loop
      vertex 69.3858 97.6 5.40598
      vertex 69.4489 98.8 5.59177
      vertex 69.3858 98.8 5.40598
    endloop
  endfacet
  facet normal -0.946879 0 0.321589
    outer loop
      vertex 69.4489 98.8 5.59177
      vertex 69.3858 97.6 5.40598
      vertex 69.4489 97.6 5.59177
    endloop
  endfacet
  facet normal -0.89684 0 -0.442355
    outer loop
      vertex 69.3858 97.6 8.05402
      vertex 69.299 98.8 8.23
      vertex 69.3858 98.8 8.05402
    endloop
  endfacet
  facet normal -0.89684 -0 -0.442355
    outer loop
      vertex 69.299 98.8 8.23
      vertex 69.3858 97.6 8.05402
      vertex 69.299 97.6 8.23
    endloop
  endfacet
  facet normal -0.99787 0 0.0652369
    outer loop
      vertex 69.4872 97.6 5.78421
      vertex 69.5 98.8 5.98
      vertex 69.4872 98.8 5.78421
    endloop
  endfacet
  facet normal -0.99787 0 0.0652369
    outer loop
      vertex 69.5 98.8 5.98
      vertex 69.4872 97.6 5.78421
      vertex 69.5 97.6 5.98
    endloop
  endfacet
  facet normal -0.195185 0 -0.980766
    outer loop
      vertex 68.1958 97.6 8.96717
      vertex 68.3882 98.8 8.92888
      vertex 68.3882 97.6 8.92888
    endloop
  endfacet
  facet normal -0.195185 0 -0.980766
    outer loop
      vertex 68.3882 98.8 8.92888
      vertex 68.1958 97.6 8.96717
      vertex 68.1958 98.8 8.96717
    endloop
  endfacet
  facet normal 0.659168 0 -0.751996
    outer loop
      vertex 59.9393 97.6 8.54065
      vertex 60.0869 98.8 8.67003
      vertex 60.0869 97.6 8.67003
    endloop
  endfacet
  facet normal 0.659168 0 -0.751996
    outer loop
      vertex 60.0869 98.8 8.67003
      vertex 59.9393 97.6 8.54065
      vertex 59.9393 98.8 8.54065
    endloop
  endfacet
  facet normal -0.555676 0 -0.831399
    outer loop
      vertex 68.75 97.6 8.77904
      vertex 68.9131 98.8 8.67003
      vertex 68.9131 97.6 8.67003
    endloop
  endfacet
  facet normal -0.555676 0 -0.831399
    outer loop
      vertex 68.9131 98.8 8.67003
      vertex 68.75 97.6 8.77904
      vertex 68.75 98.8 8.77904
    endloop
  endfacet
  facet normal 0.831501 0 -0.555523
    outer loop
      vertex 59.81 97.6 8.39315
      vertex 59.701 98.8 8.23
      vertex 59.81 98.8 8.39315
    endloop
  endfacet
  facet normal 0.831501 0 -0.555523
    outer loop
      vertex 59.701 98.8 8.23
      vertex 59.81 97.6 8.39315
      vertex 59.701 97.6 8.23
    endloop
  endfacet
  facet normal -1 0 0
    outer loop
      vertex 69.5 97.6 5.98
      vertex 69.5 98.8 7.48
      vertex 69.5 98.8 5.98
    endloop
  endfacet
  facet normal -1 -0 0
    outer loop
      vertex 69.5 98.8 7.48
      vertex 69.5 97.6 5.98
      vertex 69.5 97.6 7.48
    endloop
  endfacet
  facet normal -0.89684 0 0.442355
    outer loop
      vertex 69.299 97.6 5.23
      vertex 69.3858 98.8 5.40598
      vertex 69.299 98.8 5.23
    endloop
  endfacet
  facet normal -0.89684 0 0.442355
    outer loop
      vertex 69.3858 98.8 5.40598
      vertex 69.299 97.6 5.23
      vertex 69.3858 97.6 5.40598
    endloop
  endfacet
  facet normal -0.555676 0 0.831399
    outer loop
      vertex 68.75 98.8 4.68096
      vertex 68.9131 97.6 4.78997
      vertex 68.9131 98.8 4.78997
    endloop
  endfacet
  facet normal -0.555676 0 0.831399
    outer loop
      vertex 68.9131 97.6 4.78997
      vertex 68.75 98.8 4.68096
      vertex 68.75 97.6 4.68096
    endloop
  endfacet
  facet normal -0.751976 0 -0.65919
    outer loop
      vertex 69.19 97.6 8.39315
      vertex 69.0607 98.8 8.54065
      vertex 69.19 98.8 8.39315
    endloop
  endfacet
  facet normal -0.751976 -0 -0.65919
    outer loop
      vertex 69.0607 98.8 8.54065
      vertex 69.19 97.6 8.39315
      vertex 69.0607 97.6 8.54065
    endloop
  endfacet
  facet normal -0.980764 0 0.195195
    outer loop
      vertex 69.4489 97.6 5.59177
      vertex 69.4872 98.8 5.78421
      vertex 69.4489 98.8 5.59177
    endloop
  endfacet
  facet normal -0.980764 0 0.195195
    outer loop
      vertex 69.4872 98.8 5.78421
      vertex 69.4489 97.6 5.59177
      vertex 69.4872 97.6 5.78421
    endloop
  endfacet
  facet normal 0.980764 -0 0.195195
    outer loop
      vertex 59.5128 97.6 5.78421
      vertex 59.5511 98.8 5.59177
      vertex 59.5128 98.8 5.78421
    endloop
  endfacet
  facet normal 0.980764 0 0.195195
    outer loop
      vertex 59.5511 98.8 5.59177
      vertex 59.5128 97.6 5.78421
      vertex 59.5511 97.6 5.59177
    endloop
  endfacet
  facet normal 0.751976 0 -0.65919
    outer loop
      vertex 59.9393 97.6 8.54065
      vertex 59.81 98.8 8.39315
      vertex 59.9393 98.8 8.54065
    endloop
  endfacet
  facet normal 0.751976 0 -0.65919
    outer loop
      vertex 59.81 98.8 8.39315
      vertex 59.9393 97.6 8.54065
      vertex 59.81 97.6 8.39315
    endloop
  endfacet
  facet normal -0.99787 0 -0.0652369
    outer loop
      vertex 69.5 97.6 7.48
      vertex 69.4872 98.8 7.67579
      vertex 69.5 98.8 7.48
    endloop
  endfacet
  facet normal -0.99787 -0 -0.0652369
    outer loop
      vertex 69.4872 98.8 7.67579
      vertex 69.5 97.6 7.48
      vertex 69.4872 97.6 7.67579
    endloop
  endfacet
  facet normal -0.831501 0 -0.555523
    outer loop
      vertex 69.299 97.6 8.23
      vertex 69.19 98.8 8.39315
      vertex 69.299 98.8 8.23
    endloop
  endfacet
  facet normal -0.831501 -0 -0.555523
    outer loop
      vertex 69.19 98.8 8.39315
      vertex 69.299 97.6 8.23
      vertex 69.19 97.6 8.39315
    endloop
  endfacet
  facet normal -0.0653771 0 -0.997861
    outer loop
      vertex 69.25 98.8 10.48
      vertex 69.511 100 10.4629
      vertex 69.511 98.8 10.4629
    endloop
  endfacet
  facet normal -0.0653771 0 -0.997861
    outer loop
      vertex 69.511 100 10.4629
      vertex 69.25 98.8 10.48
      vertex 69.25 100 10.48
    endloop
  endfacet
  facet normal 0.19494 0 -0.980815
    outer loop
      vertex 59.2324 98.8 10.4119
      vertex 59.489 100 10.4629
      vertex 59.489 98.8 10.4629
    endloop
  endfacet
  facet normal 0.19494 0 -0.980815
    outer loop
      vertex 59.489 100 10.4629
      vertex 59.2324 98.8 10.4119
      vertex 59.2324 100 10.4119
    endloop
  endfacet
  facet normal 0.321348 0 0.946961
    outer loop
      vertex 58.9846 100 3.13224
      vertex 59.2324 98.8 3.04815
      vertex 59.2324 100 3.04815
    endloop
  endfacet
  facet normal 0.321348 0 0.946961
    outer loop
      vertex 59.2324 98.8 3.04815
      vertex 58.9846 100 3.13224
      vertex 58.9846 98.8 3.13224
    endloop
  endfacet
  facet normal 0 0 -1
    outer loop
      vertex 59.75 98.8 10.48
      vertex 69.25 100 10.48
      vertex 69.25 98.8 10.48
    endloop
  endfacet
  facet normal -0 0 -1
    outer loop
      vertex 69.25 100 10.48
      vertex 59.75 98.8 10.48
      vertex 59.75 100 10.48
    endloop
  endfacet
  facet normal -0 0 1
    outer loop
      vertex 59.75 100 2.98
      vertex 69.25 98.8 2.98
      vertex 69.25 100 2.98
    endloop
  endfacet
  facet normal 0 0 1
    outer loop
      vertex 69.25 98.8 2.98
      vertex 59.75 100 2.98
      vertex 59.75 98.8 2.98
    endloop
  endfacet
  facet normal -0.555653 0 0.831415
    outer loop
      vertex 70.25 100 3.24794
      vertex 70.4675 98.8 3.3933
      vertex 70.4675 100 3.3933
    endloop
  endfacet
  facet normal -0.555653 0 0.831415
    outer loop
      vertex 70.4675 98.8 3.3933
      vertex 70.25 100 3.24794
      vertex 70.25 98.8 3.24794
    endloop
  endfacet
  facet normal 0.555758 0 -0.831344
    outer loop
      vertex 58.5325 98.8 10.0667
      vertex 58.75 100 10.2121
      vertex 58.75 98.8 10.2121
    endloop
  endfacet
  facet normal 0.555758 0 -0.831344
    outer loop
      vertex 58.75 100 10.2121
      vertex 58.5325 98.8 10.0667
      vertex 58.5325 100 10.0667
    endloop
  endfacet
  facet normal -0.321348 0 0.946961
    outer loop
      vertex 69.7676 100 3.04815
      vertex 70.0154 98.8 3.13224
      vertex 70.0154 100 3.13224
    endloop
  endfacet
  facet normal -0.321348 0 0.946961
    outer loop
      vertex 70.0154 98.8 3.13224
      vertex 69.7676 100 3.04815
      vertex 69.7676 98.8 3.04815
    endloop
  endfacet
  facet normal 0.946922 0 -0.321463
    outer loop
      vertex 57.9022 98.8 9.24537
      vertex 57.8181 100 8.99764
      vertex 57.9022 100 9.24537
    endloop
  endfacet
  facet normal 0.946922 0 -0.321463
    outer loop
      vertex 57.8181 100 8.99764
      vertex 57.9022 98.8 9.24537
      vertex 57.8181 98.8 8.99764
    endloop
  endfacet
  facet normal 0.659321 0 -0.751861
    outer loop
      vertex 58.3358 98.8 9.89421
      vertex 58.5325 100 10.0667
      vertex 58.5325 98.8 10.0667
    endloop
  endfacet
  facet normal 0.659321 0 -0.751861
    outer loop
      vertex 58.5325 100 10.0667
      vertex 58.3358 98.8 9.89421
      vertex 58.3358 100 9.89421
    endloop
  endfacet
  facet normal 0.0653771 0 -0.997861
    outer loop
      vertex 59.489 98.8 10.4629
      vertex 59.75 100 10.48
      vertex 59.75 98.8 10.48
    endloop
  endfacet
  facet normal 0.0653771 0 -0.997861
    outer loop
      vertex 59.75 100 10.48
      vertex 59.489 98.8 10.4629
      vertex 59.489 100 10.4629
    endloop
  endfacet
  facet normal 0.896883 -0 0.442268
    outer loop
      vertex 57.9022 98.8 4.21463
      vertex 58.0179 100 3.98
      vertex 57.9022 100 4.21463
    endloop
  endfacet
  facet normal 0.896883 0 0.442268
    outer loop
      vertex 58.0179 100 3.98
      vertex 57.9022 98.8 4.21463
      vertex 58.0179 98.8 3.98
    endloop
  endfacet
  facet normal -0.442314 0 0.89686
    outer loop
      vertex 70.0154 100 3.13224
      vertex 70.25 98.8 3.24794
      vertex 70.25 100 3.24794
    endloop
  endfacet
  facet normal -0.442314 0 0.89686
    outer loop
      vertex 70.25 98.8 3.24794
      vertex 70.0154 100 3.13224
      vertex 70.0154 98.8 3.13224
    endloop
  endfacet
  facet normal 0.751809 0 -0.659381
    outer loop
      vertex 58.3358 98.8 9.89421
      vertex 58.1633 100 9.69753
      vertex 58.3358 100 9.89421
    endloop
  endfacet
  facet normal 0.751809 0 -0.659381
    outer loop
      vertex 58.1633 100 9.69753
      vertex 58.3358 98.8 9.89421
      vertex 58.1633 98.8 9.69753
    endloop
  endfacet
  facet normal 0.980814 0 -0.194947
    outer loop
      vertex 57.8181 98.8 8.99764
      vertex 57.7671 100 8.74105
      vertex 57.8181 100 8.99764
    endloop
  endfacet
  facet normal 0.980814 0 -0.194947
    outer loop
      vertex 57.7671 100 8.74105
      vertex 57.8181 98.8 8.99764
      vertex 57.7671 98.8 8.74105
    endloop
  endfacet
  facet normal 0.0653771 0 0.997861
    outer loop
      vertex 59.489 100 2.9971
      vertex 59.75 98.8 2.98
      vertex 59.75 100 2.98
    endloop
  endfacet
  facet normal 0.0653771 0 0.997861
    outer loop
      vertex 59.75 98.8 2.98
      vertex 59.489 100 2.9971
      vertex 59.489 98.8 2.9971
    endloop
  endfacet
  facet normal -0.442314 0 -0.89686
    outer loop
      vertex 70.0154 98.8 10.3278
      vertex 70.25 100 10.2121
      vertex 70.25 98.8 10.2121
    endloop
  endfacet
  facet normal -0.442314 0 -0.89686
    outer loop
      vertex 70.25 100 10.2121
      vertex 70.0154 98.8 10.3278
      vertex 70.0154 100 10.3278
    endloop
  endfacet
  facet normal -0.0653771 0 0.997861
    outer loop
      vertex 69.25 100 2.98
      vertex 69.511 98.8 2.9971
      vertex 69.511 100 2.9971
    endloop
  endfacet
  facet normal -0.0653771 0 0.997861
    outer loop
      vertex 69.511 98.8 2.9971
      vertex 69.25 100 2.98
      vertex 69.25 98.8 2.98
    endloop
  endfacet
  facet normal -0.659321 0 -0.751861
    outer loop
      vertex 70.4675 98.8 10.0667
      vertex 70.6642 100 9.89421
      vertex 70.6642 98.8 9.89421
    endloop
  endfacet
  facet normal -0.659321 0 -0.751861
    outer loop
      vertex 70.6642 100 9.89421
      vertex 70.4675 98.8 10.0667
      vertex 70.4675 100 10.0667
    endloop
  endfacet
  facet normal -0.195124 0 0.980779
    outer loop
      vertex 69.511 100 2.9971
      vertex 69.7676 98.8 3.04815
      vertex 69.7676 100 3.04815
    endloop
  endfacet
  facet normal -0.195124 0 0.980779
    outer loop
      vertex 69.7676 98.8 3.04815
      vertex 69.511 100 2.9971
      vertex 69.511 98.8 2.9971
    endloop
  endfacet
  facet normal 0.555653 0 0.831415
    outer loop
      vertex 58.5325 100 3.3933
      vertex 58.75 98.8 3.24794
      vertex 58.75 100 3.24794
    endloop
  endfacet
  facet normal 0.555653 0 0.831415
    outer loop
      vertex 58.75 98.8 3.24794
      vertex 58.5325 100 3.3933
      vertex 58.5325 98.8 3.3933
    endloop
  endfacet
  facet normal 0.946922 -0 0.321463
    outer loop
      vertex 57.8181 98.8 4.46236
      vertex 57.9022 100 4.21463
      vertex 57.8181 100 4.46236
    endloop
  endfacet
  facet normal 0.946922 0 0.321463
    outer loop
      vertex 57.9022 100 4.21463
      vertex 57.8181 98.8 4.46236
      vertex 57.9022 98.8 4.21463
    endloop
  endfacet
  facet normal 0.442314 0 -0.89686
    outer loop
      vertex 58.75 98.8 10.2121
      vertex 58.9846 100 10.3278
      vertex 58.9846 98.8 10.3278
    endloop
  endfacet
  facet normal 0.442314 0 -0.89686
    outer loop
      vertex 58.9846 100 10.3278
      vertex 58.75 98.8 10.2121
      vertex 58.75 100 10.2121
    endloop
  endfacet
  facet normal -0.980814 0 0.194947
    outer loop
      vertex 71.1819 98.8 4.46236
      vertex 71.2329 100 4.71895
      vertex 71.1819 100 4.46236
    endloop
  endfacet
  facet normal -0.980814 0 0.194947
    outer loop
      vertex 71.2329 100 4.71895
      vertex 71.1819 98.8 4.46236
      vertex 71.2329 98.8 4.71895
    endloop
  endfacet
  facet normal 0.980814 -0 0.194947
    outer loop
      vertex 57.7671 98.8 4.71895
      vertex 57.8181 100 4.46236
      vertex 57.7671 100 4.71895
    endloop
  endfacet
  facet normal 0.980814 0 0.194947
    outer loop
      vertex 57.8181 100 4.46236
      vertex 57.7671 98.8 4.71895
      vertex 57.8181 98.8 4.46236
    endloop
  endfacet
  facet normal -0.831379 0 -0.555705
    outer loop
      vertex 70.9821 98.8 9.48
      vertex 70.8367 100 9.69753
      vertex 70.9821 100 9.48
    endloop
  endfacet
  facet normal -0.831379 -0 -0.555705
    outer loop
      vertex 70.8367 100 9.69753
      vertex 70.9821 98.8 9.48
      vertex 70.8367 98.8 9.69753
    endloop
  endfacet
  facet normal 1 -0 0
    outer loop
      vertex 57.75 98.8 8.48
      vertex 57.75 100 4.98
      vertex 57.75 100 8.48
    endloop
  endfacet
  facet normal 1 0 0
    outer loop
      vertex 57.75 100 4.98
      vertex 57.75 98.8 8.48
      vertex 57.75 98.8 4.98
    endloop
  endfacet
  facet normal 0.831379 0 -0.555705
    outer loop
      vertex 58.1633 98.8 9.69753
      vertex 58.0179 100 9.48
      vertex 58.1633 100 9.69753
    endloop
  endfacet
  facet normal 0.831379 0 -0.555705
    outer loop
      vertex 58.0179 100 9.48
      vertex 58.1633 98.8 9.69753
      vertex 58.0179 98.8 9.48
    endloop
  endfacet
  facet normal -1 0 0
    outer loop
      vertex 71.25 98.8 4.98
      vertex 71.25 100 8.48
      vertex 71.25 100 4.98
    endloop
  endfacet
  facet normal -1 -0 0
    outer loop
      vertex 71.25 100 8.48
      vertex 71.25 98.8 4.98
      vertex 71.25 98.8 8.48
    endloop
  endfacet
  facet normal 0.442314 0 0.89686
    outer loop
      vertex 58.75 100 3.24794
      vertex 58.9846 98.8 3.13224
      vertex 58.9846 100 3.13224
    endloop
  endfacet
  facet normal 0.442314 0 0.89686
    outer loop
      vertex 58.9846 98.8 3.13224
      vertex 58.75 100 3.24794
      vertex 58.75 98.8 3.24794
    endloop
  endfacet
  facet normal 0.321382 0 -0.94695
    outer loop
      vertex 58.9846 98.8 10.3278
      vertex 59.2324 100 10.4119
      vertex 59.2324 98.8 10.4119
    endloop
  endfacet
  facet normal 0.321382 0 -0.94695
    outer loop
      vertex 59.2324 100 10.4119
      vertex 58.9846 98.8 10.3278
      vertex 58.9846 100 10.3278
    endloop
  endfacet
  facet normal 0.831379 -0 0.555705
    outer loop
      vertex 58.0179 98.8 3.98
      vertex 58.1633 100 3.76247
      vertex 58.0179 100 3.98
    endloop
  endfacet
  facet normal 0.831379 0 0.555705
    outer loop
      vertex 58.1633 100 3.76247
      vertex 58.0179 98.8 3.98
      vertex 58.1633 98.8 3.76247
    endloop
  endfacet
  facet normal -0.997861 0 0.0653646
    outer loop
      vertex 71.2329 98.8 4.71895
      vertex 71.25 100 4.98
      vertex 71.2329 100 4.71895
    endloop
  endfacet
  facet normal -0.997861 0 0.0653646
    outer loop
      vertex 71.25 100 4.98
      vertex 71.2329 98.8 4.71895
      vertex 71.25 98.8 4.98
    endloop
  endfacet
  facet normal 0.751826 -0 0.659362
    outer loop
      vertex 58.1633 98.8 3.76247
      vertex 58.3358 100 3.56578
      vertex 58.1633 100 3.76247
    endloop
  endfacet
  facet normal 0.751826 0 0.659362
    outer loop
      vertex 58.3358 100 3.56578
      vertex 58.1633 98.8 3.76247
      vertex 58.3358 98.8 3.56578
    endloop
  endfacet
  facet normal -0.946922 0 0.321463
    outer loop
      vertex 71.0978 98.8 4.21463
      vertex 71.1819 100 4.46236
      vertex 71.0978 100 4.21463
    endloop
  endfacet
  facet normal -0.946922 0 0.321463
    outer loop
      vertex 71.1819 100 4.46236
      vertex 71.0978 98.8 4.21463
      vertex 71.1819 98.8 4.46236
    endloop
  endfacet
  facet normal 0.997861 0 -0.0653646
    outer loop
      vertex 57.7671 98.8 8.74105
      vertex 57.75 100 8.48
      vertex 57.7671 100 8.74105
    endloop
  endfacet
  facet normal 0.997861 0 -0.0653646
    outer loop
      vertex 57.75 100 8.48
      vertex 57.7671 98.8 8.74105
      vertex 57.75 98.8 8.48
    endloop
  endfacet
  facet normal 0.997861 -0 0.0653646
    outer loop
      vertex 57.75 98.8 4.98
      vertex 57.7671 100 4.71895
      vertex 57.75 100 4.98
    endloop
  endfacet
  facet normal 0.997861 0 0.0653646
    outer loop
      vertex 57.7671 100 4.71895
      vertex 57.75 98.8 4.98
      vertex 57.7671 98.8 4.71895
    endloop
  endfacet
  facet normal -0.896883 0 0.442268
    outer loop
      vertex 70.9821 98.8 3.98
      vertex 71.0978 100 4.21463
      vertex 70.9821 100 3.98
    endloop
  endfacet
  facet normal -0.896883 0 0.442268
    outer loop
      vertex 71.0978 100 4.21463
      vertex 70.9821 98.8 3.98
      vertex 71.0978 98.8 4.21463
    endloop
  endfacet
  facet normal 0.195124 0 0.980779
    outer loop
      vertex 59.2324 100 3.04815
      vertex 59.489 98.8 2.9971
      vertex 59.489 100 2.9971
    endloop
  endfacet
  facet normal 0.195124 0 0.980779
    outer loop
      vertex 59.489 98.8 2.9971
      vertex 59.2324 100 3.04815
      vertex 59.2324 98.8 3.04815
    endloop
  endfacet
  facet normal -0.19494 0 -0.980815
    outer loop
      vertex 69.511 98.8 10.4629
      vertex 69.7676 100 10.4119
      vertex 69.7676 98.8 10.4119
    endloop
  endfacet
  facet normal -0.19494 0 -0.980815
    outer loop
      vertex 69.7676 100 10.4119
      vertex 69.511 98.8 10.4629
      vertex 69.511 100 10.4629
    endloop
  endfacet
  facet normal -0.980814 0 -0.194947
    outer loop
      vertex 71.2329 98.8 8.74105
      vertex 71.1819 100 8.99764
      vertex 71.2329 100 8.74105
    endloop
  endfacet
  facet normal -0.980814 -0 -0.194947
    outer loop
      vertex 71.1819 100 8.99764
      vertex 71.2329 98.8 8.74105
      vertex 71.1819 98.8 8.99764
    endloop
  endfacet
  facet normal 0.896883 0 -0.442268
    outer loop
      vertex 58.0179 98.8 9.48
      vertex 57.9022 100 9.24537
      vertex 58.0179 100 9.48
    endloop
  endfacet
  facet normal 0.896883 0 -0.442268
    outer loop
      vertex 57.9022 100 9.24537
      vertex 58.0179 98.8 9.48
      vertex 57.9022 98.8 9.24537
    endloop
  endfacet
  facet normal -0.6593 0 0.75188
    outer loop
      vertex 70.4675 100 3.3933
      vertex 70.6642 98.8 3.56578
      vertex 70.6642 100 3.56578
    endloop
  endfacet
  facet normal -0.6593 0 0.75188
    outer loop
      vertex 70.6642 98.8 3.56578
      vertex 70.4675 100 3.3933
      vertex 70.4675 98.8 3.3933
    endloop
  endfacet
  facet normal -0.321382 0 -0.94695
    outer loop
      vertex 69.7676 98.8 10.4119
      vertex 70.0154 100 10.3278
      vertex 70.0154 98.8 10.3278
    endloop
  endfacet
  facet normal -0.321382 0 -0.94695
    outer loop
      vertex 70.0154 100 10.3278
      vertex 69.7676 98.8 10.4119
      vertex 69.7676 100 10.4119
    endloop
  endfacet
  facet normal -0.997861 0 -0.0653646
    outer loop
      vertex 71.25 98.8 8.48
      vertex 71.2329 100 8.74105
      vertex 71.25 100 8.48
    endloop
  endfacet
  facet normal -0.997861 -0 -0.0653646
    outer loop
      vertex 71.2329 100 8.74105
      vertex 71.25 98.8 8.48
      vertex 71.2329 98.8 8.74105
    endloop
  endfacet
  facet normal -0.896883 0 -0.442268
    outer loop
      vertex 71.0978 98.8 9.24537
      vertex 70.9821 100 9.48
      vertex 71.0978 100 9.24537
    endloop
  endfacet
  facet normal -0.896883 -0 -0.442268
    outer loop
      vertex 70.9821 100 9.48
      vertex 71.0978 98.8 9.24537
      vertex 70.9821 98.8 9.48
    endloop
  endfacet
  facet normal -0.946922 0 -0.321463
    outer loop
      vertex 71.1819 98.8 8.99764
      vertex 71.0978 100 9.24537
      vertex 71.1819 100 8.99764
    endloop
  endfacet
  facet normal -0.946922 -0 -0.321463
    outer loop
      vertex 71.0978 100 9.24537
      vertex 71.1819 98.8 8.99764
      vertex 71.0978 98.8 9.24537
    endloop
  endfacet
  facet normal -0.555758 0 -0.831344
    outer loop
      vertex 70.25 98.8 10.2121
      vertex 70.4675 100 10.0667
      vertex 70.4675 98.8 10.0667
    endloop
  endfacet
  facet normal -0.555758 0 -0.831344
    outer loop
      vertex 70.4675 100 10.0667
      vertex 70.25 98.8 10.2121
      vertex 70.25 100 10.2121
    endloop
  endfacet
  facet normal -0.751809 0 -0.659381
    outer loop
      vertex 70.8367 98.8 9.69753
      vertex 70.6642 100 9.89421
      vertex 70.8367 100 9.69753
    endloop
  endfacet
  facet normal -0.751809 -0 -0.659381
    outer loop
      vertex 70.6642 100 9.89421
      vertex 70.8367 98.8 9.69753
      vertex 70.6642 98.8 9.89421
    endloop
  endfacet
  facet normal -0.751826 0 0.659362
    outer loop
      vertex 70.6642 98.8 3.56578
      vertex 70.8367 100 3.76247
      vertex 70.6642 100 3.56578
    endloop
  endfacet
  facet normal -0.751826 0 0.659362
    outer loop
      vertex 70.8367 100 3.76247
      vertex 70.6642 98.8 3.56578
      vertex 70.8367 98.8 3.76247
    endloop
  endfacet
  facet normal 0.6593 0 0.75188
    outer loop
      vertex 58.3358 100 3.56578
      vertex 58.5325 98.8 3.3933
      vertex 58.5325 100 3.3933
    endloop
  endfacet
  facet normal 0.6593 0 0.75188
    outer loop
      vertex 58.5325 98.8 3.3933
      vertex 58.3358 100 3.56578
      vertex 58.3358 98.8 3.56578
    endloop
  endfacet
  facet normal -0.831379 0 0.555705
    outer loop
      vertex 70.8367 98.8 3.76247
      vertex 70.9821 100 3.98
      vertex 70.8367 100 3.76247
    endloop
  endfacet
  facet normal -0.831379 0 0.555705
    outer loop
      vertex 70.9821 100 3.98
      vertex 70.8367 98.8 3.76247
      vertex 70.9821 98.8 3.98
    endloop
  endfacet
  facet normal 0 1 0
    outer loop
      vertex 68.75 98.8 8.77904
      vertex 69.25 98.8 10.48
      vertex 69.511 98.8 10.4629
    endloop
  endfacet
  facet normal 0 1 0
    outer loop
      vertex 69.25 98.8 10.48
      vertex 68 98.8 8.98
      vertex 59.75 98.8 10.48
    endloop
  endfacet
  facet normal 0 1 0
    outer loop
      vertex 68.9131 98.8 8.67003
      vertex 69.511 98.8 10.4629
      vertex 69.7676 98.8 10.4119
    endloop
  endfacet
  facet normal 0 1 -0
    outer loop
      vertex 61 98.8 8.98
      vertex 59.75 98.8 10.48
      vertex 68 98.8 8.98
    endloop
  endfacet
  facet normal 0 1 0
    outer loop
      vertex 68.9131 98.8 8.67003
      vertex 69.7676 98.8 10.4119
      vertex 70.0154 98.8 10.3278
    endloop
  endfacet
  facet normal 0 1 -0
    outer loop
      vertex 60.8042 98.8 8.96717
      vertex 59.75 98.8 10.48
      vertex 61 98.8 8.98
    endloop
  endfacet
  facet normal 0 1 0
    outer loop
      vertex 69.0607 98.8 8.54065
      vertex 70.0154 98.8 10.3278
      vertex 70.25 98.8 10.2121
    endloop
  endfacet
  facet normal 0 1 -0
    outer loop
      vertex 60.6118 98.8 8.92888
      vertex 59.75 98.8 10.48
      vertex 60.8042 98.8 8.96717
    endloop
  endfacet
  facet normal 0 1 0
    outer loop
      vertex 69.0607 98.8 8.54065
      vertex 70.25 98.8 10.2121
      vertex 70.4675 98.8 10.0667
    endloop
  endfacet
  facet normal 0 1 -0
    outer loop
      vertex 60.426 98.8 8.86582
      vertex 59.75 98.8 10.48
      vertex 60.6118 98.8 8.92888
    endloop
  endfacet
  facet normal 0 1 0
    outer loop
      vertex 69.0607 98.8 8.54065
      vertex 70.4675 98.8 10.0667
      vertex 70.6642 98.8 9.89421
    endloop
  endfacet
  facet normal 0 1 -0
    outer loop
      vertex 60.25 98.8 8.77904
      vertex 59.75 98.8 10.48
      vertex 60.426 98.8 8.86582
    endloop
  endfacet
  facet normal 0 1 0
    outer loop
      vertex 69.19 98.8 8.39315
      vertex 70.6642 98.8 9.89421
      vertex 70.8367 98.8 9.69753
    endloop
  endfacet
  facet normal 0 1 0
    outer loop
      vertex 59.75 98.8 10.48
      vertex 60.25 98.8 8.77904
      vertex 59.489 98.8 10.4629
    endloop
  endfacet
  facet normal 0 1 0
    outer loop
      vertex 69.19 98.8 8.39315
      vertex 70.8367 98.8 9.69753
      vertex 70.9821 98.8 9.48
    endloop
  endfacet
  facet normal 0 1 -0
    outer loop
      vertex 60.0869 98.8 8.67003
      vertex 59.489 98.8 10.4629
      vertex 60.25 98.8 8.77904
    endloop
  endfacet
  facet normal 0 1 0
    outer loop
      vertex 69.19 98.8 8.39315
      vertex 70.9821 98.8 9.48
      vertex 71.0978 98.8 9.24537
    endloop
  endfacet
  facet normal 0 1 0
    outer loop
      vertex 59.489 98.8 10.4629
      vertex 60.0869 98.8 8.67003
      vertex 59.2324 98.8 10.4119
    endloop
  endfacet
  facet normal 0 1 0
    outer loop
      vertex 69.299 98.8 8.23
      vertex 71.0978 98.8 9.24537
      vertex 71.1819 98.8 8.99764
    endloop
  endfacet
  facet normal 0 1 0
    outer loop
      vertex 59.2324 98.8 10.4119
      vertex 60.0869 98.8 8.67003
      vertex 58.9846 98.8 10.3278
    endloop
  endfacet
  facet normal 0 1 -0
    outer loop
      vertex 59.9393 98.8 8.54065
      vertex 58.9846 98.8 10.3278
      vertex 60.0869 98.8 8.67003
    endloop
  endfacet
  facet normal 0 1 0
    outer loop
      vertex 69.25 98.8 10.48
      vertex 68.1958 98.8 8.96717
      vertex 68 98.8 8.98
    endloop
  endfacet
  facet normal 0 1 0
    outer loop
      vertex 69.25 98.8 10.48
      vertex 68.3882 98.8 8.92888
      vertex 68.1958 98.8 8.96717
    endloop
  endfacet
  facet normal 0 1 0
    outer loop
      vertex 69.25 98.8 10.48
      vertex 68.574 98.8 8.86582
      vertex 68.3882 98.8 8.92888
    endloop
  endfacet
  facet normal 0 1 0
    outer loop
      vertex 69.25 98.8 10.48
      vertex 68.75 98.8 8.77904
      vertex 68.574 98.8 8.86582
    endloop
  endfacet
  facet normal 0 1 0
    outer loop
      vertex 69.299 98.8 8.23
      vertex 71.1819 98.8 8.99764
      vertex 71.2329 98.8 8.74105
    endloop
  endfacet
  facet normal 0 1 0
    outer loop
      vertex 69.511 98.8 10.4629
      vertex 68.9131 98.8 8.67003
      vertex 68.75 98.8 8.77904
    endloop
  endfacet
  facet normal 0 1 0
    outer loop
      vertex 70.0154 98.8 10.3278
      vertex 69.0607 98.8 8.54065
      vertex 68.9131 98.8 8.67003
    endloop
  endfacet
  facet normal 0 1 0
    outer loop
      vertex 69.3858 98.8 8.05402
      vertex 71.2329 98.8 8.74105
      vertex 71.25 98.8 8.48
    endloop
  endfacet
  facet normal 0 1 0
    outer loop
      vertex 70.6642 98.8 9.89421
      vertex 69.19 98.8 8.39315
      vertex 69.0607 98.8 8.54065
    endloop
  endfacet
  facet normal 0 1 0
    outer loop
      vertex 71.0978 98.8 9.24537
      vertex 69.299 98.8 8.23
      vertex 69.19 98.8 8.39315
    endloop
  endfacet
  facet normal 0 1 0
    outer loop
      vertex 71.2329 98.8 8.74105
      vertex 69.3858 98.8 8.05402
      vertex 69.299 98.8 8.23
    endloop
  endfacet
  facet normal 0 1 0
    outer loop
      vertex 71.25 98.8 8.48
      vertex 69.4489 98.8 7.86823
      vertex 69.3858 98.8 8.05402
    endloop
  endfacet
  facet normal 0 1 0
    outer loop
      vertex 71.25 98.8 8.48
      vertex 69.4872 98.8 7.67579
      vertex 69.4489 98.8 7.86823
    endloop
  endfacet
  facet normal 0 1 0
    outer loop
      vertex 71.25 98.8 8.48
      vertex 69.5 98.8 7.48
      vertex 69.4872 98.8 7.67579
    endloop
  endfacet
  facet normal 0 1 0
    outer loop
      vertex 71.25 98.8 8.48
      vertex 69.5 98.8 5.98
      vertex 69.5 98.8 7.48
    endloop
  endfacet
  facet normal 0 1 -0
    outer loop
      vertex 71.25 98.8 4.98
      vertex 69.5 98.8 5.98
      vertex 71.25 98.8 8.48
    endloop
  endfacet
  facet normal 0 1 0
    outer loop
      vertex 69.5 98.8 5.98
      vertex 71.25 98.8 4.98
      vertex 69.4872 98.8 5.78421
    endloop
  endfacet
  facet normal 0 1 0
    outer loop
      vertex 69.4872 98.8 5.78421
      vertex 71.25 98.8 4.98
      vertex 69.4489 98.8 5.59177
    endloop
  endfacet
  facet normal 0 1 0
    outer loop
      vertex 69.4489 98.8 5.59177
      vertex 71.25 98.8 4.98
      vertex 69.3858 98.8 5.40598
    endloop
  endfacet
  facet normal 0 1 -0
    outer loop
      vertex 71.2329 98.8 4.71895
      vertex 69.3858 98.8 5.40598
      vertex 71.25 98.8 4.98
    endloop
  endfacet
  facet normal 0 1 0
    outer loop
      vertex 69.3858 98.8 5.40598
      vertex 71.2329 98.8 4.71895
      vertex 69.299 98.8 5.23
    endloop
  endfacet
  facet normal 0 1 -0
    outer loop
      vertex 71.1819 98.8 4.46236
      vertex 69.299 98.8 5.23
      vertex 71.2329 98.8 4.71895
    endloop
  endfacet
  facet normal 0 1 -0
    outer loop
      vertex 71.0978 98.8 4.21463
      vertex 69.299 98.8 5.23
      vertex 71.1819 98.8 4.46236
    endloop
  endfacet
  facet normal 0 1 0
    outer loop
      vertex 69.299 98.8 5.23
      vertex 71.0978 98.8 4.21463
      vertex 69.19 98.8 5.06685
    endloop
  endfacet
  facet normal 0 1 -0
    outer loop
      vertex 70.9821 98.8 3.98
      vertex 69.19 98.8 5.06685
      vertex 71.0978 98.8 4.21463
    endloop
  endfacet
  facet normal 0 1 -0
    outer loop
      vertex 70.8367 98.8 3.76247
      vertex 69.19 98.8 5.06685
      vertex 70.9821 98.8 3.98
    endloop
  endfacet
  facet normal 0 1 -0
    outer loop
      vertex 70.6642 98.8 3.56578
      vertex 69.19 98.8 5.06685
      vertex 70.8367 98.8 3.76247
    endloop
  endfacet
  facet normal 0 1 0
    outer loop
      vertex 69.19 98.8 5.06685
      vertex 70.6642 98.8 3.56578
      vertex 69.0607 98.8 4.91935
    endloop
  endfacet
  facet normal 0 1 -0
    outer loop
      vertex 70.0154 98.8 3.13224
      vertex 69.0607 98.8 4.91935
      vertex 70.25 98.8 3.24794
    endloop
  endfacet
  facet normal 0 1 -0
    outer loop
      vertex 70.25 98.8 3.24794
      vertex 69.0607 98.8 4.91935
      vertex 70.4675 98.8 3.3933
    endloop
  endfacet
  facet normal 0 1 -0
    outer loop
      vertex 70.4675 98.8 3.3933
      vertex 69.0607 98.8 4.91935
      vertex 70.6642 98.8 3.56578
    endloop
  endfacet
  facet normal 0 1 0
    outer loop
      vertex 58.9846 98.8 10.3278
      vertex 59.9393 98.8 8.54065
      vertex 58.75 98.8 10.2121
    endloop
  endfacet
  facet normal 0 1 0
    outer loop
      vertex 58.75 98.8 10.2121
      vertex 59.9393 98.8 8.54065
      vertex 58.5325 98.8 10.0667
    endloop
  endfacet
  facet normal 0 1 0
    outer loop
      vertex 58.5325 98.8 10.0667
      vertex 59.9393 98.8 8.54065
      vertex 58.3358 98.8 9.89421
    endloop
  endfacet
  facet normal 0 1 -0
    outer loop
      vertex 59.81 98.8 8.39315
      vertex 58.3358 98.8 9.89421
      vertex 59.9393 98.8 8.54065
    endloop
  endfacet
  facet normal 0 1 0
    outer loop
      vertex 58.3358 98.8 9.89421
      vertex 59.81 98.8 8.39315
      vertex 58.1633 98.8 9.69753
    endloop
  endfacet
  facet normal 0 1 0
    outer loop
      vertex 58.1633 98.8 9.69753
      vertex 59.81 98.8 8.39315
      vertex 58.0179 98.8 9.48
    endloop
  endfacet
  facet normal 0 1 0
    outer loop
      vertex 58.0179 98.8 9.48
      vertex 59.81 98.8 8.39315
      vertex 57.9022 98.8 9.24537
    endloop
  endfacet
  facet normal 0 1 -0
    outer loop
      vertex 59.701 98.8 8.23
      vertex 57.9022 98.8 9.24537
      vertex 59.81 98.8 8.39315
    endloop
  endfacet
  facet normal 0 1 0
    outer loop
      vertex 57.9022 98.8 9.24537
      vertex 59.701 98.8 8.23
      vertex 57.8181 98.8 8.99764
    endloop
  endfacet
  facet normal 0 1 0
    outer loop
      vertex 57.8181 98.8 8.99764
      vertex 59.701 98.8 8.23
      vertex 57.7671 98.8 8.74105
    endloop
  endfacet
  facet normal 0 1 -0
    outer loop
      vertex 59.6142 98.8 8.05402
      vertex 57.7671 98.8 8.74105
      vertex 59.701 98.8 8.23
    endloop
  endfacet
  facet normal 0 1 0
    outer loop
      vertex 57.7671 98.8 8.74105
      vertex 59.6142 98.8 8.05402
      vertex 57.75 98.8 8.48
    endloop
  endfacet
  facet normal 0 1 -0
    outer loop
      vertex 59.5511 98.8 7.86823
      vertex 57.75 98.8 8.48
      vertex 59.6142 98.8 8.05402
    endloop
  endfacet
  facet normal 0 1 -0
    outer loop
      vertex 59.5128 98.8 7.67579
      vertex 57.75 98.8 8.48
      vertex 59.5511 98.8 7.86823
    endloop
  endfacet
  facet normal 0 1 -0
    outer loop
      vertex 59.5 98.8 7.48
      vertex 57.75 98.8 8.48
      vertex 59.5128 98.8 7.67579
    endloop
  endfacet
  facet normal 0 1 -0
    outer loop
      vertex 59.5 98.8 5.98
      vertex 57.75 98.8 8.48
      vertex 59.5 98.8 7.48
    endloop
  endfacet
  facet normal 0 1 0
    outer loop
      vertex 57.75 98.8 4.98
      vertex 59.5 98.8 5.98
      vertex 59.5128 98.8 5.78421
    endloop
  endfacet
  facet normal 0 1 0
    outer loop
      vertex 57.75 98.8 4.98
      vertex 59.5128 98.8 5.78421
      vertex 59.5511 98.8 5.59177
    endloop
  endfacet
  facet normal 0 1 0
    outer loop
      vertex 57.75 98.8 4.98
      vertex 59.5511 98.8 5.59177
      vertex 59.6142 98.8 5.40598
    endloop
  endfacet
  facet normal 0 1 0
    outer loop
      vertex 57.7671 98.8 4.71895
      vertex 59.6142 98.8 5.40598
      vertex 59.701 98.8 5.23
    endloop
  endfacet
  facet normal 0 1 0
    outer loop
      vertex 59.5 98.8 5.98
      vertex 57.75 98.8 4.98
      vertex 57.75 98.8 8.48
    endloop
  endfacet
  facet normal 0 1 0
    outer loop
      vertex 57.9022 98.8 4.21463
      vertex 59.701 98.8 5.23
      vertex 59.81 98.8 5.06685
    endloop
  endfacet
  facet normal 0 1 0
    outer loop
      vertex 58.3358 98.8 3.56578
      vertex 59.81 98.8 5.06685
      vertex 59.9393 98.8 4.91935
    endloop
  endfacet
  facet normal 0 1 0
    outer loop
      vertex 58.9846 98.8 3.13224
      vertex 59.9393 98.8 4.91935
      vertex 60.0869 98.8 4.78997
    endloop
  endfacet
  facet normal 0 1 0
    outer loop
      vertex 59.6142 98.8 5.40598
      vertex 57.7671 98.8 4.71895
      vertex 57.75 98.8 4.98
    endloop
  endfacet
  facet normal 0 1 0
    outer loop
      vertex 59.489 98.8 2.9971
      vertex 60.0869 98.8 4.78997
      vertex 60.25 98.8 4.68096
    endloop
  endfacet
  facet normal 0 1 0
    outer loop
      vertex 59.75 98.8 2.98
      vertex 60.25 98.8 4.68096
      vertex 60.426 98.8 4.59418
    endloop
  endfacet
  facet normal 0 1 0
    outer loop
      vertex 59.75 98.8 2.98
      vertex 60.426 98.8 4.59418
      vertex 60.6118 98.8 4.53112
    endloop
  endfacet
  facet normal 0 1 0
    outer loop
      vertex 59.75 98.8 2.98
      vertex 60.6118 98.8 4.53112
      vertex 60.8042 98.8 4.49283
    endloop
  endfacet
  facet normal 0 1 0
    outer loop
      vertex 59.701 98.8 5.23
      vertex 57.8181 98.8 4.46236
      vertex 57.7671 98.8 4.71895
    endloop
  endfacet
  facet normal 0 1 0
    outer loop
      vertex 59.75 98.8 2.98
      vertex 60.8042 98.8 4.49283
      vertex 61 98.8 4.48
    endloop
  endfacet
  facet normal 0 1 0
    outer loop
      vertex 68 98.8 4.48
      vertex 69.25 98.8 2.98
      vertex 61 98.8 4.48
    endloop
  endfacet
  facet normal 0 1 0
    outer loop
      vertex 69.0607 98.8 4.91935
      vertex 70.0154 98.8 3.13224
      vertex 68.9131 98.8 4.78997
    endloop
  endfacet
  facet normal 0 1 0
    outer loop
      vertex 59.75 98.8 2.98
      vertex 61 98.8 4.48
      vertex 69.25 98.8 2.98
    endloop
  endfacet
  facet normal 0 1 -0
    outer loop
      vertex 69.7676 98.8 3.04815
      vertex 68.9131 98.8 4.78997
      vertex 70.0154 98.8 3.13224
    endloop
  endfacet
  facet normal 0 1 0
    outer loop
      vertex 60.25 98.8 4.68096
      vertex 59.75 98.8 2.98
      vertex 59.489 98.8 2.9971
    endloop
  endfacet
  facet normal 0 1 -0
    outer loop
      vertex 69.511 98.8 2.9971
      vertex 68.9131 98.8 4.78997
      vertex 69.7676 98.8 3.04815
    endloop
  endfacet
  facet normal 0 1 0
    outer loop
      vertex 59.701 98.8 5.23
      vertex 57.9022 98.8 4.21463
      vertex 57.8181 98.8 4.46236
    endloop
  endfacet
  facet normal 0 1 0
    outer loop
      vertex 68.9131 98.8 4.78997
      vertex 69.511 98.8 2.9971
      vertex 68.75 98.8 4.68096
    endloop
  endfacet
  facet normal 0 1 0
    outer loop
      vertex 59.81 98.8 5.06685
      vertex 58.0179 98.8 3.98
      vertex 57.9022 98.8 4.21463
    endloop
  endfacet
  facet normal 0 1 -0
    outer loop
      vertex 69.25 98.8 2.98
      vertex 68.75 98.8 4.68096
      vertex 69.511 98.8 2.9971
    endloop
  endfacet
  facet normal 0 1 0
    outer loop
      vertex 59.81 98.8 5.06685
      vertex 58.1633 98.8 3.76247
      vertex 58.0179 98.8 3.98
    endloop
  endfacet
  facet normal 0 1 0
    outer loop
      vertex 68.75 98.8 4.68096
      vertex 69.25 98.8 2.98
      vertex 68.574 98.8 4.59418
    endloop
  endfacet
  facet normal 0 1 0
    outer loop
      vertex 59.81 98.8 5.06685
      vertex 58.3358 98.8 3.56578
      vertex 58.1633 98.8 3.76247
    endloop
  endfacet
  facet normal 0 1 0
    outer loop
      vertex 68.574 98.8 4.59418
      vertex 69.25 98.8 2.98
      vertex 68.3882 98.8 4.53112
    endloop
  endfacet
  facet normal 0 1 0
    outer loop
      vertex 59.9393 98.8 4.91935
      vertex 58.5325 98.8 3.3933
      vertex 58.3358 98.8 3.56578
    endloop
  endfacet
  facet normal 0 1 0
    outer loop
      vertex 68.3882 98.8 4.53112
      vertex 69.25 98.8 2.98
      vertex 68.1958 98.8 4.49283
    endloop
  endfacet
  facet normal 0 1 0
    outer loop
      vertex 59.9393 98.8 4.91935
      vertex 58.75 98.8 3.24794
      vertex 58.5325 98.8 3.3933
    endloop
  endfacet
  facet normal 0 1 0
    outer loop
      vertex 68.1958 98.8 4.49283
      vertex 69.25 98.8 2.98
      vertex 68 98.8 4.48
    endloop
  endfacet
  facet normal 0 1 0
    outer loop
      vertex 59.9393 98.8 4.91935
      vertex 58.9846 98.8 3.13224
      vertex 58.75 98.8 3.24794
    endloop
  endfacet
  facet normal 0 1 0
    outer loop
      vertex 60.0869 98.8 4.78997
      vertex 59.2324 98.8 3.04815
      vertex 58.9846 98.8 3.13224
    endloop
  endfacet
  facet normal 0 1 0
    outer loop
      vertex 60.0869 98.8 4.78997
      vertex 59.489 98.8 2.9971
      vertex 59.2324 98.8 3.04815
    endloop
  endfacet
  facet normal -1 0 0
    outer loop
      vertex 116 19.5 1.2
      vertex 116 74.5 2
      vertex 116 74.5 1.2
    endloop
  endfacet
  facet normal -1 -0 0
    outer loop
      vertex 116 74.5 2
      vertex 116 19.5 1.2
      vertex 116 19.5 2
    endloop
  endfacet
  facet normal -0 0 1
    outer loop
      vertex 75 74.5 1.2
      vertex 116 19.5 1.2
      vertex 116 74.5 1.2
    endloop
  endfacet
  facet normal 0 0 1
    outer loop
      vertex 116 19.5 1.2
      vertex 75 74.5 1.2
      vertex 75 19.5 1.2
    endloop
  endfacet
  facet normal 1 -0 0
    outer loop
      vertex 75 19.5 2
      vertex 75 74.5 1.2
      vertex 75 74.5 2
    endloop
  endfacet
  facet normal 1 0 0
    outer loop
      vertex 75 74.5 1.2
      vertex 75 19.5 2
      vertex 75 19.5 1.2
    endloop
  endfacet
  facet normal 0 -1 0
    outer loop
      vertex 75 74.5 1.2
      vertex 116 74.5 2
      vertex 75 74.5 2
    endloop
  endfacet
  facet normal 0 -1 -0
    outer loop
      vertex 116 74.5 2
      vertex 75 74.5 1.2
      vertex 116 74.5 1.2
    endloop
  endfacet
  facet normal 0 1 -0
    outer loop
      vertex 116 19.5 1.2
      vertex 75 19.5 2
      vertex 116 19.5 2
    endloop
  endfacet
  facet normal 0 1 0
    outer loop
      vertex 75 19.5 2
      vertex 116 19.5 1.2
      vertex 75 19.5 1.2
    endloop
  endfacet
endsolid OpenSCAD_Model
