solid OpenSCAD_Model
  facet normal -0.195066 -0.98079 0
    outer loop
      vertex 77.4568 -3.52994 2
      vertex 77.9059 -3.61926 3.5
      vertex 77.4568 -3.52994 3.5
    endloop
  endfacet
  facet normal -0.195066 -0.98079 -0
    outer loop
      vertex 77.9059 -3.61926 3.5
      vertex 77.4568 -3.52994 2
      vertex 77.9059 -3.61926 2
    endloop
  endfacet
  facet normal 0.321452 -0.946926 0
    outer loop
      vertex 75.6606 -3.76642 2
      vertex 76.0941 -3.61926 3.5
      vertex 75.6606 -3.76642 3.5
    endloop
  endfacet
  facet normal 0.321452 -0.946926 0
    outer loop
      vertex 76.0941 -3.61926 3.5
      vertex 75.6606 -3.76642 2
      vertex 76.0941 -3.61926 2
    endloop
  endfacet
  facet normal -0.0654026 -0.997859 0
    outer loop
      vertex 77 -3.5 2
      vertex 77.4568 -3.52994 3.5
      vertex 77 -3.5 3.5
    endloop
  endfacet
  facet normal -0.0654026 -0.997859 -0
    outer loop
      vertex 77.4568 -3.52994 3.5
      vertex 77 -3.5 2
      vertex 77.4568 -3.52994 2
    endloop
  endfacet
  facet normal 0.0654026 -0.997859 0
    outer loop
      vertex 76.5432 -3.52994 2
      vertex 77 -3.5 3.5
      vertex 76.5432 -3.52994 3.5
    endloop
  endfacet
  facet normal 0.0654026 -0.997859 0
    outer loop
      vertex 77 -3.5 3.5
      vertex 76.5432 -3.52994 2
      vertex 77 -3.5 2
    endloop
  endfacet
  facet normal -0.321452 -0.946926 0
    outer loop
      vertex 77.9059 -3.61926 2
      vertex 78.3394 -3.76642 3.5
      vertex 77.9059 -3.61926 3.5
    endloop
  endfacet
  facet normal -0.321452 -0.946926 -0
    outer loop
      vertex 78.3394 -3.76642 3.5
      vertex 77.9059 -3.61926 2
      vertex 78.3394 -3.76642 2
    endloop
  endfacet
  facet normal -0.442227 -0.896903 0
    outer loop
      vertex 78.3394 -3.76642 2
      vertex 78.6103 -3.89999 3.5
      vertex 78.3394 -3.76642 3.5
    endloop
  endfacet
  facet normal -0.442227 -0.896903 -0
    outer loop
      vertex 78.6103 -3.89999 3.5
      vertex 78.3394 -3.76642 2
      vertex 78.6103 -3.89999 2
    endloop
  endfacet
  facet normal 0.195066 -0.98079 0
    outer loop
      vertex 76.0941 -3.61926 2
      vertex 76.5432 -3.52994 3.5
      vertex 76.0941 -3.61926 3.5
    endloop
  endfacet
  facet normal 0.195066 -0.98079 0
    outer loop
      vertex 76.5432 -3.52994 3.5
      vertex 76.0941 -3.61926 2
      vertex 76.5432 -3.52994 2
    endloop
  endfacet
  facet normal 0.442227 -0.896903 0
    outer loop
      vertex 75.3897 -3.89999 2
      vertex 75.6606 -3.76642 3.5
      vertex 75.3897 -3.89999 3.5
    endloop
  endfacet
  facet normal 0.442227 -0.896903 0
    outer loop
      vertex 75.6606 -3.76642 3.5
      vertex 75.3897 -3.89999 2
      vertex 75.6606 -3.76642 2
    endloop
  endfacet
  facet normal 0.442307 0.896864 -0
    outer loop
      vertex 75.6606 -96.2336 2
      vertex 75.3897 -96.1 3.5
      vertex 75.6606 -96.2336 3.5
    endloop
  endfacet
  facet normal 0.442307 0.896864 0
    outer loop
      vertex 75.3897 -96.1 3.5
      vertex 75.6606 -96.2336 2
      vertex 75.3897 -96.1 2
    endloop
  endfacet
  facet normal -0.0653156 0.997865 0
    outer loop
      vertex 77.4568 -96.4701 2
      vertex 77 -96.5 3.5
      vertex 77.4568 -96.4701 3.5
    endloop
  endfacet
  facet normal -0.0653156 0.997865 0
    outer loop
      vertex 77 -96.5 3.5
      vertex 77.4568 -96.4701 2
      vertex 77 -96.5 2
    endloop
  endfacet
  facet normal 0.0653156 0.997865 -0
    outer loop
      vertex 77 -96.5 2
      vertex 76.5432 -96.4701 3.5
      vertex 77 -96.5 3.5
    endloop
  endfacet
  facet normal 0.0653156 0.997865 0
    outer loop
      vertex 76.5432 -96.4701 3.5
      vertex 77 -96.5 2
      vertex 76.5432 -96.4701 2
    endloop
  endfacet
  facet normal -0.442307 0.896864 0
    outer loop
      vertex 78.6103 -96.1 2
      vertex 78.3394 -96.2336 3.5
      vertex 78.6103 -96.1 3.5
    endloop
  endfacet
  facet normal -0.442307 0.896864 0
    outer loop
      vertex 78.3394 -96.2336 3.5
      vertex 78.6103 -96.1 2
      vertex 78.3394 -96.2336 2
    endloop
  endfacet
  facet normal -0.321335 0.946966 0
    outer loop
      vertex 78.3394 -96.2336 2
      vertex 77.9059 -96.3807 3.5
      vertex 78.3394 -96.2336 3.5
    endloop
  endfacet
  facet normal -0.321335 0.946966 0
    outer loop
      vertex 77.9059 -96.3807 3.5
      vertex 78.3394 -96.2336 2
      vertex 77.9059 -96.3807 2
    endloop
  endfacet
  facet normal 0.195234 0.980757 -0
    outer loop
      vertex 76.5432 -96.4701 2
      vertex 76.0941 -96.3807 3.5
      vertex 76.5432 -96.4701 3.5
    endloop
  endfacet
  facet normal 0.195234 0.980757 0
    outer loop
      vertex 76.0941 -96.3807 3.5
      vertex 76.5432 -96.4701 2
      vertex 76.0941 -96.3807 2
    endloop
  endfacet
  facet normal 0.321335 0.946966 -0
    outer loop
      vertex 76.0941 -96.3807 2
      vertex 75.6606 -96.2336 3.5
      vertex 76.0941 -96.3807 3.5
    endloop
  endfacet
  facet normal 0.321335 0.946966 0
    outer loop
      vertex 75.6606 -96.2336 3.5
      vertex 76.0941 -96.3807 2
      vertex 75.6606 -96.2336 2
    endloop
  endfacet
  facet normal -0.195234 0.980757 0
    outer loop
      vertex 77.9059 -96.3807 2
      vertex 77.4568 -96.4701 3.5
      vertex 77.9059 -96.3807 3.5
    endloop
  endfacet
  facet normal -0.195234 0.980757 0
    outer loop
      vertex 77.4568 -96.4701 3.5
      vertex 77.9059 -96.3807 2
      vertex 77.4568 -96.4701 2
    endloop
  endfacet
  facet normal -0.195191 -0.980765 0
    outer loop
      vertex 176.1 -16.5584 2
      vertex 176.406 -16.6193 3.5
      vertex 176.1 -16.5584 3.5
    endloop
  endfacet
  facet normal -0.195191 -0.980765 -0
    outer loop
      vertex 176.406 -16.6193 3.5
      vertex 176.1 -16.5584 2
      vertex 176.406 -16.6193 2
    endloop
  endfacet
  facet normal -0.441968 0.897031 0
    outer loop
      vertex 177.25 -23.0311 2
      vertex 176.839 -23.2336 3.5
      vertex 177.25 -23.0311 3.5
    endloop
  endfacet
  facet normal -0.441968 0.897031 0
    outer loop
      vertex 176.839 -23.2336 3.5
      vertex 177.25 -23.0311 2
      vertex 176.839 -23.2336 2
    endloop
  endfacet
  facet normal -0.555468 -0.831538 0
    outer loop
      vertex 177.25 -16.9689 2
      vertex 177.3 -17.0023 3.5
      vertex 177.25 -16.9689 3.5
    endloop
  endfacet
  facet normal -0.555468 -0.831538 -0
    outer loop
      vertex 177.3 -17.0023 3.5
      vertex 177.25 -16.9689 2
      vertex 177.3 -17.0023 2
    endloop
  endfacet
  facet normal -0.555468 0.831538 0
    outer loop
      vertex 177.3 -22.9977 2
      vertex 177.25 -23.0311 3.5
      vertex 177.3 -22.9977 3.5
    endloop
  endfacet
  facet normal -0.555468 0.831538 0
    outer loop
      vertex 177.25 -23.0311 3.5
      vertex 177.3 -22.9977 2
      vertex 177.25 -23.0311 2
    endloop
  endfacet
  facet normal -0.321668 0.946853 0
    outer loop
      vertex 176.839 -23.2336 2
      vertex 176.406 -23.3807 3.5
      vertex 176.839 -23.2336 3.5
    endloop
  endfacet
  facet normal -0.321668 0.946853 0
    outer loop
      vertex 176.406 -23.3807 3.5
      vertex 176.839 -23.2336 2
      vertex 176.406 -23.3807 2
    endloop
  endfacet
  facet normal -0.321668 -0.946853 0
    outer loop
      vertex 176.406 -16.6193 2
      vertex 176.839 -16.7664 3.5
      vertex 176.406 -16.6193 3.5
    endloop
  endfacet
  facet normal -0.321668 -0.946853 -0
    outer loop
      vertex 176.839 -16.7664 3.5
      vertex 176.406 -16.6193 2
      vertex 176.839 -16.7664 2
    endloop
  endfacet
  facet normal -0.441968 -0.897031 0
    outer loop
      vertex 176.839 -16.7664 2
      vertex 177.25 -16.9689 3.5
      vertex 176.839 -16.7664 3.5
    endloop
  endfacet
  facet normal -0.441968 -0.897031 -0
    outer loop
      vertex 177.25 -16.9689 3.5
      vertex 176.839 -16.7664 2
      vertex 177.25 -16.9689 2
    endloop
  endfacet
  facet normal -0.195191 0.980765 0
    outer loop
      vertex 176.406 -23.3807 2
      vertex 176.1 -23.4416 3.5
      vertex 176.406 -23.3807 3.5
    endloop
  endfacet
  facet normal -0.195191 0.980765 0
    outer loop
      vertex 176.1 -23.4416 3.5
      vertex 176.406 -23.3807 2
      vertex 176.1 -23.4416 2
    endloop
  endfacet
  facet normal -0.195191 -0.980765 0
    outer loop
      vertex 176.1 -76.5584 2
      vertex 176.406 -76.6193 3.5
      vertex 176.1 -76.5584 3.5
    endloop
  endfacet
  facet normal -0.195191 -0.980765 -0
    outer loop
      vertex 176.406 -76.6193 3.5
      vertex 176.1 -76.5584 2
      vertex 176.406 -76.6193 2
    endloop
  endfacet
  facet normal -0.441968 0.897031 0
    outer loop
      vertex 177.25 -83.0311 2
      vertex 176.839 -83.2336 3.5
      vertex 177.25 -83.0311 3.5
    endloop
  endfacet
  facet normal -0.441968 0.897031 0
    outer loop
      vertex 176.839 -83.2336 3.5
      vertex 177.25 -83.0311 2
      vertex 176.839 -83.2336 2
    endloop
  endfacet
  facet normal -0.555468 -0.831538 0
    outer loop
      vertex 177.25 -76.9689 2
      vertex 177.3 -77.0023 3.5
      vertex 177.25 -76.9689 3.5
    endloop
  endfacet
  facet normal -0.555468 -0.831538 -0
    outer loop
      vertex 177.3 -77.0023 3.5
      vertex 177.25 -76.9689 2
      vertex 177.3 -77.0023 2
    endloop
  endfacet
  facet normal -0.555468 0.831538 0
    outer loop
      vertex 177.3 -82.9977 2
      vertex 177.25 -83.0311 3.5
      vertex 177.3 -82.9977 3.5
    endloop
  endfacet
  facet normal -0.555468 0.831538 0
    outer loop
      vertex 177.25 -83.0311 3.5
      vertex 177.3 -82.9977 2
      vertex 177.25 -83.0311 2
    endloop
  endfacet
  facet normal -0.321668 0.946853 0
    outer loop
      vertex 176.839 -83.2336 2
      vertex 176.406 -83.3807 3.5
      vertex 176.839 -83.2336 3.5
    endloop
  endfacet
  facet normal -0.321668 0.946853 0
    outer loop
      vertex 176.406 -83.3807 3.5
      vertex 176.839 -83.2336 2
      vertex 176.406 -83.3807 2
    endloop
  endfacet
  facet normal -0.321668 -0.946853 0
    outer loop
      vertex 176.406 -76.6193 2
      vertex 176.839 -76.7664 3.5
      vertex 176.406 -76.6193 3.5
    endloop
  endfacet
  facet normal -0.321668 -0.946853 -0
    outer loop
      vertex 176.839 -76.7664 3.5
      vertex 176.406 -76.6193 2
      vertex 176.839 -76.7664 2
    endloop
  endfacet
  facet normal -0.441968 -0.897031 0
    outer loop
      vertex 176.839 -76.7664 2
      vertex 177.25 -76.9689 3.5
      vertex 176.839 -76.7664 3.5
    endloop
  endfacet
  facet normal -0.441968 -0.897031 -0
    outer loop
      vertex 177.25 -76.9689 3.5
      vertex 176.839 -76.7664 2
      vertex 177.25 -76.9689 2
    endloop
  endfacet
  facet normal -0.195191 0.980765 0
    outer loop
      vertex 176.406 -83.3807 2
      vertex 176.1 -83.4416 3.5
      vertex 176.406 -83.3807 3.5
    endloop
  endfacet
  facet normal -0.195191 0.980765 0
    outer loop
      vertex 176.1 -83.4416 3.5
      vertex 176.406 -83.3807 2
      vertex 176.1 -83.4416 2
    endloop
  endfacet
  facet normal 0 0 1
    outer loop
      vertex 177.3 -8.08833 3.5
      vertex 176.057 -7.46599 3.5
      vertex 176.1 -8.1277 3.5
    endloop
  endfacet
  facet normal 0 0 1
    outer loop
      vertex 176.585 -5.35286 3.5
      vertex 175.952 -6.94095 3.5
      vertex 176.057 -7.46599 3.5
    endloop
  endfacet
  facet normal 0 0 1
    outer loop
      vertex 176.585 -5.35286 3.5
      vertex 175.78 -6.4343 3.5
      vertex 175.952 -6.94095 3.5
    endloop
  endfacet
  facet normal 0 0 1
    outer loop
      vertex 175.246 -5.50917 3.5
      vertex 176.2 -4.77707 3.5
      vertex 175.744 -4.25642 3.5
    endloop
  endfacet
  facet normal 0 0 1
    outer loop
      vertex 176.585 -5.35286 3.5
      vertex 175.543 -5.9541 3.5
      vertex 175.78 -6.4343 3.5
    endloop
  endfacet
  facet normal 0 0 1
    outer loop
      vertex 176.2 -4.77707 3.5
      vertex 175.246 -5.50917 3.5
      vertex 175.543 -5.9541 3.5
    endloop
  endfacet
  facet normal 0 0 1
    outer loop
      vertex 174.893 -5.10677 3.5
      vertex 175.744 -4.25642 3.5
      vertex 175.223 -3.79984 3.5
    endloop
  endfacet
  facet normal 0 0 1
    outer loop
      vertex 175.744 -4.25642 3.5
      vertex 174.893 -5.10677 3.5
      vertex 175.246 -5.50917 3.5
    endloop
  endfacet
  facet normal 0 0 1
    outer loop
      vertex 174.491 -4.75389 3.5
      vertex 175.223 -3.79984 3.5
      vertex 174.647 -3.41512 3.5
    endloop
  endfacet
  facet normal 0 0 1
    outer loop
      vertex 175.223 -3.79984 3.5
      vertex 174.491 -4.75389 3.5
      vertex 174.893 -5.10677 3.5
    endloop
  endfacet
  facet normal 0 0 1
    outer loop
      vertex 174.647 -3.41512 3.5
      vertex 174.046 -4.45659 3.5
      vertex 174.491 -4.75389 3.5
    endloop
  endfacet
  facet normal 0 0 1
    outer loop
      vertex 174.026 -3.10878 3.5
      vertex 174.046 -4.45659 3.5
      vertex 174.647 -3.41512 3.5
    endloop
  endfacet
  facet normal 0 0 1
    outer loop
      vertex 174.026 -3.10878 3.5
      vertex 173.566 -4.21979 3.5
      vertex 174.046 -4.45659 3.5
    endloop
  endfacet
  facet normal 0 0 1
    outer loop
      vertex 173.37 -2.88618 3.5
      vertex 173.566 -4.21979 3.5
      vertex 174.026 -3.10878 3.5
    endloop
  endfacet
  facet normal 0 0 1
    outer loop
      vertex 173.37 -2.88618 3.5
      vertex 173.059 -4.04781 3.5
      vertex 173.566 -4.21979 3.5
    endloop
  endfacet
  facet normal 0 0 1
    outer loop
      vertex 172.691 -2.75107 3.5
      vertex 173.059 -4.04781 3.5
      vertex 173.37 -2.88618 3.5
    endloop
  endfacet
  facet normal 0 0 1
    outer loop
      vertex 172.691 -2.75107 3.5
      vertex 172.534 -3.94336 3.5
      vertex 173.059 -4.04781 3.5
    endloop
  endfacet
  facet normal 0 0 1
    outer loop
      vertex 171.912 -2.7 3.5
      vertex 172.534 -3.94336 3.5
      vertex 172.691 -2.75107 3.5
    endloop
  endfacet
  facet normal 0 0 1
    outer loop
      vertex 171.912 -2.7 3.5
      vertex 171.872 -3.89999 3.5
      vertex 172.534 -3.94336 3.5
    endloop
  endfacet
  facet normal 0 0 1
    outer loop
      vertex 171.912 -2.7 3.5
      vertex 78.6103 -3.89999 3.5
      vertex 171.872 -3.89999 3.5
    endloop
  endfacet
  facet normal 0 0 1
    outer loop
      vertex 171.912 -2.7 3.5
      vertex 78.3394 -3.76642 3.5
      vertex 78.6103 -3.89999 3.5
    endloop
  endfacet
  facet normal 0 0 1
    outer loop
      vertex 171.912 -2.7 3.5
      vertex 77.9059 -3.61926 3.5
      vertex 78.3394 -3.76642 3.5
    endloop
  endfacet
  facet normal 0 0 1
    outer loop
      vertex 171.912 -2.7 3.5
      vertex 77.4568 -3.52994 3.5
      vertex 77.9059 -3.61926 3.5
    endloop
  endfacet
  facet normal 0 0 1
    outer loop
      vertex 171.912 -2.7 3.5
      vertex 77 -3.5 3.5
      vertex 77.4568 -3.52994 3.5
    endloop
  endfacet
  facet normal 0 0 1
    outer loop
      vertex 8.08833 -2.7 3.5
      vertex 75.3897 -3.89999 3.5
      vertex 75.6606 -3.76642 3.5
    endloop
  endfacet
  facet normal 0 0 1
    outer loop
      vertex 8.08833 -2.7 3.5
      vertex 75.6606 -3.76642 3.5
      vertex 76.0941 -3.61926 3.5
    endloop
  endfacet
  facet normal 0 0 1
    outer loop
      vertex 8.08833 -2.7 3.5
      vertex 76.0941 -3.61926 3.5
      vertex 76.5432 -3.52994 3.5
    endloop
  endfacet
  facet normal 0 0 1
    outer loop
      vertex 8.08833 -2.7 3.5
      vertex 76.5432 -3.52994 3.5
      vertex 77 -3.5 3.5
    endloop
  endfacet
  facet normal -0 0 1
    outer loop
      vertex 8.08833 -2.7 3.5
      vertex 77 -3.5 3.5
      vertex 171.912 -2.7 3.5
    endloop
  endfacet
  facet normal 0 0 1
    outer loop
      vertex 75.3897 -3.89999 3.5
      vertex 8.08833 -2.7 3.5
      vertex 8.1277 -3.89999 3.5
    endloop
  endfacet
  facet normal 0 0 1
    outer loop
      vertex 8.08833 -2.7 3.5
      vertex 7.46599 -3.94336 3.5
      vertex 8.1277 -3.89999 3.5
    endloop
  endfacet
  facet normal -0 0 1
    outer loop
      vertex 7.30902 -2.75107 3.5
      vertex 7.46599 -3.94336 3.5
      vertex 8.08833 -2.7 3.5
    endloop
  endfacet
  facet normal 0 0 1
    outer loop
      vertex 7.30902 -2.75107 3.5
      vertex 6.94095 -4.04781 3.5
      vertex 7.46599 -3.94336 3.5
    endloop
  endfacet
  facet normal -0 0 1
    outer loop
      vertex 6.62976 -2.88618 3.5
      vertex 6.94095 -4.04781 3.5
      vertex 7.30902 -2.75107 3.5
    endloop
  endfacet
  facet normal 0 0 1
    outer loop
      vertex 6.62976 -2.88618 3.5
      vertex 6.4343 -4.21979 3.5
      vertex 6.94095 -4.04781 3.5
    endloop
  endfacet
  facet normal -0 0 1
    outer loop
      vertex 5.97403 -3.10878 3.5
      vertex 6.4343 -4.21979 3.5
      vertex 6.62976 -2.88618 3.5
    endloop
  endfacet
  facet normal 0 0 1
    outer loop
      vertex 5.97403 -3.10878 3.5
      vertex 5.9541 -4.45659 3.5
      vertex 6.4343 -4.21979 3.5
    endloop
  endfacet
  facet normal -0 0 1
    outer loop
      vertex 5.35286 -3.41512 3.5
      vertex 5.9541 -4.45659 3.5
      vertex 5.97403 -3.10878 3.5
    endloop
  endfacet
  facet normal 0 0 1
    outer loop
      vertex 5.9541 -4.45659 3.5
      vertex 5.35286 -3.41512 3.5
      vertex 5.50917 -4.75389 3.5
    endloop
  endfacet
  facet normal -0 0 1
    outer loop
      vertex 4.77707 -3.79984 3.5
      vertex 5.50917 -4.75389 3.5
      vertex 5.35286 -3.41512 3.5
    endloop
  endfacet
  facet normal 0 0 1
    outer loop
      vertex 5.50917 -4.75389 3.5
      vertex 4.77707 -3.79984 3.5
      vertex 5.10677 -5.10677 3.5
    endloop
  endfacet
  facet normal -0 0 1
    outer loop
      vertex 4.25642 -4.25642 3.5
      vertex 5.10677 -5.10677 3.5
      vertex 4.77707 -3.79984 3.5
    endloop
  endfacet
  facet normal 0 0 1
    outer loop
      vertex 5.10677 -5.10677 3.5
      vertex 4.25642 -4.25642 3.5
      vertex 4.75389 -5.50917 3.5
    endloop
  endfacet
  facet normal -0 0 1
    outer loop
      vertex 3.79984 -4.77707 3.5
      vertex 4.75389 -5.50917 3.5
      vertex 4.25642 -4.25642 3.5
    endloop
  endfacet
  facet normal 0 0 1
    outer loop
      vertex 4.75389 -5.50917 3.5
      vertex 3.79984 -4.77707 3.5
      vertex 4.45659 -5.9541 3.5
    endloop
  endfacet
  facet normal -0 0 1
    outer loop
      vertex 3.41512 -5.35286 3.5
      vertex 4.45659 -5.9541 3.5
      vertex 3.79984 -4.77707 3.5
    endloop
  endfacet
  facet normal 0 0 1
    outer loop
      vertex 4.45659 -5.9541 3.5
      vertex 3.41512 -5.35286 3.5
      vertex 4.21979 -6.4343 3.5
    endloop
  endfacet
  facet normal -0 0 1
    outer loop
      vertex 2.88618 -6.62976 3.5
      vertex 4.04781 -6.94095 3.5
      vertex 3.10878 -5.97403 3.5
    endloop
  endfacet
  facet normal 0 0 1
    outer loop
      vertex 4.21979 -6.4343 3.5
      vertex 3.10878 -5.97403 3.5
      vertex 4.04781 -6.94095 3.5
    endloop
  endfacet
  facet normal -0 0 1
    outer loop
      vertex 3.10878 -5.97403 3.5
      vertex 4.21979 -6.4343 3.5
      vertex 3.41512 -5.35286 3.5
    endloop
  endfacet
  facet normal 0 0 1
    outer loop
      vertex 177.3 -8.08833 3.5
      vertex 177.25 -16.9689 3.5
      vertex 177.3 -17.0023 3.5
    endloop
  endfacet
  facet normal -0 0 1
    outer loop
      vertex 176.057 -7.46599 3.5
      vertex 177.3 -8.08833 3.5
      vertex 177.249 -7.30902 3.5
    endloop
  endfacet
  facet normal 0 0 1
    outer loop
      vertex 176.057 -7.46599 3.5
      vertex 177.249 -7.30902 3.5
      vertex 177.114 -6.62976 3.5
    endloop
  endfacet
  facet normal 0 0 1
    outer loop
      vertex 176.057 -7.46599 3.5
      vertex 177.114 -6.62976 3.5
      vertex 176.891 -5.97403 3.5
    endloop
  endfacet
  facet normal 0 0 1
    outer loop
      vertex 176.1 -16.5584 3.5
      vertex 177.3 -8.08833 3.5
      vertex 176.1 -8.1277 3.5
    endloop
  endfacet
  facet normal 0 0 1
    outer loop
      vertex 176.057 -7.46599 3.5
      vertex 176.891 -5.97403 3.5
      vertex 176.585 -5.35286 3.5
    endloop
  endfacet
  facet normal 0 0 1
    outer loop
      vertex 177.3 -8.08833 3.5
      vertex 176.839 -16.7664 3.5
      vertex 177.25 -16.9689 3.5
    endloop
  endfacet
  facet normal 0 0 1
    outer loop
      vertex 175.543 -5.9541 3.5
      vertex 176.585 -5.35286 3.5
      vertex 176.2 -4.77707 3.5
    endloop
  endfacet
  facet normal 0 0 1
    outer loop
      vertex 177.3 -8.08833 3.5
      vertex 176.406 -16.6193 3.5
      vertex 176.839 -16.7664 3.5
    endloop
  endfacet
  facet normal 0 0 1
    outer loop
      vertex 177.3 -8.08833 3.5
      vertex 176.1 -16.5584 3.5
      vertex 176.406 -16.6193 3.5
    endloop
  endfacet
  facet normal -0 0 1
    outer loop
      vertex 177.25 -83.0311 3.5
      vertex 177.3 -91.9117 3.5
      vertex 177.3 -82.9977 3.5
    endloop
  endfacet
  facet normal -0 0 1
    outer loop
      vertex 176.839 -83.2336 3.5
      vertex 177.3 -91.9117 3.5
      vertex 177.25 -83.0311 3.5
    endloop
  endfacet
  facet normal 0 0 1
    outer loop
      vertex 176.057 -92.534 3.5
      vertex 177.3 -91.9117 3.5
      vertex 176.1 -91.8723 3.5
    endloop
  endfacet
  facet normal 0 0 1
    outer loop
      vertex 177.3 -91.9117 3.5
      vertex 176.057 -92.534 3.5
      vertex 177.249 -92.691 3.5
    endloop
  endfacet
  facet normal -0 0 1
    outer loop
      vertex 176.406 -83.3807 3.5
      vertex 177.3 -91.9117 3.5
      vertex 176.839 -83.2336 3.5
    endloop
  endfacet
  facet normal 0 0 1
    outer loop
      vertex 177.249 -92.691 3.5
      vertex 176.057 -92.534 3.5
      vertex 177.114 -93.3702 3.5
    endloop
  endfacet
  facet normal -0 0 1
    outer loop
      vertex 176.1 -83.4416 3.5
      vertex 177.3 -91.9117 3.5
      vertex 176.406 -83.3807 3.5
    endloop
  endfacet
  facet normal -0 0 1
    outer loop
      vertex 175.952 -93.0591 3.5
      vertex 177.114 -93.3702 3.5
      vertex 176.057 -92.534 3.5
    endloop
  endfacet
  facet normal 0 0 1
    outer loop
      vertex 177.3 -91.9117 3.5
      vertex 176.1 -83.4416 3.5
      vertex 176.1 -91.8723 3.5
    endloop
  endfacet
  facet normal 0 0 1
    outer loop
      vertex 177.114 -93.3702 3.5
      vertex 175.952 -93.0591 3.5
      vertex 176.891 -94.026 3.5
    endloop
  endfacet
  facet normal -0 0 1
    outer loop
      vertex 175.78 -93.5657 3.5
      vertex 176.891 -94.026 3.5
      vertex 175.952 -93.0591 3.5
    endloop
  endfacet
  facet normal 0 0 1
    outer loop
      vertex 176.891 -94.026 3.5
      vertex 175.78 -93.5657 3.5
      vertex 176.585 -94.6471 3.5
    endloop
  endfacet
  facet normal -0 0 1
    outer loop
      vertex 175.543 -94.0459 3.5
      vertex 176.585 -94.6471 3.5
      vertex 175.78 -93.5657 3.5
    endloop
  endfacet
  facet normal 0 0 1
    outer loop
      vertex 176.585 -94.6471 3.5
      vertex 175.543 -94.0459 3.5
      vertex 176.2 -95.2229 3.5
    endloop
  endfacet
  facet normal -0 0 1
    outer loop
      vertex 175.246 -94.4908 3.5
      vertex 176.2 -95.2229 3.5
      vertex 175.543 -94.0459 3.5
    endloop
  endfacet
  facet normal 0 0 1
    outer loop
      vertex 176.2 -95.2229 3.5
      vertex 175.246 -94.4908 3.5
      vertex 175.744 -95.7436 3.5
    endloop
  endfacet
  facet normal -0 0 1
    outer loop
      vertex 174.893 -94.8932 3.5
      vertex 175.744 -95.7436 3.5
      vertex 175.246 -94.4908 3.5
    endloop
  endfacet
  facet normal 0 0 1
    outer loop
      vertex 175.744 -95.7436 3.5
      vertex 174.893 -94.8932 3.5
      vertex 175.223 -96.2002 3.5
    endloop
  endfacet
  facet normal -0 0 1
    outer loop
      vertex 174.491 -95.2461 3.5
      vertex 175.223 -96.2002 3.5
      vertex 174.893 -94.8932 3.5
    endloop
  endfacet
  facet normal 0 0 1
    outer loop
      vertex 175.223 -96.2002 3.5
      vertex 174.491 -95.2461 3.5
      vertex 174.647 -96.5849 3.5
    endloop
  endfacet
  facet normal -0 0 1
    outer loop
      vertex 174.046 -95.5434 3.5
      vertex 174.647 -96.5849 3.5
      vertex 174.491 -95.2461 3.5
    endloop
  endfacet
  facet normal 0 0 1
    outer loop
      vertex 174.046 -95.5434 3.5
      vertex 174.026 -96.8912 3.5
      vertex 174.647 -96.5849 3.5
    endloop
  endfacet
  facet normal -0 0 1
    outer loop
      vertex 173.566 -95.7802 3.5
      vertex 174.026 -96.8912 3.5
      vertex 174.046 -95.5434 3.5
    endloop
  endfacet
  facet normal 0 0 1
    outer loop
      vertex 173.566 -95.7802 3.5
      vertex 173.37 -97.1138 3.5
      vertex 174.026 -96.8912 3.5
    endloop
  endfacet
  facet normal -0 0 1
    outer loop
      vertex 173.059 -95.9522 3.5
      vertex 173.37 -97.1138 3.5
      vertex 173.566 -95.7802 3.5
    endloop
  endfacet
  facet normal 0 0 1
    outer loop
      vertex 173.059 -95.9522 3.5
      vertex 172.691 -97.2489 3.5
      vertex 173.37 -97.1138 3.5
    endloop
  endfacet
  facet normal -0 0 1
    outer loop
      vertex 172.534 -96.0566 3.5
      vertex 172.691 -97.2489 3.5
      vertex 173.059 -95.9522 3.5
    endloop
  endfacet
  facet normal 0 0 1
    outer loop
      vertex 172.534 -96.0566 3.5
      vertex 171.912 -97.3 3.5
      vertex 172.691 -97.2489 3.5
    endloop
  endfacet
  facet normal -0 0 1
    outer loop
      vertex 171.872 -96.1 3.5
      vertex 171.912 -97.3 3.5
      vertex 172.534 -96.0566 3.5
    endloop
  endfacet
  facet normal -0 0 1
    outer loop
      vertex 78.6103 -96.1 3.5
      vertex 171.912 -97.3 3.5
      vertex 171.872 -96.1 3.5
    endloop
  endfacet
  facet normal -0 0 1
    outer loop
      vertex 78.3394 -96.2336 3.5
      vertex 171.912 -97.3 3.5
      vertex 78.6103 -96.1 3.5
    endloop
  endfacet
  facet normal -0 0 1
    outer loop
      vertex 77.9059 -96.3807 3.5
      vertex 171.912 -97.3 3.5
      vertex 78.3394 -96.2336 3.5
    endloop
  endfacet
  facet normal -0 0 1
    outer loop
      vertex 77.4568 -96.4701 3.5
      vertex 171.912 -97.3 3.5
      vertex 77.9059 -96.3807 3.5
    endloop
  endfacet
  facet normal -0 0 1
    outer loop
      vertex 77 -96.5 3.5
      vertex 171.912 -97.3 3.5
      vertex 77.4568 -96.4701 3.5
    endloop
  endfacet
  facet normal 0 0 1
    outer loop
      vertex 8.08833 -97.3 3.5
      vertex 75.3897 -96.1 3.5
      vertex 8.1277 -96.1 3.5
    endloop
  endfacet
  facet normal 0 0 1
    outer loop
      vertex 75.3897 -96.1 3.5
      vertex 8.08833 -97.3 3.5
      vertex 75.6606 -96.2336 3.5
    endloop
  endfacet
  facet normal 0 0 1
    outer loop
      vertex 75.6606 -96.2336 3.5
      vertex 8.08833 -97.3 3.5
      vertex 76.0941 -96.3807 3.5
    endloop
  endfacet
  facet normal 0 0 1
    outer loop
      vertex 76.0941 -96.3807 3.5
      vertex 8.08833 -97.3 3.5
      vertex 76.5432 -96.4701 3.5
    endloop
  endfacet
  facet normal 0 0 1
    outer loop
      vertex 76.5432 -96.4701 3.5
      vertex 8.08833 -97.3 3.5
      vertex 77 -96.5 3.5
    endloop
  endfacet
  facet normal 0 0 1
    outer loop
      vertex 77 -96.5 3.5
      vertex 8.08833 -97.3 3.5
      vertex 171.912 -97.3 3.5
    endloop
  endfacet
  facet normal 0 0 1
    outer loop
      vertex 7.46599 -96.0566 3.5
      vertex 8.08833 -97.3 3.5
      vertex 8.1277 -96.1 3.5
    endloop
  endfacet
  facet normal 0 0 1
    outer loop
      vertex 7.46599 -96.0566 3.5
      vertex 7.30902 -97.2489 3.5
      vertex 8.08833 -97.3 3.5
    endloop
  endfacet
  facet normal 0 0 1
    outer loop
      vertex 6.94095 -95.9522 3.5
      vertex 7.30902 -97.2489 3.5
      vertex 7.46599 -96.0566 3.5
    endloop
  endfacet
  facet normal 0 0 1
    outer loop
      vertex 6.94095 -95.9522 3.5
      vertex 6.62976 -97.1138 3.5
      vertex 7.30902 -97.2489 3.5
    endloop
  endfacet
  facet normal 0 0 1
    outer loop
      vertex 6.4343 -95.7802 3.5
      vertex 6.62976 -97.1138 3.5
      vertex 6.94095 -95.9522 3.5
    endloop
  endfacet
  facet normal 0 0 1
    outer loop
      vertex 6.4343 -95.7802 3.5
      vertex 5.97403 -96.8912 3.5
      vertex 6.62976 -97.1138 3.5
    endloop
  endfacet
  facet normal 0 0 1
    outer loop
      vertex 5.9541 -95.5434 3.5
      vertex 5.97403 -96.8912 3.5
      vertex 6.4343 -95.7802 3.5
    endloop
  endfacet
  facet normal 0 0 1
    outer loop
      vertex 5.35286 -96.5849 3.5
      vertex 5.9541 -95.5434 3.5
      vertex 5.50917 -95.2461 3.5
    endloop
  endfacet
  facet normal 0 0 1
    outer loop
      vertex 5.9541 -95.5434 3.5
      vertex 5.35286 -96.5849 3.5
      vertex 5.97403 -96.8912 3.5
    endloop
  endfacet
  facet normal 0 0 1
    outer loop
      vertex 4.77707 -96.2002 3.5
      vertex 5.50917 -95.2461 3.5
      vertex 5.10677 -94.8932 3.5
    endloop
  endfacet
  facet normal 0 0 1
    outer loop
      vertex 5.50917 -95.2461 3.5
      vertex 4.77707 -96.2002 3.5
      vertex 5.35286 -96.5849 3.5
    endloop
  endfacet
  facet normal 0 0 1
    outer loop
      vertex 4.25642 -95.7436 3.5
      vertex 5.10677 -94.8932 3.5
      vertex 4.75389 -94.4908 3.5
    endloop
  endfacet
  facet normal 0 0 1
    outer loop
      vertex 3.79984 -95.2229 3.5
      vertex 4.75389 -94.4908 3.5
      vertex 4.45659 -94.0459 3.5
    endloop
  endfacet
  facet normal 0 0 1
    outer loop
      vertex 5.10677 -94.8932 3.5
      vertex 4.25642 -95.7436 3.5
      vertex 4.77707 -96.2002 3.5
    endloop
  endfacet
  facet normal 0 0 1
    outer loop
      vertex 3.41512 -94.6471 3.5
      vertex 4.45659 -94.0459 3.5
      vertex 4.21979 -93.5657 3.5
    endloop
  endfacet
  facet normal 0 0 1
    outer loop
      vertex 3.10878 -94.026 3.5
      vertex 4.21979 -93.5657 3.5
      vertex 4.04781 -93.0591 3.5
    endloop
  endfacet
  facet normal 0 0 1
    outer loop
      vertex 2.88618 -93.3702 3.5
      vertex 4.04781 -93.0591 3.5
      vertex 3.94336 -92.534 3.5
    endloop
  endfacet
  facet normal 0 0 1
    outer loop
      vertex 4.75389 -94.4908 3.5
      vertex 3.79984 -95.2229 3.5
      vertex 4.25642 -95.7436 3.5
    endloop
  endfacet
  facet normal -0 0 1
    outer loop
      vertex 2.7 -91.9117 3.5
      vertex 3.94336 -92.534 3.5
      vertex 3.89999 -91.8723 3.5
    endloop
  endfacet
  facet normal 0 0 1
    outer loop
      vertex 3.89999 -8.1277 3.5
      vertex 2.7 -8.08833 3.5
      vertex 3.89999 -91.8723 3.5
    endloop
  endfacet
  facet normal 0 0 1
    outer loop
      vertex 4.04781 -6.94095 3.5
      vertex 2.88618 -6.62976 3.5
      vertex 3.94336 -7.46599 3.5
    endloop
  endfacet
  facet normal 0 0 1
    outer loop
      vertex 2.7 -91.9117 3.5
      vertex 3.89999 -91.8723 3.5
      vertex 2.7 -8.08833 3.5
    endloop
  endfacet
  facet normal -0 0 1
    outer loop
      vertex 2.75107 -7.30902 3.5
      vertex 3.94336 -7.46599 3.5
      vertex 2.88618 -6.62976 3.5
    endloop
  endfacet
  facet normal 0 0 1
    outer loop
      vertex 3.94336 -92.534 3.5
      vertex 2.7 -91.9117 3.5
      vertex 2.75107 -92.691 3.5
    endloop
  endfacet
  facet normal 0 0 1
    outer loop
      vertex 2.7 -8.08833 3.5
      vertex 3.94336 -7.46599 3.5
      vertex 2.75107 -7.30902 3.5
    endloop
  endfacet
  facet normal 0 0 1
    outer loop
      vertex 4.45659 -94.0459 3.5
      vertex 3.41512 -94.6471 3.5
      vertex 3.79984 -95.2229 3.5
    endloop
  endfacet
  facet normal 0 0 1
    outer loop
      vertex 3.94336 -7.46599 3.5
      vertex 2.7 -8.08833 3.5
      vertex 3.89999 -8.1277 3.5
    endloop
  endfacet
  facet normal 0 0 1
    outer loop
      vertex 4.21979 -93.5657 3.5
      vertex 3.10878 -94.026 3.5
      vertex 3.41512 -94.6471 3.5
    endloop
  endfacet
  facet normal 0 0 1
    outer loop
      vertex 4.04781 -93.0591 3.5
      vertex 2.88618 -93.3702 3.5
      vertex 3.10878 -94.026 3.5
    endloop
  endfacet
  facet normal 0 0 1
    outer loop
      vertex 3.94336 -92.534 3.5
      vertex 2.75107 -92.691 3.5
      vertex 2.88618 -93.3702 3.5
    endloop
  endfacet
  facet normal -0 0 1
    outer loop
      vertex 177.25 -23.0311 3.5
      vertex 177.3 -77.0023 3.5
      vertex 177.3 -22.9977 3.5
    endloop
  endfacet
  facet normal 0 0 1
    outer loop
      vertex 177.25 -23.0311 3.5
      vertex 177.25 -76.9689 3.5
      vertex 177.3 -77.0023 3.5
    endloop
  endfacet
  facet normal -0 0 1
    outer loop
      vertex 176.839 -23.2336 3.5
      vertex 177.25 -76.9689 3.5
      vertex 177.25 -23.0311 3.5
    endloop
  endfacet
  facet normal 0 0 1
    outer loop
      vertex 176.839 -23.2336 3.5
      vertex 176.839 -76.7664 3.5
      vertex 177.25 -76.9689 3.5
    endloop
  endfacet
  facet normal -0 0 1
    outer loop
      vertex 176.406 -23.3807 3.5
      vertex 176.839 -76.7664 3.5
      vertex 176.839 -23.2336 3.5
    endloop
  endfacet
  facet normal 0 0 1
    outer loop
      vertex 176.406 -23.3807 3.5
      vertex 176.406 -76.6193 3.5
      vertex 176.839 -76.7664 3.5
    endloop
  endfacet
  facet normal -0 0 1
    outer loop
      vertex 176.1 -23.4416 3.5
      vertex 176.406 -76.6193 3.5
      vertex 176.406 -23.3807 3.5
    endloop
  endfacet
  facet normal 0 0 1
    outer loop
      vertex 176.406 -76.6193 3.5
      vertex 176.1 -23.4416 3.5
      vertex 176.1 -76.5584 3.5
    endloop
  endfacet
  facet normal 0.195158 0.980772 -0
    outer loop
      vertex 173.37 -2.88618 2
      vertex 172.691 -2.75107 3.5
      vertex 173.37 -2.88618 3.5
    endloop
  endfacet
  facet normal 0.195158 0.980772 0
    outer loop
      vertex 172.691 -2.75107 3.5
      vertex 173.37 -2.88618 2
      vertex 172.691 -2.75107 2
    endloop
  endfacet
  facet normal 0.321333 0.946966 -0
    outer loop
      vertex 174.026 -3.10878 2
      vertex 173.37 -2.88618 3.5
      vertex 174.026 -3.10878 3.5
    endloop
  endfacet
  facet normal 0.321333 0.946966 0
    outer loop
      vertex 173.37 -2.88618 3.5
      vertex 174.026 -3.10878 2
      vertex 173.37 -2.88618 2
    endloop
  endfacet
  facet normal 0.442401 0.896817 -0
    outer loop
      vertex 174.647 -3.41512 2
      vertex 174.026 -3.10878 3.5
      vertex 174.647 -3.41512 3.5
    endloop
  endfacet
  facet normal 0.442401 0.896817 0
    outer loop
      vertex 174.026 -3.10878 3.5
      vertex 174.647 -3.41512 2
      vertex 174.026 -3.10878 2
    endloop
  endfacet
  facet normal 0.55542 0.83157 -0
    outer loop
      vertex 175.223 -3.79984 2
      vertex 174.647 -3.41512 3.5
      vertex 175.223 -3.79984 3.5
    endloop
  endfacet
  facet normal 0.55542 0.83157 0
    outer loop
      vertex 174.647 -3.41512 3.5
      vertex 175.223 -3.79984 2
      vertex 174.647 -3.41512 2
    endloop
  endfacet
  facet normal 0.659081 0.752072 -0
    outer loop
      vertex 175.744 -4.25642 2
      vertex 175.223 -3.79984 3.5
      vertex 175.744 -4.25642 3.5
    endloop
  endfacet
  facet normal 0.659081 0.752072 0
    outer loop
      vertex 175.223 -3.79984 3.5
      vertex 175.744 -4.25642 2
      vertex 175.223 -3.79984 2
    endloop
  endfacet
  facet normal 0.752268 0.658857 0
    outer loop
      vertex 176.2 -4.77707 3.5
      vertex 175.744 -4.25642 2
      vertex 175.744 -4.25642 3.5
    endloop
  endfacet
  facet normal 0.752268 0.658857 0
    outer loop
      vertex 175.744 -4.25642 2
      vertex 176.2 -4.77707 3.5
      vertex 176.2 -4.77707 2
    endloop
  endfacet
  facet normal 0.83129 0.555839 0
    outer loop
      vertex 176.585 -5.35286 3.5
      vertex 176.2 -4.77707 2
      vertex 176.2 -4.77707 3.5
    endloop
  endfacet
  facet normal 0.83129 0.555839 0
    outer loop
      vertex 176.2 -4.77707 2
      vertex 176.585 -5.35286 3.5
      vertex 176.585 -5.35286 2
    endloop
  endfacet
  facet normal 0.89706 0.441909 0
    outer loop
      vertex 176.891 -5.97403 3.5
      vertex 176.585 -5.35286 2
      vertex 176.585 -5.35286 3.5
    endloop
  endfacet
  facet normal 0.89706 0.441909 0
    outer loop
      vertex 176.585 -5.35286 2
      vertex 176.891 -5.97403 3.5
      vertex 176.891 -5.97403 2
    endloop
  endfacet
  facet normal 0.94675 0.32197 0
    outer loop
      vertex 177.114 -6.62976 3.5
      vertex 176.891 -5.97403 2
      vertex 176.891 -5.97403 3.5
    endloop
  endfacet
  facet normal 0.94675 0.32197 0
    outer loop
      vertex 176.891 -5.97403 2
      vertex 177.114 -6.62976 3.5
      vertex 177.114 -6.62976 2
    endloop
  endfacet
  facet normal 0.980817 0.194933 0
    outer loop
      vertex 177.249 -7.30902 3.5
      vertex 177.114 -6.62976 2
      vertex 177.114 -6.62976 3.5
    endloop
  endfacet
  facet normal 0.980817 0.194933 0
    outer loop
      vertex 177.114 -6.62976 2
      vertex 177.249 -7.30902 3.5
      vertex 177.249 -7.30902 2
    endloop
  endfacet
  facet normal 0.997865 0.0653028 0
    outer loop
      vertex 177.3 -8.08833 3.5
      vertex 177.249 -7.30902 2
      vertex 177.249 -7.30902 3.5
    endloop
  endfacet
  facet normal 0.997865 0.0653028 0
    outer loop
      vertex 177.249 -7.30902 2
      vertex 177.3 -8.08833 3.5
      vertex 177.3 -8.08833 2
    endloop
  endfacet
  facet normal 1 -0 0
    outer loop
      vertex 177.3 -17.0023 3.5
      vertex 177.3 -8.08833 2
      vertex 177.3 -8.08833 3.5
    endloop
  endfacet
  facet normal 1 0 0
    outer loop
      vertex 177.3 -8.08833 2
      vertex 177.3 -17.0023 3.5
      vertex 177.3 -17.0023 2
    endloop
  endfacet
  facet normal 1 -0 0
    outer loop
      vertex 177.3 -91.9117 3.5
      vertex 177.3 -82.9977 2
      vertex 177.3 -82.9977 3.5
    endloop
  endfacet
  facet normal 1 0 0
    outer loop
      vertex 177.3 -82.9977 2
      vertex 177.3 -91.9117 3.5
      vertex 177.3 -91.9117 2
    endloop
  endfacet
  facet normal 1 -0 0
    outer loop
      vertex 177.3 -77.0023 3.5
      vertex 177.3 -22.9977 2
      vertex 177.3 -22.9977 3.5
    endloop
  endfacet
  facet normal 1 0 0
    outer loop
      vertex 177.3 -22.9977 2
      vertex 177.3 -77.0023 3.5
      vertex 177.3 -77.0023 2
    endloop
  endfacet
  facet normal 0.997865 -0.0653037 0
    outer loop
      vertex 177.249 -92.691 3.5
      vertex 177.3 -91.9117 2
      vertex 177.3 -91.9117 3.5
    endloop
  endfacet
  facet normal 0.997865 -0.0653037 0
    outer loop
      vertex 177.3 -91.9117 2
      vertex 177.249 -92.691 3.5
      vertex 177.249 -92.691 2
    endloop
  endfacet
  facet normal 0.980813 -0.19495 0
    outer loop
      vertex 177.114 -93.3702 3.5
      vertex 177.249 -92.691 2
      vertex 177.249 -92.691 3.5
    endloop
  endfacet
  facet normal 0.980813 -0.19495 0
    outer loop
      vertex 177.249 -92.691 2
      vertex 177.114 -93.3702 3.5
      vertex 177.114 -93.3702 2
    endloop
  endfacet
  facet normal 0.94676 -0.321939 0
    outer loop
      vertex 176.891 -94.026 3.5
      vertex 177.114 -93.3702 2
      vertex 177.114 -93.3702 3.5
    endloop
  endfacet
  facet normal 0.94676 -0.321939 0
    outer loop
      vertex 177.114 -93.3702 2
      vertex 176.891 -94.026 3.5
      vertex 176.891 -94.026 2
    endloop
  endfacet
  facet normal 0.89704 -0.441949 0
    outer loop
      vertex 176.585 -94.6471 3.5
      vertex 176.891 -94.026 2
      vertex 176.891 -94.026 3.5
    endloop
  endfacet
  facet normal 0.89704 -0.441949 0
    outer loop
      vertex 176.891 -94.026 2
      vertex 176.585 -94.6471 3.5
      vertex 176.585 -94.6471 2
    endloop
  endfacet
  facet normal 0.831294 -0.555832 0
    outer loop
      vertex 176.2 -95.2229 3.5
      vertex 176.585 -94.6471 2
      vertex 176.585 -94.6471 3.5
    endloop
  endfacet
  facet normal 0.831294 -0.555832 0
    outer loop
      vertex 176.585 -94.6471 2
      vertex 176.2 -95.2229 3.5
      vertex 176.2 -95.2229 2
    endloop
  endfacet
  facet normal 0.752299 -0.658822 0
    outer loop
      vertex 175.744 -95.7436 3.5
      vertex 176.2 -95.2229 2
      vertex 176.2 -95.2229 3.5
    endloop
  endfacet
  facet normal 0.752299 -0.658822 0
    outer loop
      vertex 176.2 -95.2229 2
      vertex 175.744 -95.7436 3.5
      vertex 175.744 -95.7436 2
    endloop
  endfacet
  facet normal 0.659097 -0.752058 0
    outer loop
      vertex 175.223 -96.2002 2
      vertex 175.744 -95.7436 3.5
      vertex 175.223 -96.2002 3.5
    endloop
  endfacet
  facet normal 0.659097 -0.752058 0
    outer loop
      vertex 175.744 -95.7436 3.5
      vertex 175.223 -96.2002 2
      vertex 175.744 -95.7436 2
    endloop
  endfacet
  facet normal 0.5554 -0.831584 0
    outer loop
      vertex 174.647 -96.5849 2
      vertex 175.223 -96.2002 3.5
      vertex 174.647 -96.5849 3.5
    endloop
  endfacet
  facet normal 0.5554 -0.831584 0
    outer loop
      vertex 175.223 -96.2002 3.5
      vertex 174.647 -96.5849 2
      vertex 175.223 -96.2002 2
    endloop
  endfacet
  facet normal 0.442355 -0.89684 0
    outer loop
      vertex 174.026 -96.8912 2
      vertex 174.647 -96.5849 3.5
      vertex 174.026 -96.8912 3.5
    endloop
  endfacet
  facet normal 0.442355 -0.89684 0
    outer loop
      vertex 174.647 -96.5849 3.5
      vertex 174.026 -96.8912 2
      vertex 174.647 -96.5849 2
    endloop
  endfacet
  facet normal 0.321333 -0.946966 0
    outer loop
      vertex 173.37 -97.1138 2
      vertex 174.026 -96.8912 3.5
      vertex 173.37 -97.1138 3.5
    endloop
  endfacet
  facet normal 0.321333 -0.946966 0
    outer loop
      vertex 174.026 -96.8912 3.5
      vertex 173.37 -97.1138 2
      vertex 174.026 -96.8912 2
    endloop
  endfacet
  facet normal 0.195144 -0.980775 0
    outer loop
      vertex 172.691 -97.2489 2
      vertex 173.37 -97.1138 3.5
      vertex 172.691 -97.2489 3.5
    endloop
  endfacet
  facet normal 0.195144 -0.980775 0
    outer loop
      vertex 173.37 -97.1138 3.5
      vertex 172.691 -97.2489 2
      vertex 173.37 -97.1138 2
    endloop
  endfacet
  facet normal 0.0654562 -0.997855 0
    outer loop
      vertex 171.912 -97.3 2
      vertex 172.691 -97.2489 3.5
      vertex 171.912 -97.3 3.5
    endloop
  endfacet
  facet normal 0.0654562 -0.997855 0
    outer loop
      vertex 172.691 -97.2489 3.5
      vertex 171.912 -97.3 2
      vertex 172.691 -97.2489 2
    endloop
  endfacet
  facet normal 0 -1 0
    outer loop
      vertex 8.08833 -97.3 2
      vertex 171.912 -97.3 3.5
      vertex 8.08833 -97.3 3.5
    endloop
  endfacet
  facet normal 0 -1 -0
    outer loop
      vertex 171.912 -97.3 3.5
      vertex 8.08833 -97.3 2
      vertex 171.912 -97.3 2
    endloop
  endfacet
  facet normal -0.0654303 -0.997857 0
    outer loop
      vertex 7.30902 -97.2489 2
      vertex 8.08833 -97.3 3.5
      vertex 7.30902 -97.2489 3.5
    endloop
  endfacet
  facet normal -0.0654303 -0.997857 -0
    outer loop
      vertex 8.08833 -97.3 3.5
      vertex 7.30902 -97.2489 2
      vertex 8.08833 -97.3 2
    endloop
  endfacet
  facet normal -0.195072 -0.980789 0
    outer loop
      vertex 6.62976 -97.1138 2
      vertex 7.30902 -97.2489 3.5
      vertex 6.62976 -97.1138 3.5
    endloop
  endfacet
  facet normal -0.195072 -0.980789 -0
    outer loop
      vertex 7.30902 -97.2489 3.5
      vertex 6.62976 -97.1138 2
      vertex 7.30902 -97.2489 2
    endloop
  endfacet
  facet normal -0.321452 -0.946926 0
    outer loop
      vertex 5.97403 -96.8912 2
      vertex 6.62976 -97.1138 3.5
      vertex 5.97403 -96.8912 3.5
    endloop
  endfacet
  facet normal -0.321452 -0.946926 -0
    outer loop
      vertex 6.62976 -97.1138 3.5
      vertex 5.97403 -96.8912 2
      vertex 6.62976 -97.1138 2
    endloop
  endfacet
  facet normal -0.442257 -0.896888 0
    outer loop
      vertex 5.35286 -96.5849 2
      vertex 5.97403 -96.8912 3.5
      vertex 5.35286 -96.5849 3.5
    endloop
  endfacet
  facet normal -0.442257 -0.896888 -0
    outer loop
      vertex 5.97403 -96.8912 3.5
      vertex 5.35286 -96.5849 2
      vertex 5.97403 -96.8912 2
    endloop
  endfacet
  facet normal -0.55554 -0.83149 0
    outer loop
      vertex 4.77707 -96.2002 2
      vertex 5.35286 -96.5849 3.5
      vertex 4.77707 -96.2002 3.5
    endloop
  endfacet
  facet normal -0.55554 -0.83149 -0
    outer loop
      vertex 5.35286 -96.5849 3.5
      vertex 4.77707 -96.2002 2
      vertex 5.35286 -96.5849 2
    endloop
  endfacet
  facet normal -0.659348 -0.751838 0
    outer loop
      vertex 4.25642 -95.7436 2
      vertex 4.77707 -96.2002 3.5
      vertex 4.25642 -95.7436 3.5
    endloop
  endfacet
  facet normal -0.659348 -0.751838 -0
    outer loop
      vertex 4.77707 -96.2002 3.5
      vertex 4.25642 -95.7436 2
      vertex 4.77707 -96.2002 2
    endloop
  endfacet
  facet normal -0.751884 -0.659295 0
    outer loop
      vertex 4.25642 -95.7436 2
      vertex 3.79984 -95.2229 3.5
      vertex 3.79984 -95.2229 2
    endloop
  endfacet
  facet normal -0.751884 -0.659295 0
    outer loop
      vertex 3.79984 -95.2229 3.5
      vertex 4.25642 -95.7436 2
      vertex 4.25642 -95.7436 3.5
    endloop
  endfacet
  facet normal -0.831481 -0.555553 0
    outer loop
      vertex 3.79984 -95.2229 2
      vertex 3.41512 -94.6471 3.5
      vertex 3.41512 -94.6471 2
    endloop
  endfacet
  facet normal -0.831481 -0.555553 0
    outer loop
      vertex 3.41512 -94.6471 3.5
      vertex 3.79984 -95.2229 2
      vertex 3.79984 -95.2229 3.5
    endloop
  endfacet
  facet normal -0.896846 -0.442344 0
    outer loop
      vertex 3.41512 -94.6471 2
      vertex 3.10878 -94.026 3.5
      vertex 3.10878 -94.026 2
    endloop
  endfacet
  facet normal -0.896846 -0.442344 0
    outer loop
      vertex 3.10878 -94.026 3.5
      vertex 3.41512 -94.6471 2
      vertex 3.41512 -94.6471 3.5
    endloop
  endfacet
  facet normal -0.946936 -0.321421 0
    outer loop
      vertex 3.10878 -94.026 2
      vertex 2.88618 -93.3702 3.5
      vertex 2.88618 -93.3702 2
    endloop
  endfacet
  facet normal -0.946936 -0.321421 0
    outer loop
      vertex 2.88618 -93.3702 3.5
      vertex 3.10878 -94.026 2
      vertex 3.10878 -94.026 3.5
    endloop
  endfacet
  facet normal -0.980783 -0.195102 0
    outer loop
      vertex 2.88618 -93.3702 2
      vertex 2.75107 -92.691 3.5
      vertex 2.75107 -92.691 2
    endloop
  endfacet
  facet normal -0.980783 -0.195102 0
    outer loop
      vertex 2.75107 -92.691 3.5
      vertex 2.88618 -93.3702 2
      vertex 2.88618 -93.3702 3.5
    endloop
  endfacet
  facet normal -0.99786 -0.0653929 0
    outer loop
      vertex 2.75107 -92.691 2
      vertex 2.7 -91.9117 3.5
      vertex 2.7 -91.9117 2
    endloop
  endfacet
  facet normal -0.99786 -0.0653929 0
    outer loop
      vertex 2.7 -91.9117 3.5
      vertex 2.75107 -92.691 2
      vertex 2.75107 -92.691 3.5
    endloop
  endfacet
  facet normal -1 0 0
    outer loop
      vertex 2.7 -91.9117 2
      vertex 2.7 -8.08833 3.5
      vertex 2.7 -8.08833 2
    endloop
  endfacet
  facet normal -1 -0 0
    outer loop
      vertex 2.7 -8.08833 3.5
      vertex 2.7 -91.9117 2
      vertex 2.7 -91.9117 3.5
    endloop
  endfacet
  facet normal -0.99786 0.0653921 0
    outer loop
      vertex 2.7 -8.08833 2
      vertex 2.75107 -7.30902 3.5
      vertex 2.75107 -7.30902 2
    endloop
  endfacet
  facet normal -0.99786 0.0653921 0
    outer loop
      vertex 2.75107 -7.30902 3.5
      vertex 2.7 -8.08833 2
      vertex 2.7 -8.08833 3.5
    endloop
  endfacet
  facet normal -0.980786 0.195086 0
    outer loop
      vertex 2.75107 -7.30902 2
      vertex 2.88618 -6.62976 3.5
      vertex 2.88618 -6.62976 2
    endloop
  endfacet
  facet normal -0.980786 0.195086 0
    outer loop
      vertex 2.88618 -6.62976 3.5
      vertex 2.75107 -7.30902 2
      vertex 2.75107 -7.30902 3.5
    endloop
  endfacet
  facet normal -0.946926 0.321452 0
    outer loop
      vertex 2.88618 -6.62976 2
      vertex 3.10878 -5.97403 3.5
      vertex 3.10878 -5.97403 2
    endloop
  endfacet
  facet normal -0.946926 0.321452 0
    outer loop
      vertex 3.10878 -5.97403 3.5
      vertex 2.88618 -6.62976 2
      vertex 2.88618 -6.62976 3.5
    endloop
  endfacet
  facet normal -0.896865 0.442304 0
    outer loop
      vertex 3.10878 -5.97403 2
      vertex 3.41512 -5.35286 3.5
      vertex 3.41512 -5.35286 2
    endloop
  endfacet
  facet normal -0.896865 0.442304 0
    outer loop
      vertex 3.41512 -5.35286 3.5
      vertex 3.10878 -5.97403 2
      vertex 3.10878 -5.97403 3.5
    endloop
  endfacet
  facet normal -0.831477 0.55556 0
    outer loop
      vertex 3.41512 -5.35286 2
      vertex 3.79984 -4.77707 3.5
      vertex 3.79984 -4.77707 2
    endloop
  endfacet
  facet normal -0.831477 0.55556 0
    outer loop
      vertex 3.79984 -4.77707 3.5
      vertex 3.41512 -5.35286 2
      vertex 3.41512 -5.35286 3.5
    endloop
  endfacet
  facet normal -0.751853 0.659331 0
    outer loop
      vertex 3.79984 -4.77707 2
      vertex 4.25642 -4.25642 3.5
      vertex 4.25642 -4.25642 2
    endloop
  endfacet
  facet normal -0.751853 0.659331 0
    outer loop
      vertex 4.25642 -4.25642 3.5
      vertex 3.79984 -4.77707 2
      vertex 3.79984 -4.77707 3.5
    endloop
  endfacet
  facet normal -0.659331 0.751853 0
    outer loop
      vertex 4.77707 -3.79984 2
      vertex 4.25642 -4.25642 3.5
      vertex 4.77707 -3.79984 3.5
    endloop
  endfacet
  facet normal -0.659331 0.751853 0
    outer loop
      vertex 4.25642 -4.25642 3.5
      vertex 4.77707 -3.79984 2
      vertex 4.25642 -4.25642 2
    endloop
  endfacet
  facet normal -0.55556 0.831477 0
    outer loop
      vertex 5.35286 -3.41512 2
      vertex 4.77707 -3.79984 3.5
      vertex 5.35286 -3.41512 3.5
    endloop
  endfacet
  facet normal -0.55556 0.831477 0
    outer loop
      vertex 4.77707 -3.79984 3.5
      vertex 5.35286 -3.41512 2
      vertex 4.77707 -3.79984 2
    endloop
  endfacet
  facet normal -0.442304 0.896865 0
    outer loop
      vertex 5.97403 -3.10878 2
      vertex 5.35286 -3.41512 3.5
      vertex 5.97403 -3.10878 3.5
    endloop
  endfacet
  facet normal -0.442304 0.896865 0
    outer loop
      vertex 5.35286 -3.41512 3.5
      vertex 5.97403 -3.10878 2
      vertex 5.35286 -3.41512 2
    endloop
  endfacet
  facet normal -0.321452 0.946926 0
    outer loop
      vertex 6.62976 -2.88618 2
      vertex 5.97403 -3.10878 3.5
      vertex 6.62976 -2.88618 3.5
    endloop
  endfacet
  facet normal -0.321452 0.946926 0
    outer loop
      vertex 5.97403 -3.10878 3.5
      vertex 6.62976 -2.88618 2
      vertex 5.97403 -3.10878 2
    endloop
  endfacet
  facet normal -0.195086 0.980786 0
    outer loop
      vertex 7.30902 -2.75107 2
      vertex 6.62976 -2.88618 3.5
      vertex 7.30902 -2.75107 3.5
    endloop
  endfacet
  facet normal -0.195086 0.980786 0
    outer loop
      vertex 6.62976 -2.88618 3.5
      vertex 7.30902 -2.75107 2
      vertex 6.62976 -2.88618 2
    endloop
  endfacet
  facet normal -0.0653921 0.99786 0
    outer loop
      vertex 8.08833 -2.7 2
      vertex 7.30902 -2.75107 3.5
      vertex 8.08833 -2.7 3.5
    endloop
  endfacet
  facet normal -0.0653921 0.99786 0
    outer loop
      vertex 7.30902 -2.75107 3.5
      vertex 8.08833 -2.7 2
      vertex 7.30902 -2.75107 2
    endloop
  endfacet
  facet normal 0 1 -0
    outer loop
      vertex 171.912 -2.7 2
      vertex 8.08833 -2.7 3.5
      vertex 171.912 -2.7 3.5
    endloop
  endfacet
  facet normal 0 1 0
    outer loop
      vertex 8.08833 -2.7 3.5
      vertex 171.912 -2.7 2
      vertex 8.08833 -2.7 2
    endloop
  endfacet
  facet normal 0.065418 0.997858 -0
    outer loop
      vertex 172.691 -2.75107 2
      vertex 171.912 -2.7 3.5
      vertex 172.691 -2.75107 3.5
    endloop
  endfacet
  facet normal 0.065418 0.997858 0
    outer loop
      vertex 171.912 -2.7 3.5
      vertex 172.691 -2.75107 2
      vertex 171.912 -2.7 2
    endloop
  endfacet
  facet normal 0.065402 -0.997859 0
    outer loop
      vertex 7.46599 -3.94336 2
      vertex 8.1277 -3.89999 3.5
      vertex 7.46599 -3.94336 3.5
    endloop
  endfacet
  facet normal 0.065402 -0.997859 0
    outer loop
      vertex 8.1277 -3.89999 3.5
      vertex 7.46599 -3.94336 2
      vertex 8.1277 -3.89999 2
    endloop
  endfacet
  facet normal 0.195114 -0.980781 0
    outer loop
      vertex 6.94095 -4.04781 2
      vertex 7.46599 -3.94336 3.5
      vertex 6.94095 -4.04781 3.5
    endloop
  endfacet
  facet normal 0.195114 -0.980781 0
    outer loop
      vertex 7.46599 -3.94336 3.5
      vertex 6.94095 -4.04781 2
      vertex 7.46599 -3.94336 2
    endloop
  endfacet
  facet normal 0.321432 -0.946933 0
    outer loop
      vertex 6.4343 -4.21979 2
      vertex 6.94095 -4.04781 3.5
      vertex 6.4343 -4.21979 3.5
    endloop
  endfacet
  facet normal 0.321432 -0.946933 0
    outer loop
      vertex 6.94095 -4.04781 3.5
      vertex 6.4343 -4.21979 2
      vertex 6.94095 -4.04781 2
    endloop
  endfacet
  facet normal 0.442276 -0.896879 0
    outer loop
      vertex 5.9541 -4.45659 2
      vertex 6.4343 -4.21979 3.5
      vertex 5.9541 -4.45659 3.5
    endloop
  endfacet
  facet normal 0.442276 -0.896879 0
    outer loop
      vertex 6.4343 -4.21979 3.5
      vertex 5.9541 -4.45659 2
      vertex 6.4343 -4.21979 2
    endloop
  endfacet
  facet normal 0.55558 -0.831463 0
    outer loop
      vertex 5.50917 -4.75389 2
      vertex 5.9541 -4.45659 3.5
      vertex 5.50917 -4.75389 3.5
    endloop
  endfacet
  facet normal 0.55558 -0.831463 0
    outer loop
      vertex 5.9541 -4.45659 3.5
      vertex 5.50917 -4.75389 2
      vertex 5.9541 -4.45659 2
    endloop
  endfacet
  facet normal 0.65933 -0.751854 0
    outer loop
      vertex 5.10677 -5.10677 2
      vertex 5.50917 -4.75389 3.5
      vertex 5.10677 -5.10677 3.5
    endloop
  endfacet
  facet normal 0.65933 -0.751854 0
    outer loop
      vertex 5.50917 -4.75389 3.5
      vertex 5.10677 -5.10677 2
      vertex 5.50917 -4.75389 2
    endloop
  endfacet
  facet normal 0.751854 -0.65933 0
    outer loop
      vertex 4.75389 -5.50917 3.5
      vertex 5.10677 -5.10677 2
      vertex 5.10677 -5.10677 3.5
    endloop
  endfacet
  facet normal 0.751854 -0.65933 0
    outer loop
      vertex 5.10677 -5.10677 2
      vertex 4.75389 -5.50917 3.5
      vertex 4.75389 -5.50917 2
    endloop
  endfacet
  facet normal 0.831463 -0.55558 0
    outer loop
      vertex 4.45659 -5.9541 3.5
      vertex 4.75389 -5.50917 2
      vertex 4.75389 -5.50917 3.5
    endloop
  endfacet
  facet normal 0.831463 -0.55558 0
    outer loop
      vertex 4.75389 -5.50917 2
      vertex 4.45659 -5.9541 3.5
      vertex 4.45659 -5.9541 2
    endloop
  endfacet
  facet normal 0.896879 -0.442276 0
    outer loop
      vertex 4.21979 -6.4343 3.5
      vertex 4.45659 -5.9541 2
      vertex 4.45659 -5.9541 3.5
    endloop
  endfacet
  facet normal 0.896879 -0.442276 0
    outer loop
      vertex 4.45659 -5.9541 2
      vertex 4.21979 -6.4343 3.5
      vertex 4.21979 -6.4343 2
    endloop
  endfacet
  facet normal 0.946933 -0.321432 0
    outer loop
      vertex 4.04781 -6.94095 3.5
      vertex 4.21979 -6.4343 2
      vertex 4.21979 -6.4343 3.5
    endloop
  endfacet
  facet normal 0.946933 -0.321432 0
    outer loop
      vertex 4.21979 -6.4343 2
      vertex 4.04781 -6.94095 3.5
      vertex 4.04781 -6.94095 2
    endloop
  endfacet
  facet normal 0.980781 -0.195114 0
    outer loop
      vertex 3.94336 -7.46599 3.5
      vertex 4.04781 -6.94095 2
      vertex 4.04781 -6.94095 3.5
    endloop
  endfacet
  facet normal 0.980781 -0.195114 0
    outer loop
      vertex 4.04781 -6.94095 2
      vertex 3.94336 -7.46599 3.5
      vertex 3.94336 -7.46599 2
    endloop
  endfacet
  facet normal 0.997859 -0.065402 0
    outer loop
      vertex 3.89999 -8.1277 3.5
      vertex 3.94336 -7.46599 2
      vertex 3.94336 -7.46599 3.5
    endloop
  endfacet
  facet normal 0.997859 -0.065402 0
    outer loop
      vertex 3.94336 -7.46599 2
      vertex 3.89999 -8.1277 3.5
      vertex 3.89999 -8.1277 2
    endloop
  endfacet
  facet normal 1 -0 0
    outer loop
      vertex 3.89999 -91.8723 3.5
      vertex 3.89999 -8.1277 2
      vertex 3.89999 -8.1277 3.5
    endloop
  endfacet
  facet normal 1 0 0
    outer loop
      vertex 3.89999 -8.1277 2
      vertex 3.89999 -91.8723 3.5
      vertex 3.89999 -91.8723 2
    endloop
  endfacet
  facet normal 0.997859 0.065403 0
    outer loop
      vertex 3.94336 -92.534 3.5
      vertex 3.89999 -91.8723 2
      vertex 3.89999 -91.8723 3.5
    endloop
  endfacet
  facet normal 0.997859 0.065403 0
    outer loop
      vertex 3.89999 -91.8723 2
      vertex 3.94336 -92.534 3.5
      vertex 3.94336 -92.534 2
    endloop
  endfacet
  facet normal 0.980785 0.195092 0
    outer loop
      vertex 4.04781 -93.0591 3.5
      vertex 3.94336 -92.534 2
      vertex 3.94336 -92.534 3.5
    endloop
  endfacet
  facet normal 0.980785 0.195092 0
    outer loop
      vertex 3.94336 -92.534 2
      vertex 4.04781 -93.0591 3.5
      vertex 4.04781 -93.0591 2
    endloop
  endfacet
  facet normal 0.946923 0.32146 0
    outer loop
      vertex 4.21979 -93.5657 3.5
      vertex 4.04781 -93.0591 2
      vertex 4.04781 -93.0591 3.5
    endloop
  endfacet
  facet normal 0.946923 0.32146 0
    outer loop
      vertex 4.04781 -93.0591 2
      vertex 4.21979 -93.5657 3.5
      vertex 4.21979 -93.5657 2
    endloop
  endfacet
  facet normal 0.896879 0.442276 0
    outer loop
      vertex 4.45659 -94.0459 3.5
      vertex 4.21979 -93.5657 2
      vertex 4.21979 -93.5657 3.5
    endloop
  endfacet
  facet normal 0.896879 0.442276 0
    outer loop
      vertex 4.21979 -93.5657 2
      vertex 4.45659 -94.0459 3.5
      vertex 4.45659 -94.0459 2
    endloop
  endfacet
  facet normal 0.831446 0.555606 0
    outer loop
      vertex 4.75389 -94.4908 3.5
      vertex 4.45659 -94.0459 2
      vertex 4.45659 -94.0459 3.5
    endloop
  endfacet
  facet normal 0.831446 0.555606 0
    outer loop
      vertex 4.45659 -94.0459 2
      vertex 4.75389 -94.4908 3.5
      vertex 4.75389 -94.4908 2
    endloop
  endfacet
  facet normal 0.751854 0.65933 0
    outer loop
      vertex 5.10677 -94.8932 3.5
      vertex 4.75389 -94.4908 2
      vertex 4.75389 -94.4908 3.5
    endloop
  endfacet
  facet normal 0.751854 0.65933 0
    outer loop
      vertex 4.75389 -94.4908 2
      vertex 5.10677 -94.8932 3.5
      vertex 5.10677 -94.8932 2
    endloop
  endfacet
  facet normal 0.659351 0.751835 -0
    outer loop
      vertex 5.50917 -95.2461 2
      vertex 5.10677 -94.8932 3.5
      vertex 5.50917 -95.2461 3.5
    endloop
  endfacet
  facet normal 0.659351 0.751835 0
    outer loop
      vertex 5.10677 -94.8932 3.5
      vertex 5.50917 -95.2461 2
      vertex 5.10677 -94.8932 2
    endloop
  endfacet
  facet normal 0.55558 0.831463 -0
    outer loop
      vertex 5.9541 -95.5434 2
      vertex 5.50917 -95.2461 3.5
      vertex 5.9541 -95.5434 3.5
    endloop
  endfacet
  facet normal 0.55558 0.831463 0
    outer loop
      vertex 5.50917 -95.2461 3.5
      vertex 5.9541 -95.5434 2
      vertex 5.50917 -95.2461 2
    endloop
  endfacet
  facet normal 0.442276 0.896879 -0
    outer loop
      vertex 6.4343 -95.7802 2
      vertex 5.9541 -95.5434 3.5
      vertex 6.4343 -95.7802 3.5
    endloop
  endfacet
  facet normal 0.442276 0.896879 0
    outer loop
      vertex 5.9541 -95.5434 3.5
      vertex 6.4343 -95.7802 2
      vertex 5.9541 -95.5434 2
    endloop
  endfacet
  facet normal 0.321465 0.946921 -0
    outer loop
      vertex 6.94095 -95.9522 2
      vertex 6.4343 -95.7802 3.5
      vertex 6.94095 -95.9522 3.5
    endloop
  endfacet
  facet normal 0.321465 0.946921 0
    outer loop
      vertex 6.4343 -95.7802 3.5
      vertex 6.94095 -95.9522 2
      vertex 6.4343 -95.7802 2
    endloop
  endfacet
  facet normal 0.195024 0.980798 -0
    outer loop
      vertex 7.46599 -96.0566 2
      vertex 6.94095 -95.9522 3.5
      vertex 7.46599 -96.0566 3.5
    endloop
  endfacet
  facet normal 0.195024 0.980798 0
    outer loop
      vertex 6.94095 -95.9522 3.5
      vertex 7.46599 -96.0566 2
      vertex 6.94095 -95.9522 2
    endloop
  endfacet
  facet normal 0.065447 0.997856 -0
    outer loop
      vertex 8.1277 -96.1 2
      vertex 7.46599 -96.0566 3.5
      vertex 8.1277 -96.1 3.5
    endloop
  endfacet
  facet normal 0.065447 0.997856 0
    outer loop
      vertex 7.46599 -96.0566 3.5
      vertex 8.1277 -96.1 2
      vertex 7.46599 -96.0566 2
    endloop
  endfacet
  facet normal 0 1 -0
    outer loop
      vertex 171.872 -96.1 2
      vertex 78.6103 -96.1 3.5
      vertex 171.872 -96.1 3.5
    endloop
  endfacet
  facet normal 0 1 0
    outer loop
      vertex 78.6103 -96.1 3.5
      vertex 171.872 -96.1 2
      vertex 78.6103 -96.1 2
    endloop
  endfacet
  facet normal 0 1 -0
    outer loop
      vertex 75.3897 -96.1 2
      vertex 8.1277 -96.1 3.5
      vertex 75.3897 -96.1 3.5
    endloop
  endfacet
  facet normal 0 1 0
    outer loop
      vertex 8.1277 -96.1 3.5
      vertex 75.3897 -96.1 2
      vertex 8.1277 -96.1 2
    endloop
  endfacet
  facet normal -0.0654185 0.997858 0
    outer loop
      vertex 172.534 -96.0566 2
      vertex 171.872 -96.1 3.5
      vertex 172.534 -96.0566 3.5
    endloop
  endfacet
  facet normal -0.0654185 0.997858 0
    outer loop
      vertex 171.872 -96.1 3.5
      vertex 172.534 -96.0566 2
      vertex 171.872 -96.1 2
    endloop
  endfacet
  facet normal -0.195038 0.980796 0
    outer loop
      vertex 173.059 -95.9522 2
      vertex 172.534 -96.0566 3.5
      vertex 173.059 -95.9522 3.5
    endloop
  endfacet
  facet normal -0.195038 0.980796 0
    outer loop
      vertex 172.534 -96.0566 3.5
      vertex 173.059 -95.9522 2
      vertex 172.534 -96.0566 2
    endloop
  endfacet
  facet normal -0.321266 0.946989 0
    outer loop
      vertex 173.566 -95.7802 2
      vertex 173.059 -95.9522 3.5
      vertex 173.566 -95.7802 3.5
    endloop
  endfacet
  facet normal -0.321266 0.946989 0
    outer loop
      vertex 173.059 -95.9522 3.5
      vertex 173.566 -95.7802 2
      vertex 173.059 -95.9522 2
    endloop
  endfacet
  facet normal -0.442424 0.896806 0
    outer loop
      vertex 174.046 -95.5434 2
      vertex 173.566 -95.7802 3.5
      vertex 174.046 -95.5434 3.5
    endloop
  endfacet
  facet normal -0.442424 0.896806 0
    outer loop
      vertex 173.566 -95.7802 3.5
      vertex 174.046 -95.5434 2
      vertex 173.566 -95.7802 2
    endloop
  endfacet
  facet normal -0.555519 0.831504 0
    outer loop
      vertex 174.491 -95.2461 2
      vertex 174.046 -95.5434 3.5
      vertex 174.491 -95.2461 3.5
    endloop
  endfacet
  facet normal -0.555519 0.831504 0
    outer loop
      vertex 174.046 -95.5434 3.5
      vertex 174.491 -95.2461 2
      vertex 174.046 -95.5434 2
    endloop
  endfacet
  facet normal -0.659721 0.75151 0
    outer loop
      vertex 174.893 -94.8932 2
      vertex 174.491 -95.2461 3.5
      vertex 174.893 -94.8932 3.5
    endloop
  endfacet
  facet normal -0.659721 0.75151 0
    outer loop
      vertex 174.491 -95.2461 3.5
      vertex 174.893 -94.8932 2
      vertex 174.491 -95.2461 2
    endloop
  endfacet
  facet normal -0.751743 0.659456 0
    outer loop
      vertex 174.893 -94.8932 2
      vertex 175.246 -94.4908 3.5
      vertex 175.246 -94.4908 2
    endloop
  endfacet
  facet normal -0.751743 0.659456 0
    outer loop
      vertex 175.246 -94.4908 3.5
      vertex 174.893 -94.8932 2
      vertex 174.893 -94.8932 3.5
    endloop
  endfacet
  facet normal -0.831705 0.555218 0
    outer loop
      vertex 175.246 -94.4908 2
      vertex 175.543 -94.0459 3.5
      vertex 175.543 -94.0459 2
    endloop
  endfacet
  facet normal -0.831705 0.555218 0
    outer loop
      vertex 175.543 -94.0459 3.5
      vertex 175.246 -94.4908 2
      vertex 175.246 -94.4908 3.5
    endloop
  endfacet
  facet normal -0.896731 0.442576 0
    outer loop
      vertex 175.543 -94.0459 2
      vertex 175.78 -93.5657 3.5
      vertex 175.78 -93.5657 2
    endloop
  endfacet
  facet normal -0.896731 0.442576 0
    outer loop
      vertex 175.78 -93.5657 3.5
      vertex 175.543 -94.0459 2
      vertex 175.543 -94.0459 3.5
    endloop
  endfacet
  facet normal -0.946912 0.321494 0
    outer loop
      vertex 175.78 -93.5657 2
      vertex 175.952 -93.0591 3.5
      vertex 175.952 -93.0591 2
    endloop
  endfacet
  facet normal -0.946912 0.321494 0
    outer loop
      vertex 175.952 -93.0591 3.5
      vertex 175.78 -93.5657 2
      vertex 175.78 -93.5657 3.5
    endloop
  endfacet
  facet normal -0.980588 0.19608 0
    outer loop
      vertex 175.952 -93.0591 2
      vertex 176.057 -92.534 3.5
      vertex 176.057 -92.534 2
    endloop
  endfacet
  facet normal -0.980588 0.19608 0
    outer loop
      vertex 176.057 -92.534 3.5
      vertex 175.952 -93.0591 2
      vertex 175.952 -93.0591 3.5
    endloop
  endfacet
  facet normal -0.997895 0.0648474 0
    outer loop
      vertex 176.057 -92.534 2
      vertex 176.1 -91.8723 3.5
      vertex 176.1 -91.8723 2
    endloop
  endfacet
  facet normal -0.997895 0.0648474 0
    outer loop
      vertex 176.1 -91.8723 3.5
      vertex 176.057 -92.534 2
      vertex 176.057 -92.534 3.5
    endloop
  endfacet
  facet normal -1 0 0
    outer loop
      vertex 176.1 -16.5584 2
      vertex 176.1 -8.1277 3.5
      vertex 176.1 -8.1277 2
    endloop
  endfacet
  facet normal -1 -0 0
    outer loop
      vertex 176.1 -8.1277 3.5
      vertex 176.1 -16.5584 2
      vertex 176.1 -16.5584 3.5
    endloop
  endfacet
  facet normal -1 0 0
    outer loop
      vertex 176.1 -91.8723 2
      vertex 176.1 -83.4416 3.5
      vertex 176.1 -83.4416 2
    endloop
  endfacet
  facet normal -1 -0 0
    outer loop
      vertex 176.1 -83.4416 3.5
      vertex 176.1 -91.8723 2
      vertex 176.1 -91.8723 3.5
    endloop
  endfacet
  facet normal -1 0 0
    outer loop
      vertex 176.1 -76.5584 2
      vertex 176.1 -23.4416 3.5
      vertex 176.1 -23.4416 2
    endloop
  endfacet
  facet normal -1 -0 0
    outer loop
      vertex 176.1 -23.4416 3.5
      vertex 176.1 -76.5584 2
      vertex 176.1 -76.5584 3.5
    endloop
  endfacet
  facet normal -0.997895 -0.0648464 0
    outer loop
      vertex 176.1 -8.1277 2
      vertex 176.057 -7.46599 3.5
      vertex 176.057 -7.46599 2
    endloop
  endfacet
  facet normal -0.997895 -0.0648464 0
    outer loop
      vertex 176.057 -7.46599 3.5
      vertex 176.1 -8.1277 2
      vertex 176.1 -8.1277 3.5
    endloop
  endfacet
  facet normal -0.980584 -0.196102 0
    outer loop
      vertex 176.057 -7.46599 2
      vertex 175.952 -6.94095 3.5
      vertex 175.952 -6.94095 2
    endloop
  endfacet
  facet normal -0.980584 -0.196102 0
    outer loop
      vertex 175.952 -6.94095 3.5
      vertex 176.057 -7.46599 2
      vertex 176.057 -7.46599 3.5
    endloop
  endfacet
  facet normal -0.946921 -0.321465 0
    outer loop
      vertex 175.952 -6.94095 2
      vertex 175.78 -6.4343 3.5
      vertex 175.78 -6.4343 2
    endloop
  endfacet
  facet normal -0.946921 -0.321465 0
    outer loop
      vertex 175.78 -6.4343 3.5
      vertex 175.952 -6.94095 2
      vertex 175.952 -6.94095 3.5
    endloop
  endfacet
  facet normal -0.896731 -0.442576 0
    outer loop
      vertex 175.78 -6.4343 2
      vertex 175.543 -5.9541 3.5
      vertex 175.543 -5.9541 2
    endloop
  endfacet
  facet normal -0.896731 -0.442576 0
    outer loop
      vertex 175.543 -5.9541 3.5
      vertex 175.78 -6.4343 2
      vertex 175.78 -6.4343 3.5
    endloop
  endfacet
  facet normal -0.831722 -0.555192 0
    outer loop
      vertex 175.543 -5.9541 2
      vertex 175.246 -5.50917 3.5
      vertex 175.246 -5.50917 2
    endloop
  endfacet
  facet normal -0.831722 -0.555192 0
    outer loop
      vertex 175.246 -5.50917 3.5
      vertex 175.543 -5.9541 2
      vertex 175.543 -5.9541 3.5
    endloop
  endfacet
  facet normal -0.751743 -0.659456 0
    outer loop
      vertex 175.246 -5.50917 2
      vertex 174.893 -5.10677 3.5
      vertex 174.893 -5.10677 2
    endloop
  endfacet
  facet normal -0.751743 -0.659456 0
    outer loop
      vertex 174.893 -5.10677 3.5
      vertex 175.246 -5.50917 2
      vertex 175.246 -5.50917 3.5
    endloop
  endfacet
  facet normal -0.6597 -0.751529 0
    outer loop
      vertex 174.491 -4.75389 2
      vertex 174.893 -5.10677 3.5
      vertex 174.491 -4.75389 3.5
    endloop
  endfacet
  facet normal -0.6597 -0.751529 -0
    outer loop
      vertex 174.893 -5.10677 3.5
      vertex 174.491 -4.75389 2
      vertex 174.893 -5.10677 2
    endloop
  endfacet
  facet normal -0.555519 -0.831504 0
    outer loop
      vertex 174.046 -4.45659 2
      vertex 174.491 -4.75389 3.5
      vertex 174.046 -4.45659 3.5
    endloop
  endfacet
  facet normal -0.555519 -0.831504 -0
    outer loop
      vertex 174.491 -4.75389 3.5
      vertex 174.046 -4.45659 2
      vertex 174.491 -4.75389 2
    endloop
  endfacet
  facet normal -0.442424 -0.896806 0
    outer loop
      vertex 173.566 -4.21979 2
      vertex 174.046 -4.45659 3.5
      vertex 173.566 -4.21979 3.5
    endloop
  endfacet
  facet normal -0.442424 -0.896806 -0
    outer loop
      vertex 174.046 -4.45659 3.5
      vertex 173.566 -4.21979 2
      vertex 174.046 -4.45659 2
    endloop
  endfacet
  facet normal -0.321233 -0.947 0
    outer loop
      vertex 173.059 -4.04781 2
      vertex 173.566 -4.21979 3.5
      vertex 173.059 -4.04781 3.5
    endloop
  endfacet
  facet normal -0.321233 -0.947 -0
    outer loop
      vertex 173.566 -4.21979 3.5
      vertex 173.059 -4.04781 2
      vertex 173.566 -4.21979 2
    endloop
  endfacet
  facet normal -0.195128 -0.980778 0
    outer loop
      vertex 172.534 -3.94336 2
      vertex 173.059 -4.04781 3.5
      vertex 172.534 -3.94336 3.5
    endloop
  endfacet
  facet normal -0.195128 -0.980778 -0
    outer loop
      vertex 173.059 -4.04781 3.5
      vertex 172.534 -3.94336 2
      vertex 173.059 -4.04781 2
    endloop
  endfacet
  facet normal -0.0653735 -0.997861 0
    outer loop
      vertex 171.872 -3.89999 2
      vertex 172.534 -3.94336 3.5
      vertex 171.872 -3.89999 3.5
    endloop
  endfacet
  facet normal -0.0653735 -0.997861 -0
    outer loop
      vertex 172.534 -3.94336 3.5
      vertex 171.872 -3.89999 2
      vertex 172.534 -3.94336 2
    endloop
  endfacet
  facet normal 0 -1 0
    outer loop
      vertex 8.1277 -3.89999 2
      vertex 75.3897 -3.89999 3.5
      vertex 8.1277 -3.89999 3.5
    endloop
  endfacet
  facet normal 0 -1 -0
    outer loop
      vertex 75.3897 -3.89999 3.5
      vertex 8.1277 -3.89999 2
      vertex 75.3897 -3.89999 2
    endloop
  endfacet
  facet normal 0 -1 0
    outer loop
      vertex 78.6103 -3.89999 2
      vertex 171.872 -3.89999 3.5
      vertex 78.6103 -3.89999 3.5
    endloop
  endfacet
  facet normal 0 -1 -0
    outer loop
      vertex 171.872 -3.89999 3.5
      vertex 78.6103 -3.89999 2
      vertex 171.872 -3.89999 2
    endloop
  endfacet
  facet normal -0.946882 0.321582 0
    outer loop
      vertex 74.1022 -6.22354 2
      vertex 74.2284 -5.85195 4
      vertex 74.2284 -5.85195 2
    endloop
  endfacet
  facet normal -0.946882 0.321582 0
    outer loop
      vertex 74.2284 -5.85195 4
      vertex 74.1022 -6.22354 2
      vertex 74.1022 -6.22354 4
    endloop
  endfacet
  facet normal 0.195062 0.980791 -0
    outer loop
      vertex 77.7765 -4.10222 2
      vertex 77.3916 -4.02567 4
      vertex 77.7765 -4.10222 4
    endloop
  endfacet
  facet normal 0.195062 0.980791 0
    outer loop
      vertex 77.3916 -4.02567 4
      vertex 77.7765 -4.10222 2
      vertex 77.3916 -4.02567 2
    endloop
  endfacet
  facet normal 0.980813 -0.19495 0
    outer loop
      vertex 79.8978 -7.77646 4
      vertex 79.9743 -7.39158 2
      vertex 79.9743 -7.39158 4
    endloop
  endfacet
  facet normal 0.980813 -0.19495 0
    outer loop
      vertex 79.9743 -7.39158 2
      vertex 79.8978 -7.77646 4
      vertex 79.8978 -7.77646 2
    endloop
  endfacet
  facet normal 0.997853 -0.0654906 0
    outer loop
      vertex 79.9743 -7.39158 4
      vertex 80 -7 2
      vertex 80 -7 4
    endloop
  endfacet
  facet normal 0.997853 -0.0654906 0
    outer loop
      vertex 80 -7 2
      vertex 79.9743 -7.39158 4
      vertex 79.9743 -7.39158 2
    endloop
  endfacet
  facet normal -0.442233 -0.8969 0
    outer loop
      vertex 75.5 -9.59808 2
      vertex 75.852 -9.77164 4
      vertex 75.5 -9.59808 4
    endloop
  endfacet
  facet normal -0.442233 -0.8969 -0
    outer loop
      vertex 75.852 -9.77164 4
      vertex 75.5 -9.59808 2
      vertex 75.852 -9.77164 2
    endloop
  endfacet
  facet normal 0.896936 0.44216 0
    outer loop
      vertex 79.7716 -5.85195 4
      vertex 79.5981 -5.5 2
      vertex 79.5981 -5.5 4
    endloop
  endfacet
  facet normal 0.896936 0.44216 0
    outer loop
      vertex 79.5981 -5.5 2
      vertex 79.7716 -5.85195 4
      vertex 79.7716 -5.85195 2
    endloop
  endfacet
  facet normal 0.997853 0.0654906 0
    outer loop
      vertex 80 -7 4
      vertex 79.9743 -6.60842 2
      vertex 79.9743 -6.60842 4
    endloop
  endfacet
  facet normal 0.997853 0.0654906 0
    outer loop
      vertex 79.9743 -6.60842 2
      vertex 80 -7 4
      vertex 80 -7 2
    endloop
  endfacet
  facet normal 0.659392 -0.751799 0
    outer loop
      vertex 78.8263 -9.38006 2
      vertex 79.1213 -9.12132 4
      vertex 78.8263 -9.38006 4
    endloop
  endfacet
  facet normal 0.659392 -0.751799 0
    outer loop
      vertex 79.1213 -9.12132 4
      vertex 78.8263 -9.38006 2
      vertex 79.1213 -9.12132 2
    endloop
  endfacet
  facet normal -0.659392 -0.751799 0
    outer loop
      vertex 74.8787 -9.12132 2
      vertex 75.1737 -9.38006 4
      vertex 74.8787 -9.12132 4
    endloop
  endfacet
  facet normal -0.659392 -0.751799 -0
    outer loop
      vertex 75.1737 -9.38006 4
      vertex 74.8787 -9.12132 2
      vertex 75.1737 -9.38006 2
    endloop
  endfacet
  facet normal 0.0654112 -0.997858 0
    outer loop
      vertex 77 -10 2
      vertex 77.3916 -9.97433 4
      vertex 77 -10 4
    endloop
  endfacet
  facet normal 0.0654112 -0.997858 0
    outer loop
      vertex 77.3916 -9.97433 4
      vertex 77 -10 2
      vertex 77.3916 -9.97433 2
    endloop
  endfacet
  facet normal -0.997853 -0.0654906 0
    outer loop
      vertex 74.0257 -7.39158 2
      vertex 74 -7 4
      vertex 74 -7 2
    endloop
  endfacet
  facet normal -0.997853 -0.0654906 0
    outer loop
      vertex 74 -7 4
      vertex 74.0257 -7.39158 2
      vertex 74.0257 -7.39158 4
    endloop
  endfacet
  facet normal -0.751768 0.659428 0
    outer loop
      vertex 74.6199 -5.17372 2
      vertex 74.8787 -4.87868 4
      vertex 74.8787 -4.87868 2
    endloop
  endfacet
  facet normal -0.751768 0.659428 0
    outer loop
      vertex 74.8787 -4.87868 4
      vertex 74.6199 -5.17372 2
      vertex 74.6199 -5.17372 4
    endloop
  endfacet
  facet normal -0.980813 0.19495 0
    outer loop
      vertex 74.0257 -6.60842 2
      vertex 74.1022 -6.22354 4
      vertex 74.1022 -6.22354 2
    endloop
  endfacet
  facet normal -0.980813 0.19495 0
    outer loop
      vertex 74.1022 -6.22354 4
      vertex 74.0257 -6.60842 2
      vertex 74.0257 -6.60842 4
    endloop
  endfacet
  facet normal 0.831485 0.555547 0
    outer loop
      vertex 79.5981 -5.5 4
      vertex 79.3801 -5.17372 2
      vertex 79.3801 -5.17372 4
    endloop
  endfacet
  facet normal 0.831485 0.555547 0
    outer loop
      vertex 79.3801 -5.17372 2
      vertex 79.5981 -5.5 4
      vertex 79.5981 -5.5 2
    endloop
  endfacet
  facet normal -0.896936 -0.44216 0
    outer loop
      vertex 74.4019 -8.5 2
      vertex 74.2284 -8.14805 4
      vertex 74.2284 -8.14805 2
    endloop
  endfacet
  facet normal -0.896936 -0.44216 0
    outer loop
      vertex 74.2284 -8.14805 4
      vertex 74.4019 -8.5 2
      vertex 74.4019 -8.5 4
    endloop
  endfacet
  facet normal -0.831485 0.555547 0
    outer loop
      vertex 74.4019 -5.5 2
      vertex 74.6199 -5.17372 4
      vertex 74.6199 -5.17372 2
    endloop
  endfacet
  facet normal -0.831485 0.555547 0
    outer loop
      vertex 74.6199 -5.17372 4
      vertex 74.4019 -5.5 2
      vertex 74.4019 -5.5 4
    endloop
  endfacet
  facet normal -0.831485 -0.555547 0
    outer loop
      vertex 74.6199 -8.82628 2
      vertex 74.4019 -8.5 4
      vertex 74.4019 -8.5 2
    endloop
  endfacet
  facet normal -0.831485 -0.555547 0
    outer loop
      vertex 74.4019 -8.5 4
      vertex 74.6199 -8.82628 2
      vertex 74.6199 -8.82628 4
    endloop
  endfacet
  facet normal -0.0654112 -0.997858 0
    outer loop
      vertex 76.6084 -9.97433 2
      vertex 77 -10 4
      vertex 76.6084 -9.97433 4
    endloop
  endfacet
  facet normal -0.0654112 -0.997858 -0
    outer loop
      vertex 77 -10 4
      vertex 76.6084 -9.97433 2
      vertex 77 -10 2
    endloop
  endfacet
  facet normal -0.321514 -0.946905 0
    outer loop
      vertex 75.852 -9.77164 2
      vertex 76.2235 -9.89778 4
      vertex 75.852 -9.77164 4
    endloop
  endfacet
  facet normal -0.321514 -0.946905 -0
    outer loop
      vertex 76.2235 -9.89778 4
      vertex 75.852 -9.77164 2
      vertex 76.2235 -9.89778 2
    endloop
  endfacet
  facet normal -0.321514 0.946905 0
    outer loop
      vertex 76.2235 -4.10222 2
      vertex 75.852 -4.22836 4
      vertex 76.2235 -4.10222 4
    endloop
  endfacet
  facet normal -0.321514 0.946905 0
    outer loop
      vertex 75.852 -4.22836 4
      vertex 76.2235 -4.10222 2
      vertex 75.852 -4.22836 2
    endloop
  endfacet
  facet normal 0.442233 -0.8969 0
    outer loop
      vertex 78.148 -9.77164 2
      vertex 78.5 -9.59808 4
      vertex 78.148 -9.77164 4
    endloop
  endfacet
  facet normal 0.442233 -0.8969 0
    outer loop
      vertex 78.5 -9.59808 4
      vertex 78.148 -9.77164 2
      vertex 78.5 -9.59808 2
    endloop
  endfacet
  facet normal 0.0654112 0.997858 -0
    outer loop
      vertex 77.3916 -4.02567 2
      vertex 77 -4 4
      vertex 77.3916 -4.02567 4
    endloop
  endfacet
  facet normal 0.0654112 0.997858 0
    outer loop
      vertex 77 -4 4
      vertex 77.3916 -4.02567 2
      vertex 77 -4 2
    endloop
  endfacet
  facet normal 0.555558 0.831477 -0
    outer loop
      vertex 78.8263 -4.61994 2
      vertex 78.5 -4.40192 4
      vertex 78.8263 -4.61994 4
    endloop
  endfacet
  facet normal 0.555558 0.831477 0
    outer loop
      vertex 78.5 -4.40192 4
      vertex 78.8263 -4.61994 2
      vertex 78.5 -4.40192 2
    endloop
  endfacet
  facet normal 0.980813 0.19495 0
    outer loop
      vertex 79.9743 -6.60842 4
      vertex 79.8978 -6.22354 2
      vertex 79.8978 -6.22354 4
    endloop
  endfacet
  facet normal 0.980813 0.19495 0
    outer loop
      vertex 79.8978 -6.22354 2
      vertex 79.9743 -6.60842 4
      vertex 79.9743 -6.60842 2
    endloop
  endfacet
  facet normal -0.751768 -0.659428 0
    outer loop
      vertex 74.8787 -9.12132 2
      vertex 74.6199 -8.82628 4
      vertex 74.6199 -8.82628 2
    endloop
  endfacet
  facet normal -0.751768 -0.659428 0
    outer loop
      vertex 74.6199 -8.82628 4
      vertex 74.8787 -9.12132 2
      vertex 74.8787 -9.12132 4
    endloop
  endfacet
  facet normal -0.980813 -0.19495 0
    outer loop
      vertex 74.1022 -7.77646 2
      vertex 74.0257 -7.39158 4
      vertex 74.0257 -7.39158 2
    endloop
  endfacet
  facet normal -0.980813 -0.19495 0
    outer loop
      vertex 74.0257 -7.39158 4
      vertex 74.1022 -7.77646 2
      vertex 74.1022 -7.77646 4
    endloop
  endfacet
  facet normal 0.831485 -0.555547 0
    outer loop
      vertex 79.3801 -8.82628 4
      vertex 79.5981 -8.5 2
      vertex 79.5981 -8.5 4
    endloop
  endfacet
  facet normal 0.831485 -0.555547 0
    outer loop
      vertex 79.5981 -8.5 2
      vertex 79.3801 -8.82628 4
      vertex 79.3801 -8.82628 2
    endloop
  endfacet
  facet normal 0.555558 -0.831477 0
    outer loop
      vertex 78.5 -9.59808 2
      vertex 78.8263 -9.38006 4
      vertex 78.5 -9.59808 4
    endloop
  endfacet
  facet normal 0.555558 -0.831477 0
    outer loop
      vertex 78.8263 -9.38006 4
      vertex 78.5 -9.59808 2
      vertex 78.8263 -9.38006 2
    endloop
  endfacet
  facet normal -0.997853 0.0654906 0
    outer loop
      vertex 74 -7 2
      vertex 74.0257 -6.60842 4
      vertex 74.0257 -6.60842 2
    endloop
  endfacet
  facet normal -0.997853 0.0654906 0
    outer loop
      vertex 74.0257 -6.60842 4
      vertex 74 -7 2
      vertex 74 -7 4
    endloop
  endfacet
  facet normal 0.321514 -0.946905 0
    outer loop
      vertex 77.7765 -9.89778 2
      vertex 78.148 -9.77164 4
      vertex 77.7765 -9.89778 4
    endloop
  endfacet
  facet normal 0.321514 -0.946905 0
    outer loop
      vertex 78.148 -9.77164 4
      vertex 77.7765 -9.89778 2
      vertex 78.148 -9.77164 2
    endloop
  endfacet
  facet normal 0.659392 0.751799 -0
    outer loop
      vertex 79.1213 -4.87868 2
      vertex 78.8263 -4.61994 4
      vertex 79.1213 -4.87868 4
    endloop
  endfacet
  facet normal 0.659392 0.751799 0
    outer loop
      vertex 78.8263 -4.61994 4
      vertex 79.1213 -4.87868 2
      vertex 78.8263 -4.61994 2
    endloop
  endfacet
  facet normal -0.195062 -0.980791 0
    outer loop
      vertex 76.2235 -9.89778 2
      vertex 76.6084 -9.97433 4
      vertex 76.2235 -9.89778 4
    endloop
  endfacet
  facet normal -0.195062 -0.980791 -0
    outer loop
      vertex 76.6084 -9.97433 4
      vertex 76.2235 -9.89778 2
      vertex 76.6084 -9.97433 2
    endloop
  endfacet
  facet normal 0.896936 -0.44216 0
    outer loop
      vertex 79.5981 -8.5 4
      vertex 79.7716 -8.14805 2
      vertex 79.7716 -8.14805 4
    endloop
  endfacet
  facet normal 0.896936 -0.44216 0
    outer loop
      vertex 79.7716 -8.14805 2
      vertex 79.5981 -8.5 4
      vertex 79.5981 -8.5 2
    endloop
  endfacet
  facet normal 0.946882 0.321582 0
    outer loop
      vertex 79.8978 -6.22354 4
      vertex 79.7716 -5.85195 2
      vertex 79.7716 -5.85195 4
    endloop
  endfacet
  facet normal 0.946882 0.321582 0
    outer loop
      vertex 79.7716 -5.85195 2
      vertex 79.8978 -6.22354 4
      vertex 79.8978 -6.22354 2
    endloop
  endfacet
  facet normal -0.555558 0.831477 0
    outer loop
      vertex 75.5 -4.40192 2
      vertex 75.1737 -4.61994 4
      vertex 75.5 -4.40192 4
    endloop
  endfacet
  facet normal -0.555558 0.831477 0
    outer loop
      vertex 75.1737 -4.61994 4
      vertex 75.5 -4.40192 2
      vertex 75.1737 -4.61994 2
    endloop
  endfacet
  facet normal -0.659392 0.751799 0
    outer loop
      vertex 75.1737 -4.61994 2
      vertex 74.8787 -4.87868 4
      vertex 75.1737 -4.61994 4
    endloop
  endfacet
  facet normal -0.659392 0.751799 0
    outer loop
      vertex 74.8787 -4.87868 4
      vertex 75.1737 -4.61994 2
      vertex 74.8787 -4.87868 2
    endloop
  endfacet
  facet normal 0.751768 0.659428 0
    outer loop
      vertex 79.3801 -5.17372 4
      vertex 79.1213 -4.87868 2
      vertex 79.1213 -4.87868 4
    endloop
  endfacet
  facet normal 0.751768 0.659428 0
    outer loop
      vertex 79.1213 -4.87868 2
      vertex 79.3801 -5.17372 4
      vertex 79.3801 -5.17372 2
    endloop
  endfacet
  facet normal 0 0 1
    outer loop
      vertex 78.7 -7 4
      vertex 80 -7 4
      vertex 79.9743 -6.60842 4
    endloop
  endfacet
  facet normal 0 0 1
    outer loop
      vertex 78.6855 -6.7781 4
      vertex 79.9743 -6.60842 4
      vertex 79.8978 -6.22354 4
    endloop
  endfacet
  facet normal 0 0 1
    outer loop
      vertex 80 -7 4
      vertex 78.7 -7 4
      vertex 79.9743 -7.39158 4
    endloop
  endfacet
  facet normal 0 0 1
    outer loop
      vertex 78.6421 -6.56001 4
      vertex 79.8978 -6.22354 4
      vertex 79.7716 -5.85195 4
    endloop
  endfacet
  facet normal -0 0 1
    outer loop
      vertex 78.6855 -7.22189 4
      vertex 79.9743 -7.39158 4
      vertex 78.7 -7 4
    endloop
  endfacet
  facet normal 0 0 1
    outer loop
      vertex 78.5706 -6.34944 4
      vertex 79.7716 -5.85195 4
      vertex 79.5981 -5.5 4
    endloop
  endfacet
  facet normal 0 0 1
    outer loop
      vertex 79.9743 -7.39158 4
      vertex 78.6855 -7.22189 4
      vertex 79.8978 -7.77646 4
    endloop
  endfacet
  facet normal 0 0 1
    outer loop
      vertex 78.4722 -6.15 4
      vertex 79.5981 -5.5 4
      vertex 79.3801 -5.17372 4
    endloop
  endfacet
  facet normal -0 0 1
    outer loop
      vertex 78.6421 -7.43999 4
      vertex 79.8978 -7.77646 4
      vertex 78.6855 -7.22189 4
    endloop
  endfacet
  facet normal 0 0 1
    outer loop
      vertex 78.3487 -5.96511 4
      vertex 79.3801 -5.17372 4
      vertex 79.1213 -4.87868 4
    endloop
  endfacet
  facet normal 0 0 1
    outer loop
      vertex 79.8978 -7.77646 4
      vertex 78.6421 -7.43999 4
      vertex 79.7716 -8.14805 4
    endloop
  endfacet
  facet normal 0 0 1
    outer loop
      vertex 78.2021 -5.79792 4
      vertex 79.1213 -4.87868 4
      vertex 78.8263 -4.61994 4
    endloop
  endfacet
  facet normal -0 0 1
    outer loop
      vertex 78.5706 -7.65056 4
      vertex 79.7716 -8.14805 4
      vertex 78.6421 -7.43999 4
    endloop
  endfacet
  facet normal 0 0 1
    outer loop
      vertex 79.7716 -8.14805 4
      vertex 78.5706 -7.65056 4
      vertex 79.5981 -8.5 4
    endloop
  endfacet
  facet normal 0 0 1
    outer loop
      vertex 79.9743 -6.60842 4
      vertex 78.6855 -6.7781 4
      vertex 78.7 -7 4
    endloop
  endfacet
  facet normal 0 0 1
    outer loop
      vertex 79.8978 -6.22354 4
      vertex 78.6421 -6.56001 4
      vertex 78.6855 -6.7781 4
    endloop
  endfacet
  facet normal 0 0 1
    outer loop
      vertex 79.7716 -5.85195 4
      vertex 78.5706 -6.34944 4
      vertex 78.6421 -6.56001 4
    endloop
  endfacet
  facet normal 0 0 1
    outer loop
      vertex 78.0349 -5.6513 4
      vertex 78.8263 -4.61994 4
      vertex 78.5 -4.40192 4
    endloop
  endfacet
  facet normal 0 0 1
    outer loop
      vertex 79.5981 -5.5 4
      vertex 78.4722 -6.15 4
      vertex 78.5706 -6.34944 4
    endloop
  endfacet
  facet normal 0 0 1
    outer loop
      vertex 79.3801 -5.17372 4
      vertex 78.3487 -5.96511 4
      vertex 78.4722 -6.15 4
    endloop
  endfacet
  facet normal 0 0 1
    outer loop
      vertex 79.1213 -4.87868 4
      vertex 78.2021 -5.79792 4
      vertex 78.3487 -5.96511 4
    endloop
  endfacet
  facet normal 0 0 1
    outer loop
      vertex 77.85 -5.52776 4
      vertex 78.5 -4.40192 4
      vertex 78.148 -4.22836 4
    endloop
  endfacet
  facet normal 0 0 1
    outer loop
      vertex 78.8263 -4.61994 4
      vertex 78.0349 -5.6513 4
      vertex 78.2021 -5.79792 4
    endloop
  endfacet
  facet normal 0 0 1
    outer loop
      vertex 78.5 -4.40192 4
      vertex 77.85 -5.52776 4
      vertex 78.0349 -5.6513 4
    endloop
  endfacet
  facet normal 0 0 1
    outer loop
      vertex 77.6506 -5.4294 4
      vertex 78.148 -4.22836 4
      vertex 77.7765 -4.10222 4
    endloop
  endfacet
  facet normal 0 0 1
    outer loop
      vertex 78.148 -4.22836 4
      vertex 77.6506 -5.4294 4
      vertex 77.85 -5.52776 4
    endloop
  endfacet
  facet normal 0 0 1
    outer loop
      vertex 77.7765 -4.10222 4
      vertex 77.44 -5.35793 4
      vertex 77.6506 -5.4294 4
    endloop
  endfacet
  facet normal 0 0 1
    outer loop
      vertex 77.3916 -4.02567 4
      vertex 77.44 -5.35793 4
      vertex 77.7765 -4.10222 4
    endloop
  endfacet
  facet normal 0 0 1
    outer loop
      vertex 77.3916 -4.02567 4
      vertex 77.2219 -5.31454 4
      vertex 77.44 -5.35793 4
    endloop
  endfacet
  facet normal 0 0 1
    outer loop
      vertex 77 -4 4
      vertex 77.2219 -5.31454 4
      vertex 77.3916 -4.02567 4
    endloop
  endfacet
  facet normal 0 0 1
    outer loop
      vertex 77 -4 4
      vertex 77 -5.3 4
      vertex 77.2219 -5.31454 4
    endloop
  endfacet
  facet normal 0 0 1
    outer loop
      vertex 77 -4 4
      vertex 76.7781 -5.31454 4
      vertex 77 -5.3 4
    endloop
  endfacet
  facet normal -0 0 1
    outer loop
      vertex 76.6084 -4.02567 4
      vertex 76.7781 -5.31454 4
      vertex 77 -4 4
    endloop
  endfacet
  facet normal 0 0 1
    outer loop
      vertex 76.6084 -4.02567 4
      vertex 76.56 -5.35793 4
      vertex 76.7781 -5.31454 4
    endloop
  endfacet
  facet normal -0 0 1
    outer loop
      vertex 76.2235 -4.10222 4
      vertex 76.56 -5.35793 4
      vertex 76.6084 -4.02567 4
    endloop
  endfacet
  facet normal 0 0 1
    outer loop
      vertex 76.56 -5.35793 4
      vertex 76.2235 -4.10222 4
      vertex 76.3494 -5.4294 4
    endloop
  endfacet
  facet normal -0 0 1
    outer loop
      vertex 75.852 -4.22836 4
      vertex 76.3494 -5.4294 4
      vertex 76.2235 -4.10222 4
    endloop
  endfacet
  facet normal 0 0 1
    outer loop
      vertex 76.3494 -5.4294 4
      vertex 75.852 -4.22836 4
      vertex 76.15 -5.52776 4
    endloop
  endfacet
  facet normal -0 0 1
    outer loop
      vertex 75.5 -4.40192 4
      vertex 76.15 -5.52776 4
      vertex 75.852 -4.22836 4
    endloop
  endfacet
  facet normal 0 0 1
    outer loop
      vertex 76.15 -5.52776 4
      vertex 75.5 -4.40192 4
      vertex 75.9651 -5.6513 4
    endloop
  endfacet
  facet normal -0 0 1
    outer loop
      vertex 75.1737 -4.61994 4
      vertex 75.9651 -5.6513 4
      vertex 75.5 -4.40192 4
    endloop
  endfacet
  facet normal 0 0 1
    outer loop
      vertex 75.9651 -5.6513 4
      vertex 75.1737 -4.61994 4
      vertex 75.7979 -5.79792 4
    endloop
  endfacet
  facet normal -0 0 1
    outer loop
      vertex 74.8787 -4.87868 4
      vertex 75.7979 -5.79792 4
      vertex 75.1737 -4.61994 4
    endloop
  endfacet
  facet normal 0 0 1
    outer loop
      vertex 75.7979 -5.79792 4
      vertex 74.8787 -4.87868 4
      vertex 75.6513 -5.96511 4
    endloop
  endfacet
  facet normal -0 0 1
    outer loop
      vertex 74.6199 -5.17372 4
      vertex 75.6513 -5.96511 4
      vertex 74.8787 -4.87868 4
    endloop
  endfacet
  facet normal 0 0 1
    outer loop
      vertex 75.6513 -5.96511 4
      vertex 74.6199 -5.17372 4
      vertex 75.5278 -6.15 4
    endloop
  endfacet
  facet normal 0 0 1
    outer loop
      vertex 75.5278 -6.15 4
      vertex 74.4019 -5.5 4
      vertex 75.4294 -6.34944 4
    endloop
  endfacet
  facet normal -0 0 1
    outer loop
      vertex 74.4019 -5.5 4
      vertex 75.5278 -6.15 4
      vertex 74.6199 -5.17372 4
    endloop
  endfacet
  facet normal -0 0 1
    outer loop
      vertex 78.4722 -7.85 4
      vertex 79.5981 -8.5 4
      vertex 78.5706 -7.65056 4
    endloop
  endfacet
  facet normal 0 0 1
    outer loop
      vertex 79.5981 -8.5 4
      vertex 78.4722 -7.85 4
      vertex 79.3801 -8.82628 4
    endloop
  endfacet
  facet normal -0 0 1
    outer loop
      vertex 78.3487 -8.03489 4
      vertex 79.3801 -8.82628 4
      vertex 78.4722 -7.85 4
    endloop
  endfacet
  facet normal 0 0 1
    outer loop
      vertex 79.3801 -8.82628 4
      vertex 78.3487 -8.03489 4
      vertex 79.1213 -9.12132 4
    endloop
  endfacet
  facet normal -0 0 1
    outer loop
      vertex 78.2021 -8.20208 4
      vertex 79.1213 -9.12132 4
      vertex 78.3487 -8.03489 4
    endloop
  endfacet
  facet normal 0 0 1
    outer loop
      vertex 79.1213 -9.12132 4
      vertex 78.2021 -8.20208 4
      vertex 78.8263 -9.38006 4
    endloop
  endfacet
  facet normal -0 0 1
    outer loop
      vertex 78.0349 -8.3487 4
      vertex 78.8263 -9.38006 4
      vertex 78.2021 -8.20208 4
    endloop
  endfacet
  facet normal 0 0 1
    outer loop
      vertex 78.8263 -9.38006 4
      vertex 78.0349 -8.3487 4
      vertex 78.5 -9.59808 4
    endloop
  endfacet
  facet normal -0 0 1
    outer loop
      vertex 77.85 -8.47224 4
      vertex 78.5 -9.59808 4
      vertex 78.0349 -8.3487 4
    endloop
  endfacet
  facet normal 0 0 1
    outer loop
      vertex 78.5 -9.59808 4
      vertex 77.85 -8.47224 4
      vertex 78.148 -9.77164 4
    endloop
  endfacet
  facet normal -0 0 1
    outer loop
      vertex 77.6506 -8.57059 4
      vertex 78.148 -9.77164 4
      vertex 77.85 -8.47224 4
    endloop
  endfacet
  facet normal 0 0 1
    outer loop
      vertex 78.148 -9.77164 4
      vertex 77.6506 -8.57059 4
      vertex 77.7765 -9.89778 4
    endloop
  endfacet
  facet normal -0 0 1
    outer loop
      vertex 77.44 -8.64207 4
      vertex 77.7765 -9.89778 4
      vertex 77.6506 -8.57059 4
    endloop
  endfacet
  facet normal 0 0 1
    outer loop
      vertex 77.44 -8.64207 4
      vertex 77.3916 -9.97433 4
      vertex 77.7765 -9.89778 4
    endloop
  endfacet
  facet normal -0 0 1
    outer loop
      vertex 77.2219 -8.68546 4
      vertex 77.3916 -9.97433 4
      vertex 77.44 -8.64207 4
    endloop
  endfacet
  facet normal -0 0 1
    outer loop
      vertex 77 -8.7 4
      vertex 77.3916 -9.97433 4
      vertex 77.2219 -8.68546 4
    endloop
  endfacet
  facet normal 0 0 1
    outer loop
      vertex 77 -8.7 4
      vertex 77 -10 4
      vertex 77.3916 -9.97433 4
    endloop
  endfacet
  facet normal 0 0 1
    outer loop
      vertex 76.7781 -8.68546 4
      vertex 77 -10 4
      vertex 77 -8.7 4
    endloop
  endfacet
  facet normal 0 0 1
    outer loop
      vertex 76.7781 -8.68546 4
      vertex 76.6084 -9.97433 4
      vertex 77 -10 4
    endloop
  endfacet
  facet normal 0 0 1
    outer loop
      vertex 76.56 -8.64207 4
      vertex 76.6084 -9.97433 4
      vertex 76.7781 -8.68546 4
    endloop
  endfacet
  facet normal 0 0 1
    outer loop
      vertex 76.2235 -9.89778 4
      vertex 76.56 -8.64207 4
      vertex 76.3494 -8.57059 4
    endloop
  endfacet
  facet normal 0 0 1
    outer loop
      vertex 76.56 -8.64207 4
      vertex 76.2235 -9.89778 4
      vertex 76.6084 -9.97433 4
    endloop
  endfacet
  facet normal 0 0 1
    outer loop
      vertex 75.852 -9.77164 4
      vertex 76.3494 -8.57059 4
      vertex 76.15 -8.47224 4
    endloop
  endfacet
  facet normal 0 0 1
    outer loop
      vertex 75.5 -9.59808 4
      vertex 76.15 -8.47224 4
      vertex 75.9651 -8.3487 4
    endloop
  endfacet
  facet normal 0 0 1
    outer loop
      vertex 76.3494 -8.57059 4
      vertex 75.852 -9.77164 4
      vertex 76.2235 -9.89778 4
    endloop
  endfacet
  facet normal 0 0 1
    outer loop
      vertex 75.1737 -9.38006 4
      vertex 75.9651 -8.3487 4
      vertex 75.7979 -8.20208 4
    endloop
  endfacet
  facet normal 0 0 1
    outer loop
      vertex 74.8787 -9.12132 4
      vertex 75.7979 -8.20208 4
      vertex 75.6513 -8.03489 4
    endloop
  endfacet
  facet normal 0 0 1
    outer loop
      vertex 74.6199 -8.82628 4
      vertex 75.6513 -8.03489 4
      vertex 75.5278 -7.85 4
    endloop
  endfacet
  facet normal 0 0 1
    outer loop
      vertex 76.15 -8.47224 4
      vertex 75.5 -9.59808 4
      vertex 75.852 -9.77164 4
    endloop
  endfacet
  facet normal 0 0 1
    outer loop
      vertex 74.4019 -8.5 4
      vertex 75.5278 -7.85 4
      vertex 75.4294 -7.65056 4
    endloop
  endfacet
  facet normal 0 0 1
    outer loop
      vertex 74.2284 -8.14805 4
      vertex 75.4294 -7.65056 4
      vertex 75.3579 -7.43999 4
    endloop
  endfacet
  facet normal 0 0 1
    outer loop
      vertex 74.1022 -7.77646 4
      vertex 75.3579 -7.43999 4
      vertex 75.3145 -7.22189 4
    endloop
  endfacet
  facet normal 0 0 1
    outer loop
      vertex 75.9651 -8.3487 4
      vertex 75.1737 -9.38006 4
      vertex 75.5 -9.59808 4
    endloop
  endfacet
  facet normal 0 0 1
    outer loop
      vertex 74.0257 -7.39158 4
      vertex 75.3145 -7.22189 4
      vertex 75.3 -7 4
    endloop
  endfacet
  facet normal -0 0 1
    outer loop
      vertex 74.2284 -5.85195 4
      vertex 75.4294 -6.34944 4
      vertex 74.4019 -5.5 4
    endloop
  endfacet
  facet normal 0 0 1
    outer loop
      vertex 75.4294 -6.34944 4
      vertex 74.2284 -5.85195 4
      vertex 75.3579 -6.56001 4
    endloop
  endfacet
  facet normal 0 0 1
    outer loop
      vertex 75.7979 -8.20208 4
      vertex 74.8787 -9.12132 4
      vertex 75.1737 -9.38006 4
    endloop
  endfacet
  facet normal -0 0 1
    outer loop
      vertex 74.1022 -6.22354 4
      vertex 75.3579 -6.56001 4
      vertex 74.2284 -5.85195 4
    endloop
  endfacet
  facet normal 0 0 1
    outer loop
      vertex 75.6513 -8.03489 4
      vertex 74.6199 -8.82628 4
      vertex 74.8787 -9.12132 4
    endloop
  endfacet
  facet normal 0 0 1
    outer loop
      vertex 75.3579 -6.56001 4
      vertex 74.1022 -6.22354 4
      vertex 75.3145 -6.7781 4
    endloop
  endfacet
  facet normal 0 0 1
    outer loop
      vertex 75.5278 -7.85 4
      vertex 74.4019 -8.5 4
      vertex 74.6199 -8.82628 4
    endloop
  endfacet
  facet normal -0 0 1
    outer loop
      vertex 74.0257 -6.60842 4
      vertex 75.3145 -6.7781 4
      vertex 74.1022 -6.22354 4
    endloop
  endfacet
  facet normal 0 0 1
    outer loop
      vertex 75.4294 -7.65056 4
      vertex 74.2284 -8.14805 4
      vertex 74.4019 -8.5 4
    endloop
  endfacet
  facet normal 0 0 1
    outer loop
      vertex 75.3145 -6.7781 4
      vertex 74.0257 -6.60842 4
      vertex 75.3 -7 4
    endloop
  endfacet
  facet normal 0 0 1
    outer loop
      vertex 75.3579 -7.43999 4
      vertex 74.1022 -7.77646 4
      vertex 74.2284 -8.14805 4
    endloop
  endfacet
  facet normal 0 0 1
    outer loop
      vertex 74 -7 4
      vertex 75.3 -7 4
      vertex 74.0257 -6.60842 4
    endloop
  endfacet
  facet normal 0 0 1
    outer loop
      vertex 75.3145 -7.22189 4
      vertex 74.0257 -7.39158 4
      vertex 74.1022 -7.77646 4
    endloop
  endfacet
  facet normal 0 0 1
    outer loop
      vertex 75.3 -7 4
      vertex 74 -7 4
      vertex 74.0257 -7.39158 4
    endloop
  endfacet
  facet normal -0.896936 0.44216 0
    outer loop
      vertex 74.2284 -5.85195 2
      vertex 74.4019 -5.5 4
      vertex 74.4019 -5.5 2
    endloop
  endfacet
  facet normal -0.896936 0.44216 0
    outer loop
      vertex 74.4019 -5.5 4
      vertex 74.2284 -5.85195 2
      vertex 74.2284 -5.85195 4
    endloop
  endfacet
  facet normal -0.0654112 0.997858 0
    outer loop
      vertex 77 -4 2
      vertex 76.6084 -4.02567 4
      vertex 77 -4 4
    endloop
  endfacet
  facet normal -0.0654112 0.997858 0
    outer loop
      vertex 76.6084 -4.02567 4
      vertex 77 -4 2
      vertex 76.6084 -4.02567 2
    endloop
  endfacet
  facet normal 0.751768 -0.659428 0
    outer loop
      vertex 79.1213 -9.12132 4
      vertex 79.3801 -8.82628 2
      vertex 79.3801 -8.82628 4
    endloop
  endfacet
  facet normal 0.751768 -0.659428 0
    outer loop
      vertex 79.3801 -8.82628 2
      vertex 79.1213 -9.12132 4
      vertex 79.1213 -9.12132 2
    endloop
  endfacet
  facet normal -0.555558 -0.831477 0
    outer loop
      vertex 75.1737 -9.38006 2
      vertex 75.5 -9.59808 4
      vertex 75.1737 -9.38006 4
    endloop
  endfacet
  facet normal -0.555558 -0.831477 -0
    outer loop
      vertex 75.5 -9.59808 4
      vertex 75.1737 -9.38006 2
      vertex 75.5 -9.59808 2
    endloop
  endfacet
  facet normal 0.946882 -0.321582 0
    outer loop
      vertex 79.7716 -8.14805 4
      vertex 79.8978 -7.77646 2
      vertex 79.8978 -7.77646 4
    endloop
  endfacet
  facet normal 0.946882 -0.321582 0
    outer loop
      vertex 79.8978 -7.77646 2
      vertex 79.7716 -8.14805 4
      vertex 79.7716 -8.14805 2
    endloop
  endfacet
  facet normal 0.321514 0.946905 -0
    outer loop
      vertex 78.148 -4.22836 2
      vertex 77.7765 -4.10222 4
      vertex 78.148 -4.22836 4
    endloop
  endfacet
  facet normal 0.321514 0.946905 0
    outer loop
      vertex 77.7765 -4.10222 4
      vertex 78.148 -4.22836 2
      vertex 77.7765 -4.10222 2
    endloop
  endfacet
  facet normal 0.442233 0.8969 -0
    outer loop
      vertex 78.5 -4.40192 2
      vertex 78.148 -4.22836 4
      vertex 78.5 -4.40192 4
    endloop
  endfacet
  facet normal 0.442233 0.8969 0
    outer loop
      vertex 78.148 -4.22836 4
      vertex 78.5 -4.40192 2
      vertex 78.148 -4.22836 2
    endloop
  endfacet
  facet normal -0.195062 0.980791 0
    outer loop
      vertex 76.6084 -4.02567 2
      vertex 76.2235 -4.10222 4
      vertex 76.6084 -4.02567 4
    endloop
  endfacet
  facet normal -0.195062 0.980791 0
    outer loop
      vertex 76.2235 -4.10222 4
      vertex 76.6084 -4.02567 2
      vertex 76.2235 -4.10222 2
    endloop
  endfacet
  facet normal 0.195062 -0.980791 0
    outer loop
      vertex 77.3916 -9.97433 2
      vertex 77.7765 -9.89778 4
      vertex 77.3916 -9.97433 4
    endloop
  endfacet
  facet normal 0.195062 -0.980791 0
    outer loop
      vertex 77.7765 -9.89778 4
      vertex 77.3916 -9.97433 2
      vertex 77.7765 -9.89778 2
    endloop
  endfacet
  facet normal -0.442233 0.8969 0
    outer loop
      vertex 75.852 -4.22836 2
      vertex 75.5 -4.40192 4
      vertex 75.852 -4.22836 4
    endloop
  endfacet
  facet normal -0.442233 0.8969 0
    outer loop
      vertex 75.5 -4.40192 4
      vertex 75.852 -4.22836 2
      vertex 75.5 -4.40192 2
    endloop
  endfacet
  facet normal -0.946882 -0.321582 0
    outer loop
      vertex 74.2284 -8.14805 2
      vertex 74.1022 -7.77646 4
      vertex 74.1022 -7.77646 2
    endloop
  endfacet
  facet normal -0.946882 -0.321582 0
    outer loop
      vertex 74.1022 -7.77646 4
      vertex 74.2284 -8.14805 2
      vertex 74.2284 -8.14805 4
    endloop
  endfacet
  facet normal -0.946858 0.321651 0
    outer loop
      vertex 74.1022 -92.2235 2
      vertex 74.2284 -91.852 4
      vertex 74.2284 -91.852 2
    endloop
  endfacet
  facet normal -0.946858 0.321651 0
    outer loop
      vertex 74.2284 -91.852 4
      vertex 74.1022 -92.2235 2
      vertex 74.1022 -92.2235 4
    endloop
  endfacet
  facet normal 0.19494 0.980815 -0
    outer loop
      vertex 77.7765 -90.1022 2
      vertex 77.3916 -90.0257 4
      vertex 77.7765 -90.1022 4
    endloop
  endfacet
  facet normal 0.19494 0.980815 0
    outer loop
      vertex 77.3916 -90.0257 4
      vertex 77.7765 -90.1022 2
      vertex 77.3916 -90.0257 2
    endloop
  endfacet
  facet normal 0.980815 -0.19494 0
    outer loop
      vertex 79.8978 -93.7765 4
      vertex 79.9743 -93.3916 2
      vertex 79.9743 -93.3916 4
    endloop
  endfacet
  facet normal 0.980815 -0.19494 0
    outer loop
      vertex 79.9743 -93.3916 2
      vertex 79.8978 -93.7765 4
      vertex 79.8978 -93.7765 2
    endloop
  endfacet
  facet normal 0.997853 -0.0654873 0
    outer loop
      vertex 79.9743 -93.3916 4
      vertex 80 -93 2
      vertex 80 -93 4
    endloop
  endfacet
  facet normal 0.997853 -0.0654873 0
    outer loop
      vertex 80 -93 2
      vertex 79.9743 -93.3916 4
      vertex 79.9743 -93.3916 2
    endloop
  endfacet
  facet normal -0.44211 -0.896961 0
    outer loop
      vertex 75.5 -95.5981 2
      vertex 75.852 -95.7716 4
      vertex 75.5 -95.5981 4
    endloop
  endfacet
  facet normal -0.44211 -0.896961 -0
    outer loop
      vertex 75.852 -95.7716 4
      vertex 75.5 -95.5981 2
      vertex 75.852 -95.7716 2
    endloop
  endfacet
  facet normal 0.946858 -0.321651 0
    outer loop
      vertex 79.7716 -94.148 4
      vertex 79.8978 -93.7765 2
      vertex 79.8978 -93.7765 4
    endloop
  endfacet
  facet normal 0.946858 -0.321651 0
    outer loop
      vertex 79.8978 -93.7765 2
      vertex 79.7716 -94.148 4
      vertex 79.7716 -94.148 2
    endloop
  endfacet
  facet normal 0.896961 0.44211 0
    outer loop
      vertex 79.7716 -91.852 4
      vertex 79.5981 -91.5 2
      vertex 79.5981 -91.5 4
    endloop
  endfacet
  facet normal 0.896961 0.44211 0
    outer loop
      vertex 79.5981 -91.5 2
      vertex 79.7716 -91.852 4
      vertex 79.7716 -91.852 2
    endloop
  endfacet
  facet normal 0.997853 0.0654873 0
    outer loop
      vertex 80 -93 4
      vertex 79.9743 -92.6084 2
      vertex 79.9743 -92.6084 4
    endloop
  endfacet
  facet normal 0.997853 0.0654873 0
    outer loop
      vertex 79.9743 -92.6084 2
      vertex 80 -93 4
      vertex 80 -93 2
    endloop
  endfacet
  facet normal 0.659478 -0.751724 0
    outer loop
      vertex 78.8263 -95.3801 2
      vertex 79.1213 -95.1213 4
      vertex 78.8263 -95.3801 4
    endloop
  endfacet
  facet normal 0.659478 -0.751724 0
    outer loop
      vertex 79.1213 -95.1213 4
      vertex 78.8263 -95.3801 2
      vertex 79.1213 -95.1213 2
    endloop
  endfacet
  facet normal -0.659478 -0.751724 0
    outer loop
      vertex 74.8787 -95.1213 2
      vertex 75.1737 -95.3801 4
      vertex 74.8787 -95.1213 4
    endloop
  endfacet
  facet normal -0.659478 -0.751724 -0
    outer loop
      vertex 75.1737 -95.3801 4
      vertex 74.8787 -95.1213 2
      vertex 75.1737 -95.3801 2
    endloop
  endfacet
  facet normal 0.0654873 -0.997853 0
    outer loop
      vertex 77 -96 2
      vertex 77.3916 -95.9743 4
      vertex 77 -96 4
    endloop
  endfacet
  facet normal 0.0654873 -0.997853 0
    outer loop
      vertex 77.3916 -95.9743 4
      vertex 77 -96 2
      vertex 77.3916 -95.9743 2
    endloop
  endfacet
  facet normal -0.997853 -0.0654873 0
    outer loop
      vertex 74.0257 -93.3916 2
      vertex 74 -93 4
      vertex 74 -93 2
    endloop
  endfacet
  facet normal -0.997853 -0.0654873 0
    outer loop
      vertex 74 -93 4
      vertex 74.0257 -93.3916 2
      vertex 74.0257 -93.3916 4
    endloop
  endfacet
  facet normal -0.751724 0.659478 0
    outer loop
      vertex 74.6199 -91.1737 2
      vertex 74.8787 -90.8787 4
      vertex 74.8787 -90.8787 2
    endloop
  endfacet
  facet normal -0.751724 0.659478 0
    outer loop
      vertex 74.8787 -90.8787 4
      vertex 74.6199 -91.1737 2
      vertex 74.6199 -91.1737 4
    endloop
  endfacet
  facet normal -0.980815 0.19494 0
    outer loop
      vertex 74.0257 -92.6084 2
      vertex 74.1022 -92.2235 4
      vertex 74.1022 -92.2235 2
    endloop
  endfacet
  facet normal -0.980815 0.19494 0
    outer loop
      vertex 74.1022 -92.2235 4
      vertex 74.0257 -92.6084 2
      vertex 74.0257 -92.6084 4
    endloop
  endfacet
  facet normal 0.831501 0.555523 0
    outer loop
      vertex 79.5981 -91.5 4
      vertex 79.3801 -91.1737 2
      vertex 79.3801 -91.1737 4
    endloop
  endfacet
  facet normal 0.831501 0.555523 0
    outer loop
      vertex 79.3801 -91.1737 2
      vertex 79.5981 -91.5 4
      vertex 79.5981 -91.5 2
    endloop
  endfacet
  facet normal -0.896961 -0.44211 0
    outer loop
      vertex 74.4019 -94.5 2
      vertex 74.2284 -94.148 4
      vertex 74.2284 -94.148 2
    endloop
  endfacet
  facet normal -0.896961 -0.44211 0
    outer loop
      vertex 74.2284 -94.148 4
      vertex 74.4019 -94.5 2
      vertex 74.4019 -94.5 4
    endloop
  endfacet
  facet normal -0.831501 0.555523 0
    outer loop
      vertex 74.4019 -91.5 2
      vertex 74.6199 -91.1737 4
      vertex 74.6199 -91.1737 2
    endloop
  endfacet
  facet normal -0.831501 0.555523 0
    outer loop
      vertex 74.6199 -91.1737 4
      vertex 74.4019 -91.5 2
      vertex 74.4019 -91.5 4
    endloop
  endfacet
  facet normal -0.831501 -0.555523 0
    outer loop
      vertex 74.6199 -94.8263 2
      vertex 74.4019 -94.5 4
      vertex 74.4019 -94.5 2
    endloop
  endfacet
  facet normal -0.831501 -0.555523 0
    outer loop
      vertex 74.4019 -94.5 4
      vertex 74.6199 -94.8263 2
      vertex 74.6199 -94.8263 4
    endloop
  endfacet
  facet normal -0.0654873 -0.997853 0
    outer loop
      vertex 76.6084 -95.9743 2
      vertex 77 -96 4
      vertex 76.6084 -95.9743 4
    endloop
  endfacet
  facet normal -0.0654873 -0.997853 -0
    outer loop
      vertex 77 -96 4
      vertex 76.6084 -95.9743 2
      vertex 77 -96 2
    endloop
  endfacet
  facet normal -0.321651 0.946858 0
    outer loop
      vertex 76.2235 -90.1022 2
      vertex 75.852 -90.2284 4
      vertex 76.2235 -90.1022 4
    endloop
  endfacet
  facet normal -0.321651 0.946858 0
    outer loop
      vertex 75.852 -90.2284 4
      vertex 76.2235 -90.1022 2
      vertex 75.852 -90.2284 2
    endloop
  endfacet
  facet normal 0.44211 -0.896961 0
    outer loop
      vertex 78.148 -95.7716 2
      vertex 78.5 -95.5981 4
      vertex 78.148 -95.7716 4
    endloop
  endfacet
  facet normal 0.44211 -0.896961 0
    outer loop
      vertex 78.5 -95.5981 4
      vertex 78.148 -95.7716 2
      vertex 78.5 -95.5981 2
    endloop
  endfacet
  facet normal 0.0654873 0.997853 -0
    outer loop
      vertex 77.3916 -90.0257 2
      vertex 77 -90 4
      vertex 77.3916 -90.0257 4
    endloop
  endfacet
  facet normal 0.0654873 0.997853 0
    outer loop
      vertex 77 -90 4
      vertex 77.3916 -90.0257 2
      vertex 77 -90 2
    endloop
  endfacet
  facet normal 0.555523 0.831501 -0
    outer loop
      vertex 78.8263 -90.6199 2
      vertex 78.5 -90.4019 4
      vertex 78.8263 -90.6199 4
    endloop
  endfacet
  facet normal 0.555523 0.831501 0
    outer loop
      vertex 78.5 -90.4019 4
      vertex 78.8263 -90.6199 2
      vertex 78.5 -90.4019 2
    endloop
  endfacet
  facet normal 0.980815 0.19494 0
    outer loop
      vertex 79.9743 -92.6084 4
      vertex 79.8978 -92.2235 2
      vertex 79.8978 -92.2235 4
    endloop
  endfacet
  facet normal 0.980815 0.19494 0
    outer loop
      vertex 79.8978 -92.2235 2
      vertex 79.9743 -92.6084 4
      vertex 79.9743 -92.6084 2
    endloop
  endfacet
  facet normal -0.751724 -0.659478 0
    outer loop
      vertex 74.8787 -95.1213 2
      vertex 74.6199 -94.8263 4
      vertex 74.6199 -94.8263 2
    endloop
  endfacet
  facet normal -0.751724 -0.659478 0
    outer loop
      vertex 74.6199 -94.8263 4
      vertex 74.8787 -95.1213 2
      vertex 74.8787 -95.1213 4
    endloop
  endfacet
  facet normal -0.980815 -0.19494 0
    outer loop
      vertex 74.1022 -93.7765 2
      vertex 74.0257 -93.3916 4
      vertex 74.0257 -93.3916 2
    endloop
  endfacet
  facet normal -0.980815 -0.19494 0
    outer loop
      vertex 74.0257 -93.3916 4
      vertex 74.1022 -93.7765 2
      vertex 74.1022 -93.7765 4
    endloop
  endfacet
  facet normal 0.831501 -0.555523 0
    outer loop
      vertex 79.3801 -94.8263 4
      vertex 79.5981 -94.5 2
      vertex 79.5981 -94.5 4
    endloop
  endfacet
  facet normal 0.831501 -0.555523 0
    outer loop
      vertex 79.5981 -94.5 2
      vertex 79.3801 -94.8263 4
      vertex 79.3801 -94.8263 2
    endloop
  endfacet
  facet normal 0.555523 -0.831501 0
    outer loop
      vertex 78.5 -95.5981 2
      vertex 78.8263 -95.3801 4
      vertex 78.5 -95.5981 4
    endloop
  endfacet
  facet normal 0.555523 -0.831501 0
    outer loop
      vertex 78.8263 -95.3801 4
      vertex 78.5 -95.5981 2
      vertex 78.8263 -95.3801 2
    endloop
  endfacet
  facet normal -0.997853 0.0654873 0
    outer loop
      vertex 74 -93 2
      vertex 74.0257 -92.6084 4
      vertex 74.0257 -92.6084 2
    endloop
  endfacet
  facet normal -0.997853 0.0654873 0
    outer loop
      vertex 74.0257 -92.6084 4
      vertex 74 -93 2
      vertex 74 -93 4
    endloop
  endfacet
  facet normal 0.321651 -0.946858 0
    outer loop
      vertex 77.7765 -95.8978 2
      vertex 78.148 -95.7716 4
      vertex 77.7765 -95.8978 4
    endloop
  endfacet
  facet normal 0.321651 -0.946858 0
    outer loop
      vertex 78.148 -95.7716 4
      vertex 77.7765 -95.8978 2
      vertex 78.148 -95.7716 2
    endloop
  endfacet
  facet normal 0.659478 0.751724 -0
    outer loop
      vertex 79.1213 -90.8787 2
      vertex 78.8263 -90.6199 4
      vertex 79.1213 -90.8787 4
    endloop
  endfacet
  facet normal 0.659478 0.751724 0
    outer loop
      vertex 78.8263 -90.6199 4
      vertex 79.1213 -90.8787 2
      vertex 78.8263 -90.6199 2
    endloop
  endfacet
  facet normal -0.19494 -0.980815 0
    outer loop
      vertex 76.2235 -95.8978 2
      vertex 76.6084 -95.9743 4
      vertex 76.2235 -95.8978 4
    endloop
  endfacet
  facet normal -0.19494 -0.980815 -0
    outer loop
      vertex 76.6084 -95.9743 4
      vertex 76.2235 -95.8978 2
      vertex 76.6084 -95.9743 2
    endloop
  endfacet
  facet normal 0.896961 -0.44211 0
    outer loop
      vertex 79.5981 -94.5 4
      vertex 79.7716 -94.148 2
      vertex 79.7716 -94.148 4
    endloop
  endfacet
  facet normal 0.896961 -0.44211 0
    outer loop
      vertex 79.7716 -94.148 2
      vertex 79.5981 -94.5 4
      vertex 79.5981 -94.5 2
    endloop
  endfacet
  facet normal -0.555523 0.831501 0
    outer loop
      vertex 75.5 -90.4019 2
      vertex 75.1737 -90.6199 4
      vertex 75.5 -90.4019 4
    endloop
  endfacet
  facet normal -0.555523 0.831501 0
    outer loop
      vertex 75.1737 -90.6199 4
      vertex 75.5 -90.4019 2
      vertex 75.1737 -90.6199 2
    endloop
  endfacet
  facet normal -0.659478 0.751724 0
    outer loop
      vertex 75.1737 -90.6199 2
      vertex 74.8787 -90.8787 4
      vertex 75.1737 -90.6199 4
    endloop
  endfacet
  facet normal -0.659478 0.751724 0
    outer loop
      vertex 74.8787 -90.8787 4
      vertex 75.1737 -90.6199 2
      vertex 74.8787 -90.8787 2
    endloop
  endfacet
  facet normal 0.751724 0.659478 0
    outer loop
      vertex 79.3801 -91.1737 4
      vertex 79.1213 -90.8787 2
      vertex 79.1213 -90.8787 4
    endloop
  endfacet
  facet normal 0.751724 0.659478 0
    outer loop
      vertex 79.1213 -90.8787 2
      vertex 79.3801 -91.1737 4
      vertex 79.3801 -91.1737 2
    endloop
  endfacet
  facet normal 0 0 1
    outer loop
      vertex 78.7 -93 4
      vertex 80 -93 4
      vertex 79.9743 -92.6084 4
    endloop
  endfacet
  facet normal 0 0 1
    outer loop
      vertex 78.6855 -92.7781 4
      vertex 79.9743 -92.6084 4
      vertex 79.8978 -92.2235 4
    endloop
  endfacet
  facet normal 0 0 1
    outer loop
      vertex 80 -93 4
      vertex 78.7 -93 4
      vertex 79.9743 -93.3916 4
    endloop
  endfacet
  facet normal 0 0 1
    outer loop
      vertex 78.6421 -92.56 4
      vertex 79.8978 -92.2235 4
      vertex 79.7716 -91.852 4
    endloop
  endfacet
  facet normal -0 0 1
    outer loop
      vertex 78.6855 -93.2219 4
      vertex 79.9743 -93.3916 4
      vertex 78.7 -93 4
    endloop
  endfacet
  facet normal 0 0 1
    outer loop
      vertex 78.5706 -92.3494 4
      vertex 79.7716 -91.852 4
      vertex 79.5981 -91.5 4
    endloop
  endfacet
  facet normal 0 0 1
    outer loop
      vertex 79.9743 -93.3916 4
      vertex 78.6855 -93.2219 4
      vertex 79.8978 -93.7765 4
    endloop
  endfacet
  facet normal 0 0 1
    outer loop
      vertex 78.4722 -92.15 4
      vertex 79.5981 -91.5 4
      vertex 79.3801 -91.1737 4
    endloop
  endfacet
  facet normal -0 0 1
    outer loop
      vertex 78.6421 -93.44 4
      vertex 79.8978 -93.7765 4
      vertex 78.6855 -93.2219 4
    endloop
  endfacet
  facet normal 0 0 1
    outer loop
      vertex 78.3487 -91.9651 4
      vertex 79.3801 -91.1737 4
      vertex 79.1213 -90.8787 4
    endloop
  endfacet
  facet normal 0 0 1
    outer loop
      vertex 79.8978 -93.7765 4
      vertex 78.6421 -93.44 4
      vertex 79.7716 -94.148 4
    endloop
  endfacet
  facet normal 0 0 1
    outer loop
      vertex 78.2021 -91.7979 4
      vertex 79.1213 -90.8787 4
      vertex 78.8263 -90.6199 4
    endloop
  endfacet
  facet normal -0 0 1
    outer loop
      vertex 78.5706 -93.6506 4
      vertex 79.7716 -94.148 4
      vertex 78.6421 -93.44 4
    endloop
  endfacet
  facet normal 0 0 1
    outer loop
      vertex 79.7716 -94.148 4
      vertex 78.5706 -93.6506 4
      vertex 79.5981 -94.5 4
    endloop
  endfacet
  facet normal 0 0 1
    outer loop
      vertex 79.9743 -92.6084 4
      vertex 78.6855 -92.7781 4
      vertex 78.7 -93 4
    endloop
  endfacet
  facet normal 0 0 1
    outer loop
      vertex 79.8978 -92.2235 4
      vertex 78.6421 -92.56 4
      vertex 78.6855 -92.7781 4
    endloop
  endfacet
  facet normal 0 0 1
    outer loop
      vertex 79.7716 -91.852 4
      vertex 78.5706 -92.3494 4
      vertex 78.6421 -92.56 4
    endloop
  endfacet
  facet normal 0 0 1
    outer loop
      vertex 78.0349 -91.6513 4
      vertex 78.8263 -90.6199 4
      vertex 78.5 -90.4019 4
    endloop
  endfacet
  facet normal 0 0 1
    outer loop
      vertex 79.5981 -91.5 4
      vertex 78.4722 -92.15 4
      vertex 78.5706 -92.3494 4
    endloop
  endfacet
  facet normal 0 0 1
    outer loop
      vertex 79.3801 -91.1737 4
      vertex 78.3487 -91.9651 4
      vertex 78.4722 -92.15 4
    endloop
  endfacet
  facet normal 0 0 1
    outer loop
      vertex 79.1213 -90.8787 4
      vertex 78.2021 -91.7979 4
      vertex 78.3487 -91.9651 4
    endloop
  endfacet
  facet normal 0 0 1
    outer loop
      vertex 77.85 -91.5278 4
      vertex 78.5 -90.4019 4
      vertex 78.148 -90.2284 4
    endloop
  endfacet
  facet normal 0 0 1
    outer loop
      vertex 78.8263 -90.6199 4
      vertex 78.0349 -91.6513 4
      vertex 78.2021 -91.7979 4
    endloop
  endfacet
  facet normal 0 0 1
    outer loop
      vertex 78.5 -90.4019 4
      vertex 77.85 -91.5278 4
      vertex 78.0349 -91.6513 4
    endloop
  endfacet
  facet normal 0 0 1
    outer loop
      vertex 77.6506 -91.4294 4
      vertex 78.148 -90.2284 4
      vertex 77.7765 -90.1022 4
    endloop
  endfacet
  facet normal 0 0 1
    outer loop
      vertex 78.148 -90.2284 4
      vertex 77.6506 -91.4294 4
      vertex 77.85 -91.5278 4
    endloop
  endfacet
  facet normal 0 0 1
    outer loop
      vertex 77.7765 -90.1022 4
      vertex 77.44 -91.3579 4
      vertex 77.6506 -91.4294 4
    endloop
  endfacet
  facet normal 0 0 1
    outer loop
      vertex 77.3916 -90.0257 4
      vertex 77.44 -91.3579 4
      vertex 77.7765 -90.1022 4
    endloop
  endfacet
  facet normal 0 0 1
    outer loop
      vertex 77.3916 -90.0257 4
      vertex 77.2219 -91.3145 4
      vertex 77.44 -91.3579 4
    endloop
  endfacet
  facet normal 0 0 1
    outer loop
      vertex 77 -90 4
      vertex 77.2219 -91.3145 4
      vertex 77.3916 -90.0257 4
    endloop
  endfacet
  facet normal 0 0 1
    outer loop
      vertex 77 -90 4
      vertex 77 -91.3 4
      vertex 77.2219 -91.3145 4
    endloop
  endfacet
  facet normal 0 0 1
    outer loop
      vertex 77 -90 4
      vertex 76.7781 -91.3145 4
      vertex 77 -91.3 4
    endloop
  endfacet
  facet normal -0 0 1
    outer loop
      vertex 76.6084 -90.0257 4
      vertex 76.7781 -91.3145 4
      vertex 77 -90 4
    endloop
  endfacet
  facet normal 0 0 1
    outer loop
      vertex 76.6084 -90.0257 4
      vertex 76.56 -91.3579 4
      vertex 76.7781 -91.3145 4
    endloop
  endfacet
  facet normal -0 0 1
    outer loop
      vertex 76.2235 -90.1022 4
      vertex 76.56 -91.3579 4
      vertex 76.6084 -90.0257 4
    endloop
  endfacet
  facet normal 0 0 1
    outer loop
      vertex 76.56 -91.3579 4
      vertex 76.2235 -90.1022 4
      vertex 76.3494 -91.4294 4
    endloop
  endfacet
  facet normal -0 0 1
    outer loop
      vertex 75.852 -90.2284 4
      vertex 76.3494 -91.4294 4
      vertex 76.2235 -90.1022 4
    endloop
  endfacet
  facet normal 0 0 1
    outer loop
      vertex 76.3494 -91.4294 4
      vertex 75.852 -90.2284 4
      vertex 76.15 -91.5278 4
    endloop
  endfacet
  facet normal -0 0 1
    outer loop
      vertex 75.5 -90.4019 4
      vertex 76.15 -91.5278 4
      vertex 75.852 -90.2284 4
    endloop
  endfacet
  facet normal 0 0 1
    outer loop
      vertex 76.15 -91.5278 4
      vertex 75.5 -90.4019 4
      vertex 75.9651 -91.6513 4
    endloop
  endfacet
  facet normal -0 0 1
    outer loop
      vertex 75.1737 -90.6199 4
      vertex 75.9651 -91.6513 4
      vertex 75.5 -90.4019 4
    endloop
  endfacet
  facet normal 0 0 1
    outer loop
      vertex 75.9651 -91.6513 4
      vertex 75.1737 -90.6199 4
      vertex 75.7979 -91.7979 4
    endloop
  endfacet
  facet normal -0 0 1
    outer loop
      vertex 74.8787 -90.8787 4
      vertex 75.7979 -91.7979 4
      vertex 75.1737 -90.6199 4
    endloop
  endfacet
  facet normal 0 0 1
    outer loop
      vertex 75.7979 -91.7979 4
      vertex 74.8787 -90.8787 4
      vertex 75.6513 -91.9651 4
    endloop
  endfacet
  facet normal -0 0 1
    outer loop
      vertex 74.6199 -91.1737 4
      vertex 75.6513 -91.9651 4
      vertex 74.8787 -90.8787 4
    endloop
  endfacet
  facet normal 0 0 1
    outer loop
      vertex 75.6513 -91.9651 4
      vertex 74.6199 -91.1737 4
      vertex 75.5278 -92.15 4
    endloop
  endfacet
  facet normal 0 0 1
    outer loop
      vertex 75.5278 -92.15 4
      vertex 74.4019 -91.5 4
      vertex 75.4294 -92.3494 4
    endloop
  endfacet
  facet normal -0 0 1
    outer loop
      vertex 74.4019 -91.5 4
      vertex 75.5278 -92.15 4
      vertex 74.6199 -91.1737 4
    endloop
  endfacet
  facet normal -0 0 1
    outer loop
      vertex 78.4722 -93.85 4
      vertex 79.5981 -94.5 4
      vertex 78.5706 -93.6506 4
    endloop
  endfacet
  facet normal 0 0 1
    outer loop
      vertex 79.5981 -94.5 4
      vertex 78.4722 -93.85 4
      vertex 79.3801 -94.8263 4
    endloop
  endfacet
  facet normal -0 0 1
    outer loop
      vertex 78.3487 -94.0349 4
      vertex 79.3801 -94.8263 4
      vertex 78.4722 -93.85 4
    endloop
  endfacet
  facet normal 0 0 1
    outer loop
      vertex 79.3801 -94.8263 4
      vertex 78.3487 -94.0349 4
      vertex 79.1213 -95.1213 4
    endloop
  endfacet
  facet normal -0 0 1
    outer loop
      vertex 78.2021 -94.2021 4
      vertex 79.1213 -95.1213 4
      vertex 78.3487 -94.0349 4
    endloop
  endfacet
  facet normal 0 0 1
    outer loop
      vertex 79.1213 -95.1213 4
      vertex 78.2021 -94.2021 4
      vertex 78.8263 -95.3801 4
    endloop
  endfacet
  facet normal -0 0 1
    outer loop
      vertex 78.0349 -94.3487 4
      vertex 78.8263 -95.3801 4
      vertex 78.2021 -94.2021 4
    endloop
  endfacet
  facet normal 0 0 1
    outer loop
      vertex 78.8263 -95.3801 4
      vertex 78.0349 -94.3487 4
      vertex 78.5 -95.5981 4
    endloop
  endfacet
  facet normal -0 0 1
    outer loop
      vertex 77.85 -94.4722 4
      vertex 78.5 -95.5981 4
      vertex 78.0349 -94.3487 4
    endloop
  endfacet
  facet normal 0 0 1
    outer loop
      vertex 78.5 -95.5981 4
      vertex 77.85 -94.4722 4
      vertex 78.148 -95.7716 4
    endloop
  endfacet
  facet normal -0 0 1
    outer loop
      vertex 77.6506 -94.5706 4
      vertex 78.148 -95.7716 4
      vertex 77.85 -94.4722 4
    endloop
  endfacet
  facet normal 0 0 1
    outer loop
      vertex 78.148 -95.7716 4
      vertex 77.6506 -94.5706 4
      vertex 77.7765 -95.8978 4
    endloop
  endfacet
  facet normal -0 0 1
    outer loop
      vertex 77.44 -94.6421 4
      vertex 77.7765 -95.8978 4
      vertex 77.6506 -94.5706 4
    endloop
  endfacet
  facet normal 0 0 1
    outer loop
      vertex 77.44 -94.6421 4
      vertex 77.3916 -95.9743 4
      vertex 77.7765 -95.8978 4
    endloop
  endfacet
  facet normal -0 0 1
    outer loop
      vertex 77.2219 -94.6855 4
      vertex 77.3916 -95.9743 4
      vertex 77.44 -94.6421 4
    endloop
  endfacet
  facet normal -0 0 1
    outer loop
      vertex 77 -94.7 4
      vertex 77.3916 -95.9743 4
      vertex 77.2219 -94.6855 4
    endloop
  endfacet
  facet normal 0 0 1
    outer loop
      vertex 77 -94.7 4
      vertex 77 -96 4
      vertex 77.3916 -95.9743 4
    endloop
  endfacet
  facet normal 0 0 1
    outer loop
      vertex 76.7781 -94.6855 4
      vertex 77 -96 4
      vertex 77 -94.7 4
    endloop
  endfacet
  facet normal 0 0 1
    outer loop
      vertex 76.7781 -94.6855 4
      vertex 76.6084 -95.9743 4
      vertex 77 -96 4
    endloop
  endfacet
  facet normal 0 0 1
    outer loop
      vertex 76.56 -94.6421 4
      vertex 76.6084 -95.9743 4
      vertex 76.7781 -94.6855 4
    endloop
  endfacet
  facet normal 0 0 1
    outer loop
      vertex 76.2235 -95.8978 4
      vertex 76.56 -94.6421 4
      vertex 76.3494 -94.5706 4
    endloop
  endfacet
  facet normal 0 0 1
    outer loop
      vertex 76.56 -94.6421 4
      vertex 76.2235 -95.8978 4
      vertex 76.6084 -95.9743 4
    endloop
  endfacet
  facet normal 0 0 1
    outer loop
      vertex 75.852 -95.7716 4
      vertex 76.3494 -94.5706 4
      vertex 76.15 -94.4722 4
    endloop
  endfacet
  facet normal 0 0 1
    outer loop
      vertex 75.5 -95.5981 4
      vertex 76.15 -94.4722 4
      vertex 75.9651 -94.3487 4
    endloop
  endfacet
  facet normal 0 0 1
    outer loop
      vertex 76.3494 -94.5706 4
      vertex 75.852 -95.7716 4
      vertex 76.2235 -95.8978 4
    endloop
  endfacet
  facet normal 0 0 1
    outer loop
      vertex 75.1737 -95.3801 4
      vertex 75.9651 -94.3487 4
      vertex 75.7979 -94.2021 4
    endloop
  endfacet
  facet normal 0 0 1
    outer loop
      vertex 74.8787 -95.1213 4
      vertex 75.7979 -94.2021 4
      vertex 75.6513 -94.0349 4
    endloop
  endfacet
  facet normal 0 0 1
    outer loop
      vertex 74.6199 -94.8263 4
      vertex 75.6513 -94.0349 4
      vertex 75.5278 -93.85 4
    endloop
  endfacet
  facet normal 0 0 1
    outer loop
      vertex 76.15 -94.4722 4
      vertex 75.5 -95.5981 4
      vertex 75.852 -95.7716 4
    endloop
  endfacet
  facet normal 0 0 1
    outer loop
      vertex 74.4019 -94.5 4
      vertex 75.5278 -93.85 4
      vertex 75.4294 -93.6506 4
    endloop
  endfacet
  facet normal 0 0 1
    outer loop
      vertex 74.2284 -94.148 4
      vertex 75.4294 -93.6506 4
      vertex 75.3579 -93.44 4
    endloop
  endfacet
  facet normal 0 0 1
    outer loop
      vertex 74.1022 -93.7765 4
      vertex 75.3579 -93.44 4
      vertex 75.3145 -93.2219 4
    endloop
  endfacet
  facet normal 0 0 1
    outer loop
      vertex 75.9651 -94.3487 4
      vertex 75.1737 -95.3801 4
      vertex 75.5 -95.5981 4
    endloop
  endfacet
  facet normal 0 0 1
    outer loop
      vertex 74.0257 -93.3916 4
      vertex 75.3145 -93.2219 4
      vertex 75.3 -93 4
    endloop
  endfacet
  facet normal -0 0 1
    outer loop
      vertex 74.2284 -91.852 4
      vertex 75.4294 -92.3494 4
      vertex 74.4019 -91.5 4
    endloop
  endfacet
  facet normal 0 0 1
    outer loop
      vertex 75.4294 -92.3494 4
      vertex 74.2284 -91.852 4
      vertex 75.3579 -92.56 4
    endloop
  endfacet
  facet normal 0 0 1
    outer loop
      vertex 75.7979 -94.2021 4
      vertex 74.8787 -95.1213 4
      vertex 75.1737 -95.3801 4
    endloop
  endfacet
  facet normal -0 0 1
    outer loop
      vertex 74.1022 -92.2235 4
      vertex 75.3579 -92.56 4
      vertex 74.2284 -91.852 4
    endloop
  endfacet
  facet normal 0 0 1
    outer loop
      vertex 75.6513 -94.0349 4
      vertex 74.6199 -94.8263 4
      vertex 74.8787 -95.1213 4
    endloop
  endfacet
  facet normal 0 0 1
    outer loop
      vertex 75.3579 -92.56 4
      vertex 74.1022 -92.2235 4
      vertex 75.3145 -92.7781 4
    endloop
  endfacet
  facet normal 0 0 1
    outer loop
      vertex 75.5278 -93.85 4
      vertex 74.4019 -94.5 4
      vertex 74.6199 -94.8263 4
    endloop
  endfacet
  facet normal -0 0 1
    outer loop
      vertex 74.0257 -92.6084 4
      vertex 75.3145 -92.7781 4
      vertex 74.1022 -92.2235 4
    endloop
  endfacet
  facet normal 0 0 1
    outer loop
      vertex 75.4294 -93.6506 4
      vertex 74.2284 -94.148 4
      vertex 74.4019 -94.5 4
    endloop
  endfacet
  facet normal 0 0 1
    outer loop
      vertex 75.3145 -92.7781 4
      vertex 74.0257 -92.6084 4
      vertex 75.3 -93 4
    endloop
  endfacet
  facet normal 0 0 1
    outer loop
      vertex 75.3579 -93.44 4
      vertex 74.1022 -93.7765 4
      vertex 74.2284 -94.148 4
    endloop
  endfacet
  facet normal 0 0 1
    outer loop
      vertex 74 -93 4
      vertex 75.3 -93 4
      vertex 74.0257 -92.6084 4
    endloop
  endfacet
  facet normal 0 0 1
    outer loop
      vertex 75.3145 -93.2219 4
      vertex 74.0257 -93.3916 4
      vertex 74.1022 -93.7765 4
    endloop
  endfacet
  facet normal 0 0 1
    outer loop
      vertex 75.3 -93 4
      vertex 74 -93 4
      vertex 74.0257 -93.3916 4
    endloop
  endfacet
  facet normal -0.896961 0.44211 0
    outer loop
      vertex 74.2284 -91.852 2
      vertex 74.4019 -91.5 4
      vertex 74.4019 -91.5 2
    endloop
  endfacet
  facet normal -0.896961 0.44211 0
    outer loop
      vertex 74.4019 -91.5 4
      vertex 74.2284 -91.852 2
      vertex 74.2284 -91.852 4
    endloop
  endfacet
  facet normal -0.0654873 0.997853 0
    outer loop
      vertex 77 -90 2
      vertex 76.6084 -90.0257 4
      vertex 77 -90 4
    endloop
  endfacet
  facet normal -0.0654873 0.997853 0
    outer loop
      vertex 76.6084 -90.0257 4
      vertex 77 -90 2
      vertex 76.6084 -90.0257 2
    endloop
  endfacet
  facet normal 0.751724 -0.659478 0
    outer loop
      vertex 79.1213 -95.1213 4
      vertex 79.3801 -94.8263 2
      vertex 79.3801 -94.8263 4
    endloop
  endfacet
  facet normal 0.751724 -0.659478 0
    outer loop
      vertex 79.3801 -94.8263 2
      vertex 79.1213 -95.1213 4
      vertex 79.1213 -95.1213 2
    endloop
  endfacet
  facet normal -0.555523 -0.831501 0
    outer loop
      vertex 75.1737 -95.3801 2
      vertex 75.5 -95.5981 4
      vertex 75.1737 -95.3801 4
    endloop
  endfacet
  facet normal -0.555523 -0.831501 -0
    outer loop
      vertex 75.5 -95.5981 4
      vertex 75.1737 -95.3801 2
      vertex 75.5 -95.5981 2
    endloop
  endfacet
  facet normal 0.321651 0.946858 -0
    outer loop
      vertex 78.148 -90.2284 2
      vertex 77.7765 -90.1022 4
      vertex 78.148 -90.2284 4
    endloop
  endfacet
  facet normal 0.321651 0.946858 0
    outer loop
      vertex 77.7765 -90.1022 4
      vertex 78.148 -90.2284 2
      vertex 77.7765 -90.1022 2
    endloop
  endfacet
  facet normal 0.44211 0.896961 -0
    outer loop
      vertex 78.5 -90.4019 2
      vertex 78.148 -90.2284 4
      vertex 78.5 -90.4019 4
    endloop
  endfacet
  facet normal 0.44211 0.896961 0
    outer loop
      vertex 78.148 -90.2284 4
      vertex 78.5 -90.4019 2
      vertex 78.148 -90.2284 2
    endloop
  endfacet
  facet normal -0.321651 -0.946858 0
    outer loop
      vertex 75.852 -95.7716 2
      vertex 76.2235 -95.8978 4
      vertex 75.852 -95.7716 4
    endloop
  endfacet
  facet normal -0.321651 -0.946858 -0
    outer loop
      vertex 76.2235 -95.8978 4
      vertex 75.852 -95.7716 2
      vertex 76.2235 -95.8978 2
    endloop
  endfacet
  facet normal 0.946858 0.321651 0
    outer loop
      vertex 79.8978 -92.2235 4
      vertex 79.7716 -91.852 2
      vertex 79.7716 -91.852 4
    endloop
  endfacet
  facet normal 0.946858 0.321651 0
    outer loop
      vertex 79.7716 -91.852 2
      vertex 79.8978 -92.2235 4
      vertex 79.8978 -92.2235 2
    endloop
  endfacet
  facet normal -0.19494 0.980815 0
    outer loop
      vertex 76.6084 -90.0257 2
      vertex 76.2235 -90.1022 4
      vertex 76.6084 -90.0257 4
    endloop
  endfacet
  facet normal -0.19494 0.980815 0
    outer loop
      vertex 76.2235 -90.1022 4
      vertex 76.6084 -90.0257 2
      vertex 76.2235 -90.1022 2
    endloop
  endfacet
  facet normal 0.19494 -0.980815 0
    outer loop
      vertex 77.3916 -95.9743 2
      vertex 77.7765 -95.8978 4
      vertex 77.3916 -95.9743 4
    endloop
  endfacet
  facet normal 0.19494 -0.980815 0
    outer loop
      vertex 77.7765 -95.8978 4
      vertex 77.3916 -95.9743 2
      vertex 77.7765 -95.8978 2
    endloop
  endfacet
  facet normal -0.44211 0.896961 0
    outer loop
      vertex 75.852 -90.2284 2
      vertex 75.5 -90.4019 4
      vertex 75.852 -90.2284 4
    endloop
  endfacet
  facet normal -0.44211 0.896961 0
    outer loop
      vertex 75.5 -90.4019 4
      vertex 75.852 -90.2284 2
      vertex 75.5 -90.4019 2
    endloop
  endfacet
  facet normal -0.946858 -0.321651 0
    outer loop
      vertex 74.2284 -94.148 2
      vertex 74.1022 -93.7765 4
      vertex 74.1022 -93.7765 2
    endloop
  endfacet
  facet normal -0.946858 -0.321651 0
    outer loop
      vertex 74.1022 -93.7765 4
      vertex 74.2284 -94.148 2
      vertex 74.2284 -94.148 4
    endloop
  endfacet
  facet normal -0.94704 0.321117 0
    outer loop
      vertex 172.602 -19.2235 2
      vertex 172.728 -18.8519 4
      vertex 172.728 -18.8519 2
    endloop
  endfacet
  facet normal -0.94704 0.321117 0
    outer loop
      vertex 172.728 -18.8519 4
      vertex 172.602 -19.2235 2
      vertex 172.602 -19.2235 4
    endloop
  endfacet
  facet normal 0.195379 0.980728 -0
    outer loop
      vertex 176.276 -17.1022 2
      vertex 175.892 -17.0257 4
      vertex 176.276 -17.1022 4
    endloop
  endfacet
  facet normal 0.195379 0.980728 0
    outer loop
      vertex 175.892 -17.0257 4
      vertex 176.276 -17.1022 2
      vertex 175.892 -17.0257 2
    endloop
  endfacet
  facet normal -0.44211 -0.896961 0
    outer loop
      vertex 174 -22.5981 2
      vertex 174.352 -22.7716 4
      vertex 174 -22.5981 4
    endloop
  endfacet
  facet normal -0.44211 -0.896961 -0
    outer loop
      vertex 174.352 -22.7716 4
      vertex 174 -22.5981 2
      vertex 174.352 -22.7716 2
    endloop
  endfacet
  facet normal -0.659478 -0.751724 0
    outer loop
      vertex 173.379 -22.1213 2
      vertex 173.674 -22.3801 4
      vertex 173.379 -22.1213 4
    endloop
  endfacet
  facet normal -0.659478 -0.751724 -0
    outer loop
      vertex 173.674 -22.3801 4
      vertex 173.379 -22.1213 2
      vertex 173.674 -22.3801 2
    endloop
  endfacet
  facet normal 0.0654208 -0.997858 0
    outer loop
      vertex 175.5 -23 2
      vertex 175.892 -22.9743 4
      vertex 175.5 -23 4
    endloop
  endfacet
  facet normal 0.0654208 -0.997858 0
    outer loop
      vertex 175.892 -22.9743 4
      vertex 175.5 -23 2
      vertex 175.892 -22.9743 2
    endloop
  endfacet
  facet normal -0.997803 -0.0662484 0
    outer loop
      vertex 172.526 -20.3916 2
      vertex 172.5 -20 4
      vertex 172.5 -20 2
    endloop
  endfacet
  facet normal -0.997803 -0.0662484 0
    outer loop
      vertex 172.5 -20 4
      vertex 172.526 -20.3916 2
      vertex 172.526 -20.3916 4
    endloop
  endfacet
  facet normal -0.751471 0.659766 0
    outer loop
      vertex 173.12 -18.1737 2
      vertex 173.379 -17.8787 4
      vertex 173.379 -17.8787 2
    endloop
  endfacet
  facet normal -0.751471 0.659766 0
    outer loop
      vertex 173.379 -17.8787 4
      vertex 173.12 -18.1737 2
      vertex 173.12 -18.1737 4
    endloop
  endfacet
  facet normal -0.981058 0.193714 0
    outer loop
      vertex 172.526 -19.6084 2
      vertex 172.602 -19.2235 4
      vertex 172.602 -19.2235 2
    endloop
  endfacet
  facet normal -0.981058 0.193714 0
    outer loop
      vertex 172.602 -19.2235 4
      vertex 172.526 -19.6084 2
      vertex 172.526 -19.6084 4
    endloop
  endfacet
  facet normal -0.896455 -0.443134 0
    outer loop
      vertex 172.902 -21.5 2
      vertex 172.728 -21.148 4
      vertex 172.728 -21.148 2
    endloop
  endfacet
  facet normal -0.896455 -0.443134 0
    outer loop
      vertex 172.728 -21.148 4
      vertex 172.902 -21.5 2
      vertex 172.902 -21.5 4
    endloop
  endfacet
  facet normal -0.831501 -0.555523 0
    outer loop
      vertex 173.12 -21.8263 2
      vertex 172.902 -21.5 4
      vertex 172.902 -21.5 2
    endloop
  endfacet
  facet normal -0.831501 -0.555523 0
    outer loop
      vertex 172.902 -21.5 4
      vertex 173.12 -21.8263 2
      vertex 173.12 -21.8263 4
    endloop
  endfacet
  facet normal -0.0654208 -0.997858 0
    outer loop
      vertex 175.108 -22.9743 2
      vertex 175.5 -23 4
      vertex 175.108 -22.9743 4
    endloop
  endfacet
  facet normal -0.0654208 -0.997858 -0
    outer loop
      vertex 175.5 -23 4
      vertex 175.108 -22.9743 2
      vertex 175.5 -23 2
    endloop
  endfacet
  facet normal -0.321264 -0.94699 0
    outer loop
      vertex 174.352 -22.7716 2
      vertex 174.724 -22.8978 4
      vertex 174.352 -22.7716 4
    endloop
  endfacet
  facet normal -0.321264 -0.94699 -0
    outer loop
      vertex 174.724 -22.8978 4
      vertex 174.352 -22.7716 2
      vertex 174.724 -22.8978 2
    endloop
  endfacet
  facet normal -0.321264 0.94699 0
    outer loop
      vertex 174.724 -17.1022 2
      vertex 174.352 -17.2284 4
      vertex 174.724 -17.1022 4
    endloop
  endfacet
  facet normal -0.321264 0.94699 0
    outer loop
      vertex 174.352 -17.2284 4
      vertex 174.724 -17.1022 2
      vertex 174.352 -17.2284 2
    endloop
  endfacet
  facet normal 0.44211 -0.896961 0
    outer loop
      vertex 176.648 -22.7716 2
      vertex 177 -22.5981 4
      vertex 176.648 -22.7716 4
    endloop
  endfacet
  facet normal 0.44211 -0.896961 0
    outer loop
      vertex 177 -22.5981 4
      vertex 176.648 -22.7716 2
      vertex 177 -22.5981 2
    endloop
  endfacet
  facet normal 0.0654208 0.997858 -0
    outer loop
      vertex 175.892 -17.0257 2
      vertex 175.5 -17 4
      vertex 175.892 -17.0257 4
    endloop
  endfacet
  facet normal 0.0654208 0.997858 0
    outer loop
      vertex 175.5 -17 4
      vertex 175.892 -17.0257 2
      vertex 175.5 -17 2
    endloop
  endfacet
  facet normal 0.555659 0.83141 -0
    outer loop
      vertex 177.3 -17.6024 2
      vertex 177 -17.4019 4
      vertex 177.3 -17.6024 4
    endloop
  endfacet
  facet normal 0.555659 0.83141 0
    outer loop
      vertex 177 -17.4019 4
      vertex 177.3 -17.6024 2
      vertex 177 -17.4019 2
    endloop
  endfacet
  facet normal -0.751471 -0.659766 0
    outer loop
      vertex 173.379 -22.1213 2
      vertex 173.12 -21.8263 4
      vertex 173.12 -21.8263 2
    endloop
  endfacet
  facet normal -0.751471 -0.659766 0
    outer loop
      vertex 173.12 -21.8263 4
      vertex 173.379 -22.1213 2
      vertex 173.379 -22.1213 4
    endloop
  endfacet
  facet normal -0.981058 -0.193714 0
    outer loop
      vertex 172.602 -20.7765 2
      vertex 172.526 -20.3916 4
      vertex 172.526 -20.3916 2
    endloop
  endfacet
  facet normal -0.981058 -0.193714 0
    outer loop
      vertex 172.526 -20.3916 4
      vertex 172.602 -20.7765 2
      vertex 172.602 -20.7765 4
    endloop
  endfacet
  facet normal 0.555659 -0.83141 0
    outer loop
      vertex 177 -22.5981 2
      vertex 177.3 -22.3976 4
      vertex 177 -22.5981 4
    endloop
  endfacet
  facet normal 0.555659 -0.83141 0
    outer loop
      vertex 177.3 -22.3976 4
      vertex 177 -22.5981 2
      vertex 177.3 -22.3976 2
    endloop
  endfacet
  facet normal -0.997803 0.0662484 0
    outer loop
      vertex 172.5 -20 2
      vertex 172.526 -19.6084 4
      vertex 172.526 -19.6084 2
    endloop
  endfacet
  facet normal -0.997803 0.0662484 0
    outer loop
      vertex 172.526 -19.6084 4
      vertex 172.5 -20 2
      vertex 172.5 -20 4
    endloop
  endfacet
  facet normal 0.321264 -0.94699 0
    outer loop
      vertex 176.276 -22.8978 2
      vertex 176.648 -22.7716 4
      vertex 176.276 -22.8978 4
    endloop
  endfacet
  facet normal 0.321264 -0.94699 0
    outer loop
      vertex 176.648 -22.7716 4
      vertex 176.276 -22.8978 2
      vertex 176.648 -22.7716 2
    endloop
  endfacet
  facet normal -0.195379 -0.980728 0
    outer loop
      vertex 174.724 -22.8978 2
      vertex 175.108 -22.9743 4
      vertex 174.724 -22.8978 4
    endloop
  endfacet
  facet normal -0.195379 -0.980728 -0
    outer loop
      vertex 175.108 -22.9743 4
      vertex 174.724 -22.8978 2
      vertex 175.108 -22.9743 2
    endloop
  endfacet
  facet normal -0.555877 0.831265 0
    outer loop
      vertex 174 -17.4019 2
      vertex 173.674 -17.6199 4
      vertex 174 -17.4019 4
    endloop
  endfacet
  facet normal -0.555877 0.831265 0
    outer loop
      vertex 173.674 -17.6199 4
      vertex 174 -17.4019 2
      vertex 173.674 -17.6199 2
    endloop
  endfacet
  facet normal -0.659478 0.751724 0
    outer loop
      vertex 173.674 -17.6199 2
      vertex 173.379 -17.8787 4
      vertex 173.674 -17.6199 4
    endloop
  endfacet
  facet normal -0.659478 0.751724 0
    outer loop
      vertex 173.379 -17.8787 4
      vertex 173.674 -17.6199 2
      vertex 173.379 -17.8787 2
    endloop
  endfacet
  facet normal 0 0 1
    outer loop
      vertex 177.3 -17.6024 4
      vertex 177.2 -20 4
      vertex 177.3 -22.3976 4
    endloop
  endfacet
  facet normal 0 0 1
    outer loop
      vertex 177.3 -17.6024 4
      vertex 177.185 -19.7781 4
      vertex 177.2 -20 4
    endloop
  endfacet
  facet normal 0 0 1
    outer loop
      vertex 177.3 -17.6024 4
      vertex 177.142 -19.56 4
      vertex 177.185 -19.7781 4
    endloop
  endfacet
  facet normal 0 0 1
    outer loop
      vertex 177.3 -17.6024 4
      vertex 177.071 -19.3494 4
      vertex 177.142 -19.56 4
    endloop
  endfacet
  facet normal 0 0 1
    outer loop
      vertex 176.35 -18.5278 4
      vertex 177.3 -17.6024 4
      vertex 177 -17.4019 4
    endloop
  endfacet
  facet normal 0 0 1
    outer loop
      vertex 177.3 -17.6024 4
      vertex 176.972 -19.15 4
      vertex 177.071 -19.3494 4
    endloop
  endfacet
  facet normal 0 0 1
    outer loop
      vertex 177.3 -17.6024 4
      vertex 176.849 -18.9651 4
      vertex 176.972 -19.15 4
    endloop
  endfacet
  facet normal 0 0 1
    outer loop
      vertex 177.3 -17.6024 4
      vertex 176.702 -18.7979 4
      vertex 176.849 -18.9651 4
    endloop
  endfacet
  facet normal 0 0 1
    outer loop
      vertex 176.35 -18.5278 4
      vertex 177 -17.4019 4
      vertex 176.648 -17.2284 4
    endloop
  endfacet
  facet normal 0 0 1
    outer loop
      vertex 177.3 -17.6024 4
      vertex 176.535 -18.6513 4
      vertex 176.702 -18.7979 4
    endloop
  endfacet
  facet normal 0 0 1
    outer loop
      vertex 177.3 -17.6024 4
      vertex 176.35 -18.5278 4
      vertex 176.535 -18.6513 4
    endloop
  endfacet
  facet normal 0 0 1
    outer loop
      vertex 176.151 -18.4294 4
      vertex 176.648 -17.2284 4
      vertex 176.276 -17.1022 4
    endloop
  endfacet
  facet normal 0 0 1
    outer loop
      vertex 176.648 -17.2284 4
      vertex 176.151 -18.4294 4
      vertex 176.35 -18.5278 4
    endloop
  endfacet
  facet normal 0 0 1
    outer loop
      vertex 176.276 -17.1022 4
      vertex 175.94 -18.3579 4
      vertex 176.151 -18.4294 4
    endloop
  endfacet
  facet normal 0 0 1
    outer loop
      vertex 175.892 -17.0257 4
      vertex 175.94 -18.3579 4
      vertex 176.276 -17.1022 4
    endloop
  endfacet
  facet normal 0 0 1
    outer loop
      vertex 175.892 -17.0257 4
      vertex 175.722 -18.3145 4
      vertex 175.94 -18.3579 4
    endloop
  endfacet
  facet normal 0 0 1
    outer loop
      vertex 175.5 -17 4
      vertex 175.722 -18.3145 4
      vertex 175.892 -17.0257 4
    endloop
  endfacet
  facet normal 0 0 1
    outer loop
      vertex 175.5 -17 4
      vertex 175.5 -18.3 4
      vertex 175.722 -18.3145 4
    endloop
  endfacet
  facet normal 0 0 1
    outer loop
      vertex 175.5 -17 4
      vertex 175.278 -18.3145 4
      vertex 175.5 -18.3 4
    endloop
  endfacet
  facet normal -0 0 1
    outer loop
      vertex 175.108 -17.0257 4
      vertex 175.278 -18.3145 4
      vertex 175.5 -17 4
    endloop
  endfacet
  facet normal 0 0 1
    outer loop
      vertex 175.108 -17.0257 4
      vertex 175.06 -18.3579 4
      vertex 175.278 -18.3145 4
    endloop
  endfacet
  facet normal -0 0 1
    outer loop
      vertex 174.724 -17.1022 4
      vertex 175.06 -18.3579 4
      vertex 175.108 -17.0257 4
    endloop
  endfacet
  facet normal 0 0 1
    outer loop
      vertex 175.06 -18.3579 4
      vertex 174.724 -17.1022 4
      vertex 174.849 -18.4294 4
    endloop
  endfacet
  facet normal -0 0 1
    outer loop
      vertex 174.352 -17.2284 4
      vertex 174.849 -18.4294 4
      vertex 174.724 -17.1022 4
    endloop
  endfacet
  facet normal 0 0 1
    outer loop
      vertex 174.849 -18.4294 4
      vertex 174.352 -17.2284 4
      vertex 174.65 -18.5278 4
    endloop
  endfacet
  facet normal -0 0 1
    outer loop
      vertex 174 -17.4019 4
      vertex 174.65 -18.5278 4
      vertex 174.352 -17.2284 4
    endloop
  endfacet
  facet normal 0 0 1
    outer loop
      vertex 174.65 -18.5278 4
      vertex 174 -17.4019 4
      vertex 174.465 -18.6513 4
    endloop
  endfacet
  facet normal -0 0 1
    outer loop
      vertex 173.674 -17.6199 4
      vertex 174.465 -18.6513 4
      vertex 174 -17.4019 4
    endloop
  endfacet
  facet normal 0 0 1
    outer loop
      vertex 174.465 -18.6513 4
      vertex 173.674 -17.6199 4
      vertex 174.298 -18.7979 4
    endloop
  endfacet
  facet normal -0 0 1
    outer loop
      vertex 173.379 -17.8787 4
      vertex 174.298 -18.7979 4
      vertex 173.674 -17.6199 4
    endloop
  endfacet
  facet normal 0 0 1
    outer loop
      vertex 174.298 -18.7979 4
      vertex 173.379 -17.8787 4
      vertex 174.151 -18.9651 4
    endloop
  endfacet
  facet normal -0 0 1
    outer loop
      vertex 173.12 -18.1737 4
      vertex 174.151 -18.9651 4
      vertex 173.379 -17.8787 4
    endloop
  endfacet
  facet normal 0 0 1
    outer loop
      vertex 174.151 -18.9651 4
      vertex 173.12 -18.1737 4
      vertex 174.028 -19.15 4
    endloop
  endfacet
  facet normal 0 0 1
    outer loop
      vertex 174.028 -19.15 4
      vertex 172.902 -18.5 4
      vertex 173.929 -19.3494 4
    endloop
  endfacet
  facet normal -0 0 1
    outer loop
      vertex 172.902 -18.5 4
      vertex 174.028 -19.15 4
      vertex 173.12 -18.1737 4
    endloop
  endfacet
  facet normal -0 0 1
    outer loop
      vertex 177.185 -20.2219 4
      vertex 177.3 -22.3976 4
      vertex 177.2 -20 4
    endloop
  endfacet
  facet normal -0 0 1
    outer loop
      vertex 177.142 -20.44 4
      vertex 177.3 -22.3976 4
      vertex 177.185 -20.2219 4
    endloop
  endfacet
  facet normal -0 0 1
    outer loop
      vertex 177.071 -20.6506 4
      vertex 177.3 -22.3976 4
      vertex 177.142 -20.44 4
    endloop
  endfacet
  facet normal -0 0 1
    outer loop
      vertex 176.972 -20.85 4
      vertex 177.3 -22.3976 4
      vertex 177.071 -20.6506 4
    endloop
  endfacet
  facet normal -0 0 1
    outer loop
      vertex 176.849 -21.0349 4
      vertex 177.3 -22.3976 4
      vertex 176.972 -20.85 4
    endloop
  endfacet
  facet normal -0 0 1
    outer loop
      vertex 176.702 -21.2021 4
      vertex 177.3 -22.3976 4
      vertex 176.849 -21.0349 4
    endloop
  endfacet
  facet normal -0 0 1
    outer loop
      vertex 176.535 -21.3487 4
      vertex 177.3 -22.3976 4
      vertex 176.702 -21.2021 4
    endloop
  endfacet
  facet normal -0 0 1
    outer loop
      vertex 176.35 -21.4722 4
      vertex 177.3 -22.3976 4
      vertex 176.535 -21.3487 4
    endloop
  endfacet
  facet normal 0 0 1
    outer loop
      vertex 177.3 -22.3976 4
      vertex 176.35 -21.4722 4
      vertex 177 -22.5981 4
    endloop
  endfacet
  facet normal 0 0 1
    outer loop
      vertex 177 -22.5981 4
      vertex 176.35 -21.4722 4
      vertex 176.648 -22.7716 4
    endloop
  endfacet
  facet normal -0 0 1
    outer loop
      vertex 176.151 -21.5706 4
      vertex 176.648 -22.7716 4
      vertex 176.35 -21.4722 4
    endloop
  endfacet
  facet normal 0 0 1
    outer loop
      vertex 176.648 -22.7716 4
      vertex 176.151 -21.5706 4
      vertex 176.276 -22.8978 4
    endloop
  endfacet
  facet normal -0 0 1
    outer loop
      vertex 175.94 -21.6421 4
      vertex 176.276 -22.8978 4
      vertex 176.151 -21.5706 4
    endloop
  endfacet
  facet normal 0 0 1
    outer loop
      vertex 175.94 -21.6421 4
      vertex 175.892 -22.9743 4
      vertex 176.276 -22.8978 4
    endloop
  endfacet
  facet normal -0 0 1
    outer loop
      vertex 175.722 -21.6855 4
      vertex 175.892 -22.9743 4
      vertex 175.94 -21.6421 4
    endloop
  endfacet
  facet normal -0 0 1
    outer loop
      vertex 175.5 -21.7 4
      vertex 175.892 -22.9743 4
      vertex 175.722 -21.6855 4
    endloop
  endfacet
  facet normal 0 0 1
    outer loop
      vertex 175.5 -21.7 4
      vertex 175.5 -23 4
      vertex 175.892 -22.9743 4
    endloop
  endfacet
  facet normal 0 0 1
    outer loop
      vertex 175.278 -21.6855 4
      vertex 175.5 -23 4
      vertex 175.5 -21.7 4
    endloop
  endfacet
  facet normal 0 0 1
    outer loop
      vertex 175.278 -21.6855 4
      vertex 175.108 -22.9743 4
      vertex 175.5 -23 4
    endloop
  endfacet
  facet normal 0 0 1
    outer loop
      vertex 175.06 -21.6421 4
      vertex 175.108 -22.9743 4
      vertex 175.278 -21.6855 4
    endloop
  endfacet
  facet normal 0 0 1
    outer loop
      vertex 174.724 -22.8978 4
      vertex 175.06 -21.6421 4
      vertex 174.849 -21.5706 4
    endloop
  endfacet
  facet normal 0 0 1
    outer loop
      vertex 175.06 -21.6421 4
      vertex 174.724 -22.8978 4
      vertex 175.108 -22.9743 4
    endloop
  endfacet
  facet normal 0 0 1
    outer loop
      vertex 174.352 -22.7716 4
      vertex 174.849 -21.5706 4
      vertex 174.65 -21.4722 4
    endloop
  endfacet
  facet normal 0 0 1
    outer loop
      vertex 174 -22.5981 4
      vertex 174.65 -21.4722 4
      vertex 174.465 -21.3487 4
    endloop
  endfacet
  facet normal 0 0 1
    outer loop
      vertex 174.849 -21.5706 4
      vertex 174.352 -22.7716 4
      vertex 174.724 -22.8978 4
    endloop
  endfacet
  facet normal 0 0 1
    outer loop
      vertex 173.674 -22.3801 4
      vertex 174.465 -21.3487 4
      vertex 174.298 -21.2021 4
    endloop
  endfacet
  facet normal 0 0 1
    outer loop
      vertex 173.379 -22.1213 4
      vertex 174.298 -21.2021 4
      vertex 174.151 -21.0349 4
    endloop
  endfacet
  facet normal 0 0 1
    outer loop
      vertex 173.12 -21.8263 4
      vertex 174.151 -21.0349 4
      vertex 174.028 -20.85 4
    endloop
  endfacet
  facet normal 0 0 1
    outer loop
      vertex 174.65 -21.4722 4
      vertex 174 -22.5981 4
      vertex 174.352 -22.7716 4
    endloop
  endfacet
  facet normal 0 0 1
    outer loop
      vertex 172.902 -21.5 4
      vertex 174.028 -20.85 4
      vertex 173.929 -20.6506 4
    endloop
  endfacet
  facet normal 0 0 1
    outer loop
      vertex 172.728 -21.148 4
      vertex 173.929 -20.6506 4
      vertex 173.858 -20.44 4
    endloop
  endfacet
  facet normal 0 0 1
    outer loop
      vertex 172.602 -20.7765 4
      vertex 173.858 -20.44 4
      vertex 173.815 -20.2219 4
    endloop
  endfacet
  facet normal 0 0 1
    outer loop
      vertex 174.465 -21.3487 4
      vertex 173.674 -22.3801 4
      vertex 174 -22.5981 4
    endloop
  endfacet
  facet normal 0 0 1
    outer loop
      vertex 172.526 -20.3916 4
      vertex 173.815 -20.2219 4
      vertex 173.8 -20 4
    endloop
  endfacet
  facet normal -0 0 1
    outer loop
      vertex 172.728 -18.8519 4
      vertex 173.929 -19.3494 4
      vertex 172.902 -18.5 4
    endloop
  endfacet
  facet normal 0 0 1
    outer loop
      vertex 173.929 -19.3494 4
      vertex 172.728 -18.8519 4
      vertex 173.858 -19.56 4
    endloop
  endfacet
  facet normal 0 0 1
    outer loop
      vertex 174.298 -21.2021 4
      vertex 173.379 -22.1213 4
      vertex 173.674 -22.3801 4
    endloop
  endfacet
  facet normal -0 0 1
    outer loop
      vertex 172.602 -19.2235 4
      vertex 173.858 -19.56 4
      vertex 172.728 -18.8519 4
    endloop
  endfacet
  facet normal 0 0 1
    outer loop
      vertex 174.151 -21.0349 4
      vertex 173.12 -21.8263 4
      vertex 173.379 -22.1213 4
    endloop
  endfacet
  facet normal 0 0 1
    outer loop
      vertex 173.858 -19.56 4
      vertex 172.602 -19.2235 4
      vertex 173.815 -19.7781 4
    endloop
  endfacet
  facet normal 0 0 1
    outer loop
      vertex 174.028 -20.85 4
      vertex 172.902 -21.5 4
      vertex 173.12 -21.8263 4
    endloop
  endfacet
  facet normal -0 0 1
    outer loop
      vertex 172.526 -19.6084 4
      vertex 173.815 -19.7781 4
      vertex 172.602 -19.2235 4
    endloop
  endfacet
  facet normal 0 0 1
    outer loop
      vertex 173.929 -20.6506 4
      vertex 172.728 -21.148 4
      vertex 172.902 -21.5 4
    endloop
  endfacet
  facet normal 0 0 1
    outer loop
      vertex 173.815 -19.7781 4
      vertex 172.526 -19.6084 4
      vertex 173.8 -20 4
    endloop
  endfacet
  facet normal 0 0 1
    outer loop
      vertex 173.858 -20.44 4
      vertex 172.602 -20.7765 4
      vertex 172.728 -21.148 4
    endloop
  endfacet
  facet normal 0 0 1
    outer loop
      vertex 172.5 -20 4
      vertex 173.8 -20 4
      vertex 172.526 -19.6084 4
    endloop
  endfacet
  facet normal 0 0 1
    outer loop
      vertex 173.815 -20.2219 4
      vertex 172.526 -20.3916 4
      vertex 172.602 -20.7765 4
    endloop
  endfacet
  facet normal 0 0 1
    outer loop
      vertex 173.8 -20 4
      vertex 172.5 -20 4
      vertex 172.526 -20.3916 4
    endloop
  endfacet
  facet normal -0.896405 0.443235 0
    outer loop
      vertex 172.728 -18.8519 2
      vertex 172.902 -18.5 4
      vertex 172.902 -18.5 2
    endloop
  endfacet
  facet normal -0.896405 0.443235 0
    outer loop
      vertex 172.902 -18.5 4
      vertex 172.728 -18.8519 2
      vertex 172.728 -18.8519 4
    endloop
  endfacet
  facet normal -0.0654208 0.997858 0
    outer loop
      vertex 175.5 -17 2
      vertex 175.108 -17.0257 4
      vertex 175.5 -17 4
    endloop
  endfacet
  facet normal -0.0654208 0.997858 0
    outer loop
      vertex 175.108 -17.0257 4
      vertex 175.5 -17 2
      vertex 175.108 -17.0257 2
    endloop
  endfacet
  facet normal -0.555877 -0.831265 0
    outer loop
      vertex 173.674 -22.3801 2
      vertex 174 -22.5981 4
      vertex 173.674 -22.3801 4
    endloop
  endfacet
  facet normal -0.555877 -0.831265 -0
    outer loop
      vertex 174 -22.5981 4
      vertex 173.674 -22.3801 2
      vertex 174 -22.5981 2
    endloop
  endfacet
  facet normal 0.321264 0.94699 -0
    outer loop
      vertex 176.648 -17.2284 2
      vertex 176.276 -17.1022 4
      vertex 176.648 -17.2284 4
    endloop
  endfacet
  facet normal 0.321264 0.94699 0
    outer loop
      vertex 176.276 -17.1022 4
      vertex 176.648 -17.2284 2
      vertex 176.276 -17.1022 2
    endloop
  endfacet
  facet normal 0.44211 0.896961 -0
    outer loop
      vertex 177 -17.4019 2
      vertex 176.648 -17.2284 4
      vertex 177 -17.4019 4
    endloop
  endfacet
  facet normal 0.44211 0.896961 0
    outer loop
      vertex 176.648 -17.2284 4
      vertex 177 -17.4019 2
      vertex 176.648 -17.2284 2
    endloop
  endfacet
  facet normal -0.195379 0.980728 0
    outer loop
      vertex 175.108 -17.0257 2
      vertex 174.724 -17.1022 4
      vertex 175.108 -17.0257 4
    endloop
  endfacet
  facet normal -0.195379 0.980728 0
    outer loop
      vertex 174.724 -17.1022 4
      vertex 175.108 -17.0257 2
      vertex 174.724 -17.1022 2
    endloop
  endfacet
  facet normal 0.195379 -0.980728 0
    outer loop
      vertex 175.892 -22.9743 2
      vertex 176.276 -22.8978 4
      vertex 175.892 -22.9743 4
    endloop
  endfacet
  facet normal 0.195379 -0.980728 0
    outer loop
      vertex 176.276 -22.8978 4
      vertex 175.892 -22.9743 2
      vertex 176.276 -22.8978 2
    endloop
  endfacet
  facet normal -0.44211 0.896961 0
    outer loop
      vertex 174.352 -17.2284 2
      vertex 174 -17.4019 4
      vertex 174.352 -17.2284 4
    endloop
  endfacet
  facet normal -0.44211 0.896961 0
    outer loop
      vertex 174 -17.4019 4
      vertex 174.352 -17.2284 2
      vertex 174 -17.4019 2
    endloop
  endfacet
  facet normal -0.831501 0.555523 0
    outer loop
      vertex 172.902 -18.5 2
      vertex 173.12 -18.1737 4
      vertex 173.12 -18.1737 2
    endloop
  endfacet
  facet normal -0.831501 0.555523 0
    outer loop
      vertex 173.12 -18.1737 4
      vertex 172.902 -18.5 2
      vertex 172.902 -18.5 4
    endloop
  endfacet
  facet normal -0.947013 -0.321194 0
    outer loop
      vertex 172.728 -21.148 2
      vertex 172.602 -20.7765 4
      vertex 172.602 -20.7765 2
    endloop
  endfacet
  facet normal -0.947013 -0.321194 0
    outer loop
      vertex 172.602 -20.7765 4
      vertex 172.728 -21.148 2
      vertex 172.728 -21.148 4
    endloop
  endfacet
  facet normal 1 -0 0
    outer loop
      vertex 177.3 -22.3976 4
      vertex 177.3 -17.6024 2
      vertex 177.3 -17.6024 4
    endloop
  endfacet
  facet normal 1 0 0
    outer loop
      vertex 177.3 -17.6024 2
      vertex 177.3 -22.3976 4
      vertex 177.3 -22.3976 2
    endloop
  endfacet
  facet normal -0.947013 0.321194 0
    outer loop
      vertex 172.602 -79.2235 2
      vertex 172.728 -78.852 4
      vertex 172.728 -78.852 2
    endloop
  endfacet
  facet normal -0.947013 0.321194 0
    outer loop
      vertex 172.728 -78.852 4
      vertex 172.602 -79.2235 2
      vertex 172.602 -79.2235 4
    endloop
  endfacet
  facet normal 0.195379 0.980728 -0
    outer loop
      vertex 176.276 -77.1022 2
      vertex 175.892 -77.0257 4
      vertex 176.276 -77.1022 4
    endloop
  endfacet
  facet normal 0.195379 0.980728 0
    outer loop
      vertex 175.892 -77.0257 4
      vertex 176.276 -77.1022 2
      vertex 175.892 -77.0257 2
    endloop
  endfacet
  facet normal -0.44211 -0.896961 0
    outer loop
      vertex 174 -82.5981 2
      vertex 174.352 -82.7716 4
      vertex 174 -82.5981 4
    endloop
  endfacet
  facet normal -0.44211 -0.896961 -0
    outer loop
      vertex 174.352 -82.7716 4
      vertex 174 -82.5981 2
      vertex 174.352 -82.7716 2
    endloop
  endfacet
  facet normal -0.659478 -0.751724 0
    outer loop
      vertex 173.379 -82.1213 2
      vertex 173.674 -82.3801 4
      vertex 173.379 -82.1213 4
    endloop
  endfacet
  facet normal -0.659478 -0.751724 -0
    outer loop
      vertex 173.674 -82.3801 4
      vertex 173.379 -82.1213 2
      vertex 173.674 -82.3801 2
    endloop
  endfacet
  facet normal 0.0654208 -0.997858 0
    outer loop
      vertex 175.5 -83 2
      vertex 175.892 -82.9743 4
      vertex 175.5 -83 4
    endloop
  endfacet
  facet normal 0.0654208 -0.997858 0
    outer loop
      vertex 175.892 -82.9743 4
      vertex 175.5 -83 2
      vertex 175.892 -82.9743 2
    endloop
  endfacet
  facet normal -0.997803 -0.0662484 0
    outer loop
      vertex 172.526 -80.3916 2
      vertex 172.5 -80 4
      vertex 172.5 -80 2
    endloop
  endfacet
  facet normal -0.997803 -0.0662484 0
    outer loop
      vertex 172.5 -80 4
      vertex 172.526 -80.3916 2
      vertex 172.526 -80.3916 4
    endloop
  endfacet
  facet normal -0.751471 0.659766 0
    outer loop
      vertex 173.12 -78.1737 2
      vertex 173.379 -77.8787 4
      vertex 173.379 -77.8787 2
    endloop
  endfacet
  facet normal -0.751471 0.659766 0
    outer loop
      vertex 173.379 -77.8787 4
      vertex 173.12 -78.1737 2
      vertex 173.12 -78.1737 4
    endloop
  endfacet
  facet normal -0.981058 0.193714 0
    outer loop
      vertex 172.526 -79.6084 2
      vertex 172.602 -79.2235 4
      vertex 172.602 -79.2235 2
    endloop
  endfacet
  facet normal -0.981058 0.193714 0
    outer loop
      vertex 172.602 -79.2235 4
      vertex 172.526 -79.6084 2
      vertex 172.526 -79.6084 4
    endloop
  endfacet
  facet normal -0.896455 -0.443134 0
    outer loop
      vertex 172.902 -81.5 2
      vertex 172.728 -81.148 4
      vertex 172.728 -81.148 2
    endloop
  endfacet
  facet normal -0.896455 -0.443134 0
    outer loop
      vertex 172.728 -81.148 4
      vertex 172.902 -81.5 2
      vertex 172.902 -81.5 4
    endloop
  endfacet
  facet normal -0.831501 -0.555523 0
    outer loop
      vertex 173.12 -81.8263 2
      vertex 172.902 -81.5 4
      vertex 172.902 -81.5 2
    endloop
  endfacet
  facet normal -0.831501 -0.555523 0
    outer loop
      vertex 172.902 -81.5 4
      vertex 173.12 -81.8263 2
      vertex 173.12 -81.8263 4
    endloop
  endfacet
  facet normal -0.0654208 -0.997858 0
    outer loop
      vertex 175.108 -82.9743 2
      vertex 175.5 -83 4
      vertex 175.108 -82.9743 4
    endloop
  endfacet
  facet normal -0.0654208 -0.997858 -0
    outer loop
      vertex 175.5 -83 4
      vertex 175.108 -82.9743 2
      vertex 175.5 -83 2
    endloop
  endfacet
  facet normal -0.321264 -0.94699 0
    outer loop
      vertex 174.352 -82.7716 2
      vertex 174.724 -82.8978 4
      vertex 174.352 -82.7716 4
    endloop
  endfacet
  facet normal -0.321264 -0.94699 -0
    outer loop
      vertex 174.724 -82.8978 4
      vertex 174.352 -82.7716 2
      vertex 174.724 -82.8978 2
    endloop
  endfacet
  facet normal -0.321264 0.94699 0
    outer loop
      vertex 174.724 -77.1022 2
      vertex 174.352 -77.2284 4
      vertex 174.724 -77.1022 4
    endloop
  endfacet
  facet normal -0.321264 0.94699 0
    outer loop
      vertex 174.352 -77.2284 4
      vertex 174.724 -77.1022 2
      vertex 174.352 -77.2284 2
    endloop
  endfacet
  facet normal 0.44211 -0.896961 0
    outer loop
      vertex 176.648 -82.7716 2
      vertex 177 -82.5981 4
      vertex 176.648 -82.7716 4
    endloop
  endfacet
  facet normal 0.44211 -0.896961 0
    outer loop
      vertex 177 -82.5981 4
      vertex 176.648 -82.7716 2
      vertex 177 -82.5981 2
    endloop
  endfacet
  facet normal 0.0654208 0.997858 -0
    outer loop
      vertex 175.892 -77.0257 2
      vertex 175.5 -77 4
      vertex 175.892 -77.0257 4
    endloop
  endfacet
  facet normal 0.0654208 0.997858 0
    outer loop
      vertex 175.5 -77 4
      vertex 175.892 -77.0257 2
      vertex 175.5 -77 2
    endloop
  endfacet
  facet normal 0.555659 0.83141 -0
    outer loop
      vertex 177.3 -77.6024 2
      vertex 177 -77.4019 4
      vertex 177.3 -77.6024 4
    endloop
  endfacet
  facet normal 0.555659 0.83141 0
    outer loop
      vertex 177 -77.4019 4
      vertex 177.3 -77.6024 2
      vertex 177 -77.4019 2
    endloop
  endfacet
  facet normal -0.751471 -0.659766 0
    outer loop
      vertex 173.379 -82.1213 2
      vertex 173.12 -81.8263 4
      vertex 173.12 -81.8263 2
    endloop
  endfacet
  facet normal -0.751471 -0.659766 0
    outer loop
      vertex 173.12 -81.8263 4
      vertex 173.379 -82.1213 2
      vertex 173.379 -82.1213 4
    endloop
  endfacet
  facet normal -0.981058 -0.193714 0
    outer loop
      vertex 172.602 -80.7765 2
      vertex 172.526 -80.3916 4
      vertex 172.526 -80.3916 2
    endloop
  endfacet
  facet normal -0.981058 -0.193714 0
    outer loop
      vertex 172.526 -80.3916 4
      vertex 172.602 -80.7765 2
      vertex 172.602 -80.7765 4
    endloop
  endfacet
  facet normal 0.555659 -0.83141 0
    outer loop
      vertex 177 -82.5981 2
      vertex 177.3 -82.3976 4
      vertex 177 -82.5981 4
    endloop
  endfacet
  facet normal 0.555659 -0.83141 0
    outer loop
      vertex 177.3 -82.3976 4
      vertex 177 -82.5981 2
      vertex 177.3 -82.3976 2
    endloop
  endfacet
  facet normal -0.997803 0.0662484 0
    outer loop
      vertex 172.5 -80 2
      vertex 172.526 -79.6084 4
      vertex 172.526 -79.6084 2
    endloop
  endfacet
  facet normal -0.997803 0.0662484 0
    outer loop
      vertex 172.526 -79.6084 4
      vertex 172.5 -80 2
      vertex 172.5 -80 4
    endloop
  endfacet
  facet normal 0.321264 -0.94699 0
    outer loop
      vertex 176.276 -82.8978 2
      vertex 176.648 -82.7716 4
      vertex 176.276 -82.8978 4
    endloop
  endfacet
  facet normal 0.321264 -0.94699 0
    outer loop
      vertex 176.648 -82.7716 4
      vertex 176.276 -82.8978 2
      vertex 176.648 -82.7716 2
    endloop
  endfacet
  facet normal -0.195379 -0.980728 0
    outer loop
      vertex 174.724 -82.8978 2
      vertex 175.108 -82.9743 4
      vertex 174.724 -82.8978 4
    endloop
  endfacet
  facet normal -0.195379 -0.980728 -0
    outer loop
      vertex 175.108 -82.9743 4
      vertex 174.724 -82.8978 2
      vertex 175.108 -82.9743 2
    endloop
  endfacet
  facet normal -0.555877 0.831265 0
    outer loop
      vertex 174 -77.4019 2
      vertex 173.674 -77.6199 4
      vertex 174 -77.4019 4
    endloop
  endfacet
  facet normal -0.555877 0.831265 0
    outer loop
      vertex 173.674 -77.6199 4
      vertex 174 -77.4019 2
      vertex 173.674 -77.6199 2
    endloop
  endfacet
  facet normal -0.659478 0.751724 0
    outer loop
      vertex 173.674 -77.6199 2
      vertex 173.379 -77.8787 4
      vertex 173.674 -77.6199 4
    endloop
  endfacet
  facet normal -0.659478 0.751724 0
    outer loop
      vertex 173.379 -77.8787 4
      vertex 173.674 -77.6199 2
      vertex 173.379 -77.8787 2
    endloop
  endfacet
  facet normal 0 0 1
    outer loop
      vertex 177.3 -77.6024 4
      vertex 177.2 -80 4
      vertex 177.3 -82.3976 4
    endloop
  endfacet
  facet normal 0 0 1
    outer loop
      vertex 177.3 -77.6024 4
      vertex 177.185 -79.7781 4
      vertex 177.2 -80 4
    endloop
  endfacet
  facet normal 0 0 1
    outer loop
      vertex 177.3 -77.6024 4
      vertex 177.142 -79.56 4
      vertex 177.185 -79.7781 4
    endloop
  endfacet
  facet normal 0 0 1
    outer loop
      vertex 177.3 -77.6024 4
      vertex 177.071 -79.3494 4
      vertex 177.142 -79.56 4
    endloop
  endfacet
  facet normal 0 0 1
    outer loop
      vertex 176.35 -78.5278 4
      vertex 177.3 -77.6024 4
      vertex 177 -77.4019 4
    endloop
  endfacet
  facet normal 0 0 1
    outer loop
      vertex 177.3 -77.6024 4
      vertex 176.972 -79.15 4
      vertex 177.071 -79.3494 4
    endloop
  endfacet
  facet normal 0 0 1
    outer loop
      vertex 177.3 -77.6024 4
      vertex 176.849 -78.9651 4
      vertex 176.972 -79.15 4
    endloop
  endfacet
  facet normal 0 0 1
    outer loop
      vertex 177.3 -77.6024 4
      vertex 176.702 -78.7979 4
      vertex 176.849 -78.9651 4
    endloop
  endfacet
  facet normal 0 0 1
    outer loop
      vertex 176.35 -78.5278 4
      vertex 177 -77.4019 4
      vertex 176.648 -77.2284 4
    endloop
  endfacet
  facet normal 0 0 1
    outer loop
      vertex 177.3 -77.6024 4
      vertex 176.535 -78.6513 4
      vertex 176.702 -78.7979 4
    endloop
  endfacet
  facet normal 0 0 1
    outer loop
      vertex 177.3 -77.6024 4
      vertex 176.35 -78.5278 4
      vertex 176.535 -78.6513 4
    endloop
  endfacet
  facet normal 0 0 1
    outer loop
      vertex 176.151 -78.4294 4
      vertex 176.648 -77.2284 4
      vertex 176.276 -77.1022 4
    endloop
  endfacet
  facet normal 0 0 1
    outer loop
      vertex 176.648 -77.2284 4
      vertex 176.151 -78.4294 4
      vertex 176.35 -78.5278 4
    endloop
  endfacet
  facet normal 0 0 1
    outer loop
      vertex 176.276 -77.1022 4
      vertex 175.94 -78.3579 4
      vertex 176.151 -78.4294 4
    endloop
  endfacet
  facet normal 0 0 1
    outer loop
      vertex 175.892 -77.0257 4
      vertex 175.94 -78.3579 4
      vertex 176.276 -77.1022 4
    endloop
  endfacet
  facet normal 0 0 1
    outer loop
      vertex 175.892 -77.0257 4
      vertex 175.722 -78.3145 4
      vertex 175.94 -78.3579 4
    endloop
  endfacet
  facet normal 0 0 1
    outer loop
      vertex 175.5 -77 4
      vertex 175.722 -78.3145 4
      vertex 175.892 -77.0257 4
    endloop
  endfacet
  facet normal 0 0 1
    outer loop
      vertex 175.5 -77 4
      vertex 175.5 -78.3 4
      vertex 175.722 -78.3145 4
    endloop
  endfacet
  facet normal 0 0 1
    outer loop
      vertex 175.5 -77 4
      vertex 175.278 -78.3145 4
      vertex 175.5 -78.3 4
    endloop
  endfacet
  facet normal -0 0 1
    outer loop
      vertex 175.108 -77.0257 4
      vertex 175.278 -78.3145 4
      vertex 175.5 -77 4
    endloop
  endfacet
  facet normal 0 0 1
    outer loop
      vertex 175.108 -77.0257 4
      vertex 175.06 -78.3579 4
      vertex 175.278 -78.3145 4
    endloop
  endfacet
  facet normal -0 0 1
    outer loop
      vertex 174.724 -77.1022 4
      vertex 175.06 -78.3579 4
      vertex 175.108 -77.0257 4
    endloop
  endfacet
  facet normal 0 0 1
    outer loop
      vertex 175.06 -78.3579 4
      vertex 174.724 -77.1022 4
      vertex 174.849 -78.4294 4
    endloop
  endfacet
  facet normal -0 0 1
    outer loop
      vertex 174.352 -77.2284 4
      vertex 174.849 -78.4294 4
      vertex 174.724 -77.1022 4
    endloop
  endfacet
  facet normal 0 0 1
    outer loop
      vertex 174.849 -78.4294 4
      vertex 174.352 -77.2284 4
      vertex 174.65 -78.5278 4
    endloop
  endfacet
  facet normal -0 0 1
    outer loop
      vertex 174 -77.4019 4
      vertex 174.65 -78.5278 4
      vertex 174.352 -77.2284 4
    endloop
  endfacet
  facet normal 0 0 1
    outer loop
      vertex 174.65 -78.5278 4
      vertex 174 -77.4019 4
      vertex 174.465 -78.6513 4
    endloop
  endfacet
  facet normal -0 0 1
    outer loop
      vertex 173.674 -77.6199 4
      vertex 174.465 -78.6513 4
      vertex 174 -77.4019 4
    endloop
  endfacet
  facet normal 0 0 1
    outer loop
      vertex 174.465 -78.6513 4
      vertex 173.674 -77.6199 4
      vertex 174.298 -78.7979 4
    endloop
  endfacet
  facet normal -0 0 1
    outer loop
      vertex 173.379 -77.8787 4
      vertex 174.298 -78.7979 4
      vertex 173.674 -77.6199 4
    endloop
  endfacet
  facet normal 0 0 1
    outer loop
      vertex 174.298 -78.7979 4
      vertex 173.379 -77.8787 4
      vertex 174.151 -78.9651 4
    endloop
  endfacet
  facet normal -0 0 1
    outer loop
      vertex 173.12 -78.1737 4
      vertex 174.151 -78.9651 4
      vertex 173.379 -77.8787 4
    endloop
  endfacet
  facet normal 0 0 1
    outer loop
      vertex 174.151 -78.9651 4
      vertex 173.12 -78.1737 4
      vertex 174.028 -79.15 4
    endloop
  endfacet
  facet normal 0 0 1
    outer loop
      vertex 174.028 -79.15 4
      vertex 172.902 -78.5 4
      vertex 173.929 -79.3494 4
    endloop
  endfacet
  facet normal -0 0 1
    outer loop
      vertex 172.902 -78.5 4
      vertex 174.028 -79.15 4
      vertex 173.12 -78.1737 4
    endloop
  endfacet
  facet normal -0 0 1
    outer loop
      vertex 177.185 -80.2219 4
      vertex 177.3 -82.3976 4
      vertex 177.2 -80 4
    endloop
  endfacet
  facet normal -0 0 1
    outer loop
      vertex 177.142 -80.44 4
      vertex 177.3 -82.3976 4
      vertex 177.185 -80.2219 4
    endloop
  endfacet
  facet normal -0 0 1
    outer loop
      vertex 177.071 -80.6506 4
      vertex 177.3 -82.3976 4
      vertex 177.142 -80.44 4
    endloop
  endfacet
  facet normal -0 0 1
    outer loop
      vertex 176.972 -80.85 4
      vertex 177.3 -82.3976 4
      vertex 177.071 -80.6506 4
    endloop
  endfacet
  facet normal -0 0 1
    outer loop
      vertex 176.849 -81.0349 4
      vertex 177.3 -82.3976 4
      vertex 176.972 -80.85 4
    endloop
  endfacet
  facet normal -0 0 1
    outer loop
      vertex 176.702 -81.2021 4
      vertex 177.3 -82.3976 4
      vertex 176.849 -81.0349 4
    endloop
  endfacet
  facet normal -0 0 1
    outer loop
      vertex 176.535 -81.3487 4
      vertex 177.3 -82.3976 4
      vertex 176.702 -81.2021 4
    endloop
  endfacet
  facet normal -0 0 1
    outer loop
      vertex 176.35 -81.4722 4
      vertex 177.3 -82.3976 4
      vertex 176.535 -81.3487 4
    endloop
  endfacet
  facet normal 0 0 1
    outer loop
      vertex 177.3 -82.3976 4
      vertex 176.35 -81.4722 4
      vertex 177 -82.5981 4
    endloop
  endfacet
  facet normal 0 0 1
    outer loop
      vertex 177 -82.5981 4
      vertex 176.35 -81.4722 4
      vertex 176.648 -82.7716 4
    endloop
  endfacet
  facet normal -0 0 1
    outer loop
      vertex 176.151 -81.5706 4
      vertex 176.648 -82.7716 4
      vertex 176.35 -81.4722 4
    endloop
  endfacet
  facet normal 0 0 1
    outer loop
      vertex 176.648 -82.7716 4
      vertex 176.151 -81.5706 4
      vertex 176.276 -82.8978 4
    endloop
  endfacet
  facet normal -0 0 1
    outer loop
      vertex 175.94 -81.6421 4
      vertex 176.276 -82.8978 4
      vertex 176.151 -81.5706 4
    endloop
  endfacet
  facet normal 0 0 1
    outer loop
      vertex 175.94 -81.6421 4
      vertex 175.892 -82.9743 4
      vertex 176.276 -82.8978 4
    endloop
  endfacet
  facet normal -0 0 1
    outer loop
      vertex 175.722 -81.6855 4
      vertex 175.892 -82.9743 4
      vertex 175.94 -81.6421 4
    endloop
  endfacet
  facet normal -0 0 1
    outer loop
      vertex 175.5 -81.7 4
      vertex 175.892 -82.9743 4
      vertex 175.722 -81.6855 4
    endloop
  endfacet
  facet normal 0 0 1
    outer loop
      vertex 175.5 -81.7 4
      vertex 175.5 -83 4
      vertex 175.892 -82.9743 4
    endloop
  endfacet
  facet normal 0 0 1
    outer loop
      vertex 175.278 -81.6855 4
      vertex 175.5 -83 4
      vertex 175.5 -81.7 4
    endloop
  endfacet
  facet normal 0 0 1
    outer loop
      vertex 175.278 -81.6855 4
      vertex 175.108 -82.9743 4
      vertex 175.5 -83 4
    endloop
  endfacet
  facet normal 0 0 1
    outer loop
      vertex 175.06 -81.6421 4
      vertex 175.108 -82.9743 4
      vertex 175.278 -81.6855 4
    endloop
  endfacet
  facet normal 0 0 1
    outer loop
      vertex 174.724 -82.8978 4
      vertex 175.06 -81.6421 4
      vertex 174.849 -81.5706 4
    endloop
  endfacet
  facet normal 0 0 1
    outer loop
      vertex 175.06 -81.6421 4
      vertex 174.724 -82.8978 4
      vertex 175.108 -82.9743 4
    endloop
  endfacet
  facet normal 0 0 1
    outer loop
      vertex 174.352 -82.7716 4
      vertex 174.849 -81.5706 4
      vertex 174.65 -81.4722 4
    endloop
  endfacet
  facet normal 0 0 1
    outer loop
      vertex 174 -82.5981 4
      vertex 174.65 -81.4722 4
      vertex 174.465 -81.3487 4
    endloop
  endfacet
  facet normal 0 0 1
    outer loop
      vertex 174.849 -81.5706 4
      vertex 174.352 -82.7716 4
      vertex 174.724 -82.8978 4
    endloop
  endfacet
  facet normal 0 0 1
    outer loop
      vertex 173.674 -82.3801 4
      vertex 174.465 -81.3487 4
      vertex 174.298 -81.2021 4
    endloop
  endfacet
  facet normal 0 0 1
    outer loop
      vertex 173.379 -82.1213 4
      vertex 174.298 -81.2021 4
      vertex 174.151 -81.0349 4
    endloop
  endfacet
  facet normal 0 0 1
    outer loop
      vertex 173.12 -81.8263 4
      vertex 174.151 -81.0349 4
      vertex 174.028 -80.85 4
    endloop
  endfacet
  facet normal 0 0 1
    outer loop
      vertex 174.65 -81.4722 4
      vertex 174 -82.5981 4
      vertex 174.352 -82.7716 4
    endloop
  endfacet
  facet normal 0 0 1
    outer loop
      vertex 172.902 -81.5 4
      vertex 174.028 -80.85 4
      vertex 173.929 -80.6506 4
    endloop
  endfacet
  facet normal 0 0 1
    outer loop
      vertex 172.728 -81.148 4
      vertex 173.929 -80.6506 4
      vertex 173.858 -80.44 4
    endloop
  endfacet
  facet normal 0 0 1
    outer loop
      vertex 172.602 -80.7765 4
      vertex 173.858 -80.44 4
      vertex 173.815 -80.2219 4
    endloop
  endfacet
  facet normal 0 0 1
    outer loop
      vertex 174.465 -81.3487 4
      vertex 173.674 -82.3801 4
      vertex 174 -82.5981 4
    endloop
  endfacet
  facet normal 0 0 1
    outer loop
      vertex 172.526 -80.3916 4
      vertex 173.815 -80.2219 4
      vertex 173.8 -80 4
    endloop
  endfacet
  facet normal -0 0 1
    outer loop
      vertex 172.728 -78.852 4
      vertex 173.929 -79.3494 4
      vertex 172.902 -78.5 4
    endloop
  endfacet
  facet normal 0 0 1
    outer loop
      vertex 173.929 -79.3494 4
      vertex 172.728 -78.852 4
      vertex 173.858 -79.56 4
    endloop
  endfacet
  facet normal 0 0 1
    outer loop
      vertex 174.298 -81.2021 4
      vertex 173.379 -82.1213 4
      vertex 173.674 -82.3801 4
    endloop
  endfacet
  facet normal -0 0 1
    outer loop
      vertex 172.602 -79.2235 4
      vertex 173.858 -79.56 4
      vertex 172.728 -78.852 4
    endloop
  endfacet
  facet normal 0 0 1
    outer loop
      vertex 174.151 -81.0349 4
      vertex 173.12 -81.8263 4
      vertex 173.379 -82.1213 4
    endloop
  endfacet
  facet normal 0 0 1
    outer loop
      vertex 173.858 -79.56 4
      vertex 172.602 -79.2235 4
      vertex 173.815 -79.7781 4
    endloop
  endfacet
  facet normal 0 0 1
    outer loop
      vertex 174.028 -80.85 4
      vertex 172.902 -81.5 4
      vertex 173.12 -81.8263 4
    endloop
  endfacet
  facet normal -0 0 1
    outer loop
      vertex 172.526 -79.6084 4
      vertex 173.815 -79.7781 4
      vertex 172.602 -79.2235 4
    endloop
  endfacet
  facet normal 0 0 1
    outer loop
      vertex 173.929 -80.6506 4
      vertex 172.728 -81.148 4
      vertex 172.902 -81.5 4
    endloop
  endfacet
  facet normal 0 0 1
    outer loop
      vertex 173.815 -79.7781 4
      vertex 172.526 -79.6084 4
      vertex 173.8 -80 4
    endloop
  endfacet
  facet normal 0 0 1
    outer loop
      vertex 173.858 -80.44 4
      vertex 172.602 -80.7765 4
      vertex 172.728 -81.148 4
    endloop
  endfacet
  facet normal 0 0 1
    outer loop
      vertex 172.5 -80 4
      vertex 173.8 -80 4
      vertex 172.526 -79.6084 4
    endloop
  endfacet
  facet normal 0 0 1
    outer loop
      vertex 173.815 -80.2219 4
      vertex 172.526 -80.3916 4
      vertex 172.602 -80.7765 4
    endloop
  endfacet
  facet normal 0 0 1
    outer loop
      vertex 173.8 -80 4
      vertex 172.5 -80 4
      vertex 172.526 -80.3916 4
    endloop
  endfacet
  facet normal -0.896455 0.443134 0
    outer loop
      vertex 172.728 -78.852 2
      vertex 172.902 -78.5 4
      vertex 172.902 -78.5 2
    endloop
  endfacet
  facet normal -0.896455 0.443134 0
    outer loop
      vertex 172.902 -78.5 4
      vertex 172.728 -78.852 2
      vertex 172.728 -78.852 4
    endloop
  endfacet
  facet normal -0.0654208 0.997858 0
    outer loop
      vertex 175.5 -77 2
      vertex 175.108 -77.0257 4
      vertex 175.5 -77 4
    endloop
  endfacet
  facet normal -0.0654208 0.997858 0
    outer loop
      vertex 175.108 -77.0257 4
      vertex 175.5 -77 2
      vertex 175.108 -77.0257 2
    endloop
  endfacet
  facet normal -0.555877 -0.831265 0
    outer loop
      vertex 173.674 -82.3801 2
      vertex 174 -82.5981 4
      vertex 173.674 -82.3801 4
    endloop
  endfacet
  facet normal -0.555877 -0.831265 -0
    outer loop
      vertex 174 -82.5981 4
      vertex 173.674 -82.3801 2
      vertex 174 -82.5981 2
    endloop
  endfacet
  facet normal 0.321264 0.94699 -0
    outer loop
      vertex 176.648 -77.2284 2
      vertex 176.276 -77.1022 4
      vertex 176.648 -77.2284 4
    endloop
  endfacet
  facet normal 0.321264 0.94699 0
    outer loop
      vertex 176.276 -77.1022 4
      vertex 176.648 -77.2284 2
      vertex 176.276 -77.1022 2
    endloop
  endfacet
  facet normal 0.44211 0.896961 -0
    outer loop
      vertex 177 -77.4019 2
      vertex 176.648 -77.2284 4
      vertex 177 -77.4019 4
    endloop
  endfacet
  facet normal 0.44211 0.896961 0
    outer loop
      vertex 176.648 -77.2284 4
      vertex 177 -77.4019 2
      vertex 176.648 -77.2284 2
    endloop
  endfacet
  facet normal -0.195379 0.980728 0
    outer loop
      vertex 175.108 -77.0257 2
      vertex 174.724 -77.1022 4
      vertex 175.108 -77.0257 4
    endloop
  endfacet
  facet normal -0.195379 0.980728 0
    outer loop
      vertex 174.724 -77.1022 4
      vertex 175.108 -77.0257 2
      vertex 174.724 -77.1022 2
    endloop
  endfacet
  facet normal 0.195379 -0.980728 0
    outer loop
      vertex 175.892 -82.9743 2
      vertex 176.276 -82.8978 4
      vertex 175.892 -82.9743 4
    endloop
  endfacet
  facet normal 0.195379 -0.980728 0
    outer loop
      vertex 176.276 -82.8978 4
      vertex 175.892 -82.9743 2
      vertex 176.276 -82.8978 2
    endloop
  endfacet
  facet normal -0.44211 0.896961 0
    outer loop
      vertex 174.352 -77.2284 2
      vertex 174 -77.4019 4
      vertex 174.352 -77.2284 4
    endloop
  endfacet
  facet normal -0.44211 0.896961 0
    outer loop
      vertex 174 -77.4019 4
      vertex 174.352 -77.2284 2
      vertex 174 -77.4019 2
    endloop
  endfacet
  facet normal -0.831501 0.555523 0
    outer loop
      vertex 172.902 -78.5 2
      vertex 173.12 -78.1737 4
      vertex 173.12 -78.1737 2
    endloop
  endfacet
  facet normal -0.831501 0.555523 0
    outer loop
      vertex 173.12 -78.1737 4
      vertex 172.902 -78.5 2
      vertex 172.902 -78.5 4
    endloop
  endfacet
  facet normal -0.947013 -0.321194 0
    outer loop
      vertex 172.728 -81.148 2
      vertex 172.602 -80.7765 4
      vertex 172.602 -80.7765 2
    endloop
  endfacet
  facet normal -0.947013 -0.321194 0
    outer loop
      vertex 172.602 -80.7765 4
      vertex 172.728 -81.148 2
      vertex 172.728 -81.148 4
    endloop
  endfacet
  facet normal 1 -0 0
    outer loop
      vertex 177.3 -82.3976 4
      vertex 177.3 -77.6024 2
      vertex 177.3 -77.6024 4
    endloop
  endfacet
  facet normal 1 0 0
    outer loop
      vertex 177.3 -77.6024 2
      vertex 177.3 -82.3976 4
      vertex 177.3 -82.3976 2
    endloop
  endfacet
  facet normal 0.555706 -0.831379 0
    outer loop
      vertex 9.89708 -17.1 3
      vertex 9.775 -17.1816 5.1
      vertex 9.775 -17.1816 3
    endloop
  endfacet
  facet normal 0.555662 -0.831408 -3.66391e-06
    outer loop
      vertex 9.775 -17.1816 5.1
      vertex 9.89708 -17.1 3
      vertex 10.0741 -16.9817 5.1
    endloop
  endfacet
  facet normal 0.555632 -0.831428 0
    outer loop
      vertex 10.0741 -16.9817 2
      vertex 9.89708 -17.1 3
      vertex 9.89708 -17.1 2
    endloop
  endfacet
  facet normal 0.555632 -0.831428 0
    outer loop
      vertex 9.89708 -17.1 3
      vertex 10.0741 -16.9817 2
      vertex 10.0741 -16.9817 5.1
    endloop
  endfacet
  facet normal 0.980783 -0.195101 0
    outer loop
      vertex 11.0563 -15.5118 5.1
      vertex 11.1265 -15.1589 2
      vertex 11.1265 -15.1589 5.1
    endloop
  endfacet
  facet normal 0.980783 -0.195101 0
    outer loop
      vertex 11.1265 -15.1589 2
      vertex 11.0563 -15.5118 5.1
      vertex 11.0563 -15.5118 2
    endloop
  endfacet
  facet normal 0.997863 -0.0653379 0
    outer loop
      vertex 11.1265 -15.1589 5.1
      vertex 11.15 -14.8 2
      vertex 11.15 -14.8 5.1
    endloop
  endfacet
  facet normal 0.997863 -0.0653379 0
    outer loop
      vertex 11.15 -14.8 2
      vertex 11.1265 -15.1589 5.1
      vertex 11.1265 -15.1589 2
    endloop
  endfacet
  facet normal 0.0653289 0.997864 -0
    outer loop
      vertex 8.75895 -12.0735 2
      vertex 8.4 -12.05 5.1
      vertex 8.75895 -12.0735 5.1
    endloop
  endfacet
  facet normal 0.0653289 0.997864 0
    outer loop
      vertex 8.4 -12.05 5.1
      vertex 8.75895 -12.0735 2
      vertex 8.4 -12.05 2
    endloop
  endfacet
  facet normal 0.659449 -0.751749 0
    outer loop
      vertex 10.0741 -16.9817 2
      vertex 10.3445 -16.7445 5.1
      vertex 10.0741 -16.9817 5.1
    endloop
  endfacet
  facet normal 0.659449 -0.751749 0
    outer loop
      vertex 10.3445 -16.7445 5.1
      vertex 10.0741 -16.9817 2
      vertex 10.3445 -16.7445 2
    endloop
  endfacet
  facet normal 0.442292 0.896871 -0
    outer loop
      vertex 9.775 -12.4184 2
      vertex 9.45238 -12.2593 5.1
      vertex 9.775 -12.4184 5.1
    endloop
  endfacet
  facet normal 0.442292 0.896871 0
    outer loop
      vertex 9.45238 -12.2593 5.1
      vertex 9.775 -12.4184 2
      vertex 9.45238 -12.2593 2
    endloop
  endfacet
  facet normal -0.321369 -0.946954 0
    outer loop
      vertex 7.34762 -17.3407 3
      vertex 7.68825 -17.4563 5.1
      vertex 7.34762 -17.3407 5.1
    endloop
  endfacet
  facet normal -0.321369 -0.946954 -0
    outer loop
      vertex 7.68825 -17.4563 5.1
      vertex 7.34762 -17.3407 3
      vertex 7.68825 -17.4563 3
    endloop
  endfacet
  facet normal 0.946945 0.321394 0
    outer loop
      vertex 11.0563 -14.0882 5.1
      vertex 10.9407 -13.7476 2
      vertex 10.9407 -13.7476 5.1
    endloop
  endfacet
  facet normal 0.946945 0.321394 0
    outer loop
      vertex 10.9407 -13.7476 2
      vertex 11.0563 -14.0882 5.1
      vertex 11.0563 -14.0882 2
    endloop
  endfacet
  facet normal 0.980783 0.195101 0
    outer loop
      vertex 11.1265 -14.4411 5.1
      vertex 11.0563 -14.0882 2
      vertex 11.0563 -14.0882 5.1
    endloop
  endfacet
  facet normal 0.980783 0.195101 0
    outer loop
      vertex 11.0563 -14.0882 2
      vertex 11.1265 -14.4411 5.1
      vertex 11.1265 -14.4411 2
    endloop
  endfacet
  facet normal 0.321369 -0.946954 0
    outer loop
      vertex 9.11175 -17.4563 3
      vertex 9.45238 -17.3407 5.1
      vertex 9.11175 -17.4563 5.1
    endloop
  endfacet
  facet normal 0.321369 -0.946954 0
    outer loop
      vertex 9.45238 -17.3407 5.1
      vertex 9.11175 -17.4563 3
      vertex 9.45238 -17.3407 3
    endloop
  endfacet
  facet normal -0.195154 0.980773 0
    outer loop
      vertex 8.04105 -12.0735 2
      vertex 7.68825 -12.1437 5.1
      vertex 8.04105 -12.0735 5.1
    endloop
  endfacet
  facet normal -0.195154 0.980773 0
    outer loop
      vertex 7.68825 -12.1437 5.1
      vertex 8.04105 -12.0735 2
      vertex 7.68825 -12.1437 2
    endloop
  endfacet
  facet normal 0.659449 0.751749 -0
    outer loop
      vertex 10.3445 -12.8555 2
      vertex 10.0741 -12.6183 5.1
      vertex 10.3445 -12.8555 5.1
    endloop
  endfacet
  facet normal 0.659449 0.751749 0
    outer loop
      vertex 10.0741 -12.6183 5.1
      vertex 10.3445 -12.8555 2
      vertex 10.0741 -12.6183 2
    endloop
  endfacet
  facet normal 0.555662 0.831408 -0
    outer loop
      vertex 10.0741 -12.6183 2
      vertex 9.775 -12.4184 5.1
      vertex 10.0741 -12.6183 5.1
    endloop
  endfacet
  facet normal 0.555662 0.831408 0
    outer loop
      vertex 9.775 -12.4184 5.1
      vertex 10.0741 -12.6183 2
      vertex 9.775 -12.4184 2
    endloop
  endfacet
  facet normal -0.555675 -0.8314 -2.58386e-06
    outer loop
      vertex 6.72591 -16.9817 5.1
      vertex 6.90292 -17.1 3
      vertex 7.025 -17.1816 5.1
    endloop
  endfacet
  facet normal -0.555654 -0.831414 0
    outer loop
      vertex 6.72591 -16.9817 2
      vertex 6.90292 -17.1 3
      vertex 6.72591 -16.9817 5.1
    endloop
  endfacet
  facet normal -0.555654 -0.831414 -0
    outer loop
      vertex 6.90292 -17.1 3
      vertex 6.72591 -16.9817 2
      vertex 6.90292 -17.1 2
    endloop
  endfacet
  facet normal -0.555706 -0.831379 -0
    outer loop
      vertex 7.025 -17.1816 5.1
      vertex 6.90292 -17.1 3
      vertex 7.025 -17.1816 3
    endloop
  endfacet
  facet normal 0.831408 0.555662 0
    outer loop
      vertex 10.7816 -13.425 5.1
      vertex 10.5817 -13.1259 2
      vertex 10.5817 -13.1259 5.1
    endloop
  endfacet
  facet normal 0.831408 0.555662 0
    outer loop
      vertex 10.5817 -13.1259 2
      vertex 10.7816 -13.425 5.1
      vertex 10.7816 -13.425 2
    endloop
  endfacet
  facet normal 0.89686 -0.442314 0
    outer loop
      vertex 10.7816 -16.175 5.1
      vertex 10.9407 -15.8524 2
      vertex 10.9407 -15.8524 5.1
    endloop
  endfacet
  facet normal 0.89686 -0.442314 0
    outer loop
      vertex 10.9407 -15.8524 2
      vertex 10.7816 -16.175 5.1
      vertex 10.7816 -16.175 2
    endloop
  endfacet
  facet normal 0.195154 0.980773 -0
    outer loop
      vertex 9.11175 -12.1437 2
      vertex 8.75895 -12.0735 5.1
      vertex 9.11175 -12.1437 5.1
    endloop
  endfacet
  facet normal 0.195154 0.980773 0
    outer loop
      vertex 8.75895 -12.0735 5.1
      vertex 9.11175 -12.1437 2
      vertex 8.75895 -12.0735 2
    endloop
  endfacet
  facet normal 0.442292 -0.896871 0
    outer loop
      vertex 9.45238 -17.3407 3
      vertex 9.775 -17.1816 5.1
      vertex 9.45238 -17.3407 5.1
    endloop
  endfacet
  facet normal 0.442292 -0.896871 0
    outer loop
      vertex 9.775 -17.1816 5.1
      vertex 9.45238 -17.3407 3
      vertex 9.775 -17.1816 3
    endloop
  endfacet
  facet normal -0.751777 0.659417 0
    outer loop
      vertex 6.21828 -13.1259 2
      vertex 6.45546 -12.8555 5.1
      vertex 6.45546 -12.8555 2
    endloop
  endfacet
  facet normal -0.751777 0.659417 0
    outer loop
      vertex 6.45546 -12.8555 5.1
      vertex 6.21828 -13.1259 2
      vertex 6.21828 -13.1259 5.1
    endloop
  endfacet
  facet normal -0.751777 -0.659417 0
    outer loop
      vertex 6.45546 -16.7445 2
      vertex 6.21828 -16.4741 5.1
      vertex 6.21828 -16.4741 2
    endloop
  endfacet
  facet normal -0.751777 -0.659417 0
    outer loop
      vertex 6.21828 -16.4741 5.1
      vertex 6.45546 -16.7445 2
      vertex 6.45546 -16.7445 5.1
    endloop
  endfacet
  facet normal 0.831408 -0.555662 0
    outer loop
      vertex 10.5817 -16.4741 5.1
      vertex 10.7816 -16.175 2
      vertex 10.7816 -16.175 5.1
    endloop
  endfacet
  facet normal 0.831408 -0.555662 0
    outer loop
      vertex 10.7816 -16.175 2
      vertex 10.5817 -16.4741 5.1
      vertex 10.5817 -16.4741 2
    endloop
  endfacet
  facet normal -0.65938 0.75181 0
    outer loop
      vertex 6.72591 -12.6183 2
      vertex 6.45546 -12.8555 5.1
      vertex 6.72591 -12.6183 5.1
    endloop
  endfacet
  facet normal -0.65938 0.75181 0
    outer loop
      vertex 6.45546 -12.8555 5.1
      vertex 6.72591 -12.6183 2
      vertex 6.45546 -12.8555 2
    endloop
  endfacet
  facet normal 0.0653289 -0.997864 0
    outer loop
      vertex 8.4 -17.55 3
      vertex 8.75895 -17.5265 5.1
      vertex 8.4 -17.55 5.1
    endloop
  endfacet
  facet normal 0.0653289 -0.997864 0
    outer loop
      vertex 8.75895 -17.5265 5.1
      vertex 8.4 -17.55 3
      vertex 8.75895 -17.5265 3
    endloop
  endfacet
  facet normal -0.94692 0.321469 0
    outer loop
      vertex 5.7437 -14.0882 2
      vertex 5.85933 -13.7476 5.1
      vertex 5.85933 -13.7476 2
    endloop
  endfacet
  facet normal -0.94692 0.321469 0
    outer loop
      vertex 5.85933 -13.7476 5.1
      vertex 5.7437 -14.0882 2
      vertex 5.7437 -14.0882 5.1
    endloop
  endfacet
  facet normal -0.980799 0.19502 0
    outer loop
      vertex 5.67353 -14.4411 2
      vertex 5.7437 -14.0882 5.1
      vertex 5.7437 -14.0882 2
    endloop
  endfacet
  facet normal -0.980799 0.19502 0
    outer loop
      vertex 5.7437 -14.0882 5.1
      vertex 5.67353 -14.4411 2
      vertex 5.67353 -14.4411 5.1
    endloop
  endfacet
  facet normal 0.997863 0.0653379 0
    outer loop
      vertex 11.15 -14.8 5.1
      vertex 11.1265 -14.4411 2
      vertex 11.1265 -14.4411 5.1
    endloop
  endfacet
  facet normal 0.997863 0.0653379 0
    outer loop
      vertex 11.1265 -14.4411 2
      vertex 11.15 -14.8 5.1
      vertex 11.15 -14.8 2
    endloop
  endfacet
  facet normal -0.442292 -0.896871 0
    outer loop
      vertex 7.025 -17.1816 3
      vertex 7.34762 -17.3407 5.1
      vertex 7.025 -17.1816 5.1
    endloop
  endfacet
  facet normal -0.442292 -0.896871 -0
    outer loop
      vertex 7.34762 -17.3407 5.1
      vertex 7.025 -17.1816 3
      vertex 7.34762 -17.3407 3
    endloop
  endfacet
  facet normal 0.89686 0.442314 0
    outer loop
      vertex 10.9407 -13.7476 5.1
      vertex 10.7816 -13.425 2
      vertex 10.7816 -13.425 5.1
    endloop
  endfacet
  facet normal 0.89686 0.442314 0
    outer loop
      vertex 10.7816 -13.425 2
      vertex 10.9407 -13.7476 5.1
      vertex 10.9407 -13.7476 2
    endloop
  endfacet
  facet normal 0.321369 0.946954 -0
    outer loop
      vertex 9.45238 -12.2593 2
      vertex 9.11175 -12.1437 5.1
      vertex 9.45238 -12.2593 5.1
    endloop
  endfacet
  facet normal 0.321369 0.946954 0
    outer loop
      vertex 9.11175 -12.1437 5.1
      vertex 9.45238 -12.2593 2
      vertex 9.11175 -12.1437 2
    endloop
  endfacet
  facet normal -0.831472 0.555566 0
    outer loop
      vertex 6.01843 -13.425 2
      vertex 6.21828 -13.1259 5.1
      vertex 6.21828 -13.1259 2
    endloop
  endfacet
  facet normal -0.831472 0.555566 0
    outer loop
      vertex 6.21828 -13.1259 5.1
      vertex 6.01843 -13.425 2
      vertex 6.01843 -13.425 5.1
    endloop
  endfacet
  facet normal -0.980799 -0.19502 0
    outer loop
      vertex 5.7437 -15.5118 2
      vertex 5.67353 -15.1589 5.1
      vertex 5.67353 -15.1589 2
    endloop
  endfacet
  facet normal -0.980799 -0.19502 0
    outer loop
      vertex 5.67353 -15.1589 5.1
      vertex 5.7437 -15.5118 2
      vertex 5.7437 -15.5118 5.1
    endloop
  endfacet
  facet normal 0.195154 -0.980773 0
    outer loop
      vertex 8.75895 -17.5265 3
      vertex 9.11175 -17.4563 5.1
      vertex 8.75895 -17.5265 5.1
    endloop
  endfacet
  facet normal 0.195154 -0.980773 0
    outer loop
      vertex 9.11175 -17.4563 5.1
      vertex 8.75895 -17.5265 3
      vertex 9.11175 -17.4563 3
    endloop
  endfacet
  facet normal -0.321369 0.946954 0
    outer loop
      vertex 7.68825 -12.1437 2
      vertex 7.34762 -12.2593 5.1
      vertex 7.68825 -12.1437 5.1
    endloop
  endfacet
  facet normal -0.321369 0.946954 0
    outer loop
      vertex 7.34762 -12.2593 5.1
      vertex 7.68825 -12.1437 2
      vertex 7.34762 -12.2593 2
    endloop
  endfacet
  facet normal -0.65938 -0.75181 0
    outer loop
      vertex 6.45546 -16.7445 2
      vertex 6.72591 -16.9817 5.1
      vertex 6.45546 -16.7445 5.1
    endloop
  endfacet
  facet normal -0.65938 -0.75181 -0
    outer loop
      vertex 6.72591 -16.9817 5.1
      vertex 6.45546 -16.7445 2
      vertex 6.72591 -16.9817 2
    endloop
  endfacet
  facet normal 0.751749 -0.659449 0
    outer loop
      vertex 10.3445 -16.7445 5.1
      vertex 10.5817 -16.4741 2
      vertex 10.5817 -16.4741 5.1
    endloop
  endfacet
  facet normal 0.751749 -0.659449 0
    outer loop
      vertex 10.5817 -16.4741 2
      vertex 10.3445 -16.7445 5.1
      vertex 10.3445 -16.7445 2
    endloop
  endfacet
  facet normal -0.442292 0.896871 0
    outer loop
      vertex 7.34762 -12.2593 2
      vertex 7.025 -12.4184 5.1
      vertex 7.34762 -12.2593 5.1
    endloop
  endfacet
  facet normal -0.442292 0.896871 0
    outer loop
      vertex 7.025 -12.4184 5.1
      vertex 7.34762 -12.2593 2
      vertex 7.025 -12.4184 2
    endloop
  endfacet
  facet normal 0.946945 -0.321394 0
    outer loop
      vertex 10.9407 -15.8524 5.1
      vertex 11.0563 -15.5118 2
      vertex 11.0563 -15.5118 5.1
    endloop
  endfacet
  facet normal 0.946945 -0.321394 0
    outer loop
      vertex 11.0563 -15.5118 2
      vertex 10.9407 -15.8524 5.1
      vertex 10.9407 -15.8524 2
    endloop
  endfacet
  facet normal -0.0653289 0.997864 0
    outer loop
      vertex 8.4 -12.05 2
      vertex 8.04105 -12.0735 5.1
      vertex 8.4 -12.05 5.1
    endloop
  endfacet
  facet normal -0.0653289 0.997864 0
    outer loop
      vertex 8.04105 -12.0735 5.1
      vertex 8.4 -12.05 2
      vertex 8.04105 -12.0735 2
    endloop
  endfacet
  facet normal 0.751749 0.659449 0
    outer loop
      vertex 10.5817 -13.1259 5.1
      vertex 10.3445 -12.8555 2
      vertex 10.3445 -12.8555 5.1
    endloop
  endfacet
  facet normal 0.751749 0.659449 0
    outer loop
      vertex 10.3445 -12.8555 2
      vertex 10.5817 -13.1259 5.1
      vertex 10.5817 -13.1259 2
    endloop
  endfacet
  facet normal -0.195154 -0.980773 0
    outer loop
      vertex 7.68825 -17.4563 3
      vertex 8.04105 -17.5265 5.1
      vertex 7.68825 -17.4563 5.1
    endloop
  endfacet
  facet normal -0.195154 -0.980773 -0
    outer loop
      vertex 8.04105 -17.5265 5.1
      vertex 7.68825 -17.4563 3
      vertex 8.04105 -17.5265 3
    endloop
  endfacet
  facet normal -0.997858 -0.065421 0
    outer loop
      vertex 5.67353 -15.1589 2
      vertex 5.65 -14.8 5.1
      vertex 5.65 -14.8 2
    endloop
  endfacet
  facet normal -0.997858 -0.065421 0
    outer loop
      vertex 5.65 -14.8 5.1
      vertex 5.67353 -15.1589 2
      vertex 5.67353 -15.1589 5.1
    endloop
  endfacet
  facet normal -0.997858 0.065421 0
    outer loop
      vertex 5.65 -14.8 2
      vertex 5.67353 -14.4411 5.1
      vertex 5.67353 -14.4411 2
    endloop
  endfacet
  facet normal -0.997858 0.065421 0
    outer loop
      vertex 5.67353 -14.4411 5.1
      vertex 5.65 -14.8 2
      vertex 5.65 -14.8 5.1
    endloop
  endfacet
  facet normal -0.89686 0.442314 0
    outer loop
      vertex 5.85933 -13.7476 2
      vertex 6.01843 -13.425 5.1
      vertex 6.01843 -13.425 2
    endloop
  endfacet
  facet normal -0.89686 0.442314 0
    outer loop
      vertex 6.01843 -13.425 5.1
      vertex 5.85933 -13.7476 2
      vertex 5.85933 -13.7476 5.1
    endloop
  endfacet
  facet normal -0.0653289 -0.997864 0
    outer loop
      vertex 8.04105 -17.5265 3
      vertex 8.4 -17.55 5.1
      vertex 8.04105 -17.5265 5.1
    endloop
  endfacet
  facet normal -0.0653289 -0.997864 -0
    outer loop
      vertex 8.4 -17.55 5.1
      vertex 8.04105 -17.5265 3
      vertex 8.4 -17.55 3
    endloop
  endfacet
  facet normal -0.831472 -0.555566 0
    outer loop
      vertex 6.21828 -16.4741 2
      vertex 6.01843 -16.175 5.1
      vertex 6.01843 -16.175 2
    endloop
  endfacet
  facet normal -0.831472 -0.555566 0
    outer loop
      vertex 6.01843 -16.175 5.1
      vertex 6.21828 -16.4741 2
      vertex 6.21828 -16.4741 5.1
    endloop
  endfacet
  facet normal -0.94692 -0.321469 0
    outer loop
      vertex 5.85933 -15.8524 2
      vertex 5.7437 -15.5118 5.1
      vertex 5.7437 -15.5118 2
    endloop
  endfacet
  facet normal -0.94692 -0.321469 0
    outer loop
      vertex 5.7437 -15.5118 5.1
      vertex 5.85933 -15.8524 2
      vertex 5.85933 -15.8524 5.1
    endloop
  endfacet
  facet normal -0.89686 -0.442314 0
    outer loop
      vertex 6.01843 -16.175 2
      vertex 5.85933 -15.8524 5.1
      vertex 5.85933 -15.8524 2
    endloop
  endfacet
  facet normal -0.89686 -0.442314 0
    outer loop
      vertex 5.85933 -15.8524 5.1
      vertex 6.01843 -16.175 2
      vertex 6.01843 -16.175 5.1
    endloop
  endfacet
  facet normal 0 0 1
    outer loop
      vertex 10.1 -14.8 5.1
      vertex 11.15 -14.8 5.1
      vertex 11.1265 -14.4411 5.1
    endloop
  endfacet
  facet normal 0 0 1
    outer loop
      vertex 10.0855 -14.5781 5.1
      vertex 11.1265 -14.4411 5.1
      vertex 11.0563 -14.0882 5.1
    endloop
  endfacet
  facet normal 0 0 1
    outer loop
      vertex 11.15 -14.8 5.1
      vertex 10.1 -14.8 5.1
      vertex 11.1265 -15.1589 5.1
    endloop
  endfacet
  facet normal 0 0 1
    outer loop
      vertex 10.0421 -14.36 5.1
      vertex 11.0563 -14.0882 5.1
      vertex 10.9407 -13.7476 5.1
    endloop
  endfacet
  facet normal -0 0 1
    outer loop
      vertex 10.0855 -15.0219 5.1
      vertex 11.1265 -15.1589 5.1
      vertex 10.1 -14.8 5.1
    endloop
  endfacet
  facet normal 0 0 1
    outer loop
      vertex 9.97059 -14.1494 5.1
      vertex 10.9407 -13.7476 5.1
      vertex 10.7816 -13.425 5.1
    endloop
  endfacet
  facet normal 0 0 1
    outer loop
      vertex 11.1265 -15.1589 5.1
      vertex 10.0855 -15.0219 5.1
      vertex 11.0563 -15.5118 5.1
    endloop
  endfacet
  facet normal 0 0 1
    outer loop
      vertex 9.87224 -13.95 5.1
      vertex 10.7816 -13.425 5.1
      vertex 10.5817 -13.1259 5.1
    endloop
  endfacet
  facet normal -0 0 1
    outer loop
      vertex 10.0421 -15.24 5.1
      vertex 11.0563 -15.5118 5.1
      vertex 10.0855 -15.0219 5.1
    endloop
  endfacet
  facet normal 0 0 1
    outer loop
      vertex 9.7487 -13.7651 5.1
      vertex 10.5817 -13.1259 5.1
      vertex 10.3445 -12.8555 5.1
    endloop
  endfacet
  facet normal 0 0 1
    outer loop
      vertex 11.0563 -15.5118 5.1
      vertex 10.0421 -15.24 5.1
      vertex 10.9407 -15.8524 5.1
    endloop
  endfacet
  facet normal -0 0 1
    outer loop
      vertex 9.97059 -15.4506 5.1
      vertex 10.9407 -15.8524 5.1
      vertex 10.0421 -15.24 5.1
    endloop
  endfacet
  facet normal 0 0 1
    outer loop
      vertex 11.1265 -14.4411 5.1
      vertex 10.0855 -14.5781 5.1
      vertex 10.1 -14.8 5.1
    endloop
  endfacet
  facet normal 0 0 1
    outer loop
      vertex 9.60208 -13.5979 5.1
      vertex 10.3445 -12.8555 5.1
      vertex 10.0741 -12.6183 5.1
    endloop
  endfacet
  facet normal 0 0 1
    outer loop
      vertex 11.0563 -14.0882 5.1
      vertex 10.0421 -14.36 5.1
      vertex 10.0855 -14.5781 5.1
    endloop
  endfacet
  facet normal 0 0 1
    outer loop
      vertex 10.9407 -13.7476 5.1
      vertex 9.97059 -14.1494 5.1
      vertex 10.0421 -14.36 5.1
    endloop
  endfacet
  facet normal 0 0 1
    outer loop
      vertex 10.7816 -13.425 5.1
      vertex 9.87224 -13.95 5.1
      vertex 9.97059 -14.1494 5.1
    endloop
  endfacet
  facet normal 0 0 1
    outer loop
      vertex 9.43489 -13.4513 5.1
      vertex 10.0741 -12.6183 5.1
      vertex 9.775 -12.4184 5.1
    endloop
  endfacet
  facet normal 0 0 1
    outer loop
      vertex 10.5817 -13.1259 5.1
      vertex 9.7487 -13.7651 5.1
      vertex 9.87224 -13.95 5.1
    endloop
  endfacet
  facet normal 0 0 1
    outer loop
      vertex 10.3445 -12.8555 5.1
      vertex 9.60208 -13.5979 5.1
      vertex 9.7487 -13.7651 5.1
    endloop
  endfacet
  facet normal 0 0 1
    outer loop
      vertex 9.25 -13.3278 5.1
      vertex 9.775 -12.4184 5.1
      vertex 9.45238 -12.2593 5.1
    endloop
  endfacet
  facet normal 0 0 1
    outer loop
      vertex 10.0741 -12.6183 5.1
      vertex 9.43489 -13.4513 5.1
      vertex 9.60208 -13.5979 5.1
    endloop
  endfacet
  facet normal 0 0 1
    outer loop
      vertex 9.775 -12.4184 5.1
      vertex 9.25 -13.3278 5.1
      vertex 9.43489 -13.4513 5.1
    endloop
  endfacet
  facet normal 0 0 1
    outer loop
      vertex 9.05056 -13.2294 5.1
      vertex 9.45238 -12.2593 5.1
      vertex 9.11175 -12.1437 5.1
    endloop
  endfacet
  facet normal 0 0 1
    outer loop
      vertex 9.45238 -12.2593 5.1
      vertex 9.05056 -13.2294 5.1
      vertex 9.25 -13.3278 5.1
    endloop
  endfacet
  facet normal 0 0 1
    outer loop
      vertex 9.11175 -12.1437 5.1
      vertex 8.83999 -13.1579 5.1
      vertex 9.05056 -13.2294 5.1
    endloop
  endfacet
  facet normal 0 0 1
    outer loop
      vertex 8.75895 -12.0735 5.1
      vertex 8.83999 -13.1579 5.1
      vertex 9.11175 -12.1437 5.1
    endloop
  endfacet
  facet normal 0 0 1
    outer loop
      vertex 8.75895 -12.0735 5.1
      vertex 8.62189 -13.1145 5.1
      vertex 8.83999 -13.1579 5.1
    endloop
  endfacet
  facet normal 0 0 1
    outer loop
      vertex 8.4 -12.05 5.1
      vertex 8.62189 -13.1145 5.1
      vertex 8.75895 -12.0735 5.1
    endloop
  endfacet
  facet normal 0 0 1
    outer loop
      vertex 8.4 -12.05 5.1
      vertex 8.4 -13.1 5.1
      vertex 8.62189 -13.1145 5.1
    endloop
  endfacet
  facet normal 0 0 1
    outer loop
      vertex 8.4 -12.05 5.1
      vertex 8.17811 -13.1145 5.1
      vertex 8.4 -13.1 5.1
    endloop
  endfacet
  facet normal -0 0 1
    outer loop
      vertex 8.04105 -12.0735 5.1
      vertex 8.17811 -13.1145 5.1
      vertex 8.4 -12.05 5.1
    endloop
  endfacet
  facet normal 0 0 1
    outer loop
      vertex 8.04105 -12.0735 5.1
      vertex 7.96001 -13.1579 5.1
      vertex 8.17811 -13.1145 5.1
    endloop
  endfacet
  facet normal -0 0 1
    outer loop
      vertex 7.68825 -12.1437 5.1
      vertex 7.96001 -13.1579 5.1
      vertex 8.04105 -12.0735 5.1
    endloop
  endfacet
  facet normal 0 0 1
    outer loop
      vertex 7.96001 -13.1579 5.1
      vertex 7.68825 -12.1437 5.1
      vertex 7.74944 -13.2294 5.1
    endloop
  endfacet
  facet normal -0 0 1
    outer loop
      vertex 7.34762 -12.2593 5.1
      vertex 7.74944 -13.2294 5.1
      vertex 7.68825 -12.1437 5.1
    endloop
  endfacet
  facet normal 0 0 1
    outer loop
      vertex 7.74944 -13.2294 5.1
      vertex 7.34762 -12.2593 5.1
      vertex 7.55 -13.3278 5.1
    endloop
  endfacet
  facet normal -0 0 1
    outer loop
      vertex 7.025 -12.4184 5.1
      vertex 7.55 -13.3278 5.1
      vertex 7.34762 -12.2593 5.1
    endloop
  endfacet
  facet normal 0 0 1
    outer loop
      vertex 7.55 -13.3278 5.1
      vertex 7.025 -12.4184 5.1
      vertex 7.3651 -13.4513 5.1
    endloop
  endfacet
  facet normal -0 0 1
    outer loop
      vertex 6.72591 -12.6183 5.1
      vertex 7.3651 -13.4513 5.1
      vertex 7.025 -12.4184 5.1
    endloop
  endfacet
  facet normal 0 0 1
    outer loop
      vertex 7.3651 -13.4513 5.1
      vertex 6.72591 -12.6183 5.1
      vertex 7.19792 -13.5979 5.1
    endloop
  endfacet
  facet normal -0 0 1
    outer loop
      vertex 6.45546 -12.8555 5.1
      vertex 7.19792 -13.5979 5.1
      vertex 6.72591 -12.6183 5.1
    endloop
  endfacet
  facet normal 0 0 1
    outer loop
      vertex 7.19792 -13.5979 5.1
      vertex 6.45546 -12.8555 5.1
      vertex 7.0513 -13.7651 5.1
    endloop
  endfacet
  facet normal -0 0 1
    outer loop
      vertex 6.21828 -13.1259 5.1
      vertex 7.0513 -13.7651 5.1
      vertex 6.45546 -12.8555 5.1
    endloop
  endfacet
  facet normal 0 0 1
    outer loop
      vertex 7.0513 -13.7651 5.1
      vertex 6.21828 -13.1259 5.1
      vertex 6.92776 -13.95 5.1
    endloop
  endfacet
  facet normal -0 0 1
    outer loop
      vertex 6.01843 -13.425 5.1
      vertex 6.92776 -13.95 5.1
      vertex 6.21828 -13.1259 5.1
    endloop
  endfacet
  facet normal 0 0 1
    outer loop
      vertex 6.92776 -13.95 5.1
      vertex 6.01843 -13.425 5.1
      vertex 6.8294 -14.1494 5.1
    endloop
  endfacet
  facet normal -0 0 1
    outer loop
      vertex 5.85933 -13.7476 5.1
      vertex 6.8294 -14.1494 5.1
      vertex 6.01843 -13.425 5.1
    endloop
  endfacet
  facet normal 0 0 1
    outer loop
      vertex 10.9407 -15.8524 5.1
      vertex 9.97059 -15.4506 5.1
      vertex 10.7816 -16.175 5.1
    endloop
  endfacet
  facet normal -0 0 1
    outer loop
      vertex 9.87224 -15.65 5.1
      vertex 10.7816 -16.175 5.1
      vertex 9.97059 -15.4506 5.1
    endloop
  endfacet
  facet normal 0 0 1
    outer loop
      vertex 10.7816 -16.175 5.1
      vertex 9.87224 -15.65 5.1
      vertex 10.5817 -16.4741 5.1
    endloop
  endfacet
  facet normal -0 0 1
    outer loop
      vertex 9.7487 -15.8349 5.1
      vertex 10.5817 -16.4741 5.1
      vertex 9.87224 -15.65 5.1
    endloop
  endfacet
  facet normal 0 0 1
    outer loop
      vertex 10.5817 -16.4741 5.1
      vertex 9.7487 -15.8349 5.1
      vertex 10.3445 -16.7445 5.1
    endloop
  endfacet
  facet normal -0 0 1
    outer loop
      vertex 9.60208 -16.0021 5.1
      vertex 10.3445 -16.7445 5.1
      vertex 9.7487 -15.8349 5.1
    endloop
  endfacet
  facet normal 0 0 1
    outer loop
      vertex 10.3445 -16.7445 5.1
      vertex 9.60208 -16.0021 5.1
      vertex 10.0741 -16.9817 5.1
    endloop
  endfacet
  facet normal -0 0 1
    outer loop
      vertex 9.43489 -16.1487 5.1
      vertex 10.0741 -16.9817 5.1
      vertex 9.60208 -16.0021 5.1
    endloop
  endfacet
  facet normal 0 0 1
    outer loop
      vertex 10.0741 -16.9817 5.1
      vertex 9.43489 -16.1487 5.1
      vertex 9.775 -17.1816 5.1
    endloop
  endfacet
  facet normal -0 0 1
    outer loop
      vertex 9.25 -16.2722 5.1
      vertex 9.775 -17.1816 5.1
      vertex 9.43489 -16.1487 5.1
    endloop
  endfacet
  facet normal 0 0 1
    outer loop
      vertex 9.775 -17.1816 5.1
      vertex 9.25 -16.2722 5.1
      vertex 9.45238 -17.3407 5.1
    endloop
  endfacet
  facet normal -0 0 1
    outer loop
      vertex 9.05056 -16.3706 5.1
      vertex 9.45238 -17.3407 5.1
      vertex 9.25 -16.2722 5.1
    endloop
  endfacet
  facet normal 0 0 1
    outer loop
      vertex 9.45238 -17.3407 5.1
      vertex 9.05056 -16.3706 5.1
      vertex 9.11175 -17.4563 5.1
    endloop
  endfacet
  facet normal -0 0 1
    outer loop
      vertex 8.83999 -16.4421 5.1
      vertex 9.11175 -17.4563 5.1
      vertex 9.05056 -16.3706 5.1
    endloop
  endfacet
  facet normal 0 0 1
    outer loop
      vertex 8.83999 -16.4421 5.1
      vertex 8.75895 -17.5265 5.1
      vertex 9.11175 -17.4563 5.1
    endloop
  endfacet
  facet normal -0 0 1
    outer loop
      vertex 8.62189 -16.4855 5.1
      vertex 8.75895 -17.5265 5.1
      vertex 8.83999 -16.4421 5.1
    endloop
  endfacet
  facet normal -0 0 1
    outer loop
      vertex 8.4 -16.5 5.1
      vertex 8.75895 -17.5265 5.1
      vertex 8.62189 -16.4855 5.1
    endloop
  endfacet
  facet normal 0 0 1
    outer loop
      vertex 8.4 -16.5 5.1
      vertex 8.4 -17.55 5.1
      vertex 8.75895 -17.5265 5.1
    endloop
  endfacet
  facet normal 0 0 1
    outer loop
      vertex 8.17811 -16.4855 5.1
      vertex 8.4 -17.55 5.1
      vertex 8.4 -16.5 5.1
    endloop
  endfacet
  facet normal 0 0 1
    outer loop
      vertex 8.17811 -16.4855 5.1
      vertex 8.04105 -17.5265 5.1
      vertex 8.4 -17.55 5.1
    endloop
  endfacet
  facet normal 0 0 1
    outer loop
      vertex 7.96001 -16.4421 5.1
      vertex 8.04105 -17.5265 5.1
      vertex 8.17811 -16.4855 5.1
    endloop
  endfacet
  facet normal 0 0 1
    outer loop
      vertex 7.68825 -17.4563 5.1
      vertex 7.96001 -16.4421 5.1
      vertex 7.74944 -16.3706 5.1
    endloop
  endfacet
  facet normal 0 0 1
    outer loop
      vertex 7.96001 -16.4421 5.1
      vertex 7.68825 -17.4563 5.1
      vertex 8.04105 -17.5265 5.1
    endloop
  endfacet
  facet normal 0 0 1
    outer loop
      vertex 7.34762 -17.3407 5.1
      vertex 7.74944 -16.3706 5.1
      vertex 7.55 -16.2722 5.1
    endloop
  endfacet
  facet normal 0 0 1
    outer loop
      vertex 7.025 -17.1816 5.1
      vertex 7.55 -16.2722 5.1
      vertex 7.3651 -16.1487 5.1
    endloop
  endfacet
  facet normal 0 0 1
    outer loop
      vertex 7.74944 -16.3706 5.1
      vertex 7.34762 -17.3407 5.1
      vertex 7.68825 -17.4563 5.1
    endloop
  endfacet
  facet normal 0 0 1
    outer loop
      vertex 6.72591 -16.9817 5.1
      vertex 7.3651 -16.1487 5.1
      vertex 7.19792 -16.0021 5.1
    endloop
  endfacet
  facet normal 0 0 1
    outer loop
      vertex 6.45546 -16.7445 5.1
      vertex 7.19792 -16.0021 5.1
      vertex 7.0513 -15.8349 5.1
    endloop
  endfacet
  facet normal 0 0 1
    outer loop
      vertex 7.55 -16.2722 5.1
      vertex 7.025 -17.1816 5.1
      vertex 7.34762 -17.3407 5.1
    endloop
  endfacet
  facet normal 0 0 1
    outer loop
      vertex 6.21828 -16.4741 5.1
      vertex 7.0513 -15.8349 5.1
      vertex 6.92776 -15.65 5.1
    endloop
  endfacet
  facet normal 0 0 1
    outer loop
      vertex 6.01843 -16.175 5.1
      vertex 6.92776 -15.65 5.1
      vertex 6.8294 -15.4506 5.1
    endloop
  endfacet
  facet normal 0 0 1
    outer loop
      vertex 5.85933 -15.8524 5.1
      vertex 6.8294 -15.4506 5.1
      vertex 6.75793 -15.24 5.1
    endloop
  endfacet
  facet normal 0 0 1
    outer loop
      vertex 7.3651 -16.1487 5.1
      vertex 6.72591 -16.9817 5.1
      vertex 7.025 -17.1816 5.1
    endloop
  endfacet
  facet normal 0 0 1
    outer loop
      vertex 5.7437 -15.5118 5.1
      vertex 6.75793 -15.24 5.1
      vertex 6.71454 -15.0219 5.1
    endloop
  endfacet
  facet normal 0 0 1
    outer loop
      vertex 5.67353 -15.1589 5.1
      vertex 6.71454 -15.0219 5.1
      vertex 6.7 -14.8 5.1
    endloop
  endfacet
  facet normal 0 0 1
    outer loop
      vertex 6.8294 -14.1494 5.1
      vertex 5.85933 -13.7476 5.1
      vertex 6.75793 -14.36 5.1
    endloop
  endfacet
  facet normal 0 0 1
    outer loop
      vertex 7.19792 -16.0021 5.1
      vertex 6.45546 -16.7445 5.1
      vertex 6.72591 -16.9817 5.1
    endloop
  endfacet
  facet normal -0 0 1
    outer loop
      vertex 5.7437 -14.0882 5.1
      vertex 6.75793 -14.36 5.1
      vertex 5.85933 -13.7476 5.1
    endloop
  endfacet
  facet normal 0 0 1
    outer loop
      vertex 7.0513 -15.8349 5.1
      vertex 6.21828 -16.4741 5.1
      vertex 6.45546 -16.7445 5.1
    endloop
  endfacet
  facet normal 0 0 1
    outer loop
      vertex 6.75793 -14.36 5.1
      vertex 5.7437 -14.0882 5.1
      vertex 6.71454 -14.5781 5.1
    endloop
  endfacet
  facet normal 0 0 1
    outer loop
      vertex 6.92776 -15.65 5.1
      vertex 6.01843 -16.175 5.1
      vertex 6.21828 -16.4741 5.1
    endloop
  endfacet
  facet normal -0 0 1
    outer loop
      vertex 5.67353 -14.4411 5.1
      vertex 6.71454 -14.5781 5.1
      vertex 5.7437 -14.0882 5.1
    endloop
  endfacet
  facet normal 0 0 1
    outer loop
      vertex 6.8294 -15.4506 5.1
      vertex 5.85933 -15.8524 5.1
      vertex 6.01843 -16.175 5.1
    endloop
  endfacet
  facet normal 0 0 1
    outer loop
      vertex 6.71454 -14.5781 5.1
      vertex 5.67353 -14.4411 5.1
      vertex 6.7 -14.8 5.1
    endloop
  endfacet
  facet normal 0 0 1
    outer loop
      vertex 6.75793 -15.24 5.1
      vertex 5.7437 -15.5118 5.1
      vertex 5.85933 -15.8524 5.1
    endloop
  endfacet
  facet normal 0 0 1
    outer loop
      vertex 5.65 -14.8 5.1
      vertex 6.7 -14.8 5.1
      vertex 5.67353 -14.4411 5.1
    endloop
  endfacet
  facet normal 0 0 1
    outer loop
      vertex 6.71454 -15.0219 5.1
      vertex 5.67353 -15.1589 5.1
      vertex 5.7437 -15.5118 5.1
    endloop
  endfacet
  facet normal 0 0 1
    outer loop
      vertex 6.7 -14.8 5.1
      vertex 5.65 -14.8 5.1
      vertex 5.67353 -15.1589 5.1
    endloop
  endfacet
  facet normal -0.555675 0.8314 0
    outer loop
      vertex 7.025 -12.4184 2
      vertex 6.72591 -12.6183 5.1
      vertex 7.025 -12.4184 5.1
    endloop
  endfacet
  facet normal -0.555675 0.8314 0
    outer loop
      vertex 6.72591 -12.6183 5.1
      vertex 7.025 -12.4184 2
      vertex 6.72591 -12.6183 2
    endloop
  endfacet
  facet normal 0.555662 -0.831408 0
    outer loop
      vertex 9.775 -95.1816 2
      vertex 10.0741 -94.9817 5.1
      vertex 9.775 -95.1816 5.1
    endloop
  endfacet
  facet normal 0.555662 -0.831408 0
    outer loop
      vertex 10.0741 -94.9817 5.1
      vertex 9.775 -95.1816 2
      vertex 10.0741 -94.9817 2
    endloop
  endfacet
  facet normal 0.980762 -0.195207 0
    outer loop
      vertex 11.0563 -93.5117 5.1
      vertex 11.1265 -93.159 2
      vertex 11.1265 -93.159 5.1
    endloop
  endfacet
  facet normal 0.980762 -0.195207 0
    outer loop
      vertex 11.1265 -93.159 2
      vertex 11.0563 -93.5117 5.1
      vertex 11.0563 -93.5117 2
    endloop
  endfacet
  facet normal 0.997864 -0.0653198 0
    outer loop
      vertex 11.1265 -93.159 5.1
      vertex 11.15 -92.8 2
      vertex 11.15 -92.8 5.1
    endloop
  endfacet
  facet normal 0.997864 -0.0653198 0
    outer loop
      vertex 11.15 -92.8 2
      vertex 11.1265 -93.159 5.1
      vertex 11.1265 -93.159 2
    endloop
  endfacet
  facet normal 0.0653289 0.997864 -0
    outer loop
      vertex 8.75895 -90.0735 2
      vertex 8.4 -90.05 5.1
      vertex 8.75895 -90.0735 5.1
    endloop
  endfacet
  facet normal 0.0653289 0.997864 0
    outer loop
      vertex 8.4 -90.05 5.1
      vertex 8.75895 -90.0735 2
      vertex 8.4 -90.05 2
    endloop
  endfacet
  facet normal 0.659449 -0.751749 0
    outer loop
      vertex 10.0741 -94.9817 2
      vertex 10.3445 -94.7445 5.1
      vertex 10.0741 -94.9817 5.1
    endloop
  endfacet
  facet normal 0.659449 -0.751749 0
    outer loop
      vertex 10.3445 -94.7445 5.1
      vertex 10.0741 -94.9817 2
      vertex 10.3445 -94.7445 2
    endloop
  endfacet
  facet normal -0.65938 -0.75181 0
    outer loop
      vertex 6.45546 -94.7445 2
      vertex 6.72591 -94.9817 5.1
      vertex 6.45546 -94.7445 5.1
    endloop
  endfacet
  facet normal -0.65938 -0.75181 -0
    outer loop
      vertex 6.72591 -94.9817 5.1
      vertex 6.45546 -94.7445 2
      vertex 6.72591 -94.9817 2
    endloop
  endfacet
  facet normal 0.442292 0.896871 -0
    outer loop
      vertex 9.775 -90.4184 2
      vertex 9.45238 -90.2593 5.1
      vertex 9.775 -90.4184 5.1
    endloop
  endfacet
  facet normal 0.442292 0.896871 0
    outer loop
      vertex 9.45238 -90.2593 5.1
      vertex 9.775 -90.4184 2
      vertex 9.45238 -90.2593 2
    endloop
  endfacet
  facet normal -0.321369 -0.946954 0
    outer loop
      vertex 7.34762 -95.3407 2
      vertex 7.68825 -95.4563 5.1
      vertex 7.34762 -95.3407 5.1
    endloop
  endfacet
  facet normal -0.321369 -0.946954 -0
    outer loop
      vertex 7.68825 -95.4563 5.1
      vertex 7.34762 -95.3407 2
      vertex 7.68825 -95.4563 2
    endloop
  endfacet
  facet normal 0.946945 0.321394 0
    outer loop
      vertex 11.0563 -92.0882 5.1
      vertex 10.9407 -91.7476 2
      vertex 10.9407 -91.7476 5.1
    endloop
  endfacet
  facet normal 0.946945 0.321394 0
    outer loop
      vertex 10.9407 -91.7476 2
      vertex 11.0563 -92.0882 5.1
      vertex 11.0563 -92.0882 2
    endloop
  endfacet
  facet normal 0.980783 0.195101 0
    outer loop
      vertex 11.1265 -92.4411 5.1
      vertex 11.0563 -92.0882 2
      vertex 11.0563 -92.0882 5.1
    endloop
  endfacet
  facet normal 0.980783 0.195101 0
    outer loop
      vertex 11.0563 -92.0882 2
      vertex 11.1265 -92.4411 5.1
      vertex 11.1265 -92.4411 2
    endloop
  endfacet
  facet normal 0.321369 -0.946954 0
    outer loop
      vertex 9.11175 -95.4563 2
      vertex 9.45238 -95.3407 5.1
      vertex 9.11175 -95.4563 5.1
    endloop
  endfacet
  facet normal 0.321369 -0.946954 0
    outer loop
      vertex 9.45238 -95.3407 5.1
      vertex 9.11175 -95.4563 2
      vertex 9.45238 -95.3407 2
    endloop
  endfacet
  facet normal -0.195154 0.980773 0
    outer loop
      vertex 8.04105 -90.0735 2
      vertex 7.68825 -90.1437 5.1
      vertex 8.04105 -90.0735 5.1
    endloop
  endfacet
  facet normal -0.195154 0.980773 0
    outer loop
      vertex 7.68825 -90.1437 5.1
      vertex 8.04105 -90.0735 2
      vertex 7.68825 -90.1437 2
    endloop
  endfacet
  facet normal 0.659449 0.751749 -0
    outer loop
      vertex 10.3445 -90.8555 2
      vertex 10.0741 -90.6183 5.1
      vertex 10.3445 -90.8555 5.1
    endloop
  endfacet
  facet normal 0.659449 0.751749 0
    outer loop
      vertex 10.0741 -90.6183 5.1
      vertex 10.3445 -90.8555 2
      vertex 10.0741 -90.6183 2
    endloop
  endfacet
  facet normal 0.555662 0.831408 -0
    outer loop
      vertex 10.0741 -90.6183 2
      vertex 9.775 -90.4184 5.1
      vertex 10.0741 -90.6183 5.1
    endloop
  endfacet
  facet normal 0.555662 0.831408 0
    outer loop
      vertex 9.775 -90.4184 5.1
      vertex 10.0741 -90.6183 2
      vertex 9.775 -90.4184 2
    endloop
  endfacet
  facet normal -0.555675 -0.8314 0
    outer loop
      vertex 6.72591 -94.9817 2
      vertex 7.025 -95.1816 5.1
      vertex 6.72591 -94.9817 5.1
    endloop
  endfacet
  facet normal -0.555675 -0.8314 -0
    outer loop
      vertex 7.025 -95.1816 5.1
      vertex 6.72591 -94.9817 2
      vertex 7.025 -95.1816 2
    endloop
  endfacet
  facet normal 0.831408 0.555662 0
    outer loop
      vertex 10.7816 -91.425 5.1
      vertex 10.5817 -91.1259 2
      vertex 10.5817 -91.1259 5.1
    endloop
  endfacet
  facet normal 0.831408 0.555662 0
    outer loop
      vertex 10.5817 -91.1259 2
      vertex 10.7816 -91.425 5.1
      vertex 10.7816 -91.425 2
    endloop
  endfacet
  facet normal 0.89686 -0.442314 0
    outer loop
      vertex 10.7816 -94.175 5.1
      vertex 10.9407 -93.8524 2
      vertex 10.9407 -93.8524 5.1
    endloop
  endfacet
  facet normal 0.89686 -0.442314 0
    outer loop
      vertex 10.9407 -93.8524 2
      vertex 10.7816 -94.175 5.1
      vertex 10.7816 -94.175 2
    endloop
  endfacet
  facet normal 0.195154 0.980773 -0
    outer loop
      vertex 9.11175 -90.1437 2
      vertex 8.75895 -90.0735 5.1
      vertex 9.11175 -90.1437 5.1
    endloop
  endfacet
  facet normal 0.195154 0.980773 0
    outer loop
      vertex 8.75895 -90.0735 5.1
      vertex 9.11175 -90.1437 2
      vertex 8.75895 -90.0735 2
    endloop
  endfacet
  facet normal 0.442292 -0.896871 0
    outer loop
      vertex 9.45238 -95.3407 2
      vertex 9.775 -95.1816 5.1
      vertex 9.45238 -95.3407 5.1
    endloop
  endfacet
  facet normal 0.442292 -0.896871 0
    outer loop
      vertex 9.775 -95.1816 5.1
      vertex 9.45238 -95.3407 2
      vertex 9.775 -95.1816 2
    endloop
  endfacet
  facet normal -0.751777 0.659417 0
    outer loop
      vertex 6.21828 -91.1259 2
      vertex 6.45546 -90.8555 5.1
      vertex 6.45546 -90.8555 2
    endloop
  endfacet
  facet normal -0.751777 0.659417 0
    outer loop
      vertex 6.45546 -90.8555 5.1
      vertex 6.21828 -91.1259 2
      vertex 6.21828 -91.1259 5.1
    endloop
  endfacet
  facet normal -0.751777 -0.659417 0
    outer loop
      vertex 6.45546 -94.7445 2
      vertex 6.21828 -94.4741 5.1
      vertex 6.21828 -94.4741 2
    endloop
  endfacet
  facet normal -0.751777 -0.659417 0
    outer loop
      vertex 6.21828 -94.4741 5.1
      vertex 6.45546 -94.7445 2
      vertex 6.45546 -94.7445 5.1
    endloop
  endfacet
  facet normal 0.831408 -0.555662 0
    outer loop
      vertex 10.5817 -94.4741 5.1
      vertex 10.7816 -94.175 2
      vertex 10.7816 -94.175 5.1
    endloop
  endfacet
  facet normal 0.831408 -0.555662 0
    outer loop
      vertex 10.7816 -94.175 2
      vertex 10.5817 -94.4741 5.1
      vertex 10.5817 -94.4741 2
    endloop
  endfacet
  facet normal -0.65938 0.75181 0
    outer loop
      vertex 6.72591 -90.6183 2
      vertex 6.45546 -90.8555 5.1
      vertex 6.72591 -90.6183 5.1
    endloop
  endfacet
  facet normal -0.65938 0.75181 0
    outer loop
      vertex 6.45546 -90.8555 5.1
      vertex 6.72591 -90.6183 2
      vertex 6.45546 -90.8555 2
    endloop
  endfacet
  facet normal -0.831472 -0.555566 0
    outer loop
      vertex 6.21828 -94.4741 2
      vertex 6.01843 -94.175 5.1
      vertex 6.01843 -94.175 2
    endloop
  endfacet
  facet normal -0.831472 -0.555566 0
    outer loop
      vertex 6.01843 -94.175 5.1
      vertex 6.21828 -94.4741 2
      vertex 6.21828 -94.4741 5.1
    endloop
  endfacet
  facet normal 0.0653289 -0.997864 0
    outer loop
      vertex 8.4 -95.55 2
      vertex 8.75895 -95.5265 5.1
      vertex 8.4 -95.55 5.1
    endloop
  endfacet
  facet normal 0.0653289 -0.997864 0
    outer loop
      vertex 8.75895 -95.5265 5.1
      vertex 8.4 -95.55 2
      vertex 8.75895 -95.5265 2
    endloop
  endfacet
  facet normal -0.94692 0.321469 0
    outer loop
      vertex 5.7437 -92.0882 2
      vertex 5.85933 -91.7476 5.1
      vertex 5.85933 -91.7476 2
    endloop
  endfacet
  facet normal -0.94692 0.321469 0
    outer loop
      vertex 5.85933 -91.7476 5.1
      vertex 5.7437 -92.0882 2
      vertex 5.7437 -92.0882 5.1
    endloop
  endfacet
  facet normal -0.980799 0.19502 0
    outer loop
      vertex 5.67353 -92.4411 2
      vertex 5.7437 -92.0882 5.1
      vertex 5.7437 -92.0882 2
    endloop
  endfacet
  facet normal -0.980799 0.19502 0
    outer loop
      vertex 5.7437 -92.0882 5.1
      vertex 5.67353 -92.4411 2
      vertex 5.67353 -92.4411 5.1
    endloop
  endfacet
  facet normal 0.997863 0.0653379 0
    outer loop
      vertex 11.15 -92.8 5.1
      vertex 11.1265 -92.4411 2
      vertex 11.1265 -92.4411 5.1
    endloop
  endfacet
  facet normal 0.997863 0.0653379 0
    outer loop
      vertex 11.1265 -92.4411 2
      vertex 11.15 -92.8 5.1
      vertex 11.15 -92.8 2
    endloop
  endfacet
  facet normal -0.442292 -0.896871 0
    outer loop
      vertex 7.025 -95.1816 2
      vertex 7.34762 -95.3407 5.1
      vertex 7.025 -95.1816 5.1
    endloop
  endfacet
  facet normal -0.442292 -0.896871 -0
    outer loop
      vertex 7.34762 -95.3407 5.1
      vertex 7.025 -95.1816 2
      vertex 7.34762 -95.3407 2
    endloop
  endfacet
  facet normal 0.89686 0.442314 0
    outer loop
      vertex 10.9407 -91.7476 5.1
      vertex 10.7816 -91.425 2
      vertex 10.7816 -91.425 5.1
    endloop
  endfacet
  facet normal 0.89686 0.442314 0
    outer loop
      vertex 10.7816 -91.425 2
      vertex 10.9407 -91.7476 5.1
      vertex 10.9407 -91.7476 2
    endloop
  endfacet
  facet normal -0.89686 0.442314 0
    outer loop
      vertex 5.85933 -91.7476 2
      vertex 6.01843 -91.425 5.1
      vertex 6.01843 -91.425 2
    endloop
  endfacet
  facet normal -0.89686 0.442314 0
    outer loop
      vertex 6.01843 -91.425 5.1
      vertex 5.85933 -91.7476 2
      vertex 5.85933 -91.7476 5.1
    endloop
  endfacet
  facet normal 0.321369 0.946954 -0
    outer loop
      vertex 9.45238 -90.2593 2
      vertex 9.11175 -90.1437 5.1
      vertex 9.45238 -90.2593 5.1
    endloop
  endfacet
  facet normal 0.321369 0.946954 0
    outer loop
      vertex 9.11175 -90.1437 5.1
      vertex 9.45238 -90.2593 2
      vertex 9.11175 -90.1437 2
    endloop
  endfacet
  facet normal -0.831472 0.555566 0
    outer loop
      vertex 6.01843 -91.425 2
      vertex 6.21828 -91.1259 5.1
      vertex 6.21828 -91.1259 2
    endloop
  endfacet
  facet normal -0.831472 0.555566 0
    outer loop
      vertex 6.21828 -91.1259 5.1
      vertex 6.01843 -91.425 2
      vertex 6.01843 -91.425 5.1
    endloop
  endfacet
  facet normal -0.980778 -0.195127 0
    outer loop
      vertex 5.7437 -93.5117 2
      vertex 5.67353 -93.159 5.1
      vertex 5.67353 -93.159 2
    endloop
  endfacet
  facet normal -0.980778 -0.195127 0
    outer loop
      vertex 5.67353 -93.159 5.1
      vertex 5.7437 -93.5117 2
      vertex 5.7437 -93.5117 5.1
    endloop
  endfacet
  facet normal 0.195154 -0.980773 0
    outer loop
      vertex 8.75895 -95.5265 2
      vertex 9.11175 -95.4563 5.1
      vertex 8.75895 -95.5265 5.1
    endloop
  endfacet
  facet normal 0.195154 -0.980773 0
    outer loop
      vertex 9.11175 -95.4563 5.1
      vertex 8.75895 -95.5265 2
      vertex 9.11175 -95.4563 2
    endloop
  endfacet
  facet normal -0.321369 0.946954 0
    outer loop
      vertex 7.68825 -90.1437 2
      vertex 7.34762 -90.2593 5.1
      vertex 7.68825 -90.1437 5.1
    endloop
  endfacet
  facet normal -0.321369 0.946954 0
    outer loop
      vertex 7.34762 -90.2593 5.1
      vertex 7.68825 -90.1437 2
      vertex 7.34762 -90.2593 2
    endloop
  endfacet
  facet normal 0.751749 -0.659449 0
    outer loop
      vertex 10.3445 -94.7445 5.1
      vertex 10.5817 -94.4741 2
      vertex 10.5817 -94.4741 5.1
    endloop
  endfacet
  facet normal 0.751749 -0.659449 0
    outer loop
      vertex 10.5817 -94.4741 2
      vertex 10.3445 -94.7445 5.1
      vertex 10.3445 -94.7445 2
    endloop
  endfacet
  facet normal -0.442292 0.896871 0
    outer loop
      vertex 7.34762 -90.2593 2
      vertex 7.025 -90.4184 5.1
      vertex 7.34762 -90.2593 5.1
    endloop
  endfacet
  facet normal -0.442292 0.896871 0
    outer loop
      vertex 7.025 -90.4184 5.1
      vertex 7.34762 -90.2593 2
      vertex 7.025 -90.4184 2
    endloop
  endfacet
  facet normal 0.946974 -0.32131 0
    outer loop
      vertex 10.9407 -93.8524 5.1
      vertex 11.0563 -93.5117 2
      vertex 11.0563 -93.5117 5.1
    endloop
  endfacet
  facet normal 0.946974 -0.32131 0
    outer loop
      vertex 11.0563 -93.5117 2
      vertex 10.9407 -93.8524 5.1
      vertex 10.9407 -93.8524 2
    endloop
  endfacet
  facet normal -0.0653289 0.997864 0
    outer loop
      vertex 8.4 -90.05 2
      vertex 8.04105 -90.0735 5.1
      vertex 8.4 -90.05 5.1
    endloop
  endfacet
  facet normal -0.0653289 0.997864 0
    outer loop
      vertex 8.04105 -90.0735 5.1
      vertex 8.4 -90.05 2
      vertex 8.04105 -90.0735 2
    endloop
  endfacet
  facet normal 0.751749 0.659449 0
    outer loop
      vertex 10.5817 -91.1259 5.1
      vertex 10.3445 -90.8555 2
      vertex 10.3445 -90.8555 5.1
    endloop
  endfacet
  facet normal 0.751749 0.659449 0
    outer loop
      vertex 10.3445 -90.8555 2
      vertex 10.5817 -91.1259 5.1
      vertex 10.5817 -91.1259 2
    endloop
  endfacet
  facet normal -0.195154 -0.980773 0
    outer loop
      vertex 7.68825 -95.4563 2
      vertex 8.04105 -95.5265 5.1
      vertex 7.68825 -95.4563 5.1
    endloop
  endfacet
  facet normal -0.195154 -0.980773 -0
    outer loop
      vertex 8.04105 -95.5265 5.1
      vertex 7.68825 -95.4563 2
      vertex 8.04105 -95.5265 2
    endloop
  endfacet
  facet normal -0.997859 -0.0654028 0
    outer loop
      vertex 5.67353 -93.159 2
      vertex 5.65 -92.8 5.1
      vertex 5.65 -92.8 2
    endloop
  endfacet
  facet normal -0.997859 -0.0654028 0
    outer loop
      vertex 5.65 -92.8 5.1
      vertex 5.67353 -93.159 2
      vertex 5.67353 -93.159 5.1
    endloop
  endfacet
  facet normal -0.997858 0.065421 0
    outer loop
      vertex 5.65 -92.8 2
      vertex 5.67353 -92.4411 5.1
      vertex 5.67353 -92.4411 2
    endloop
  endfacet
  facet normal -0.997858 0.065421 0
    outer loop
      vertex 5.67353 -92.4411 5.1
      vertex 5.65 -92.8 2
      vertex 5.65 -92.8 5.1
    endloop
  endfacet
  facet normal -0.0653289 -0.997864 0
    outer loop
      vertex 8.04105 -95.5265 2
      vertex 8.4 -95.55 5.1
      vertex 8.04105 -95.5265 5.1
    endloop
  endfacet
  facet normal -0.0653289 -0.997864 -0
    outer loop
      vertex 8.4 -95.55 5.1
      vertex 8.04105 -95.5265 2
      vertex 8.4 -95.55 2
    endloop
  endfacet
  facet normal -0.946949 -0.321384 0
    outer loop
      vertex 5.85933 -93.8524 2
      vertex 5.7437 -93.5117 5.1
      vertex 5.7437 -93.5117 2
    endloop
  endfacet
  facet normal -0.946949 -0.321384 0
    outer loop
      vertex 5.7437 -93.5117 5.1
      vertex 5.85933 -93.8524 2
      vertex 5.85933 -93.8524 5.1
    endloop
  endfacet
  facet normal -0.89686 -0.442314 0
    outer loop
      vertex 6.01843 -94.175 2
      vertex 5.85933 -93.8524 5.1
      vertex 5.85933 -93.8524 2
    endloop
  endfacet
  facet normal -0.89686 -0.442314 0
    outer loop
      vertex 5.85933 -93.8524 5.1
      vertex 6.01843 -94.175 2
      vertex 6.01843 -94.175 5.1
    endloop
  endfacet
  facet normal 0 0 1
    outer loop
      vertex 10.1 -92.8 5.1
      vertex 11.15 -92.8 5.1
      vertex 11.1265 -92.4411 5.1
    endloop
  endfacet
  facet normal 0 0 1
    outer loop
      vertex 10.0855 -92.5781 5.1
      vertex 11.1265 -92.4411 5.1
      vertex 11.0563 -92.0882 5.1
    endloop
  endfacet
  facet normal 0 0 1
    outer loop
      vertex 11.15 -92.8 5.1
      vertex 10.1 -92.8 5.1
      vertex 11.1265 -93.159 5.1
    endloop
  endfacet
  facet normal 0 0 1
    outer loop
      vertex 10.0421 -92.36 5.1
      vertex 11.0563 -92.0882 5.1
      vertex 10.9407 -91.7476 5.1
    endloop
  endfacet
  facet normal -0 0 1
    outer loop
      vertex 10.0855 -93.0219 5.1
      vertex 11.1265 -93.159 5.1
      vertex 10.1 -92.8 5.1
    endloop
  endfacet
  facet normal 0 0 1
    outer loop
      vertex 9.97059 -92.1494 5.1
      vertex 10.9407 -91.7476 5.1
      vertex 10.7816 -91.425 5.1
    endloop
  endfacet
  facet normal 0 0 1
    outer loop
      vertex 11.1265 -93.159 5.1
      vertex 10.0855 -93.0219 5.1
      vertex 11.0563 -93.5117 5.1
    endloop
  endfacet
  facet normal 0 0 1
    outer loop
      vertex 9.87224 -91.95 5.1
      vertex 10.7816 -91.425 5.1
      vertex 10.5817 -91.1259 5.1
    endloop
  endfacet
  facet normal -0 0 1
    outer loop
      vertex 10.0421 -93.24 5.1
      vertex 11.0563 -93.5117 5.1
      vertex 10.0855 -93.0219 5.1
    endloop
  endfacet
  facet normal 0 0 1
    outer loop
      vertex 9.7487 -91.7651 5.1
      vertex 10.5817 -91.1259 5.1
      vertex 10.3445 -90.8555 5.1
    endloop
  endfacet
  facet normal 0 0 1
    outer loop
      vertex 11.0563 -93.5117 5.1
      vertex 10.0421 -93.24 5.1
      vertex 10.9407 -93.8524 5.1
    endloop
  endfacet
  facet normal -0 0 1
    outer loop
      vertex 9.97059 -93.4506 5.1
      vertex 10.9407 -93.8524 5.1
      vertex 10.0421 -93.24 5.1
    endloop
  endfacet
  facet normal 0 0 1
    outer loop
      vertex 11.1265 -92.4411 5.1
      vertex 10.0855 -92.5781 5.1
      vertex 10.1 -92.8 5.1
    endloop
  endfacet
  facet normal 0 0 1
    outer loop
      vertex 9.60208 -91.5979 5.1
      vertex 10.3445 -90.8555 5.1
      vertex 10.0741 -90.6183 5.1
    endloop
  endfacet
  facet normal 0 0 1
    outer loop
      vertex 11.0563 -92.0882 5.1
      vertex 10.0421 -92.36 5.1
      vertex 10.0855 -92.5781 5.1
    endloop
  endfacet
  facet normal 0 0 1
    outer loop
      vertex 10.9407 -91.7476 5.1
      vertex 9.97059 -92.1494 5.1
      vertex 10.0421 -92.36 5.1
    endloop
  endfacet
  facet normal 0 0 1
    outer loop
      vertex 10.7816 -91.425 5.1
      vertex 9.87224 -91.95 5.1
      vertex 9.97059 -92.1494 5.1
    endloop
  endfacet
  facet normal 0 0 1
    outer loop
      vertex 9.43489 -91.4513 5.1
      vertex 10.0741 -90.6183 5.1
      vertex 9.775 -90.4184 5.1
    endloop
  endfacet
  facet normal 0 0 1
    outer loop
      vertex 10.5817 -91.1259 5.1
      vertex 9.7487 -91.7651 5.1
      vertex 9.87224 -91.95 5.1
    endloop
  endfacet
  facet normal 0 0 1
    outer loop
      vertex 10.3445 -90.8555 5.1
      vertex 9.60208 -91.5979 5.1
      vertex 9.7487 -91.7651 5.1
    endloop
  endfacet
  facet normal 0 0 1
    outer loop
      vertex 9.25 -91.3278 5.1
      vertex 9.775 -90.4184 5.1
      vertex 9.45238 -90.2593 5.1
    endloop
  endfacet
  facet normal 0 0 1
    outer loop
      vertex 10.0741 -90.6183 5.1
      vertex 9.43489 -91.4513 5.1
      vertex 9.60208 -91.5979 5.1
    endloop
  endfacet
  facet normal 0 0 1
    outer loop
      vertex 9.775 -90.4184 5.1
      vertex 9.25 -91.3278 5.1
      vertex 9.43489 -91.4513 5.1
    endloop
  endfacet
  facet normal 0 0 1
    outer loop
      vertex 9.05056 -91.2294 5.1
      vertex 9.45238 -90.2593 5.1
      vertex 9.11175 -90.1437 5.1
    endloop
  endfacet
  facet normal 0 0 1
    outer loop
      vertex 9.45238 -90.2593 5.1
      vertex 9.05056 -91.2294 5.1
      vertex 9.25 -91.3278 5.1
    endloop
  endfacet
  facet normal 0 0 1
    outer loop
      vertex 9.11175 -90.1437 5.1
      vertex 8.83999 -91.1579 5.1
      vertex 9.05056 -91.2294 5.1
    endloop
  endfacet
  facet normal 0 0 1
    outer loop
      vertex 8.75895 -90.0735 5.1
      vertex 8.83999 -91.1579 5.1
      vertex 9.11175 -90.1437 5.1
    endloop
  endfacet
  facet normal 0 0 1
    outer loop
      vertex 8.75895 -90.0735 5.1
      vertex 8.62189 -91.1145 5.1
      vertex 8.83999 -91.1579 5.1
    endloop
  endfacet
  facet normal 0 0 1
    outer loop
      vertex 8.4 -90.05 5.1
      vertex 8.62189 -91.1145 5.1
      vertex 8.75895 -90.0735 5.1
    endloop
  endfacet
  facet normal 0 0 1
    outer loop
      vertex 8.4 -90.05 5.1
      vertex 8.4 -91.1 5.1
      vertex 8.62189 -91.1145 5.1
    endloop
  endfacet
  facet normal 0 0 1
    outer loop
      vertex 8.4 -90.05 5.1
      vertex 8.17811 -91.1145 5.1
      vertex 8.4 -91.1 5.1
    endloop
  endfacet
  facet normal -0 0 1
    outer loop
      vertex 8.04105 -90.0735 5.1
      vertex 8.17811 -91.1145 5.1
      vertex 8.4 -90.05 5.1
    endloop
  endfacet
  facet normal 0 0 1
    outer loop
      vertex 8.04105 -90.0735 5.1
      vertex 7.96001 -91.1579 5.1
      vertex 8.17811 -91.1145 5.1
    endloop
  endfacet
  facet normal -0 0 1
    outer loop
      vertex 7.68825 -90.1437 5.1
      vertex 7.96001 -91.1579 5.1
      vertex 8.04105 -90.0735 5.1
    endloop
  endfacet
  facet normal 0 0 1
    outer loop
      vertex 7.96001 -91.1579 5.1
      vertex 7.68825 -90.1437 5.1
      vertex 7.74944 -91.2294 5.1
    endloop
  endfacet
  facet normal -0 0 1
    outer loop
      vertex 7.34762 -90.2593 5.1
      vertex 7.74944 -91.2294 5.1
      vertex 7.68825 -90.1437 5.1
    endloop
  endfacet
  facet normal 0 0 1
    outer loop
      vertex 7.74944 -91.2294 5.1
      vertex 7.34762 -90.2593 5.1
      vertex 7.55 -91.3278 5.1
    endloop
  endfacet
  facet normal -0 0 1
    outer loop
      vertex 7.025 -90.4184 5.1
      vertex 7.55 -91.3278 5.1
      vertex 7.34762 -90.2593 5.1
    endloop
  endfacet
  facet normal 0 0 1
    outer loop
      vertex 7.55 -91.3278 5.1
      vertex 7.025 -90.4184 5.1
      vertex 7.3651 -91.4513 5.1
    endloop
  endfacet
  facet normal -0 0 1
    outer loop
      vertex 6.72591 -90.6183 5.1
      vertex 7.3651 -91.4513 5.1
      vertex 7.025 -90.4184 5.1
    endloop
  endfacet
  facet normal 0 0 1
    outer loop
      vertex 7.3651 -91.4513 5.1
      vertex 6.72591 -90.6183 5.1
      vertex 7.19792 -91.5979 5.1
    endloop
  endfacet
  facet normal -0 0 1
    outer loop
      vertex 6.45546 -90.8555 5.1
      vertex 7.19792 -91.5979 5.1
      vertex 6.72591 -90.6183 5.1
    endloop
  endfacet
  facet normal 0 0 1
    outer loop
      vertex 7.19792 -91.5979 5.1
      vertex 6.45546 -90.8555 5.1
      vertex 7.0513 -91.7651 5.1
    endloop
  endfacet
  facet normal -0 0 1
    outer loop
      vertex 6.21828 -91.1259 5.1
      vertex 7.0513 -91.7651 5.1
      vertex 6.45546 -90.8555 5.1
    endloop
  endfacet
  facet normal 0 0 1
    outer loop
      vertex 7.0513 -91.7651 5.1
      vertex 6.21828 -91.1259 5.1
      vertex 6.92776 -91.95 5.1
    endloop
  endfacet
  facet normal -0 0 1
    outer loop
      vertex 6.01843 -91.425 5.1
      vertex 6.92776 -91.95 5.1
      vertex 6.21828 -91.1259 5.1
    endloop
  endfacet
  facet normal 0 0 1
    outer loop
      vertex 6.92776 -91.95 5.1
      vertex 6.01843 -91.425 5.1
      vertex 6.8294 -92.1494 5.1
    endloop
  endfacet
  facet normal -0 0 1
    outer loop
      vertex 5.85933 -91.7476 5.1
      vertex 6.8294 -92.1494 5.1
      vertex 6.01843 -91.425 5.1
    endloop
  endfacet
  facet normal 0 0 1
    outer loop
      vertex 10.9407 -93.8524 5.1
      vertex 9.97059 -93.4506 5.1
      vertex 10.7816 -94.175 5.1
    endloop
  endfacet
  facet normal -0 0 1
    outer loop
      vertex 9.87224 -93.65 5.1
      vertex 10.7816 -94.175 5.1
      vertex 9.97059 -93.4506 5.1
    endloop
  endfacet
  facet normal 0 0 1
    outer loop
      vertex 10.7816 -94.175 5.1
      vertex 9.87224 -93.65 5.1
      vertex 10.5817 -94.4741 5.1
    endloop
  endfacet
  facet normal -0 0 1
    outer loop
      vertex 9.7487 -93.8349 5.1
      vertex 10.5817 -94.4741 5.1
      vertex 9.87224 -93.65 5.1
    endloop
  endfacet
  facet normal 0 0 1
    outer loop
      vertex 10.5817 -94.4741 5.1
      vertex 9.7487 -93.8349 5.1
      vertex 10.3445 -94.7445 5.1
    endloop
  endfacet
  facet normal -0 0 1
    outer loop
      vertex 9.60208 -94.0021 5.1
      vertex 10.3445 -94.7445 5.1
      vertex 9.7487 -93.8349 5.1
    endloop
  endfacet
  facet normal 0 0 1
    outer loop
      vertex 10.3445 -94.7445 5.1
      vertex 9.60208 -94.0021 5.1
      vertex 10.0741 -94.9817 5.1
    endloop
  endfacet
  facet normal -0 0 1
    outer loop
      vertex 9.43489 -94.1487 5.1
      vertex 10.0741 -94.9817 5.1
      vertex 9.60208 -94.0021 5.1
    endloop
  endfacet
  facet normal 0 0 1
    outer loop
      vertex 10.0741 -94.9817 5.1
      vertex 9.43489 -94.1487 5.1
      vertex 9.775 -95.1816 5.1
    endloop
  endfacet
  facet normal -0 0 1
    outer loop
      vertex 9.25 -94.2722 5.1
      vertex 9.775 -95.1816 5.1
      vertex 9.43489 -94.1487 5.1
    endloop
  endfacet
  facet normal 0 0 1
    outer loop
      vertex 9.775 -95.1816 5.1
      vertex 9.25 -94.2722 5.1
      vertex 9.45238 -95.3407 5.1
    endloop
  endfacet
  facet normal -0 0 1
    outer loop
      vertex 9.05056 -94.3706 5.1
      vertex 9.45238 -95.3407 5.1
      vertex 9.25 -94.2722 5.1
    endloop
  endfacet
  facet normal 0 0 1
    outer loop
      vertex 9.45238 -95.3407 5.1
      vertex 9.05056 -94.3706 5.1
      vertex 9.11175 -95.4563 5.1
    endloop
  endfacet
  facet normal -0 0 1
    outer loop
      vertex 8.83999 -94.4421 5.1
      vertex 9.11175 -95.4563 5.1
      vertex 9.05056 -94.3706 5.1
    endloop
  endfacet
  facet normal 0 0 1
    outer loop
      vertex 8.83999 -94.4421 5.1
      vertex 8.75895 -95.5265 5.1
      vertex 9.11175 -95.4563 5.1
    endloop
  endfacet
  facet normal -0 0 1
    outer loop
      vertex 8.62189 -94.4855 5.1
      vertex 8.75895 -95.5265 5.1
      vertex 8.83999 -94.4421 5.1
    endloop
  endfacet
  facet normal -0 0 1
    outer loop
      vertex 8.4 -94.5 5.1
      vertex 8.75895 -95.5265 5.1
      vertex 8.62189 -94.4855 5.1
    endloop
  endfacet
  facet normal 0 0 1
    outer loop
      vertex 8.4 -94.5 5.1
      vertex 8.4 -95.55 5.1
      vertex 8.75895 -95.5265 5.1
    endloop
  endfacet
  facet normal 0 0 1
    outer loop
      vertex 8.17811 -94.4855 5.1
      vertex 8.4 -95.55 5.1
      vertex 8.4 -94.5 5.1
    endloop
  endfacet
  facet normal 0 0 1
    outer loop
      vertex 8.17811 -94.4855 5.1
      vertex 8.04105 -95.5265 5.1
      vertex 8.4 -95.55 5.1
    endloop
  endfacet
  facet normal 0 0 1
    outer loop
      vertex 7.96001 -94.4421 5.1
      vertex 8.04105 -95.5265 5.1
      vertex 8.17811 -94.4855 5.1
    endloop
  endfacet
  facet normal 0 0 1
    outer loop
      vertex 7.68825 -95.4563 5.1
      vertex 7.96001 -94.4421 5.1
      vertex 7.74944 -94.3706 5.1
    endloop
  endfacet
  facet normal 0 0 1
    outer loop
      vertex 7.96001 -94.4421 5.1
      vertex 7.68825 -95.4563 5.1
      vertex 8.04105 -95.5265 5.1
    endloop
  endfacet
  facet normal 0 0 1
    outer loop
      vertex 7.34762 -95.3407 5.1
      vertex 7.74944 -94.3706 5.1
      vertex 7.55 -94.2722 5.1
    endloop
  endfacet
  facet normal 0 0 1
    outer loop
      vertex 7.025 -95.1816 5.1
      vertex 7.55 -94.2722 5.1
      vertex 7.3651 -94.1487 5.1
    endloop
  endfacet
  facet normal 0 0 1
    outer loop
      vertex 7.74944 -94.3706 5.1
      vertex 7.34762 -95.3407 5.1
      vertex 7.68825 -95.4563 5.1
    endloop
  endfacet
  facet normal 0 0 1
    outer loop
      vertex 6.72591 -94.9817 5.1
      vertex 7.3651 -94.1487 5.1
      vertex 7.19792 -94.0021 5.1
    endloop
  endfacet
  facet normal 0 0 1
    outer loop
      vertex 6.45546 -94.7445 5.1
      vertex 7.19792 -94.0021 5.1
      vertex 7.0513 -93.8349 5.1
    endloop
  endfacet
  facet normal 0 0 1
    outer loop
      vertex 7.55 -94.2722 5.1
      vertex 7.025 -95.1816 5.1
      vertex 7.34762 -95.3407 5.1
    endloop
  endfacet
  facet normal 0 0 1
    outer loop
      vertex 6.21828 -94.4741 5.1
      vertex 7.0513 -93.8349 5.1
      vertex 6.92776 -93.65 5.1
    endloop
  endfacet
  facet normal 0 0 1
    outer loop
      vertex 6.01843 -94.175 5.1
      vertex 6.92776 -93.65 5.1
      vertex 6.8294 -93.4506 5.1
    endloop
  endfacet
  facet normal 0 0 1
    outer loop
      vertex 5.85933 -93.8524 5.1
      vertex 6.8294 -93.4506 5.1
      vertex 6.75793 -93.24 5.1
    endloop
  endfacet
  facet normal 0 0 1
    outer loop
      vertex 7.3651 -94.1487 5.1
      vertex 6.72591 -94.9817 5.1
      vertex 7.025 -95.1816 5.1
    endloop
  endfacet
  facet normal 0 0 1
    outer loop
      vertex 5.7437 -93.5117 5.1
      vertex 6.75793 -93.24 5.1
      vertex 6.71454 -93.0219 5.1
    endloop
  endfacet
  facet normal 0 0 1
    outer loop
      vertex 5.67353 -93.159 5.1
      vertex 6.71454 -93.0219 5.1
      vertex 6.7 -92.8 5.1
    endloop
  endfacet
  facet normal 0 0 1
    outer loop
      vertex 6.8294 -92.1494 5.1
      vertex 5.85933 -91.7476 5.1
      vertex 6.75793 -92.36 5.1
    endloop
  endfacet
  facet normal 0 0 1
    outer loop
      vertex 7.19792 -94.0021 5.1
      vertex 6.45546 -94.7445 5.1
      vertex 6.72591 -94.9817 5.1
    endloop
  endfacet
  facet normal -0 0 1
    outer loop
      vertex 5.7437 -92.0882 5.1
      vertex 6.75793 -92.36 5.1
      vertex 5.85933 -91.7476 5.1
    endloop
  endfacet
  facet normal 0 0 1
    outer loop
      vertex 7.0513 -93.8349 5.1
      vertex 6.21828 -94.4741 5.1
      vertex 6.45546 -94.7445 5.1
    endloop
  endfacet
  facet normal 0 0 1
    outer loop
      vertex 6.75793 -92.36 5.1
      vertex 5.7437 -92.0882 5.1
      vertex 6.71454 -92.5781 5.1
    endloop
  endfacet
  facet normal 0 0 1
    outer loop
      vertex 6.92776 -93.65 5.1
      vertex 6.01843 -94.175 5.1
      vertex 6.21828 -94.4741 5.1
    endloop
  endfacet
  facet normal -0 0 1
    outer loop
      vertex 5.67353 -92.4411 5.1
      vertex 6.71454 -92.5781 5.1
      vertex 5.7437 -92.0882 5.1
    endloop
  endfacet
  facet normal 0 0 1
    outer loop
      vertex 6.8294 -93.4506 5.1
      vertex 5.85933 -93.8524 5.1
      vertex 6.01843 -94.175 5.1
    endloop
  endfacet
  facet normal 0 0 1
    outer loop
      vertex 6.71454 -92.5781 5.1
      vertex 5.67353 -92.4411 5.1
      vertex 6.7 -92.8 5.1
    endloop
  endfacet
  facet normal 0 0 1
    outer loop
      vertex 6.75793 -93.24 5.1
      vertex 5.7437 -93.5117 5.1
      vertex 5.85933 -93.8524 5.1
    endloop
  endfacet
  facet normal 0 0 1
    outer loop
      vertex 5.65 -92.8 5.1
      vertex 6.7 -92.8 5.1
      vertex 5.67353 -92.4411 5.1
    endloop
  endfacet
  facet normal 0 0 1
    outer loop
      vertex 6.71454 -93.0219 5.1
      vertex 5.67353 -93.159 5.1
      vertex 5.7437 -93.5117 5.1
    endloop
  endfacet
  facet normal 0 0 1
    outer loop
      vertex 6.7 -92.8 5.1
      vertex 5.65 -92.8 5.1
      vertex 5.67353 -93.159 5.1
    endloop
  endfacet
  facet normal -0.555675 0.8314 0
    outer loop
      vertex 7.025 -90.4184 2
      vertex 6.72591 -90.6183 5.1
      vertex 7.025 -90.4184 5.1
    endloop
  endfacet
  facet normal -0.555675 0.8314 0
    outer loop
      vertex 6.72591 -90.6183 5.1
      vertex 7.025 -90.4184 2
      vertex 6.72591 -90.6183 2
    endloop
  endfacet
  facet normal 0.555643 -0.831421 0
    outer loop
      vertex 51.8971 -17.1 3
      vertex 51.775 -17.1816 5.1
      vertex 51.775 -17.1816 3
    endloop
  endfacet
  facet normal 0.555662 -0.831408 1.62811e-06
    outer loop
      vertex 51.775 -17.1816 5.1
      vertex 51.8971 -17.1 3
      vertex 52.0741 -16.9817 5.1
    endloop
  endfacet
  facet normal 0.555675 -0.831399 0
    outer loop
      vertex 52.0741 -16.9817 2
      vertex 51.8971 -17.1 3
      vertex 51.8971 -17.1 2
    endloop
  endfacet
  facet normal 0.555675 -0.831399 0
    outer loop
      vertex 51.8971 -17.1 3
      vertex 52.0741 -16.9817 2
      vertex 52.0741 -16.9817 5.1
    endloop
  endfacet
  facet normal 0.980783 -0.195101 0
    outer loop
      vertex 53.0563 -15.5118 5.1
      vertex 53.1265 -15.1589 2
      vertex 53.1265 -15.1589 5.1
    endloop
  endfacet
  facet normal 0.980783 -0.195101 0
    outer loop
      vertex 53.1265 -15.1589 2
      vertex 53.0563 -15.5118 5.1
      vertex 53.0563 -15.5118 2
    endloop
  endfacet
  facet normal 0.997863 -0.0653379 0
    outer loop
      vertex 53.1265 -15.1589 5.1
      vertex 53.15 -14.8 2
      vertex 53.15 -14.8 5.1
    endloop
  endfacet
  facet normal 0.997863 -0.0653379 0
    outer loop
      vertex 53.15 -14.8 2
      vertex 53.1265 -15.1589 5.1
      vertex 53.1265 -15.1589 2
    endloop
  endfacet
  facet normal 0.0653379 0.997863 -0
    outer loop
      vertex 50.7589 -12.0735 2
      vertex 50.4 -12.05 5.1
      vertex 50.7589 -12.0735 5.1
    endloop
  endfacet
  facet normal 0.0653379 0.997863 0
    outer loop
      vertex 50.4 -12.05 5.1
      vertex 50.7589 -12.0735 2
      vertex 50.4 -12.05 2
    endloop
  endfacet
  facet normal 0.659449 -0.751749 0
    outer loop
      vertex 52.0741 -16.9817 2
      vertex 52.3445 -16.7445 5.1
      vertex 52.0741 -16.9817 5.1
    endloop
  endfacet
  facet normal 0.659449 -0.751749 0
    outer loop
      vertex 52.3445 -16.7445 5.1
      vertex 52.0741 -16.9817 2
      vertex 52.3445 -16.7445 2
    endloop
  endfacet
  facet normal -0.659449 -0.751749 0
    outer loop
      vertex 48.4555 -16.7445 2
      vertex 48.7259 -16.9817 5.1
      vertex 48.4555 -16.7445 5.1
    endloop
  endfacet
  facet normal -0.659449 -0.751749 -0
    outer loop
      vertex 48.7259 -16.9817 5.1
      vertex 48.4555 -16.7445 2
      vertex 48.7259 -16.9817 2
    endloop
  endfacet
  facet normal 0.442314 0.89686 -0
    outer loop
      vertex 51.775 -12.4184 2
      vertex 51.4524 -12.2593 5.1
      vertex 51.775 -12.4184 5.1
    endloop
  endfacet
  facet normal 0.442314 0.89686 0
    outer loop
      vertex 51.4524 -12.2593 5.1
      vertex 51.775 -12.4184 2
      vertex 51.4524 -12.2593 2
    endloop
  endfacet
  facet normal -0.321394 -0.946945 0
    outer loop
      vertex 49.3476 -17.3407 3
      vertex 49.6882 -17.4563 5.1
      vertex 49.3476 -17.3407 5.1
    endloop
  endfacet
  facet normal -0.321394 -0.946945 -0
    outer loop
      vertex 49.6882 -17.4563 5.1
      vertex 49.3476 -17.3407 3
      vertex 49.6882 -17.4563 3
    endloop
  endfacet
  facet normal 0.946945 0.321394 0
    outer loop
      vertex 53.0563 -14.0882 5.1
      vertex 52.9407 -13.7476 2
      vertex 52.9407 -13.7476 5.1
    endloop
  endfacet
  facet normal 0.946945 0.321394 0
    outer loop
      vertex 52.9407 -13.7476 2
      vertex 53.0563 -14.0882 5.1
      vertex 53.0563 -14.0882 2
    endloop
  endfacet
  facet normal 0.980783 0.195101 0
    outer loop
      vertex 53.1265 -14.4411 5.1
      vertex 53.0563 -14.0882 2
      vertex 53.0563 -14.0882 5.1
    endloop
  endfacet
  facet normal 0.980783 0.195101 0
    outer loop
      vertex 53.0563 -14.0882 2
      vertex 53.1265 -14.4411 5.1
      vertex 53.1265 -14.4411 2
    endloop
  endfacet
  facet normal 0.321394 -0.946945 0
    outer loop
      vertex 51.1118 -17.4563 3
      vertex 51.4524 -17.3407 5.1
      vertex 51.1118 -17.4563 5.1
    endloop
  endfacet
  facet normal 0.321394 -0.946945 0
    outer loop
      vertex 51.4524 -17.3407 5.1
      vertex 51.1118 -17.4563 3
      vertex 51.4524 -17.3407 3
    endloop
  endfacet
  facet normal -0.195101 0.980783 0
    outer loop
      vertex 50.0411 -12.0735 2
      vertex 49.6882 -12.1437 5.1
      vertex 50.0411 -12.0735 5.1
    endloop
  endfacet
  facet normal -0.195101 0.980783 0
    outer loop
      vertex 49.6882 -12.1437 5.1
      vertex 50.0411 -12.0735 2
      vertex 49.6882 -12.1437 2
    endloop
  endfacet
  facet normal 0.659449 0.751749 -0
    outer loop
      vertex 52.3445 -12.8555 2
      vertex 52.0741 -12.6183 5.1
      vertex 52.3445 -12.8555 5.1
    endloop
  endfacet
  facet normal 0.659449 0.751749 0
    outer loop
      vertex 52.0741 -12.6183 5.1
      vertex 52.3445 -12.8555 2
      vertex 52.0741 -12.6183 2
    endloop
  endfacet
  facet normal 0.555662 0.831408 -0
    outer loop
      vertex 52.0741 -12.6183 2
      vertex 51.775 -12.4184 5.1
      vertex 52.0741 -12.6183 5.1
    endloop
  endfacet
  facet normal 0.555662 0.831408 0
    outer loop
      vertex 51.775 -12.4184 5.1
      vertex 52.0741 -12.6183 2
      vertex 51.775 -12.4184 2
    endloop
  endfacet
  facet normal -0.555662 -0.831408 1.62811e-06
    outer loop
      vertex 48.7259 -16.9817 5.1
      vertex 48.9029 -17.1 3
      vertex 49.025 -17.1816 5.1
    endloop
  endfacet
  facet normal -0.555675 -0.831399 0
    outer loop
      vertex 48.7259 -16.9817 2
      vertex 48.9029 -17.1 3
      vertex 48.7259 -16.9817 5.1
    endloop
  endfacet
  facet normal -0.555675 -0.831399 -0
    outer loop
      vertex 48.9029 -17.1 3
      vertex 48.7259 -16.9817 2
      vertex 48.9029 -17.1 2
    endloop
  endfacet
  facet normal -0.555643 -0.831421 -0
    outer loop
      vertex 49.025 -17.1816 5.1
      vertex 48.9029 -17.1 3
      vertex 49.025 -17.1816 3
    endloop
  endfacet
  facet normal 0.831408 0.555662 0
    outer loop
      vertex 52.7816 -13.425 5.1
      vertex 52.5817 -13.1259 2
      vertex 52.5817 -13.1259 5.1
    endloop
  endfacet
  facet normal 0.831408 0.555662 0
    outer loop
      vertex 52.5817 -13.1259 2
      vertex 52.7816 -13.425 5.1
      vertex 52.7816 -13.425 2
    endloop
  endfacet
  facet normal 0.89686 -0.442314 0
    outer loop
      vertex 52.7816 -16.175 5.1
      vertex 52.9407 -15.8524 2
      vertex 52.9407 -15.8524 5.1
    endloop
  endfacet
  facet normal 0.89686 -0.442314 0
    outer loop
      vertex 52.9407 -15.8524 2
      vertex 52.7816 -16.175 5.1
      vertex 52.7816 -16.175 2
    endloop
  endfacet
  facet normal 0.195101 0.980783 -0
    outer loop
      vertex 51.1118 -12.1437 2
      vertex 50.7589 -12.0735 5.1
      vertex 51.1118 -12.1437 5.1
    endloop
  endfacet
  facet normal 0.195101 0.980783 0
    outer loop
      vertex 50.7589 -12.0735 5.1
      vertex 51.1118 -12.1437 2
      vertex 50.7589 -12.0735 2
    endloop
  endfacet
  facet normal 0.442314 -0.89686 0
    outer loop
      vertex 51.4524 -17.3407 3
      vertex 51.775 -17.1816 5.1
      vertex 51.4524 -17.3407 5.1
    endloop
  endfacet
  facet normal 0.442314 -0.89686 0
    outer loop
      vertex 51.775 -17.1816 5.1
      vertex 51.4524 -17.3407 3
      vertex 51.775 -17.1816 3
    endloop
  endfacet
  facet normal -0.751749 0.659449 0
    outer loop
      vertex 48.2183 -13.1259 2
      vertex 48.4555 -12.8555 5.1
      vertex 48.4555 -12.8555 2
    endloop
  endfacet
  facet normal -0.751749 0.659449 0
    outer loop
      vertex 48.4555 -12.8555 5.1
      vertex 48.2183 -13.1259 2
      vertex 48.2183 -13.1259 5.1
    endloop
  endfacet
  facet normal -0.751749 -0.659449 0
    outer loop
      vertex 48.4555 -16.7445 2
      vertex 48.2183 -16.4741 5.1
      vertex 48.2183 -16.4741 2
    endloop
  endfacet
  facet normal -0.751749 -0.659449 0
    outer loop
      vertex 48.2183 -16.4741 5.1
      vertex 48.4555 -16.7445 2
      vertex 48.4555 -16.7445 5.1
    endloop
  endfacet
  facet normal 0.831408 -0.555662 0
    outer loop
      vertex 52.5817 -16.4741 5.1
      vertex 52.7816 -16.175 2
      vertex 52.7816 -16.175 5.1
    endloop
  endfacet
  facet normal 0.831408 -0.555662 0
    outer loop
      vertex 52.7816 -16.175 2
      vertex 52.5817 -16.4741 5.1
      vertex 52.5817 -16.4741 2
    endloop
  endfacet
  facet normal -0.659449 0.751749 0
    outer loop
      vertex 48.7259 -12.6183 2
      vertex 48.4555 -12.8555 5.1
      vertex 48.7259 -12.6183 5.1
    endloop
  endfacet
  facet normal -0.659449 0.751749 0
    outer loop
      vertex 48.4555 -12.8555 5.1
      vertex 48.7259 -12.6183 2
      vertex 48.4555 -12.8555 2
    endloop
  endfacet
  facet normal -0.831408 -0.555662 0
    outer loop
      vertex 48.2183 -16.4741 2
      vertex 48.0184 -16.175 5.1
      vertex 48.0184 -16.175 2
    endloop
  endfacet
  facet normal -0.831408 -0.555662 0
    outer loop
      vertex 48.0184 -16.175 5.1
      vertex 48.2183 -16.4741 2
      vertex 48.2183 -16.4741 5.1
    endloop
  endfacet
  facet normal 0.0653379 -0.997863 0
    outer loop
      vertex 50.4 -17.55 3
      vertex 50.7589 -17.5265 5.1
      vertex 50.4 -17.55 5.1
    endloop
  endfacet
  facet normal 0.0653379 -0.997863 0
    outer loop
      vertex 50.7589 -17.5265 5.1
      vertex 50.4 -17.55 3
      vertex 50.7589 -17.5265 3
    endloop
  endfacet
  facet normal -0.946945 0.321394 0
    outer loop
      vertex 47.7437 -14.0882 2
      vertex 47.8593 -13.7476 5.1
      vertex 47.8593 -13.7476 2
    endloop
  endfacet
  facet normal -0.946945 0.321394 0
    outer loop
      vertex 47.8593 -13.7476 5.1
      vertex 47.7437 -14.0882 2
      vertex 47.7437 -14.0882 5.1
    endloop
  endfacet
  facet normal -0.980783 0.195101 0
    outer loop
      vertex 47.6735 -14.4411 2
      vertex 47.7437 -14.0882 5.1
      vertex 47.7437 -14.0882 2
    endloop
  endfacet
  facet normal -0.980783 0.195101 0
    outer loop
      vertex 47.7437 -14.0882 5.1
      vertex 47.6735 -14.4411 2
      vertex 47.6735 -14.4411 5.1
    endloop
  endfacet
  facet normal 0.997863 0.0653379 0
    outer loop
      vertex 53.15 -14.8 5.1
      vertex 53.1265 -14.4411 2
      vertex 53.1265 -14.4411 5.1
    endloop
  endfacet
  facet normal 0.997863 0.0653379 0
    outer loop
      vertex 53.1265 -14.4411 2
      vertex 53.15 -14.8 5.1
      vertex 53.15 -14.8 2
    endloop
  endfacet
  facet normal -0.442314 -0.89686 0
    outer loop
      vertex 49.025 -17.1816 3
      vertex 49.3476 -17.3407 5.1
      vertex 49.025 -17.1816 5.1
    endloop
  endfacet
  facet normal -0.442314 -0.89686 -0
    outer loop
      vertex 49.3476 -17.3407 5.1
      vertex 49.025 -17.1816 3
      vertex 49.3476 -17.3407 3
    endloop
  endfacet
  facet normal 0.89686 0.442314 0
    outer loop
      vertex 52.9407 -13.7476 5.1
      vertex 52.7816 -13.425 2
      vertex 52.7816 -13.425 5.1
    endloop
  endfacet
  facet normal 0.89686 0.442314 0
    outer loop
      vertex 52.7816 -13.425 2
      vertex 52.9407 -13.7476 5.1
      vertex 52.9407 -13.7476 2
    endloop
  endfacet
  facet normal 0.321394 0.946945 -0
    outer loop
      vertex 51.4524 -12.2593 2
      vertex 51.1118 -12.1437 5.1
      vertex 51.4524 -12.2593 5.1
    endloop
  endfacet
  facet normal 0.321394 0.946945 0
    outer loop
      vertex 51.1118 -12.1437 5.1
      vertex 51.4524 -12.2593 2
      vertex 51.1118 -12.1437 2
    endloop
  endfacet
  facet normal -0.831408 0.555662 0
    outer loop
      vertex 48.0184 -13.425 2
      vertex 48.2183 -13.1259 5.1
      vertex 48.2183 -13.1259 2
    endloop
  endfacet
  facet normal -0.831408 0.555662 0
    outer loop
      vertex 48.2183 -13.1259 5.1
      vertex 48.0184 -13.425 2
      vertex 48.0184 -13.425 5.1
    endloop
  endfacet
  facet normal -0.980783 -0.195101 0
    outer loop
      vertex 47.7437 -15.5118 2
      vertex 47.6735 -15.1589 5.1
      vertex 47.6735 -15.1589 2
    endloop
  endfacet
  facet normal -0.980783 -0.195101 0
    outer loop
      vertex 47.6735 -15.1589 5.1
      vertex 47.7437 -15.5118 2
      vertex 47.7437 -15.5118 5.1
    endloop
  endfacet
  facet normal 0.195101 -0.980783 0
    outer loop
      vertex 50.7589 -17.5265 3
      vertex 51.1118 -17.4563 5.1
      vertex 50.7589 -17.5265 5.1
    endloop
  endfacet
  facet normal 0.195101 -0.980783 0
    outer loop
      vertex 51.1118 -17.4563 5.1
      vertex 50.7589 -17.5265 3
      vertex 51.1118 -17.4563 3
    endloop
  endfacet
  facet normal -0.321394 0.946945 0
    outer loop
      vertex 49.6882 -12.1437 2
      vertex 49.3476 -12.2593 5.1
      vertex 49.6882 -12.1437 5.1
    endloop
  endfacet
  facet normal -0.321394 0.946945 0
    outer loop
      vertex 49.3476 -12.2593 5.1
      vertex 49.6882 -12.1437 2
      vertex 49.3476 -12.2593 2
    endloop
  endfacet
  facet normal 0.751749 -0.659449 0
    outer loop
      vertex 52.3445 -16.7445 5.1
      vertex 52.5817 -16.4741 2
      vertex 52.5817 -16.4741 5.1
    endloop
  endfacet
  facet normal 0.751749 -0.659449 0
    outer loop
      vertex 52.5817 -16.4741 2
      vertex 52.3445 -16.7445 5.1
      vertex 52.3445 -16.7445 2
    endloop
  endfacet
  facet normal -0.442314 0.89686 0
    outer loop
      vertex 49.3476 -12.2593 2
      vertex 49.025 -12.4184 5.1
      vertex 49.3476 -12.2593 5.1
    endloop
  endfacet
  facet normal -0.442314 0.89686 0
    outer loop
      vertex 49.025 -12.4184 5.1
      vertex 49.3476 -12.2593 2
      vertex 49.025 -12.4184 2
    endloop
  endfacet
  facet normal 0.946945 -0.321394 0
    outer loop
      vertex 52.9407 -15.8524 5.1
      vertex 53.0563 -15.5118 2
      vertex 53.0563 -15.5118 5.1
    endloop
  endfacet
  facet normal 0.946945 -0.321394 0
    outer loop
      vertex 53.0563 -15.5118 2
      vertex 52.9407 -15.8524 5.1
      vertex 52.9407 -15.8524 2
    endloop
  endfacet
  facet normal -0.0653379 0.997863 0
    outer loop
      vertex 50.4 -12.05 2
      vertex 50.0411 -12.0735 5.1
      vertex 50.4 -12.05 5.1
    endloop
  endfacet
  facet normal -0.0653379 0.997863 0
    outer loop
      vertex 50.0411 -12.0735 5.1
      vertex 50.4 -12.05 2
      vertex 50.0411 -12.0735 2
    endloop
  endfacet
  facet normal 0.751749 0.659449 0
    outer loop
      vertex 52.5817 -13.1259 5.1
      vertex 52.3445 -12.8555 2
      vertex 52.3445 -12.8555 5.1
    endloop
  endfacet
  facet normal 0.751749 0.659449 0
    outer loop
      vertex 52.3445 -12.8555 2
      vertex 52.5817 -13.1259 5.1
      vertex 52.5817 -13.1259 2
    endloop
  endfacet
  facet normal -0.195101 -0.980783 0
    outer loop
      vertex 49.6882 -17.4563 3
      vertex 50.0411 -17.5265 5.1
      vertex 49.6882 -17.4563 5.1
    endloop
  endfacet
  facet normal -0.195101 -0.980783 -0
    outer loop
      vertex 50.0411 -17.5265 5.1
      vertex 49.6882 -17.4563 3
      vertex 50.0411 -17.5265 3
    endloop
  endfacet
  facet normal -0.997863 -0.0653379 0
    outer loop
      vertex 47.6735 -15.1589 2
      vertex 47.65 -14.8 5.1
      vertex 47.65 -14.8 2
    endloop
  endfacet
  facet normal -0.997863 -0.0653379 0
    outer loop
      vertex 47.65 -14.8 5.1
      vertex 47.6735 -15.1589 2
      vertex 47.6735 -15.1589 5.1
    endloop
  endfacet
  facet normal -0.997863 0.0653379 0
    outer loop
      vertex 47.65 -14.8 2
      vertex 47.6735 -14.4411 5.1
      vertex 47.6735 -14.4411 2
    endloop
  endfacet
  facet normal -0.997863 0.0653379 0
    outer loop
      vertex 47.6735 -14.4411 5.1
      vertex 47.65 -14.8 2
      vertex 47.65 -14.8 5.1
    endloop
  endfacet
  facet normal -0.89686 0.442314 0
    outer loop
      vertex 47.8593 -13.7476 2
      vertex 48.0184 -13.425 5.1
      vertex 48.0184 -13.425 2
    endloop
  endfacet
  facet normal -0.89686 0.442314 0
    outer loop
      vertex 48.0184 -13.425 5.1
      vertex 47.8593 -13.7476 2
      vertex 47.8593 -13.7476 5.1
    endloop
  endfacet
  facet normal -0.0653379 -0.997863 0
    outer loop
      vertex 50.0411 -17.5265 3
      vertex 50.4 -17.55 5.1
      vertex 50.0411 -17.5265 5.1
    endloop
  endfacet
  facet normal -0.0653379 -0.997863 -0
    outer loop
      vertex 50.4 -17.55 5.1
      vertex 50.0411 -17.5265 3
      vertex 50.4 -17.55 3
    endloop
  endfacet
  facet normal -0.946945 -0.321394 0
    outer loop
      vertex 47.8593 -15.8524 2
      vertex 47.7437 -15.5118 5.1
      vertex 47.7437 -15.5118 2
    endloop
  endfacet
  facet normal -0.946945 -0.321394 0
    outer loop
      vertex 47.7437 -15.5118 5.1
      vertex 47.8593 -15.8524 2
      vertex 47.8593 -15.8524 5.1
    endloop
  endfacet
  facet normal -0.89686 -0.442314 0
    outer loop
      vertex 48.0184 -16.175 2
      vertex 47.8593 -15.8524 5.1
      vertex 47.8593 -15.8524 2
    endloop
  endfacet
  facet normal -0.89686 -0.442314 0
    outer loop
      vertex 47.8593 -15.8524 5.1
      vertex 48.0184 -16.175 2
      vertex 48.0184 -16.175 5.1
    endloop
  endfacet
  facet normal 0 0 1
    outer loop
      vertex 52.1 -14.8 5.1
      vertex 53.15 -14.8 5.1
      vertex 53.1265 -14.4411 5.1
    endloop
  endfacet
  facet normal 0 0 1
    outer loop
      vertex 52.0855 -14.5781 5.1
      vertex 53.1265 -14.4411 5.1
      vertex 53.0563 -14.0882 5.1
    endloop
  endfacet
  facet normal 0 0 1
    outer loop
      vertex 53.15 -14.8 5.1
      vertex 52.1 -14.8 5.1
      vertex 53.1265 -15.1589 5.1
    endloop
  endfacet
  facet normal 0 0 1
    outer loop
      vertex 52.0421 -14.36 5.1
      vertex 53.0563 -14.0882 5.1
      vertex 52.9407 -13.7476 5.1
    endloop
  endfacet
  facet normal -0 0 1
    outer loop
      vertex 52.0855 -15.0219 5.1
      vertex 53.1265 -15.1589 5.1
      vertex 52.1 -14.8 5.1
    endloop
  endfacet
  facet normal 0 0 1
    outer loop
      vertex 51.9706 -14.1494 5.1
      vertex 52.9407 -13.7476 5.1
      vertex 52.7816 -13.425 5.1
    endloop
  endfacet
  facet normal 0 0 1
    outer loop
      vertex 53.1265 -15.1589 5.1
      vertex 52.0855 -15.0219 5.1
      vertex 53.0563 -15.5118 5.1
    endloop
  endfacet
  facet normal 0 0 1
    outer loop
      vertex 51.8722 -13.95 5.1
      vertex 52.7816 -13.425 5.1
      vertex 52.5817 -13.1259 5.1
    endloop
  endfacet
  facet normal -0 0 1
    outer loop
      vertex 52.0421 -15.24 5.1
      vertex 53.0563 -15.5118 5.1
      vertex 52.0855 -15.0219 5.1
    endloop
  endfacet
  facet normal 0 0 1
    outer loop
      vertex 51.7487 -13.7651 5.1
      vertex 52.5817 -13.1259 5.1
      vertex 52.3445 -12.8555 5.1
    endloop
  endfacet
  facet normal 0 0 1
    outer loop
      vertex 53.0563 -15.5118 5.1
      vertex 52.0421 -15.24 5.1
      vertex 52.9407 -15.8524 5.1
    endloop
  endfacet
  facet normal -0 0 1
    outer loop
      vertex 51.9706 -15.4506 5.1
      vertex 52.9407 -15.8524 5.1
      vertex 52.0421 -15.24 5.1
    endloop
  endfacet
  facet normal 0 0 1
    outer loop
      vertex 53.1265 -14.4411 5.1
      vertex 52.0855 -14.5781 5.1
      vertex 52.1 -14.8 5.1
    endloop
  endfacet
  facet normal 0 0 1
    outer loop
      vertex 51.6021 -13.5979 5.1
      vertex 52.3445 -12.8555 5.1
      vertex 52.0741 -12.6183 5.1
    endloop
  endfacet
  facet normal 0 0 1
    outer loop
      vertex 53.0563 -14.0882 5.1
      vertex 52.0421 -14.36 5.1
      vertex 52.0855 -14.5781 5.1
    endloop
  endfacet
  facet normal 0 0 1
    outer loop
      vertex 52.9407 -13.7476 5.1
      vertex 51.9706 -14.1494 5.1
      vertex 52.0421 -14.36 5.1
    endloop
  endfacet
  facet normal 0 0 1
    outer loop
      vertex 52.7816 -13.425 5.1
      vertex 51.8722 -13.95 5.1
      vertex 51.9706 -14.1494 5.1
    endloop
  endfacet
  facet normal 0 0 1
    outer loop
      vertex 51.4349 -13.4513 5.1
      vertex 52.0741 -12.6183 5.1
      vertex 51.775 -12.4184 5.1
    endloop
  endfacet
  facet normal 0 0 1
    outer loop
      vertex 52.5817 -13.1259 5.1
      vertex 51.7487 -13.7651 5.1
      vertex 51.8722 -13.95 5.1
    endloop
  endfacet
  facet normal 0 0 1
    outer loop
      vertex 52.3445 -12.8555 5.1
      vertex 51.6021 -13.5979 5.1
      vertex 51.7487 -13.7651 5.1
    endloop
  endfacet
  facet normal 0 0 1
    outer loop
      vertex 51.25 -13.3278 5.1
      vertex 51.775 -12.4184 5.1
      vertex 51.4524 -12.2593 5.1
    endloop
  endfacet
  facet normal 0 0 1
    outer loop
      vertex 52.0741 -12.6183 5.1
      vertex 51.4349 -13.4513 5.1
      vertex 51.6021 -13.5979 5.1
    endloop
  endfacet
  facet normal 0 0 1
    outer loop
      vertex 51.775 -12.4184 5.1
      vertex 51.25 -13.3278 5.1
      vertex 51.4349 -13.4513 5.1
    endloop
  endfacet
  facet normal 0 0 1
    outer loop
      vertex 51.0506 -13.2294 5.1
      vertex 51.4524 -12.2593 5.1
      vertex 51.1118 -12.1437 5.1
    endloop
  endfacet
  facet normal 0 0 1
    outer loop
      vertex 51.4524 -12.2593 5.1
      vertex 51.0506 -13.2294 5.1
      vertex 51.25 -13.3278 5.1
    endloop
  endfacet
  facet normal 0 0 1
    outer loop
      vertex 51.1118 -12.1437 5.1
      vertex 50.84 -13.1579 5.1
      vertex 51.0506 -13.2294 5.1
    endloop
  endfacet
  facet normal 0 0 1
    outer loop
      vertex 50.7589 -12.0735 5.1
      vertex 50.84 -13.1579 5.1
      vertex 51.1118 -12.1437 5.1
    endloop
  endfacet
  facet normal 0 0 1
    outer loop
      vertex 50.7589 -12.0735 5.1
      vertex 50.6219 -13.1145 5.1
      vertex 50.84 -13.1579 5.1
    endloop
  endfacet
  facet normal 0 0 1
    outer loop
      vertex 50.4 -12.05 5.1
      vertex 50.6219 -13.1145 5.1
      vertex 50.7589 -12.0735 5.1
    endloop
  endfacet
  facet normal 0 0 1
    outer loop
      vertex 50.4 -12.05 5.1
      vertex 50.4 -13.1 5.1
      vertex 50.6219 -13.1145 5.1
    endloop
  endfacet
  facet normal 0 0 1
    outer loop
      vertex 50.4 -12.05 5.1
      vertex 50.1781 -13.1145 5.1
      vertex 50.4 -13.1 5.1
    endloop
  endfacet
  facet normal -0 0 1
    outer loop
      vertex 50.0411 -12.0735 5.1
      vertex 50.1781 -13.1145 5.1
      vertex 50.4 -12.05 5.1
    endloop
  endfacet
  facet normal 0 0 1
    outer loop
      vertex 50.0411 -12.0735 5.1
      vertex 49.96 -13.1579 5.1
      vertex 50.1781 -13.1145 5.1
    endloop
  endfacet
  facet normal -0 0 1
    outer loop
      vertex 49.6882 -12.1437 5.1
      vertex 49.96 -13.1579 5.1
      vertex 50.0411 -12.0735 5.1
    endloop
  endfacet
  facet normal 0 0 1
    outer loop
      vertex 49.96 -13.1579 5.1
      vertex 49.6882 -12.1437 5.1
      vertex 49.7494 -13.2294 5.1
    endloop
  endfacet
  facet normal -0 0 1
    outer loop
      vertex 49.3476 -12.2593 5.1
      vertex 49.7494 -13.2294 5.1
      vertex 49.6882 -12.1437 5.1
    endloop
  endfacet
  facet normal 0 0 1
    outer loop
      vertex 49.7494 -13.2294 5.1
      vertex 49.3476 -12.2593 5.1
      vertex 49.55 -13.3278 5.1
    endloop
  endfacet
  facet normal -0 0 1
    outer loop
      vertex 49.025 -12.4184 5.1
      vertex 49.55 -13.3278 5.1
      vertex 49.3476 -12.2593 5.1
    endloop
  endfacet
  facet normal 0 0 1
    outer loop
      vertex 49.55 -13.3278 5.1
      vertex 49.025 -12.4184 5.1
      vertex 49.3651 -13.4513 5.1
    endloop
  endfacet
  facet normal -0 0 1
    outer loop
      vertex 48.7259 -12.6183 5.1
      vertex 49.3651 -13.4513 5.1
      vertex 49.025 -12.4184 5.1
    endloop
  endfacet
  facet normal 0 0 1
    outer loop
      vertex 49.3651 -13.4513 5.1
      vertex 48.7259 -12.6183 5.1
      vertex 49.1979 -13.5979 5.1
    endloop
  endfacet
  facet normal -0 0 1
    outer loop
      vertex 48.4555 -12.8555 5.1
      vertex 49.1979 -13.5979 5.1
      vertex 48.7259 -12.6183 5.1
    endloop
  endfacet
  facet normal 0 0 1
    outer loop
      vertex 49.1979 -13.5979 5.1
      vertex 48.4555 -12.8555 5.1
      vertex 49.0513 -13.7651 5.1
    endloop
  endfacet
  facet normal -0 0 1
    outer loop
      vertex 48.2183 -13.1259 5.1
      vertex 49.0513 -13.7651 5.1
      vertex 48.4555 -12.8555 5.1
    endloop
  endfacet
  facet normal 0 0 1
    outer loop
      vertex 49.0513 -13.7651 5.1
      vertex 48.2183 -13.1259 5.1
      vertex 48.9278 -13.95 5.1
    endloop
  endfacet
  facet normal -0 0 1
    outer loop
      vertex 48.0184 -13.425 5.1
      vertex 48.9278 -13.95 5.1
      vertex 48.2183 -13.1259 5.1
    endloop
  endfacet
  facet normal 0 0 1
    outer loop
      vertex 48.9278 -13.95 5.1
      vertex 48.0184 -13.425 5.1
      vertex 48.8294 -14.1494 5.1
    endloop
  endfacet
  facet normal -0 0 1
    outer loop
      vertex 47.8593 -13.7476 5.1
      vertex 48.8294 -14.1494 5.1
      vertex 48.0184 -13.425 5.1
    endloop
  endfacet
  facet normal 0 0 1
    outer loop
      vertex 52.9407 -15.8524 5.1
      vertex 51.9706 -15.4506 5.1
      vertex 52.7816 -16.175 5.1
    endloop
  endfacet
  facet normal -0 0 1
    outer loop
      vertex 51.8722 -15.65 5.1
      vertex 52.7816 -16.175 5.1
      vertex 51.9706 -15.4506 5.1
    endloop
  endfacet
  facet normal 0 0 1
    outer loop
      vertex 52.7816 -16.175 5.1
      vertex 51.8722 -15.65 5.1
      vertex 52.5817 -16.4741 5.1
    endloop
  endfacet
  facet normal -0 0 1
    outer loop
      vertex 51.7487 -15.8349 5.1
      vertex 52.5817 -16.4741 5.1
      vertex 51.8722 -15.65 5.1
    endloop
  endfacet
  facet normal 0 0 1
    outer loop
      vertex 52.5817 -16.4741 5.1
      vertex 51.7487 -15.8349 5.1
      vertex 52.3445 -16.7445 5.1
    endloop
  endfacet
  facet normal -0 0 1
    outer loop
      vertex 51.6021 -16.0021 5.1
      vertex 52.3445 -16.7445 5.1
      vertex 51.7487 -15.8349 5.1
    endloop
  endfacet
  facet normal 0 0 1
    outer loop
      vertex 52.3445 -16.7445 5.1
      vertex 51.6021 -16.0021 5.1
      vertex 52.0741 -16.9817 5.1
    endloop
  endfacet
  facet normal -0 0 1
    outer loop
      vertex 51.4349 -16.1487 5.1
      vertex 52.0741 -16.9817 5.1
      vertex 51.6021 -16.0021 5.1
    endloop
  endfacet
  facet normal 0 0 1
    outer loop
      vertex 52.0741 -16.9817 5.1
      vertex 51.4349 -16.1487 5.1
      vertex 51.775 -17.1816 5.1
    endloop
  endfacet
  facet normal -0 0 1
    outer loop
      vertex 51.25 -16.2722 5.1
      vertex 51.775 -17.1816 5.1
      vertex 51.4349 -16.1487 5.1
    endloop
  endfacet
  facet normal 0 0 1
    outer loop
      vertex 51.775 -17.1816 5.1
      vertex 51.25 -16.2722 5.1
      vertex 51.4524 -17.3407 5.1
    endloop
  endfacet
  facet normal -0 0 1
    outer loop
      vertex 51.0506 -16.3706 5.1
      vertex 51.4524 -17.3407 5.1
      vertex 51.25 -16.2722 5.1
    endloop
  endfacet
  facet normal 0 0 1
    outer loop
      vertex 51.4524 -17.3407 5.1
      vertex 51.0506 -16.3706 5.1
      vertex 51.1118 -17.4563 5.1
    endloop
  endfacet
  facet normal -0 0 1
    outer loop
      vertex 50.84 -16.4421 5.1
      vertex 51.1118 -17.4563 5.1
      vertex 51.0506 -16.3706 5.1
    endloop
  endfacet
  facet normal 0 0 1
    outer loop
      vertex 50.84 -16.4421 5.1
      vertex 50.7589 -17.5265 5.1
      vertex 51.1118 -17.4563 5.1
    endloop
  endfacet
  facet normal -0 0 1
    outer loop
      vertex 50.6219 -16.4855 5.1
      vertex 50.7589 -17.5265 5.1
      vertex 50.84 -16.4421 5.1
    endloop
  endfacet
  facet normal -0 0 1
    outer loop
      vertex 50.4 -16.5 5.1
      vertex 50.7589 -17.5265 5.1
      vertex 50.6219 -16.4855 5.1
    endloop
  endfacet
  facet normal 0 0 1
    outer loop
      vertex 50.4 -16.5 5.1
      vertex 50.4 -17.55 5.1
      vertex 50.7589 -17.5265 5.1
    endloop
  endfacet
  facet normal 0 0 1
    outer loop
      vertex 50.1781 -16.4855 5.1
      vertex 50.4 -17.55 5.1
      vertex 50.4 -16.5 5.1
    endloop
  endfacet
  facet normal 0 0 1
    outer loop
      vertex 50.1781 -16.4855 5.1
      vertex 50.0411 -17.5265 5.1
      vertex 50.4 -17.55 5.1
    endloop
  endfacet
  facet normal 0 0 1
    outer loop
      vertex 49.96 -16.4421 5.1
      vertex 50.0411 -17.5265 5.1
      vertex 50.1781 -16.4855 5.1
    endloop
  endfacet
  facet normal 0 0 1
    outer loop
      vertex 49.6882 -17.4563 5.1
      vertex 49.96 -16.4421 5.1
      vertex 49.7494 -16.3706 5.1
    endloop
  endfacet
  facet normal 0 0 1
    outer loop
      vertex 49.96 -16.4421 5.1
      vertex 49.6882 -17.4563 5.1
      vertex 50.0411 -17.5265 5.1
    endloop
  endfacet
  facet normal 0 0 1
    outer loop
      vertex 49.3476 -17.3407 5.1
      vertex 49.7494 -16.3706 5.1
      vertex 49.55 -16.2722 5.1
    endloop
  endfacet
  facet normal 0 0 1
    outer loop
      vertex 49.025 -17.1816 5.1
      vertex 49.55 -16.2722 5.1
      vertex 49.3651 -16.1487 5.1
    endloop
  endfacet
  facet normal 0 0 1
    outer loop
      vertex 49.7494 -16.3706 5.1
      vertex 49.3476 -17.3407 5.1
      vertex 49.6882 -17.4563 5.1
    endloop
  endfacet
  facet normal 0 0 1
    outer loop
      vertex 48.7259 -16.9817 5.1
      vertex 49.3651 -16.1487 5.1
      vertex 49.1979 -16.0021 5.1
    endloop
  endfacet
  facet normal 0 0 1
    outer loop
      vertex 48.4555 -16.7445 5.1
      vertex 49.1979 -16.0021 5.1
      vertex 49.0513 -15.8349 5.1
    endloop
  endfacet
  facet normal 0 0 1
    outer loop
      vertex 49.55 -16.2722 5.1
      vertex 49.025 -17.1816 5.1
      vertex 49.3476 -17.3407 5.1
    endloop
  endfacet
  facet normal 0 0 1
    outer loop
      vertex 48.2183 -16.4741 5.1
      vertex 49.0513 -15.8349 5.1
      vertex 48.9278 -15.65 5.1
    endloop
  endfacet
  facet normal 0 0 1
    outer loop
      vertex 48.0184 -16.175 5.1
      vertex 48.9278 -15.65 5.1
      vertex 48.8294 -15.4506 5.1
    endloop
  endfacet
  facet normal 0 0 1
    outer loop
      vertex 47.8593 -15.8524 5.1
      vertex 48.8294 -15.4506 5.1
      vertex 48.7579 -15.24 5.1
    endloop
  endfacet
  facet normal 0 0 1
    outer loop
      vertex 49.3651 -16.1487 5.1
      vertex 48.7259 -16.9817 5.1
      vertex 49.025 -17.1816 5.1
    endloop
  endfacet
  facet normal 0 0 1
    outer loop
      vertex 47.7437 -15.5118 5.1
      vertex 48.7579 -15.24 5.1
      vertex 48.7145 -15.0219 5.1
    endloop
  endfacet
  facet normal 0 0 1
    outer loop
      vertex 47.6735 -15.1589 5.1
      vertex 48.7145 -15.0219 5.1
      vertex 48.7 -14.8 5.1
    endloop
  endfacet
  facet normal 0 0 1
    outer loop
      vertex 48.8294 -14.1494 5.1
      vertex 47.8593 -13.7476 5.1
      vertex 48.7579 -14.36 5.1
    endloop
  endfacet
  facet normal 0 0 1
    outer loop
      vertex 49.1979 -16.0021 5.1
      vertex 48.4555 -16.7445 5.1
      vertex 48.7259 -16.9817 5.1
    endloop
  endfacet
  facet normal -0 0 1
    outer loop
      vertex 47.7437 -14.0882 5.1
      vertex 48.7579 -14.36 5.1
      vertex 47.8593 -13.7476 5.1
    endloop
  endfacet
  facet normal 0 0 1
    outer loop
      vertex 49.0513 -15.8349 5.1
      vertex 48.2183 -16.4741 5.1
      vertex 48.4555 -16.7445 5.1
    endloop
  endfacet
  facet normal 0 0 1
    outer loop
      vertex 48.7579 -14.36 5.1
      vertex 47.7437 -14.0882 5.1
      vertex 48.7145 -14.5781 5.1
    endloop
  endfacet
  facet normal 0 0 1
    outer loop
      vertex 48.9278 -15.65 5.1
      vertex 48.0184 -16.175 5.1
      vertex 48.2183 -16.4741 5.1
    endloop
  endfacet
  facet normal -0 0 1
    outer loop
      vertex 47.6735 -14.4411 5.1
      vertex 48.7145 -14.5781 5.1
      vertex 47.7437 -14.0882 5.1
    endloop
  endfacet
  facet normal 0 0 1
    outer loop
      vertex 48.8294 -15.4506 5.1
      vertex 47.8593 -15.8524 5.1
      vertex 48.0184 -16.175 5.1
    endloop
  endfacet
  facet normal 0 0 1
    outer loop
      vertex 48.7145 -14.5781 5.1
      vertex 47.6735 -14.4411 5.1
      vertex 48.7 -14.8 5.1
    endloop
  endfacet
  facet normal 0 0 1
    outer loop
      vertex 48.7579 -15.24 5.1
      vertex 47.7437 -15.5118 5.1
      vertex 47.8593 -15.8524 5.1
    endloop
  endfacet
  facet normal 0 0 1
    outer loop
      vertex 47.65 -14.8 5.1
      vertex 48.7 -14.8 5.1
      vertex 47.6735 -14.4411 5.1
    endloop
  endfacet
  facet normal 0 0 1
    outer loop
      vertex 48.7145 -15.0219 5.1
      vertex 47.6735 -15.1589 5.1
      vertex 47.7437 -15.5118 5.1
    endloop
  endfacet
  facet normal 0 0 1
    outer loop
      vertex 48.7 -14.8 5.1
      vertex 47.65 -14.8 5.1
      vertex 47.6735 -15.1589 5.1
    endloop
  endfacet
  facet normal -0.555662 0.831408 0
    outer loop
      vertex 49.025 -12.4184 2
      vertex 48.7259 -12.6183 5.1
      vertex 49.025 -12.4184 5.1
    endloop
  endfacet
  facet normal -0.555662 0.831408 0
    outer loop
      vertex 48.7259 -12.6183 5.1
      vertex 49.025 -12.4184 2
      vertex 48.7259 -12.6183 2
    endloop
  endfacet
  facet normal 0.555662 -0.831408 0
    outer loop
      vertex 51.775 -95.1816 2
      vertex 52.0741 -94.9817 5.1
      vertex 51.775 -95.1816 5.1
    endloop
  endfacet
  facet normal 0.555662 -0.831408 0
    outer loop
      vertex 52.0741 -94.9817 5.1
      vertex 51.775 -95.1816 2
      vertex 52.0741 -94.9817 2
    endloop
  endfacet
  facet normal 0.980762 -0.195207 0
    outer loop
      vertex 53.0563 -93.5117 5.1
      vertex 53.1265 -93.159 2
      vertex 53.1265 -93.159 5.1
    endloop
  endfacet
  facet normal 0.980762 -0.195207 0
    outer loop
      vertex 53.1265 -93.159 2
      vertex 53.0563 -93.5117 5.1
      vertex 53.0563 -93.5117 2
    endloop
  endfacet
  facet normal 0.997864 -0.0653198 0
    outer loop
      vertex 53.1265 -93.159 5.1
      vertex 53.15 -92.8 2
      vertex 53.15 -92.8 5.1
    endloop
  endfacet
  facet normal 0.997864 -0.0653198 0
    outer loop
      vertex 53.15 -92.8 2
      vertex 53.1265 -93.159 5.1
      vertex 53.1265 -93.159 2
    endloop
  endfacet
  facet normal 0.0653379 0.997863 -0
    outer loop
      vertex 50.7589 -90.0735 2
      vertex 50.4 -90.05 5.1
      vertex 50.7589 -90.0735 5.1
    endloop
  endfacet
  facet normal 0.0653379 0.997863 0
    outer loop
      vertex 50.4 -90.05 5.1
      vertex 50.7589 -90.0735 2
      vertex 50.4 -90.05 2
    endloop
  endfacet
  facet normal 0.659449 -0.751749 0
    outer loop
      vertex 52.0741 -94.9817 2
      vertex 52.3445 -94.7445 5.1
      vertex 52.0741 -94.9817 5.1
    endloop
  endfacet
  facet normal 0.659449 -0.751749 0
    outer loop
      vertex 52.3445 -94.7445 5.1
      vertex 52.0741 -94.9817 2
      vertex 52.3445 -94.7445 2
    endloop
  endfacet
  facet normal 0.442314 0.89686 -0
    outer loop
      vertex 51.775 -90.4184 2
      vertex 51.4524 -90.2593 5.1
      vertex 51.775 -90.4184 5.1
    endloop
  endfacet
  facet normal 0.442314 0.89686 0
    outer loop
      vertex 51.4524 -90.2593 5.1
      vertex 51.775 -90.4184 2
      vertex 51.4524 -90.2593 2
    endloop
  endfacet
  facet normal -0.321394 -0.946945 0
    outer loop
      vertex 49.3476 -95.3407 2
      vertex 49.6882 -95.4563 5.1
      vertex 49.3476 -95.3407 5.1
    endloop
  endfacet
  facet normal -0.321394 -0.946945 -0
    outer loop
      vertex 49.6882 -95.4563 5.1
      vertex 49.3476 -95.3407 2
      vertex 49.6882 -95.4563 2
    endloop
  endfacet
  facet normal 0.946945 0.321394 0
    outer loop
      vertex 53.0563 -92.0882 5.1
      vertex 52.9407 -91.7476 2
      vertex 52.9407 -91.7476 5.1
    endloop
  endfacet
  facet normal 0.946945 0.321394 0
    outer loop
      vertex 52.9407 -91.7476 2
      vertex 53.0563 -92.0882 5.1
      vertex 53.0563 -92.0882 2
    endloop
  endfacet
  facet normal 0.980783 0.195101 0
    outer loop
      vertex 53.1265 -92.4411 5.1
      vertex 53.0563 -92.0882 2
      vertex 53.0563 -92.0882 5.1
    endloop
  endfacet
  facet normal 0.980783 0.195101 0
    outer loop
      vertex 53.0563 -92.0882 2
      vertex 53.1265 -92.4411 5.1
      vertex 53.1265 -92.4411 2
    endloop
  endfacet
  facet normal 0.321394 -0.946945 0
    outer loop
      vertex 51.1118 -95.4563 2
      vertex 51.4524 -95.3407 5.1
      vertex 51.1118 -95.4563 5.1
    endloop
  endfacet
  facet normal 0.321394 -0.946945 0
    outer loop
      vertex 51.4524 -95.3407 5.1
      vertex 51.1118 -95.4563 2
      vertex 51.4524 -95.3407 2
    endloop
  endfacet
  facet normal -0.195101 0.980783 0
    outer loop
      vertex 50.0411 -90.0735 2
      vertex 49.6882 -90.1437 5.1
      vertex 50.0411 -90.0735 5.1
    endloop
  endfacet
  facet normal -0.195101 0.980783 0
    outer loop
      vertex 49.6882 -90.1437 5.1
      vertex 50.0411 -90.0735 2
      vertex 49.6882 -90.1437 2
    endloop
  endfacet
  facet normal 0.659449 0.751749 -0
    outer loop
      vertex 52.3445 -90.8555 2
      vertex 52.0741 -90.6183 5.1
      vertex 52.3445 -90.8555 5.1
    endloop
  endfacet
  facet normal 0.659449 0.751749 0
    outer loop
      vertex 52.0741 -90.6183 5.1
      vertex 52.3445 -90.8555 2
      vertex 52.0741 -90.6183 2
    endloop
  endfacet
  facet normal 0.555662 0.831408 -0
    outer loop
      vertex 52.0741 -90.6183 2
      vertex 51.775 -90.4184 5.1
      vertex 52.0741 -90.6183 5.1
    endloop
  endfacet
  facet normal 0.555662 0.831408 0
    outer loop
      vertex 51.775 -90.4184 5.1
      vertex 52.0741 -90.6183 2
      vertex 51.775 -90.4184 2
    endloop
  endfacet
  facet normal -0.555662 -0.831408 0
    outer loop
      vertex 48.7259 -94.9817 2
      vertex 49.025 -95.1816 5.1
      vertex 48.7259 -94.9817 5.1
    endloop
  endfacet
  facet normal -0.555662 -0.831408 -0
    outer loop
      vertex 49.025 -95.1816 5.1
      vertex 48.7259 -94.9817 2
      vertex 49.025 -95.1816 2
    endloop
  endfacet
  facet normal 0.831408 0.555662 0
    outer loop
      vertex 52.7816 -91.425 5.1
      vertex 52.5817 -91.1259 2
      vertex 52.5817 -91.1259 5.1
    endloop
  endfacet
  facet normal 0.831408 0.555662 0
    outer loop
      vertex 52.5817 -91.1259 2
      vertex 52.7816 -91.425 5.1
      vertex 52.7816 -91.425 2
    endloop
  endfacet
  facet normal 0.89686 -0.442314 0
    outer loop
      vertex 52.7816 -94.175 5.1
      vertex 52.9407 -93.8524 2
      vertex 52.9407 -93.8524 5.1
    endloop
  endfacet
  facet normal 0.89686 -0.442314 0
    outer loop
      vertex 52.9407 -93.8524 2
      vertex 52.7816 -94.175 5.1
      vertex 52.7816 -94.175 2
    endloop
  endfacet
  facet normal 0.195101 0.980783 -0
    outer loop
      vertex 51.1118 -90.1437 2
      vertex 50.7589 -90.0735 5.1
      vertex 51.1118 -90.1437 5.1
    endloop
  endfacet
  facet normal 0.195101 0.980783 0
    outer loop
      vertex 50.7589 -90.0735 5.1
      vertex 51.1118 -90.1437 2
      vertex 50.7589 -90.0735 2
    endloop
  endfacet
  facet normal 0.442314 -0.89686 0
    outer loop
      vertex 51.4524 -95.3407 2
      vertex 51.775 -95.1816 5.1
      vertex 51.4524 -95.3407 5.1
    endloop
  endfacet
  facet normal 0.442314 -0.89686 0
    outer loop
      vertex 51.775 -95.1816 5.1
      vertex 51.4524 -95.3407 2
      vertex 51.775 -95.1816 2
    endloop
  endfacet
  facet normal -0.751749 0.659449 0
    outer loop
      vertex 48.2183 -91.1259 2
      vertex 48.4555 -90.8555 5.1
      vertex 48.4555 -90.8555 2
    endloop
  endfacet
  facet normal -0.751749 0.659449 0
    outer loop
      vertex 48.4555 -90.8555 5.1
      vertex 48.2183 -91.1259 2
      vertex 48.2183 -91.1259 5.1
    endloop
  endfacet
  facet normal -0.751749 -0.659449 0
    outer loop
      vertex 48.4555 -94.7445 2
      vertex 48.2183 -94.4741 5.1
      vertex 48.2183 -94.4741 2
    endloop
  endfacet
  facet normal -0.751749 -0.659449 0
    outer loop
      vertex 48.2183 -94.4741 5.1
      vertex 48.4555 -94.7445 2
      vertex 48.4555 -94.7445 5.1
    endloop
  endfacet
  facet normal 0.831408 -0.555662 0
    outer loop
      vertex 52.5817 -94.4741 5.1
      vertex 52.7816 -94.175 2
      vertex 52.7816 -94.175 5.1
    endloop
  endfacet
  facet normal 0.831408 -0.555662 0
    outer loop
      vertex 52.7816 -94.175 2
      vertex 52.5817 -94.4741 5.1
      vertex 52.5817 -94.4741 2
    endloop
  endfacet
  facet normal -0.659449 0.751749 0
    outer loop
      vertex 48.7259 -90.6183 2
      vertex 48.4555 -90.8555 5.1
      vertex 48.7259 -90.6183 5.1
    endloop
  endfacet
  facet normal -0.659449 0.751749 0
    outer loop
      vertex 48.4555 -90.8555 5.1
      vertex 48.7259 -90.6183 2
      vertex 48.4555 -90.8555 2
    endloop
  endfacet
  facet normal -0.831408 -0.555662 0
    outer loop
      vertex 48.2183 -94.4741 2
      vertex 48.0184 -94.175 5.1
      vertex 48.0184 -94.175 2
    endloop
  endfacet
  facet normal -0.831408 -0.555662 0
    outer loop
      vertex 48.0184 -94.175 5.1
      vertex 48.2183 -94.4741 2
      vertex 48.2183 -94.4741 5.1
    endloop
  endfacet
  facet normal 0.0653379 -0.997863 0
    outer loop
      vertex 50.4 -95.55 2
      vertex 50.7589 -95.5265 5.1
      vertex 50.4 -95.55 5.1
    endloop
  endfacet
  facet normal 0.0653379 -0.997863 0
    outer loop
      vertex 50.7589 -95.5265 5.1
      vertex 50.4 -95.55 2
      vertex 50.7589 -95.5265 2
    endloop
  endfacet
  facet normal -0.946945 0.321394 0
    outer loop
      vertex 47.7437 -92.0882 2
      vertex 47.8593 -91.7476 5.1
      vertex 47.8593 -91.7476 2
    endloop
  endfacet
  facet normal -0.946945 0.321394 0
    outer loop
      vertex 47.8593 -91.7476 5.1
      vertex 47.7437 -92.0882 2
      vertex 47.7437 -92.0882 5.1
    endloop
  endfacet
  facet normal -0.980783 0.195101 0
    outer loop
      vertex 47.6735 -92.4411 2
      vertex 47.7437 -92.0882 5.1
      vertex 47.7437 -92.0882 2
    endloop
  endfacet
  facet normal -0.980783 0.195101 0
    outer loop
      vertex 47.7437 -92.0882 5.1
      vertex 47.6735 -92.4411 2
      vertex 47.6735 -92.4411 5.1
    endloop
  endfacet
  facet normal 0.997863 0.0653379 0
    outer loop
      vertex 53.15 -92.8 5.1
      vertex 53.1265 -92.4411 2
      vertex 53.1265 -92.4411 5.1
    endloop
  endfacet
  facet normal 0.997863 0.0653379 0
    outer loop
      vertex 53.1265 -92.4411 2
      vertex 53.15 -92.8 5.1
      vertex 53.15 -92.8 2
    endloop
  endfacet
  facet normal -0.442314 -0.89686 0
    outer loop
      vertex 49.025 -95.1816 2
      vertex 49.3476 -95.3407 5.1
      vertex 49.025 -95.1816 5.1
    endloop
  endfacet
  facet normal -0.442314 -0.89686 -0
    outer loop
      vertex 49.3476 -95.3407 5.1
      vertex 49.025 -95.1816 2
      vertex 49.3476 -95.3407 2
    endloop
  endfacet
  facet normal 0.89686 0.442314 0
    outer loop
      vertex 52.9407 -91.7476 5.1
      vertex 52.7816 -91.425 2
      vertex 52.7816 -91.425 5.1
    endloop
  endfacet
  facet normal 0.89686 0.442314 0
    outer loop
      vertex 52.7816 -91.425 2
      vertex 52.9407 -91.7476 5.1
      vertex 52.9407 -91.7476 2
    endloop
  endfacet
  facet normal 0.321394 0.946945 -0
    outer loop
      vertex 51.4524 -90.2593 2
      vertex 51.1118 -90.1437 5.1
      vertex 51.4524 -90.2593 5.1
    endloop
  endfacet
  facet normal 0.321394 0.946945 0
    outer loop
      vertex 51.1118 -90.1437 5.1
      vertex 51.4524 -90.2593 2
      vertex 51.1118 -90.1437 2
    endloop
  endfacet
  facet normal -0.831408 0.555662 0
    outer loop
      vertex 48.0184 -91.425 2
      vertex 48.2183 -91.1259 5.1
      vertex 48.2183 -91.1259 2
    endloop
  endfacet
  facet normal -0.831408 0.555662 0
    outer loop
      vertex 48.2183 -91.1259 5.1
      vertex 48.0184 -91.425 2
      vertex 48.0184 -91.425 5.1
    endloop
  endfacet
  facet normal -0.980762 -0.195207 0
    outer loop
      vertex 47.7437 -93.5117 2
      vertex 47.6735 -93.159 5.1
      vertex 47.6735 -93.159 2
    endloop
  endfacet
  facet normal -0.980762 -0.195207 0
    outer loop
      vertex 47.6735 -93.159 5.1
      vertex 47.7437 -93.5117 2
      vertex 47.7437 -93.5117 5.1
    endloop
  endfacet
  facet normal 0.195101 -0.980783 0
    outer loop
      vertex 50.7589 -95.5265 2
      vertex 51.1118 -95.4563 5.1
      vertex 50.7589 -95.5265 5.1
    endloop
  endfacet
  facet normal 0.195101 -0.980783 0
    outer loop
      vertex 51.1118 -95.4563 5.1
      vertex 50.7589 -95.5265 2
      vertex 51.1118 -95.4563 2
    endloop
  endfacet
  facet normal -0.321394 0.946945 0
    outer loop
      vertex 49.6882 -90.1437 2
      vertex 49.3476 -90.2593 5.1
      vertex 49.6882 -90.1437 5.1
    endloop
  endfacet
  facet normal -0.321394 0.946945 0
    outer loop
      vertex 49.3476 -90.2593 5.1
      vertex 49.6882 -90.1437 2
      vertex 49.3476 -90.2593 2
    endloop
  endfacet
  facet normal -0.659449 -0.751749 0
    outer loop
      vertex 48.4555 -94.7445 2
      vertex 48.7259 -94.9817 5.1
      vertex 48.4555 -94.7445 5.1
    endloop
  endfacet
  facet normal -0.659449 -0.751749 -0
    outer loop
      vertex 48.7259 -94.9817 5.1
      vertex 48.4555 -94.7445 2
      vertex 48.7259 -94.9817 2
    endloop
  endfacet
  facet normal 0.751749 -0.659449 0
    outer loop
      vertex 52.3445 -94.7445 5.1
      vertex 52.5817 -94.4741 2
      vertex 52.5817 -94.4741 5.1
    endloop
  endfacet
  facet normal 0.751749 -0.659449 0
    outer loop
      vertex 52.5817 -94.4741 2
      vertex 52.3445 -94.7445 5.1
      vertex 52.3445 -94.7445 2
    endloop
  endfacet
  facet normal -0.442314 0.89686 0
    outer loop
      vertex 49.3476 -90.2593 2
      vertex 49.025 -90.4184 5.1
      vertex 49.3476 -90.2593 5.1
    endloop
  endfacet
  facet normal -0.442314 0.89686 0
    outer loop
      vertex 49.025 -90.4184 5.1
      vertex 49.3476 -90.2593 2
      vertex 49.025 -90.4184 2
    endloop
  endfacet
  facet normal 0.946974 -0.32131 0
    outer loop
      vertex 52.9407 -93.8524 5.1
      vertex 53.0563 -93.5117 2
      vertex 53.0563 -93.5117 5.1
    endloop
  endfacet
  facet normal 0.946974 -0.32131 0
    outer loop
      vertex 53.0563 -93.5117 2
      vertex 52.9407 -93.8524 5.1
      vertex 52.9407 -93.8524 2
    endloop
  endfacet
  facet normal -0.0653379 0.997863 0
    outer loop
      vertex 50.4 -90.05 2
      vertex 50.0411 -90.0735 5.1
      vertex 50.4 -90.05 5.1
    endloop
  endfacet
  facet normal -0.0653379 0.997863 0
    outer loop
      vertex 50.0411 -90.0735 5.1
      vertex 50.4 -90.05 2
      vertex 50.0411 -90.0735 2
    endloop
  endfacet
  facet normal 0.751749 0.659449 0
    outer loop
      vertex 52.5817 -91.1259 5.1
      vertex 52.3445 -90.8555 2
      vertex 52.3445 -90.8555 5.1
    endloop
  endfacet
  facet normal 0.751749 0.659449 0
    outer loop
      vertex 52.3445 -90.8555 2
      vertex 52.5817 -91.1259 5.1
      vertex 52.5817 -91.1259 2
    endloop
  endfacet
  facet normal -0.195101 -0.980783 0
    outer loop
      vertex 49.6882 -95.4563 2
      vertex 50.0411 -95.5265 5.1
      vertex 49.6882 -95.4563 5.1
    endloop
  endfacet
  facet normal -0.195101 -0.980783 -0
    outer loop
      vertex 50.0411 -95.5265 5.1
      vertex 49.6882 -95.4563 2
      vertex 50.0411 -95.5265 2
    endloop
  endfacet
  facet normal -0.997864 -0.0653198 0
    outer loop
      vertex 47.6735 -93.159 2
      vertex 47.65 -92.8 5.1
      vertex 47.65 -92.8 2
    endloop
  endfacet
  facet normal -0.997864 -0.0653198 0
    outer loop
      vertex 47.65 -92.8 5.1
      vertex 47.6735 -93.159 2
      vertex 47.6735 -93.159 5.1
    endloop
  endfacet
  facet normal -0.997863 0.0653379 0
    outer loop
      vertex 47.65 -92.8 2
      vertex 47.6735 -92.4411 5.1
      vertex 47.6735 -92.4411 2
    endloop
  endfacet
  facet normal -0.997863 0.0653379 0
    outer loop
      vertex 47.6735 -92.4411 5.1
      vertex 47.65 -92.8 2
      vertex 47.65 -92.8 5.1
    endloop
  endfacet
  facet normal -0.89686 0.442314 0
    outer loop
      vertex 47.8593 -91.7476 2
      vertex 48.0184 -91.425 5.1
      vertex 48.0184 -91.425 2
    endloop
  endfacet
  facet normal -0.89686 0.442314 0
    outer loop
      vertex 48.0184 -91.425 5.1
      vertex 47.8593 -91.7476 2
      vertex 47.8593 -91.7476 5.1
    endloop
  endfacet
  facet normal -0.0653379 -0.997863 0
    outer loop
      vertex 50.0411 -95.5265 2
      vertex 50.4 -95.55 5.1
      vertex 50.0411 -95.5265 5.1
    endloop
  endfacet
  facet normal -0.0653379 -0.997863 -0
    outer loop
      vertex 50.4 -95.55 5.1
      vertex 50.0411 -95.5265 2
      vertex 50.4 -95.55 2
    endloop
  endfacet
  facet normal -0.946974 -0.32131 0
    outer loop
      vertex 47.8593 -93.8524 2
      vertex 47.7437 -93.5117 5.1
      vertex 47.7437 -93.5117 2
    endloop
  endfacet
  facet normal -0.946974 -0.32131 0
    outer loop
      vertex 47.7437 -93.5117 5.1
      vertex 47.8593 -93.8524 2
      vertex 47.8593 -93.8524 5.1
    endloop
  endfacet
  facet normal -0.89686 -0.442314 0
    outer loop
      vertex 48.0184 -94.175 2
      vertex 47.8593 -93.8524 5.1
      vertex 47.8593 -93.8524 2
    endloop
  endfacet
  facet normal -0.89686 -0.442314 0
    outer loop
      vertex 47.8593 -93.8524 5.1
      vertex 48.0184 -94.175 2
      vertex 48.0184 -94.175 5.1
    endloop
  endfacet
  facet normal 0 0 1
    outer loop
      vertex 52.1 -92.8 5.1
      vertex 53.15 -92.8 5.1
      vertex 53.1265 -92.4411 5.1
    endloop
  endfacet
  facet normal 0 0 1
    outer loop
      vertex 52.0855 -92.5781 5.1
      vertex 53.1265 -92.4411 5.1
      vertex 53.0563 -92.0882 5.1
    endloop
  endfacet
  facet normal 0 0 1
    outer loop
      vertex 53.15 -92.8 5.1
      vertex 52.1 -92.8 5.1
      vertex 53.1265 -93.159 5.1
    endloop
  endfacet
  facet normal 0 0 1
    outer loop
      vertex 52.0421 -92.36 5.1
      vertex 53.0563 -92.0882 5.1
      vertex 52.9407 -91.7476 5.1
    endloop
  endfacet
  facet normal -0 0 1
    outer loop
      vertex 52.0855 -93.0219 5.1
      vertex 53.1265 -93.159 5.1
      vertex 52.1 -92.8 5.1
    endloop
  endfacet
  facet normal 0 0 1
    outer loop
      vertex 51.9706 -92.1494 5.1
      vertex 52.9407 -91.7476 5.1
      vertex 52.7816 -91.425 5.1
    endloop
  endfacet
  facet normal 0 0 1
    outer loop
      vertex 53.1265 -93.159 5.1
      vertex 52.0855 -93.0219 5.1
      vertex 53.0563 -93.5117 5.1
    endloop
  endfacet
  facet normal 0 0 1
    outer loop
      vertex 51.8722 -91.95 5.1
      vertex 52.7816 -91.425 5.1
      vertex 52.5817 -91.1259 5.1
    endloop
  endfacet
  facet normal -0 0 1
    outer loop
      vertex 52.0421 -93.24 5.1
      vertex 53.0563 -93.5117 5.1
      vertex 52.0855 -93.0219 5.1
    endloop
  endfacet
  facet normal 0 0 1
    outer loop
      vertex 51.7487 -91.7651 5.1
      vertex 52.5817 -91.1259 5.1
      vertex 52.3445 -90.8555 5.1
    endloop
  endfacet
  facet normal 0 0 1
    outer loop
      vertex 53.0563 -93.5117 5.1
      vertex 52.0421 -93.24 5.1
      vertex 52.9407 -93.8524 5.1
    endloop
  endfacet
  facet normal -0 0 1
    outer loop
      vertex 51.9706 -93.4506 5.1
      vertex 52.9407 -93.8524 5.1
      vertex 52.0421 -93.24 5.1
    endloop
  endfacet
  facet normal 0 0 1
    outer loop
      vertex 53.1265 -92.4411 5.1
      vertex 52.0855 -92.5781 5.1
      vertex 52.1 -92.8 5.1
    endloop
  endfacet
  facet normal 0 0 1
    outer loop
      vertex 51.6021 -91.5979 5.1
      vertex 52.3445 -90.8555 5.1
      vertex 52.0741 -90.6183 5.1
    endloop
  endfacet
  facet normal 0 0 1
    outer loop
      vertex 53.0563 -92.0882 5.1
      vertex 52.0421 -92.36 5.1
      vertex 52.0855 -92.5781 5.1
    endloop
  endfacet
  facet normal 0 0 1
    outer loop
      vertex 52.9407 -91.7476 5.1
      vertex 51.9706 -92.1494 5.1
      vertex 52.0421 -92.36 5.1
    endloop
  endfacet
  facet normal 0 0 1
    outer loop
      vertex 52.7816 -91.425 5.1
      vertex 51.8722 -91.95 5.1
      vertex 51.9706 -92.1494 5.1
    endloop
  endfacet
  facet normal 0 0 1
    outer loop
      vertex 51.4349 -91.4513 5.1
      vertex 52.0741 -90.6183 5.1
      vertex 51.775 -90.4184 5.1
    endloop
  endfacet
  facet normal 0 0 1
    outer loop
      vertex 52.5817 -91.1259 5.1
      vertex 51.7487 -91.7651 5.1
      vertex 51.8722 -91.95 5.1
    endloop
  endfacet
  facet normal 0 0 1
    outer loop
      vertex 52.3445 -90.8555 5.1
      vertex 51.6021 -91.5979 5.1
      vertex 51.7487 -91.7651 5.1
    endloop
  endfacet
  facet normal 0 0 1
    outer loop
      vertex 51.25 -91.3278 5.1
      vertex 51.775 -90.4184 5.1
      vertex 51.4524 -90.2593 5.1
    endloop
  endfacet
  facet normal 0 0 1
    outer loop
      vertex 52.0741 -90.6183 5.1
      vertex 51.4349 -91.4513 5.1
      vertex 51.6021 -91.5979 5.1
    endloop
  endfacet
  facet normal 0 0 1
    outer loop
      vertex 51.775 -90.4184 5.1
      vertex 51.25 -91.3278 5.1
      vertex 51.4349 -91.4513 5.1
    endloop
  endfacet
  facet normal 0 0 1
    outer loop
      vertex 51.0506 -91.2294 5.1
      vertex 51.4524 -90.2593 5.1
      vertex 51.1118 -90.1437 5.1
    endloop
  endfacet
  facet normal 0 0 1
    outer loop
      vertex 51.4524 -90.2593 5.1
      vertex 51.0506 -91.2294 5.1
      vertex 51.25 -91.3278 5.1
    endloop
  endfacet
  facet normal 0 0 1
    outer loop
      vertex 51.1118 -90.1437 5.1
      vertex 50.84 -91.1579 5.1
      vertex 51.0506 -91.2294 5.1
    endloop
  endfacet
  facet normal 0 0 1
    outer loop
      vertex 50.7589 -90.0735 5.1
      vertex 50.84 -91.1579 5.1
      vertex 51.1118 -90.1437 5.1
    endloop
  endfacet
  facet normal 0 0 1
    outer loop
      vertex 50.7589 -90.0735 5.1
      vertex 50.6219 -91.1145 5.1
      vertex 50.84 -91.1579 5.1
    endloop
  endfacet
  facet normal 0 0 1
    outer loop
      vertex 50.4 -90.05 5.1
      vertex 50.6219 -91.1145 5.1
      vertex 50.7589 -90.0735 5.1
    endloop
  endfacet
  facet normal 0 0 1
    outer loop
      vertex 50.4 -90.05 5.1
      vertex 50.4 -91.1 5.1
      vertex 50.6219 -91.1145 5.1
    endloop
  endfacet
  facet normal 0 0 1
    outer loop
      vertex 50.4 -90.05 5.1
      vertex 50.1781 -91.1145 5.1
      vertex 50.4 -91.1 5.1
    endloop
  endfacet
  facet normal -0 0 1
    outer loop
      vertex 50.0411 -90.0735 5.1
      vertex 50.1781 -91.1145 5.1
      vertex 50.4 -90.05 5.1
    endloop
  endfacet
  facet normal 0 0 1
    outer loop
      vertex 50.0411 -90.0735 5.1
      vertex 49.96 -91.1579 5.1
      vertex 50.1781 -91.1145 5.1
    endloop
  endfacet
  facet normal -0 0 1
    outer loop
      vertex 49.6882 -90.1437 5.1
      vertex 49.96 -91.1579 5.1
      vertex 50.0411 -90.0735 5.1
    endloop
  endfacet
  facet normal 0 0 1
    outer loop
      vertex 49.96 -91.1579 5.1
      vertex 49.6882 -90.1437 5.1
      vertex 49.7494 -91.2294 5.1
    endloop
  endfacet
  facet normal -0 0 1
    outer loop
      vertex 49.3476 -90.2593 5.1
      vertex 49.7494 -91.2294 5.1
      vertex 49.6882 -90.1437 5.1
    endloop
  endfacet
  facet normal 0 0 1
    outer loop
      vertex 49.7494 -91.2294 5.1
      vertex 49.3476 -90.2593 5.1
      vertex 49.55 -91.3278 5.1
    endloop
  endfacet
  facet normal -0 0 1
    outer loop
      vertex 49.025 -90.4184 5.1
      vertex 49.55 -91.3278 5.1
      vertex 49.3476 -90.2593 5.1
    endloop
  endfacet
  facet normal 0 0 1
    outer loop
      vertex 49.55 -91.3278 5.1
      vertex 49.025 -90.4184 5.1
      vertex 49.3651 -91.4513 5.1
    endloop
  endfacet
  facet normal -0 0 1
    outer loop
      vertex 48.7259 -90.6183 5.1
      vertex 49.3651 -91.4513 5.1
      vertex 49.025 -90.4184 5.1
    endloop
  endfacet
  facet normal 0 0 1
    outer loop
      vertex 49.3651 -91.4513 5.1
      vertex 48.7259 -90.6183 5.1
      vertex 49.1979 -91.5979 5.1
    endloop
  endfacet
  facet normal -0 0 1
    outer loop
      vertex 48.4555 -90.8555 5.1
      vertex 49.1979 -91.5979 5.1
      vertex 48.7259 -90.6183 5.1
    endloop
  endfacet
  facet normal 0 0 1
    outer loop
      vertex 49.1979 -91.5979 5.1
      vertex 48.4555 -90.8555 5.1
      vertex 49.0513 -91.7651 5.1
    endloop
  endfacet
  facet normal -0 0 1
    outer loop
      vertex 48.2183 -91.1259 5.1
      vertex 49.0513 -91.7651 5.1
      vertex 48.4555 -90.8555 5.1
    endloop
  endfacet
  facet normal 0 0 1
    outer loop
      vertex 49.0513 -91.7651 5.1
      vertex 48.2183 -91.1259 5.1
      vertex 48.9278 -91.95 5.1
    endloop
  endfacet
  facet normal -0 0 1
    outer loop
      vertex 48.0184 -91.425 5.1
      vertex 48.9278 -91.95 5.1
      vertex 48.2183 -91.1259 5.1
    endloop
  endfacet
  facet normal 0 0 1
    outer loop
      vertex 48.9278 -91.95 5.1
      vertex 48.0184 -91.425 5.1
      vertex 48.8294 -92.1494 5.1
    endloop
  endfacet
  facet normal -0 0 1
    outer loop
      vertex 47.8593 -91.7476 5.1
      vertex 48.8294 -92.1494 5.1
      vertex 48.0184 -91.425 5.1
    endloop
  endfacet
  facet normal 0 0 1
    outer loop
      vertex 52.9407 -93.8524 5.1
      vertex 51.9706 -93.4506 5.1
      vertex 52.7816 -94.175 5.1
    endloop
  endfacet
  facet normal -0 0 1
    outer loop
      vertex 51.8722 -93.65 5.1
      vertex 52.7816 -94.175 5.1
      vertex 51.9706 -93.4506 5.1
    endloop
  endfacet
  facet normal 0 0 1
    outer loop
      vertex 52.7816 -94.175 5.1
      vertex 51.8722 -93.65 5.1
      vertex 52.5817 -94.4741 5.1
    endloop
  endfacet
  facet normal -0 0 1
    outer loop
      vertex 51.7487 -93.8349 5.1
      vertex 52.5817 -94.4741 5.1
      vertex 51.8722 -93.65 5.1
    endloop
  endfacet
  facet normal 0 0 1
    outer loop
      vertex 52.5817 -94.4741 5.1
      vertex 51.7487 -93.8349 5.1
      vertex 52.3445 -94.7445 5.1
    endloop
  endfacet
  facet normal -0 0 1
    outer loop
      vertex 51.6021 -94.0021 5.1
      vertex 52.3445 -94.7445 5.1
      vertex 51.7487 -93.8349 5.1
    endloop
  endfacet
  facet normal 0 0 1
    outer loop
      vertex 52.3445 -94.7445 5.1
      vertex 51.6021 -94.0021 5.1
      vertex 52.0741 -94.9817 5.1
    endloop
  endfacet
  facet normal -0 0 1
    outer loop
      vertex 51.4349 -94.1487 5.1
      vertex 52.0741 -94.9817 5.1
      vertex 51.6021 -94.0021 5.1
    endloop
  endfacet
  facet normal 0 0 1
    outer loop
      vertex 52.0741 -94.9817 5.1
      vertex 51.4349 -94.1487 5.1
      vertex 51.775 -95.1816 5.1
    endloop
  endfacet
  facet normal -0 0 1
    outer loop
      vertex 51.25 -94.2722 5.1
      vertex 51.775 -95.1816 5.1
      vertex 51.4349 -94.1487 5.1
    endloop
  endfacet
  facet normal 0 0 1
    outer loop
      vertex 51.775 -95.1816 5.1
      vertex 51.25 -94.2722 5.1
      vertex 51.4524 -95.3407 5.1
    endloop
  endfacet
  facet normal -0 0 1
    outer loop
      vertex 51.0506 -94.3706 5.1
      vertex 51.4524 -95.3407 5.1
      vertex 51.25 -94.2722 5.1
    endloop
  endfacet
  facet normal 0 0 1
    outer loop
      vertex 51.4524 -95.3407 5.1
      vertex 51.0506 -94.3706 5.1
      vertex 51.1118 -95.4563 5.1
    endloop
  endfacet
  facet normal -0 0 1
    outer loop
      vertex 50.84 -94.4421 5.1
      vertex 51.1118 -95.4563 5.1
      vertex 51.0506 -94.3706 5.1
    endloop
  endfacet
  facet normal 0 0 1
    outer loop
      vertex 50.84 -94.4421 5.1
      vertex 50.7589 -95.5265 5.1
      vertex 51.1118 -95.4563 5.1
    endloop
  endfacet
  facet normal -0 0 1
    outer loop
      vertex 50.6219 -94.4855 5.1
      vertex 50.7589 -95.5265 5.1
      vertex 50.84 -94.4421 5.1
    endloop
  endfacet
  facet normal -0 0 1
    outer loop
      vertex 50.4 -94.5 5.1
      vertex 50.7589 -95.5265 5.1
      vertex 50.6219 -94.4855 5.1
    endloop
  endfacet
  facet normal 0 0 1
    outer loop
      vertex 50.4 -94.5 5.1
      vertex 50.4 -95.55 5.1
      vertex 50.7589 -95.5265 5.1
    endloop
  endfacet
  facet normal 0 0 1
    outer loop
      vertex 50.1781 -94.4855 5.1
      vertex 50.4 -95.55 5.1
      vertex 50.4 -94.5 5.1
    endloop
  endfacet
  facet normal 0 0 1
    outer loop
      vertex 50.1781 -94.4855 5.1
      vertex 50.0411 -95.5265 5.1
      vertex 50.4 -95.55 5.1
    endloop
  endfacet
  facet normal 0 0 1
    outer loop
      vertex 49.96 -94.4421 5.1
      vertex 50.0411 -95.5265 5.1
      vertex 50.1781 -94.4855 5.1
    endloop
  endfacet
  facet normal 0 0 1
    outer loop
      vertex 49.6882 -95.4563 5.1
      vertex 49.96 -94.4421 5.1
      vertex 49.7494 -94.3706 5.1
    endloop
  endfacet
  facet normal 0 0 1
    outer loop
      vertex 49.96 -94.4421 5.1
      vertex 49.6882 -95.4563 5.1
      vertex 50.0411 -95.5265 5.1
    endloop
  endfacet
  facet normal 0 0 1
    outer loop
      vertex 49.3476 -95.3407 5.1
      vertex 49.7494 -94.3706 5.1
      vertex 49.55 -94.2722 5.1
    endloop
  endfacet
  facet normal 0 0 1
    outer loop
      vertex 49.025 -95.1816 5.1
      vertex 49.55 -94.2722 5.1
      vertex 49.3651 -94.1487 5.1
    endloop
  endfacet
  facet normal 0 0 1
    outer loop
      vertex 49.7494 -94.3706 5.1
      vertex 49.3476 -95.3407 5.1
      vertex 49.6882 -95.4563 5.1
    endloop
  endfacet
  facet normal 0 0 1
    outer loop
      vertex 48.7259 -94.9817 5.1
      vertex 49.3651 -94.1487 5.1
      vertex 49.1979 -94.0021 5.1
    endloop
  endfacet
  facet normal 0 0 1
    outer loop
      vertex 48.4555 -94.7445 5.1
      vertex 49.1979 -94.0021 5.1
      vertex 49.0513 -93.8349 5.1
    endloop
  endfacet
  facet normal 0 0 1
    outer loop
      vertex 49.55 -94.2722 5.1
      vertex 49.025 -95.1816 5.1
      vertex 49.3476 -95.3407 5.1
    endloop
  endfacet
  facet normal 0 0 1
    outer loop
      vertex 48.2183 -94.4741 5.1
      vertex 49.0513 -93.8349 5.1
      vertex 48.9278 -93.65 5.1
    endloop
  endfacet
  facet normal 0 0 1
    outer loop
      vertex 48.0184 -94.175 5.1
      vertex 48.9278 -93.65 5.1
      vertex 48.8294 -93.4506 5.1
    endloop
  endfacet
  facet normal 0 0 1
    outer loop
      vertex 47.8593 -93.8524 5.1
      vertex 48.8294 -93.4506 5.1
      vertex 48.7579 -93.24 5.1
    endloop
  endfacet
  facet normal 0 0 1
    outer loop
      vertex 49.3651 -94.1487 5.1
      vertex 48.7259 -94.9817 5.1
      vertex 49.025 -95.1816 5.1
    endloop
  endfacet
  facet normal 0 0 1
    outer loop
      vertex 47.7437 -93.5117 5.1
      vertex 48.7579 -93.24 5.1
      vertex 48.7145 -93.0219 5.1
    endloop
  endfacet
  facet normal 0 0 1
    outer loop
      vertex 47.6735 -93.159 5.1
      vertex 48.7145 -93.0219 5.1
      vertex 48.7 -92.8 5.1
    endloop
  endfacet
  facet normal 0 0 1
    outer loop
      vertex 48.8294 -92.1494 5.1
      vertex 47.8593 -91.7476 5.1
      vertex 48.7579 -92.36 5.1
    endloop
  endfacet
  facet normal 0 0 1
    outer loop
      vertex 49.1979 -94.0021 5.1
      vertex 48.4555 -94.7445 5.1
      vertex 48.7259 -94.9817 5.1
    endloop
  endfacet
  facet normal -0 0 1
    outer loop
      vertex 47.7437 -92.0882 5.1
      vertex 48.7579 -92.36 5.1
      vertex 47.8593 -91.7476 5.1
    endloop
  endfacet
  facet normal 0 0 1
    outer loop
      vertex 49.0513 -93.8349 5.1
      vertex 48.2183 -94.4741 5.1
      vertex 48.4555 -94.7445 5.1
    endloop
  endfacet
  facet normal 0 0 1
    outer loop
      vertex 48.7579 -92.36 5.1
      vertex 47.7437 -92.0882 5.1
      vertex 48.7145 -92.5781 5.1
    endloop
  endfacet
  facet normal 0 0 1
    outer loop
      vertex 48.9278 -93.65 5.1
      vertex 48.0184 -94.175 5.1
      vertex 48.2183 -94.4741 5.1
    endloop
  endfacet
  facet normal -0 0 1
    outer loop
      vertex 47.6735 -92.4411 5.1
      vertex 48.7145 -92.5781 5.1
      vertex 47.7437 -92.0882 5.1
    endloop
  endfacet
  facet normal 0 0 1
    outer loop
      vertex 48.8294 -93.4506 5.1
      vertex 47.8593 -93.8524 5.1
      vertex 48.0184 -94.175 5.1
    endloop
  endfacet
  facet normal 0 0 1
    outer loop
      vertex 48.7145 -92.5781 5.1
      vertex 47.6735 -92.4411 5.1
      vertex 48.7 -92.8 5.1
    endloop
  endfacet
  facet normal 0 0 1
    outer loop
      vertex 48.7579 -93.24 5.1
      vertex 47.7437 -93.5117 5.1
      vertex 47.8593 -93.8524 5.1
    endloop
  endfacet
  facet normal 0 0 1
    outer loop
      vertex 47.65 -92.8 5.1
      vertex 48.7 -92.8 5.1
      vertex 47.6735 -92.4411 5.1
    endloop
  endfacet
  facet normal 0 0 1
    outer loop
      vertex 48.7145 -93.0219 5.1
      vertex 47.6735 -93.159 5.1
      vertex 47.7437 -93.5117 5.1
    endloop
  endfacet
  facet normal 0 0 1
    outer loop
      vertex 48.7 -92.8 5.1
      vertex 47.65 -92.8 5.1
      vertex 47.6735 -93.159 5.1
    endloop
  endfacet
  facet normal -0.555662 0.831408 0
    outer loop
      vertex 49.025 -90.4184 2
      vertex 48.7259 -90.6183 5.1
      vertex 49.025 -90.4184 5.1
    endloop
  endfacet
  facet normal -0.555662 0.831408 0
    outer loop
      vertex 48.7259 -90.6183 5.1
      vertex 49.025 -90.4184 2
      vertex 48.7259 -90.6183 2
    endloop
  endfacet
  facet normal -0.669578 0.227291 -0.70711
    outer loop
      vertex 1.43419 -6.24074 0
      vertex 0.272598 -5.92944 1.2
      vertex 0.608963 -4.93854 1.2
    endloop
  endfacet
  facet normal 0.312633 0.634281 -0.70707
    outer loop
      vertex 175.399 -2.11327 0
      vertex 175.061 -0.608963 1.2
      vertex 176 -1.07179 1.2
    endloop
  endfacet
  facet normal -0.669578 0.227291 -0.70711
    outer loop
      vertex 1.43419 -6.24074 0
      vertex 0.608963 -4.93854 1.2
      vertex 1.72002 -5.39871 0
    endloop
  endfacet
  facet normal 0.194979 0.980807 -0
    outer loop
      vertex 174.071 -0.272598 1.2
      vertex 173.044 -0.0684357 2
      vertex 174.071 -0.272598 2
    endloop
  endfacet
  facet normal 0.194979 0.980807 0
    outer loop
      vertex 173.044 -0.0684357 2
      vertex 174.071 -0.272598 1.2
      vertex 173.044 -0.0684357 1.2
    endloop
  endfacet
  facet normal 0.0462518 -0.705588 -0.707112
    outer loop
      vertex 173.044 -99.9316 1.2
      vertex 171.961 -98.8 0
      vertex 172.887 -98.7393 0
    endloop
  endfacet
  facet normal -0.693522 -0.137949 -0.707105
    outer loop
      vertex 0.272598 -94.0706 1.2
      vertex 0.0684357 -93.0442 1.2
      vertex 1.26073 -92.8873 0
    endloop
  endfacet
  facet normal -0.531637 0.466227 -0.707103
    outer loop
      vertex 3.19348 -3.19348 0
      vertex 1.65317 -3.12991 1.2
      vertex 2.34314 -2.34314 1.2
    endloop
  endfacet
  facet normal -0.707107 0 -0.707107
    outer loop
      vertex 1.2 -91.9606 0
      vertex 0 -8 1.2
      vertex 1.2 -8.03937 0
    endloop
  endfacet
  facet normal -0.707107 -0 -0.707107
    outer loop
      vertex 0 -8 1.2
      vertex 1.2 -91.9606 0
      vertex 0 -92 1.2
    endloop
  endfacet
  facet normal -0.0462439 0.705591 -0.707109
    outer loop
      vertex 7.11275 -1.26073 0
      vertex 6.9558 -0.0684357 1.2
      vertex 8.03937 -1.2 0
    endloop
  endfacet
  facet normal 0.980631 0.195866 0
    outer loop
      vertex 179.932 -6.9558 2
      vertex 179.727 -5.92944 1.2
      vertex 179.727 -5.92944 2
    endloop
  endfacet
  facet normal 0.980631 0.195866 0
    outer loop
      vertex 179.727 -5.92944 1.2
      vertex 179.932 -6.9558 2
      vertex 179.932 -6.9558 1.2
    endloop
  endfacet
  facet normal 1 -0 0
    outer loop
      vertex 180 -92 2
      vertex 180 -8 1.2
      vertex 180 -8 2
    endloop
  endfacet
  facet normal 1 0 0
    outer loop
      vertex 180 -8 1.2
      vertex 180 -92 2
      vertex 180 -92 1.2
    endloop
  endfacet
  facet normal -0.634186 0.312739 -0.707108
    outer loop
      vertex 1.72002 -5.39871 0
      vertex 0.608963 -4.93854 1.2
      vertex 2.11327 -4.60126 0
    endloop
  endfacet
  facet normal -0.555573 0.831468 0
    outer loop
      vertex 4 -1.07179 1.2
      vertex 3.12991 -1.65317 2
      vertex 4 -1.07179 2
    endloop
  endfacet
  facet normal -0.555573 0.831468 0
    outer loop
      vertex 3.12991 -1.65317 2
      vertex 4 -1.07179 1.2
      vertex 3.12991 -1.65317 1.2
    endloop
  endfacet
  facet normal -0.531631 -0.466228 -0.707107
    outer loop
      vertex 3.19348 -96.8065 0
      vertex 1.65317 -96.8701 1.2
      vertex 2.60722 -96.138 0
    endloop
  endfacet
  facet normal -0.466247 -0.531632 -0.707093
    outer loop
      vertex 3.862 -97.3928 0
      vertex 3.12991 -98.3468 1.2
      vertex 3.19348 -96.8065 0
    endloop
  endfacet
  facet normal -1 0 0
    outer loop
      vertex 0 -92 1.2
      vertex 0 -8 2
      vertex 0 -8 1.2
    endloop
  endfacet
  facet normal -1 -0 0
    outer loop
      vertex 0 -8 2
      vertex 0 -92 1.2
      vertex 0 -92 2
    endloop
  endfacet
  facet normal -0.227275 -0.669601 -0.707093
    outer loop
      vertex 6.24074 -98.5658 0
      vertex 4.93854 -99.391 1.2
      vertex 5.39871 -98.28 0
    endloop
  endfacet
  facet normal 0 1 -0
    outer loop
      vertex 172 0 1.2
      vertex 8 0 2
      vertex 172 0 2
    endloop
  endfacet
  facet normal 0 1 0
    outer loop
      vertex 8 0 2
      vertex 172 0 1.2
      vertex 8 0 1.2
    endloop
  endfacet
  facet normal -0.466222 0.531639 -0.707105
    outer loop
      vertex 3.19348 -3.19348 0
      vertex 3.12991 -1.65317 1.2
      vertex 3.862 -2.60722 0
    endloop
  endfacet
  facet normal 0.831635 0.555322 0
    outer loop
      vertex 178.928 -4 2
      vertex 178.347 -3.12991 1.2
      vertex 178.347 -3.12991 2
    endloop
  endfacet
  facet normal 0.831635 0.555322 0
    outer loop
      vertex 178.347 -3.12991 1.2
      vertex 178.928 -4 2
      vertex 178.928 -4 1.2
    endloop
  endfacet
  facet normal 0 -0.707107 -0.707107
    outer loop
      vertex 8.03937 -98.8 0
      vertex 172 -100 1.2
      vertex 8 -100 1.2
    endloop
  endfacet
  facet normal 0 -0.707107 -0.707107
    outer loop
      vertex 172 -100 1.2
      vertex 8.03937 -98.8 0
      vertex 171.961 -98.8 0
    endloop
  endfacet
  facet normal 0.75183 0.659357 0
    outer loop
      vertex 178.347 -3.12991 2
      vertex 177.657 -2.34314 1.2
      vertex 177.657 -2.34314 2
    endloop
  endfacet
  facet normal 0.75183 0.659357 0
    outer loop
      vertex 177.657 -2.34314 1.2
      vertex 178.347 -3.12991 2
      vertex 178.347 -3.12991 1.2
    endloop
  endfacet
  facet normal -0.312778 -0.634185 -0.707092
    outer loop
      vertex 4.93854 -99.391 1.2
      vertex 4.60126 -97.8867 0
      vertex 5.39871 -98.28 0
    endloop
  endfacet
  facet normal -0.705591 0.0462439 -0.707109
    outer loop
      vertex 1.2 -8.03937 0
      vertex 0.0684357 -6.9558 1.2
      vertex 1.26073 -7.11275 0
    endloop
  endfacet
  facet normal -0.997859 0.0653986 0
    outer loop
      vertex 0 -8 1.2
      vertex 0.0684357 -6.9558 2
      vertex 0.0684357 -6.9558 1.2
    endloop
  endfacet
  facet normal -0.997859 0.0653986 0
    outer loop
      vertex 0.0684357 -6.9558 2
      vertex 0 -8 1.2
      vertex 0 -8 2
    endloop
  endfacet
  facet normal 0.531738 -0.466116 -0.707101
    outer loop
      vertex 178.347 -96.8701 1.2
      vertex 176.807 -96.8065 0
      vertex 177.393 -96.138 0
    endloop
  endfacet
  facet normal 0.705364 0.0464346 -0.707323
    outer loop
      vertex 178.8 -8.03937 0
      vertex 178.739 -7.11275 0
      vertex 179.932 -6.9558 1.2
    endloop
  endfacet
  facet normal 0.531683 -0.46627 -0.707039
    outer loop
      vertex 177.657 -97.6569 1.2
      vertex 176.807 -96.8065 0
      vertex 178.347 -96.8701 1.2
    endloop
  endfacet
  facet normal 0.947036 -0.321126 0
    outer loop
      vertex 179.391 -95.0615 2
      vertex 179.727 -94.0706 1.2
      vertex 179.727 -94.0706 2
    endloop
  endfacet
  facet normal 0.947036 -0.321126 0
    outer loop
      vertex 179.727 -94.0706 1.2
      vertex 179.391 -95.0615 2
      vertex 179.391 -95.0615 1.2
    endloop
  endfacet
  facet normal 0.13787 0.693529 -0.707113
    outer loop
      vertex 174.071 -0.272598 1.2
      vertex 172.887 -1.26073 0
      vertex 173.044 -0.0684357 1.2
    endloop
  endfacet
  facet normal 0.693231 -0.138457 -0.707291
    outer loop
      vertex 179.727 -94.0706 1.2
      vertex 178.739 -92.8873 0
      vertex 179.932 -93.0442 1.2
    endloop
  endfacet
  facet normal 0.321731 -0.946831 0
    outer loop
      vertex 174.071 -99.7274 1.2
      vertex 175.061 -99.391 2
      vertex 174.071 -99.7274 2
    endloop
  endfacet
  facet normal 0.321731 -0.946831 0
    outer loop
      vertex 175.061 -99.391 2
      vertex 174.071 -99.7274 1.2
      vertex 175.061 -99.391 1.2
    endloop
  endfacet
  facet normal -0.466227 0.531637 -0.707103
    outer loop
      vertex 3.19348 -3.19348 0
      vertex 2.34314 -2.34314 1.2
      vertex 3.12991 -1.65317 1.2
    endloop
  endfacet
  facet normal 0.707107 0 -0.707107
    outer loop
      vertex 180 -8 1.2
      vertex 178.8 -19.2506 0
      vertex 178.8 -8.03937 0
    endloop
  endfacet
  facet normal 0.708419 -0.000280289 -0.705792
    outer loop
      vertex 180 -8 1.2
      vertex 178.83 -19.5563 0.0302331
      vertex 178.8 -19.2506 0
    endloop
  endfacet
  facet normal 0.562985 0.0266157 -0.826038
    outer loop
      vertex 180 -8 1.2
      vertex 178.831 -19.5615 0.0307471
      vertex 178.83 -19.5563 0.0302331
    endloop
  endfacet
  facet normal 0.798541 -0.0198986 -0.601612
    outer loop
      vertex 180 -8 1.2
      vertex 178.831 -19.5668 0.0309224
      vertex 178.831 -19.5615 0.0307471
    endloop
  endfacet
  facet normal 0.708574 -0.000292105 -0.705637
    outer loop
      vertex 180 -8 1.2
      vertex 178.845 -20 0.04516
      vertex 178.831 -19.5668 0.0309224
    endloop
  endfacet
  facet normal 0.703979 0.000591237 -0.71022
    outer loop
      vertex 180 -8 1.2
      vertex 178.831 -20.4332 0.0309224
      vertex 178.845 -20 0.04516
    endloop
  endfacet
  facet normal 0.543766 0.027743 -0.838778
    outer loop
      vertex 180 -8 1.2
      vertex 178.831 -20.4385 0.0307471
      vertex 178.831 -20.4332 0.0309224
    endloop
  endfacet
  facet normal -0.000547227 0.098471 -0.99514
    outer loop
      vertex 178.831 -20.4385 0.0307471
      vertex 178.8 -20.7494 0
      vertex 178.83 -20.4437 0.0302331
    endloop
  endfacet
  facet normal 0.704205 0 -0.709997
    outer loop
      vertex 178.831 -20.4385 0.0307471
      vertex 178.8 -79.2506 0
      vertex 178.8 -20.7494 0
    endloop
  endfacet
  facet normal 0.707183 0 -0.70703
    outer loop
      vertex 178.831 -79.5615 0.0307471
      vertex 178.831 -20.4385 0.0307471
      vertex 180 -8 1.2
    endloop
  endfacet
  facet normal 0.709808 -5.88231e-06 -0.704395
    outer loop
      vertex 178.831 -20.4385 0.0307471
      vertex 178.83 -79.5563 0.0302331
      vertex 178.8 -79.2506 0
    endloop
  endfacet
  facet normal 0.457147 0 -0.889391
    outer loop
      vertex 178.831 -20.4385 0.0307471
      vertex 178.831 -79.5615 0.0307471
      vertex 178.83 -79.5563 0.0302331
    endloop
  endfacet
  facet normal 0.707183 0 -0.70703
    outer loop
      vertex 180 -92 1.2
      vertex 178.831 -79.5615 0.0307471
      vertex 180 -8 1.2
    endloop
  endfacet
  facet normal 0.543766 -0.027743 -0.838778
    outer loop
      vertex 178.831 -79.5615 0.0307471
      vertex 180 -92 1.2
      vertex 178.831 -79.5668 0.0309224
    endloop
  endfacet
  facet normal 0.708419 0.000280289 -0.705792
    outer loop
      vertex 180 -92 1.2
      vertex 178.8 -80.7494 0
      vertex 178.83 -80.4437 0.0302331
    endloop
  endfacet
  facet normal 0.562985 -0.0266157 -0.826038
    outer loop
      vertex 180 -92 1.2
      vertex 178.83 -80.4437 0.0302331
      vertex 178.831 -80.4385 0.0307471
    endloop
  endfacet
  facet normal 0.798541 0.0198986 -0.601612
    outer loop
      vertex 180 -92 1.2
      vertex 178.831 -80.4385 0.0307471
      vertex 178.831 -80.4332 0.0309224
    endloop
  endfacet
  facet normal 0.708574 0.000292105 -0.705637
    outer loop
      vertex 180 -92 1.2
      vertex 178.831 -80.4332 0.0309224
      vertex 178.845 -80 0.04516
    endloop
  endfacet
  facet normal 0.703979 -0.000591237 -0.71022
    outer loop
      vertex 178.831 -79.5668 0.0309224
      vertex 180 -92 1.2
      vertex 178.845 -80 0.04516
    endloop
  endfacet
  facet normal 0.707107 0 -0.707107
    outer loop
      vertex 178.8 -80.7494 0
      vertex 180 -92 1.2
      vertex 178.8 -91.9606 0
    endloop
  endfacet
  facet normal 0.392903 -0.587935 -0.707079
    outer loop
      vertex 176.87 -98.3468 1.2
      vertex 176 -98.9282 1.2
      vertex 176.138 -97.3928 0
    endloop
  endfacet
  facet normal -0.980784 0.195096 0
    outer loop
      vertex 0.0684357 -6.9558 1.2
      vertex 0.272598 -5.92944 2
      vertex 0.272598 -5.92944 1.2
    endloop
  endfacet
  facet normal -0.980784 0.195096 0
    outer loop
      vertex 0.272598 -5.92944 2
      vertex 0.0684357 -6.9558 1.2
      vertex 0.0684357 -6.9558 2
    endloop
  endfacet
  facet normal -0.58794 0.392843 -0.707107
    outer loop
      vertex 2.11327 -4.60126 0
      vertex 1.07179 -4 1.2
      vertex 2.60722 -3.862 0
    endloop
  endfacet
  facet normal -0.94693 0.321439 0
    outer loop
      vertex 0.272598 -5.92944 1.2
      vertex 0.608963 -4.93854 2
      vertex 0.608963 -4.93854 1.2
    endloop
  endfacet
  facet normal -0.94693 0.321439 0
    outer loop
      vertex 0.608963 -4.93854 2
      vertex 0.272598 -5.92944 1.2
      vertex 0.272598 -5.92944 2
    endloop
  endfacet
  facet normal 0.693767 -0.137639 -0.706925
    outer loop
      vertex 179.727 -94.0706 1.2
      vertex 178.566 -93.7593 0
      vertex 178.739 -92.8873 0
    endloop
  endfacet
  facet normal -0.896876 0.442281 0
    outer loop
      vertex 0.608963 -4.93854 1.2
      vertex 1.07179 -4 2
      vertex 1.07179 -4 1.2
    endloop
  endfacet
  facet normal -0.896876 0.442281 0
    outer loop
      vertex 1.07179 -4 2
      vertex 0.608963 -4.93854 1.2
      vertex 0.608963 -4.93854 2
    endloop
  endfacet
  facet normal -0.94693 -0.321439 0
    outer loop
      vertex 0.608963 -95.0615 1.2
      vertex 0.272598 -94.0706 2
      vertex 0.272598 -94.0706 1.2
    endloop
  endfacet
  facet normal -0.94693 -0.321439 0
    outer loop
      vertex 0.272598 -94.0706 2
      vertex 0.608963 -95.0615 1.2
      vertex 0.608963 -95.0615 2
    endloop
  endfacet
  facet normal 0.312573 0.634286 -0.707093
    outer loop
      vertex 175.399 -2.11327 0
      vertex 174.601 -1.72002 0
      vertex 175.061 -0.608963 1.2
    endloop
  endfacet
  facet normal 0.588021 0.392936 -0.706989
    outer loop
      vertex 177.887 -4.60126 0
      vertex 177.393 -3.862 0
      vertex 178.928 -4 1.2
    endloop
  endfacet
  facet normal 0.588073 0.392684 -0.707085
    outer loop
      vertex 178.928 -4 1.2
      vertex 177.393 -3.862 0
      vertex 178.347 -3.12991 1.2
    endloop
  endfacet
  facet normal -0.44226 -0.896887 0
    outer loop
      vertex 4 -98.9282 1.2
      vertex 4.93854 -99.391 2
      vertex 4 -98.9282 2
    endloop
  endfacet
  facet normal -0.44226 -0.896887 -0
    outer loop
      vertex 4.93854 -99.391 2
      vertex 4 -98.9282 1.2
      vertex 4.93854 -99.391 1.2
    endloop
  endfacet
  facet normal 0.046253 0.705598 -0.707101
    outer loop
      vertex 173.044 -0.0684357 1.2
      vertex 171.961 -1.2 0
      vertex 172 0 1.2
    endloop
  endfacet
  facet normal -0.137954 0.693518 -0.707108
    outer loop
      vertex 6.24074 -1.43419 0
      vertex 5.92944 -0.272598 1.2
      vertex 7.11275 -1.26073 0
    endloop
  endfacet
  facet normal -0.227312 -0.669569 -0.707111
    outer loop
      vertex 5.92944 -99.7274 1.2
      vertex 4.93854 -99.391 1.2
      vertex 6.24074 -98.5658 0
    endloop
  endfacet
  facet normal 0.705605 -0.0459502 -0.707114
    outer loop
      vertex 179.932 -93.0442 1.2
      vertex 178.8 -91.9606 0
      vertex 180 -92 1.2
    endloop
  endfacet
  facet normal 0.321701 0.946841 -0
    outer loop
      vertex 175.061 -0.608963 1.2
      vertex 174.071 -0.272598 2
      vertex 175.061 -0.608963 2
    endloop
  endfacet
  facet normal 0.321701 0.946841 0
    outer loop
      vertex 174.071 -0.272598 2
      vertex 175.061 -0.608963 1.2
      vertex 174.071 -0.272598 1.2
    endloop
  endfacet
  facet normal -0.659303 -0.751877 0
    outer loop
      vertex 2.34314 -97.6569 1.2
      vertex 3.12991 -98.3468 2
      vertex 2.34314 -97.6569 2
    endloop
  endfacet
  facet normal -0.659303 -0.751877 -0
    outer loop
      vertex 3.12991 -98.3468 2
      vertex 2.34314 -97.6569 1.2
      vertex 3.12991 -98.3468 1.2
    endloop
  endfacet
  facet normal 0.997886 0.064984 0
    outer loop
      vertex 180 -8 2
      vertex 179.932 -6.9558 1.2
      vertex 179.932 -6.9558 2
    endloop
  endfacet
  facet normal 0.997886 0.064984 0
    outer loop
      vertex 179.932 -6.9558 1.2
      vertex 180 -8 2
      vertex 180 -8 1.2
    endloop
  endfacet
  facet normal -0.555586 -0.831459 0
    outer loop
      vertex 3.12991 -98.3468 1.2
      vertex 4 -98.9282 2
      vertex 3.12991 -98.3468 2
    endloop
  endfacet
  facet normal -0.555586 -0.831459 -0
    outer loop
      vertex 4 -98.9282 2
      vertex 3.12991 -98.3468 1.2
      vertex 4 -98.9282 1.2
    endloop
  endfacet
  facet normal 0.531683 0.466288 -0.707028
    outer loop
      vertex 178.347 -3.12991 1.2
      vertex 176.807 -3.19348 0
      vertex 177.657 -2.34314 1.2
    endloop
  endfacet
  facet normal 0 -1 0
    outer loop
      vertex 8 -100 1.2
      vertex 172 -100 2
      vertex 8 -100 2
    endloop
  endfacet
  facet normal 0 -1 -0
    outer loop
      vertex 172 -100 2
      vertex 8 -100 1.2
      vertex 172 -100 1.2
    endloop
  endfacet
  facet normal -0.0462196 -0.705592 -0.707109
    outer loop
      vertex 8 -100 1.2
      vertex 6.9558 -99.9316 1.2
      vertex 8.03937 -98.8 0
    endloop
  endfacet
  facet normal 0.555626 -0.831432 0
    outer loop
      vertex 176 -98.9282 1.2
      vertex 176.87 -98.3468 2
      vertex 176 -98.9282 2
    endloop
  endfacet
  facet normal 0.555626 -0.831432 0
    outer loop
      vertex 176.87 -98.3468 2
      vertex 176 -98.9282 1.2
      vertex 176.87 -98.3468 1.2
    endloop
  endfacet
  facet normal -0.392851 0.587939 -0.707104
    outer loop
      vertex 3.862 -2.60722 0
      vertex 3.12991 -1.65317 1.2
      vertex 4 -1.07179 1.2
    endloop
  endfacet
  facet normal -0.531637 -0.46621 -0.707114
    outer loop
      vertex 2.34314 -97.6569 1.2
      vertex 1.65317 -96.8701 1.2
      vertex 3.19348 -96.8065 0
    endloop
  endfacet
  facet normal 0.693228 0.138462 -0.707293
    outer loop
      vertex 179.932 -6.9558 1.2
      vertex 178.739 -7.11275 0
      vertex 179.727 -5.92944 1.2
    endloop
  endfacet
  facet normal -0.587939 0.392851 -0.707104
    outer loop
      vertex 2.60722 -3.862 0
      vertex 1.07179 -4 1.2
      vertex 1.65317 -3.12991 1.2
    endloop
  endfacet
  facet normal 0.0462746 0.705587 -0.707111
    outer loop
      vertex 172.887 -1.26073 0
      vertex 171.961 -1.2 0
      vertex 173.044 -0.0684357 1.2
    endloop
  endfacet
  facet normal 0.227478 -0.66945 -0.707171
    outer loop
      vertex 174.071 -99.7274 1.2
      vertex 173.759 -98.5658 0
      vertex 175.061 -99.391 1.2
    endloop
  endfacet
  facet normal 0.659232 0.751939 -0
    outer loop
      vertex 177.657 -2.34314 1.2
      vertex 176.87 -1.65317 2
      vertex 177.657 -2.34314 2
    endloop
  endfacet
  facet normal 0.659232 0.751939 0
    outer loop
      vertex 176.87 -1.65317 2
      vertex 177.657 -2.34314 1.2
      vertex 176.87 -1.65317 1.2
    endloop
  endfacet
  facet normal -0.705591 0.0462437 -0.707108
    outer loop
      vertex 1.2 -8.03937 0
      vertex 0 -8 1.2
      vertex 0.0684357 -6.9558 1.2
    endloop
  endfacet
  facet normal 0.312612 -0.634285 -0.707076
    outer loop
      vertex 175.061 -99.391 1.2
      vertex 174.601 -98.28 0
      vertex 175.399 -97.8867 0
    endloop
  endfacet
  facet normal -0.831468 0.555573 0
    outer loop
      vertex 1.07179 -4 1.2
      vertex 1.65317 -3.12991 2
      vertex 1.65317 -3.12991 1.2
    endloop
  endfacet
  facet normal -0.831468 0.555573 0
    outer loop
      vertex 1.65317 -3.12991 2
      vertex 1.07179 -4 1.2
      vertex 1.07179 -4 2
    endloop
  endfacet
  facet normal 0.466196 0.531757 -0.707034
    outer loop
      vertex 177.657 -2.34314 1.2
      vertex 176.807 -3.19348 0
      vertex 176.87 -1.65317 1.2
    endloop
  endfacet
  facet normal 0.227457 0.669458 -0.70717
    outer loop
      vertex 175.061 -0.608963 1.2
      vertex 173.759 -1.43419 0
      vertex 174.071 -0.272598 1.2
    endloop
  endfacet
  facet normal -0.0462211 -0.705592 -0.70711
    outer loop
      vertex 8.03937 -98.8 0
      vertex 6.9558 -99.9316 1.2
      vertex 7.11275 -98.7393 0
    endloop
  endfacet
  facet normal 0.896803 -0.442429 0
    outer loop
      vertex 178.928 -96 2
      vertex 179.391 -95.0615 1.2
      vertex 179.391 -95.0615 2
    endloop
  endfacet
  facet normal 0.896803 -0.442429 0
    outer loop
      vertex 179.391 -95.0615 1.2
      vertex 178.928 -96 2
      vertex 178.928 -96 1.2
    endloop
  endfacet
  facet normal 0.442107 0.896962 -0
    outer loop
      vertex 176 -1.07179 1.2
      vertex 175.061 -0.608963 2
      vertex 176 -1.07179 2
    endloop
  endfacet
  facet normal 0.442107 0.896962 0
    outer loop
      vertex 175.061 -0.608963 2
      vertex 176 -1.07179 1.2
      vertex 175.061 -0.608963 1.2
    endloop
  endfacet
  facet normal 0.0462289 -0.705599 -0.707102
    outer loop
      vertex 172 -100 1.2
      vertex 171.961 -98.8 0
      vertex 173.044 -99.9316 1.2
    endloop
  endfacet
  facet normal -0.705593 -0.04624 -0.707108
    outer loop
      vertex 1.26073 -92.8873 0
      vertex 0.0684357 -93.0442 1.2
      vertex 1.2 -91.9606 0
    endloop
  endfacet
  facet normal -0.0653646 -0.997861 0
    outer loop
      vertex 6.9558 -99.9316 1.2
      vertex 8 -100 2
      vertex 6.9558 -99.9316 2
    endloop
  endfacet
  facet normal -0.0653646 -0.997861 -0
    outer loop
      vertex 8 -100 2
      vertex 6.9558 -99.9316 1.2
      vertex 8 -100 1.2
    endloop
  endfacet
  facet normal -0.751844 0.659341 0
    outer loop
      vertex 1.65317 -3.12991 1.2
      vertex 2.34314 -2.34314 2
      vertex 2.34314 -2.34314 1.2
    endloop
  endfacet
  facet normal -0.751844 0.659341 0
    outer loop
      vertex 2.34314 -2.34314 2
      vertex 1.65317 -3.12991 1.2
      vertex 1.65317 -3.12991 2
    endloop
  endfacet
  facet normal -0.392812 -0.587954 -0.707113
    outer loop
      vertex 4 -98.9282 1.2
      vertex 3.862 -97.3928 0
      vertex 4.60126 -97.8867 0
    endloop
  endfacet
  facet normal 0.669543 -0.227422 -0.707101
    outer loop
      vertex 179.391 -95.0615 1.2
      vertex 178.28 -94.6013 0
      vertex 178.566 -93.7593 0
    endloop
  endfacet
  facet normal 0.997886 -0.064984 0
    outer loop
      vertex 179.932 -93.0442 2
      vertex 180 -92 1.2
      vertex 180 -92 2
    endloop
  endfacet
  facet normal 0.997886 -0.064984 0
    outer loop
      vertex 180 -92 1.2
      vertex 179.932 -93.0442 2
      vertex 179.932 -93.0442 1.2
    endloop
  endfacet
  facet normal -0.669573 -0.227297 -0.707113
    outer loop
      vertex 1.72002 -94.6013 0
      vertex 0.608963 -95.0615 1.2
      vertex 1.43419 -93.7593 0
    endloop
  endfacet
  facet normal 0.693767 0.137638 -0.706925
    outer loop
      vertex 178.739 -7.11275 0
      vertex 178.566 -6.24074 0
      vertex 179.727 -5.92944 1.2
    endloop
  endfacet
  facet normal 0.0654111 0.997858 -0
    outer loop
      vertex 173.044 -0.0684357 1.2
      vertex 172 0 2
      vertex 173.044 -0.0684357 2
    endloop
  endfacet
  facet normal 0.0654111 0.997858 0
    outer loop
      vertex 172 0 2
      vertex 173.044 -0.0684357 1.2
      vertex 172 0 1.2
    endloop
  endfacet
  facet normal -0.587944 -0.392824 -0.707114
    outer loop
      vertex 2.60722 -96.138 0
      vertex 1.07179 -96 1.2
      vertex 2.11327 -95.3987 0
    endloop
  endfacet
  facet normal 0.531746 0.466109 -0.707099
    outer loop
      vertex 177.393 -3.862 0
      vertex 176.807 -3.19348 0
      vertex 178.347 -3.12991 1.2
    endloop
  endfacet
  facet normal 0.442086 -0.896973 0
    outer loop
      vertex 175.061 -99.391 1.2
      vertex 176 -98.9282 2
      vertex 175.061 -99.391 2
    endloop
  endfacet
  facet normal 0.442086 -0.896973 0
    outer loop
      vertex 176 -98.9282 2
      vertex 175.061 -99.391 1.2
      vertex 176 -98.9282 1.2
    endloop
  endfacet
  facet normal 0.195014 -0.9808 0
    outer loop
      vertex 173.044 -99.9316 1.2
      vertex 174.071 -99.7274 2
      vertex 173.044 -99.9316 2
    endloop
  endfacet
  facet normal 0.195014 -0.9808 0
    outer loop
      vertex 174.071 -99.7274 2
      vertex 173.044 -99.9316 1.2
      vertex 174.071 -99.7274 1.2
    endloop
  endfacet
  facet normal 0.0653771 -0.997861 0
    outer loop
      vertex 172 -100 1.2
      vertex 173.044 -99.9316 2
      vertex 172 -100 2
    endloop
  endfacet
  facet normal 0.0653771 -0.997861 0
    outer loop
      vertex 173.044 -99.9316 2
      vertex 172 -100 1.2
      vertex 173.044 -99.9316 1.2
    endloop
  endfacet
  facet normal -0.312739 0.634186 -0.707108
    outer loop
      vertex 4.60126 -2.11327 0
      vertex 4 -1.07179 1.2
      vertex 4.93854 -0.608963 1.2
    endloop
  endfacet
  facet normal -0.705591 -0.0462436 -0.707109
    outer loop
      vertex 0.0684357 -93.0442 1.2
      vertex 0 -92 1.2
      vertex 1.2 -91.9606 0
    endloop
  endfacet
  facet normal -0.312739 0.634186 -0.707108
    outer loop
      vertex 5.39871 -1.72002 0
      vertex 4.60126 -2.11327 0
      vertex 4.93854 -0.608963 1.2
    endloop
  endfacet
  facet normal -0.531639 0.466222 -0.707105
    outer loop
      vertex 2.60722 -3.862 0
      vertex 1.65317 -3.12991 1.2
      vertex 3.19348 -3.19348 0
    endloop
  endfacet
  facet normal -0.693518 0.137954 -0.707108
    outer loop
      vertex 1.26073 -7.11275 0
      vertex 0.0684357 -6.9558 1.2
      vertex 0.272598 -5.92944 1.2
    endloop
  endfacet
  facet normal -0.693518 0.137954 -0.707108
    outer loop
      vertex 1.26073 -7.11275 0
      vertex 0.272598 -5.92944 1.2
      vertex 1.43419 -6.24074 0
    endloop
  endfacet
  facet normal -0.392843 0.58794 -0.707107
    outer loop
      vertex 4.60126 -2.11327 0
      vertex 3.862 -2.60722 0
      vertex 4 -1.07179 1.2
    endloop
  endfacet
  facet normal 0.751842 -0.659343 0
    outer loop
      vertex 177.657 -97.6569 2
      vertex 178.347 -96.8701 1.2
      vertex 178.347 -96.8701 2
    endloop
  endfacet
  facet normal 0.751842 -0.659343 0
    outer loop
      vertex 178.347 -96.8701 1.2
      vertex 177.657 -97.6569 2
      vertex 177.657 -97.6569 1.2
    endloop
  endfacet
  facet normal -0.312723 -0.634189 -0.707113
    outer loop
      vertex 4.93854 -99.391 1.2
      vertex 4 -98.9282 1.2
      vertex 4.60126 -97.8867 0
    endloop
  endfacet
  facet normal 0 0.707107 -0.707107
    outer loop
      vertex 171.961 -1.2 0
      vertex 8 0 1.2
      vertex 172 0 1.2
    endloop
  endfacet
  facet normal 0 0.707107 -0.707107
    outer loop
      vertex 8 0 1.2
      vertex 171.961 -1.2 0
      vertex 8.03937 -1.2 0
    endloop
  endfacet
  facet normal 0.555613 0.831441 -0
    outer loop
      vertex 176.87 -1.65317 1.2
      vertex 176 -1.07179 2
      vertex 176.87 -1.65317 2
    endloop
  endfacet
  facet normal 0.555613 0.831441 0
    outer loop
      vertex 176 -1.07179 2
      vertex 176.87 -1.65317 1.2
      vertex 176 -1.07179 1.2
    endloop
  endfacet
  facet normal 0.392964 0.587915 -0.707061
    outer loop
      vertex 176.138 -2.60722 0
      vertex 175.399 -2.11327 0
      vertex 176 -1.07179 1.2
    endloop
  endfacet
  facet normal -0.634186 0.312739 -0.707108
    outer loop
      vertex 2.11327 -4.60126 0
      vertex 0.608963 -4.93854 1.2
      vertex 1.07179 -4 1.2
    endloop
  endfacet
  facet normal -0.751856 -0.659327 0
    outer loop
      vertex 2.34314 -97.6569 1.2
      vertex 1.65317 -96.8701 2
      vertex 1.65317 -96.8701 1.2
    endloop
  endfacet
  facet normal -0.751856 -0.659327 0
    outer loop
      vertex 1.65317 -96.8701 2
      vertex 2.34314 -97.6569 1.2
      vertex 2.34314 -97.6569 2
    endloop
  endfacet
  facet normal -0.137978 -0.693512 -0.707109
    outer loop
      vertex 6.9558 -99.9316 1.2
      vertex 5.92944 -99.7274 1.2
      vertex 7.11275 -98.7393 0
    endloop
  endfacet
  facet normal 0.669548 0.227416 -0.707098
    outer loop
      vertex 178.566 -6.24074 0
      vertex 178.28 -5.39871 0
      vertex 179.391 -4.93854 1.2
    endloop
  endfacet
  facet normal 0.392887 0.587931 -0.707091
    outer loop
      vertex 176.138 -2.60722 0
      vertex 176 -1.07179 1.2
      vertex 176.87 -1.65317 1.2
    endloop
  endfacet
  facet normal 0.466039 0.531812 -0.707096
    outer loop
      vertex 176.807 -3.19348 0
      vertex 176.138 -2.60722 0
      vertex 176.87 -1.65317 1.2
    endloop
  endfacet
  facet normal 0.312616 -0.634284 -0.707075
    outer loop
      vertex 176 -98.9282 1.2
      vertex 175.061 -99.391 1.2
      vertex 175.399 -97.8867 0
    endloop
  endfacet
  facet normal 0.588024 -0.392918 -0.706996
    outer loop
      vertex 178.928 -96 1.2
      vertex 177.393 -96.138 0
      vertex 177.887 -95.3987 0
    endloop
  endfacet
  facet normal 0.227287 -0.669614 -0.707077
    outer loop
      vertex 175.061 -99.391 1.2
      vertex 173.759 -98.5658 0
      vertex 174.601 -98.28 0
    endloop
  endfacet
  facet normal -0.896869 -0.442296 0
    outer loop
      vertex 1.07179 -96 1.2
      vertex 0.608963 -95.0615 2
      vertex 0.608963 -95.0615 1.2
    endloop
  endfacet
  facet normal -0.896869 -0.442296 0
    outer loop
      vertex 0.608963 -95.0615 2
      vertex 1.07179 -96 1.2
      vertex 1.07179 -96 2
    endloop
  endfacet
  facet normal -0.0653986 0.997859 0
    outer loop
      vertex 8 0 1.2
      vertex 6.9558 -0.0684357 2
      vertex 8 0 2
    endloop
  endfacet
  facet normal -0.0653986 0.997859 0
    outer loop
      vertex 6.9558 -0.0684357 2
      vertex 8 0 1.2
      vertex 6.9558 -0.0684357 1.2
    endloop
  endfacet
  facet normal 0.392933 -0.587928 -0.707067
    outer loop
      vertex 176 -98.9282 1.2
      vertex 175.399 -97.8867 0
      vertex 176.138 -97.3928 0
    endloop
  endfacet
  facet normal 0.669802 0.22712 -0.706952
    outer loop
      vertex 179.727 -5.92944 1.2
      vertex 178.566 -6.24074 0
      vertex 179.391 -4.93854 1.2
    endloop
  endfacet
  facet normal 0.705606 0.0459502 -0.707113
    outer loop
      vertex 180 -8 1.2
      vertex 178.8 -8.03937 0
      vertex 179.932 -6.9558 1.2
    endloop
  endfacet
  facet normal 0.659194 -0.751973 0
    outer loop
      vertex 176.87 -98.3468 1.2
      vertex 177.657 -97.6569 2
      vertex 176.87 -98.3468 2
    endloop
  endfacet
  facet normal 0.659194 -0.751973 0
    outer loop
      vertex 177.657 -97.6569 2
      vertex 176.87 -98.3468 1.2
      vertex 177.657 -97.6569 1.2
    endloop
  endfacet
  facet normal -0.137984 -0.693508 -0.707111
    outer loop
      vertex 7.11275 -98.7393 0
      vertex 5.92944 -99.7274 1.2
      vertex 6.24074 -98.5658 0
    endloop
  endfacet
  facet normal -0.392867 -0.587942 -0.707092
    outer loop
      vertex 4 -98.9282 1.2
      vertex 3.12991 -98.3468 1.2
      vertex 3.862 -97.3928 0
    endloop
  endfacet
  facet normal 0.980632 -0.195859 0
    outer loop
      vertex 179.727 -94.0706 2
      vertex 179.932 -93.0442 1.2
      vertex 179.932 -93.0442 2
    endloop
  endfacet
  facet normal 0.980632 -0.195859 0
    outer loop
      vertex 179.932 -93.0442 1.2
      vertex 179.727 -94.0706 2
      vertex 179.727 -94.0706 1.2
    endloop
  endfacet
  facet normal -0.831471 -0.555569 0
    outer loop
      vertex 1.65317 -96.8701 1.2
      vertex 1.07179 -96 2
      vertex 1.07179 -96 1.2
    endloop
  endfacet
  facet normal -0.831471 -0.555569 0
    outer loop
      vertex 1.07179 -96 2
      vertex 1.65317 -96.8701 1.2
      vertex 1.65317 -96.8701 2
    endloop
  endfacet
  facet normal 0.705365 -0.0464307 -0.707322
    outer loop
      vertex 179.932 -93.0442 1.2
      vertex 178.739 -92.8873 0
      vertex 178.8 -91.9606 0
    endloop
  endfacet
  facet normal -0.997859 -0.0653986 0
    outer loop
      vertex 0.0684357 -93.0442 1.2
      vertex 0 -92 2
      vertex 0 -92 1.2
    endloop
  endfacet
  facet normal -0.997859 -0.0653986 0
    outer loop
      vertex 0 -92 2
      vertex 0.0684357 -93.0442 1.2
      vertex 0.0684357 -93.0442 2
    endloop
  endfacet
  facet normal 0.137948 0.693478 -0.707148
    outer loop
      vertex 173.759 -1.43419 0
      vertex 172.887 -1.26073 0
      vertex 174.071 -0.272598 1.2
    endloop
  endfacet
  facet normal 0.227303 0.669591 -0.707094
    outer loop
      vertex 174.601 -1.72002 0
      vertex 173.759 -1.43419 0
      vertex 175.061 -0.608963 1.2
    endloop
  endfacet
  facet normal -0.634176 -0.312748 -0.707114
    outer loop
      vertex 1.07179 -96 1.2
      vertex 0.608963 -95.0615 1.2
      vertex 2.11327 -95.3987 0
    endloop
  endfacet
  facet normal -0.466192 -0.531651 -0.707115
    outer loop
      vertex 3.12991 -98.3468 1.2
      vertex 2.34314 -97.6569 1.2
      vertex 3.19348 -96.8065 0
    endloop
  endfacet
  facet normal 0.947036 0.321126 0
    outer loop
      vertex 179.727 -5.92944 2
      vertex 179.391 -4.93854 1.2
      vertex 179.391 -4.93854 2
    endloop
  endfacet
  facet normal 0.947036 0.321126 0
    outer loop
      vertex 179.391 -4.93854 1.2
      vertex 179.727 -5.92944 2
      vertex 179.727 -5.92944 1.2
    endloop
  endfacet
  facet normal -0.659341 0.751844 0
    outer loop
      vertex 3.12991 -1.65317 1.2
      vertex 2.34314 -2.34314 2
      vertex 3.12991 -1.65317 2
    endloop
  endfacet
  facet normal -0.659341 0.751844 0
    outer loop
      vertex 2.34314 -2.34314 2
      vertex 3.12991 -1.65317 1.2
      vertex 2.34314 -2.34314 1.2
    endloop
  endfacet
  facet normal -0.0462437 0.705591 -0.707108
    outer loop
      vertex 8.03937 -1.2 0
      vertex 6.9558 -0.0684357 1.2
      vertex 8 0 1.2
    endloop
  endfacet
  facet normal 0.896811 0.442414 0
    outer loop
      vertex 179.391 -4.93854 2
      vertex 178.928 -4 1.2
      vertex 178.928 -4 2
    endloop
  endfacet
  facet normal 0.896811 0.442414 0
    outer loop
      vertex 178.928 -4 1.2
      vertex 179.391 -4.93854 2
      vertex 179.391 -4.93854 1.2
    endloop
  endfacet
  facet normal -0.980786 -0.195089 0
    outer loop
      vertex 0.272598 -94.0706 1.2
      vertex 0.0684357 -93.0442 2
      vertex 0.0684357 -93.0442 1.2
    endloop
  endfacet
  facet normal -0.980786 -0.195089 0
    outer loop
      vertex 0.0684357 -93.0442 2
      vertex 0.272598 -94.0706 1.2
      vertex 0.272598 -94.0706 2
    endloop
  endfacet
  facet normal -0.227291 0.669578 -0.70711
    outer loop
      vertex 6.24074 -1.43419 0
      vertex 4.93854 -0.608963 1.2
      vertex 5.92944 -0.272598 1.2
    endloop
  endfacet
  facet normal -0.227291 0.669578 -0.70711
    outer loop
      vertex 5.39871 -1.72002 0
      vertex 4.93854 -0.608963 1.2
      vertex 6.24074 -1.43419 0
    endloop
  endfacet
  facet normal 0.634273 0.312583 -0.707099
    outer loop
      vertex 178.28 -5.39871 0
      vertex 177.887 -4.60126 0
      vertex 179.391 -4.93854 1.2
    endloop
  endfacet
  facet normal 0.63425 0.312888 -0.706985
    outer loop
      vertex 179.391 -4.93854 1.2
      vertex 177.887 -4.60126 0
      vertex 178.928 -4 1.2
    endloop
  endfacet
  facet normal 0.634263 -0.312597 -0.707102
    outer loop
      vertex 179.391 -95.0615 1.2
      vertex 177.887 -95.3987 0
      vertex 178.28 -94.6013 0
    endloop
  endfacet
  facet normal 0.669802 -0.22712 -0.706952
    outer loop
      vertex 179.391 -95.0615 1.2
      vertex 178.566 -93.7593 0
      vertex 179.727 -94.0706 1.2
    endloop
  endfacet
  facet normal -0.634175 -0.312753 -0.707112
    outer loop
      vertex 2.11327 -95.3987 0
      vertex 0.608963 -95.0615 1.2
      vertex 1.72002 -94.6013 0
    endloop
  endfacet
  facet normal 0.137894 -0.693523 -0.707114
    outer loop
      vertex 173.044 -99.9316 1.2
      vertex 172.887 -98.7393 0
      vertex 174.071 -99.7274 1.2
    endloop
  endfacet
  facet normal 0.137978 -0.693468 -0.707152
    outer loop
      vertex 174.071 -99.7274 1.2
      vertex 172.887 -98.7393 0
      vertex 173.759 -98.5658 0
    endloop
  endfacet
  facet normal 0.831638 -0.555318 0
    outer loop
      vertex 178.347 -96.8701 2
      vertex 178.928 -96 1.2
      vertex 178.928 -96 2
    endloop
  endfacet
  facet normal 0.831638 -0.555318 0
    outer loop
      vertex 178.928 -96 1.2
      vertex 178.347 -96.8701 2
      vertex 178.347 -96.8701 1.2
    endloop
  endfacet
  facet normal 0.466064 -0.531805 -0.707084
    outer loop
      vertex 176.87 -98.3468 1.2
      vertex 176.138 -97.3928 0
      vertex 176.807 -96.8065 0
    endloop
  endfacet
  facet normal 0.466161 -0.531771 -0.707046
    outer loop
      vertex 176.87 -98.3468 1.2
      vertex 176.807 -96.8065 0
      vertex 177.657 -97.6569 1.2
    endloop
  endfacet
  facet normal 0.588074 -0.39268 -0.707086
    outer loop
      vertex 178.347 -96.8701 1.2
      vertex 177.393 -96.138 0
      vertex 178.928 -96 1.2
    endloop
  endfacet
  facet normal -0.137954 0.693518 -0.707108
    outer loop
      vertex 7.11275 -1.26073 0
      vertex 5.92944 -0.272598 1.2
      vertex 6.9558 -0.0684357 1.2
    endloop
  endfacet
  facet normal -0.693517 -0.137956 -0.707108
    outer loop
      vertex 1.43419 -93.7593 0
      vertex 0.272598 -94.0706 1.2
      vertex 1.26073 -92.8873 0
    endloop
  endfacet
  facet normal -0.669578 -0.227291 -0.70711
    outer loop
      vertex 0.608963 -95.0615 1.2
      vertex 0.272598 -94.0706 1.2
      vertex 1.43419 -93.7593 0
    endloop
  endfacet
  facet normal -0.587939 -0.392847 -0.707106
    outer loop
      vertex 1.65317 -96.8701 1.2
      vertex 1.07179 -96 1.2
      vertex 2.60722 -96.138 0
    endloop
  endfacet
  facet normal -0.321469 -0.94692 0
    outer loop
      vertex 4.93854 -99.391 1.2
      vertex 5.92944 -99.7274 2
      vertex 4.93854 -99.391 2
    endloop
  endfacet
  facet normal -0.321469 -0.94692 -0
    outer loop
      vertex 5.92944 -99.7274 2
      vertex 4.93854 -99.391 1.2
      vertex 5.92944 -99.7274 1.2
    endloop
  endfacet
  facet normal -0.195131 -0.980777 0
    outer loop
      vertex 5.92944 -99.7274 1.2
      vertex 6.9558 -99.9316 2
      vertex 5.92944 -99.7274 2
    endloop
  endfacet
  facet normal -0.195131 -0.980777 -0
    outer loop
      vertex 6.9558 -99.9316 2
      vertex 5.92944 -99.7274 1.2
      vertex 6.9558 -99.9316 1.2
    endloop
  endfacet
  facet normal 0 0 -1
    outer loop
      vertex 74.3105 -9.06374 0
      vertex 53.79 -14.8013 0
      vertex 53.7901 -14.8 0
    endloop
  endfacet
  facet normal 0 0 -1
    outer loop
      vertex 74.0648 -91.3039 0
      vertex 53.3 -81.4 0
      vertex 74.3105 -90.9363 0
    endloop
  endfacet
  facet normal 0 0 -1
    outer loop
      vertex 53.3 -19.2 0
      vertex 77 -58 0
      vertex 53.3 -81.4 0
    endloop
  endfacet
  facet normal 0 0 -1
    outer loop
      vertex 74.3105 -90.9363 0
      vertex 53.3 -81.4 0
      vertex 74.602 -90.6038 0
    endloop
  endfacet
  facet normal 0 0 -1
    outer loop
      vertex 74.9363 -90.3105 0
      vertex 53.3 -81.4 0
      vertex 77 -58 0
    endloop
  endfacet
  facet normal 0 0 -1
    outer loop
      vertex 77 -58 0
      vertex 53.7611 -15.2425 0
      vertex 53.79 -14.8013 0
    endloop
  endfacet
  facet normal 0 0 -1
    outer loop
      vertex 74.602 -90.6038 0
      vertex 53.3 -81.4 0
      vertex 74.6029 -90.6029 0
    endloop
  endfacet
  facet normal 0 0 -1
    outer loop
      vertex 77 -58 0
      vertex 53.3 -19.2 0
      vertex 53.7611 -15.2425 0
    endloop
  endfacet
  facet normal 0 0 -1
    outer loop
      vertex 74.6029 -90.6029 0
      vertex 53.3 -81.4 0
      vertex 74.6038 -90.602 0
    endloop
  endfacet
  facet normal 0 0 -1
    outer loop
      vertex 53.7611 -15.2425 0
      vertex 53.3 -19.2 0
      vertex 53.6745 -15.6774 0
    endloop
  endfacet
  facet normal 0 0 -1
    outer loop
      vertex 74.6038 -90.602 0
      vertex 53.3 -81.4 0
      vertex 74.9363 -90.3105 0
    endloop
  endfacet
  facet normal 0 0 -1
    outer loop
      vertex 53.6745 -15.6774 0
      vertex 53.3 -19.2 0
      vertex 53.5324 -16.0961 0
    endloop
  endfacet
  facet normal 0 0 -1
    outer loop
      vertex 53.3 -81.4 0
      vertex 53.5314 -91.5015 0
      vertex 53.3359 -91.105 0
    endloop
  endfacet
  facet normal 0 0 -1
    outer loop
      vertex 53.5324 -16.0961 0
      vertex 53.3 -19.2 0
      vertex 53.532 -16.0973 0
    endloop
  endfacet
  facet normal 0 0 -1
    outer loop
      vertex 53.532 -16.0973 0
      vertex 53.3 -19.2 0
      vertex 53.5314 -16.0985 0
    endloop
  endfacet
  facet normal 0 0 -1
    outer loop
      vertex 53.0895 -90.7363 0
      vertex 53.3 -81.4 0
      vertex 53.3359 -91.105 0
    endloop
  endfacet
  facet normal 0 0 -1
    outer loop
      vertex 53.0887 -90.7353 0
      vertex 53.3 -81.4 0
      vertex 53.0895 -90.7363 0
    endloop
  endfacet
  facet normal 0 0 -1
    outer loop
      vertex 52.7971 -90.4029 0
      vertex 53.3 -81.4 0
      vertex 53.0887 -90.7353 0
    endloop
  endfacet
  facet normal 0 0 -1
    outer loop
      vertex 52.4647 -90.1113 0
      vertex 53.3 -81.4 0
      vertex 52.7971 -90.4029 0
    endloop
  endfacet
  facet normal 0 0 -1
    outer loop
      vertex 52.4637 -90.1105 0
      vertex 53.3 -81.4 0
      vertex 52.4647 -90.1113 0
    endloop
  endfacet
  facet normal 0 0 -1
    outer loop
      vertex 52.4627 -90.1098 0
      vertex 53.3 -81.4 0
      vertex 52.4637 -90.1105 0
    endloop
  endfacet
  facet normal 0 0 -1
    outer loop
      vertex 52.095 -89.8641 0
      vertex 53.3 -81.4 0
      vertex 52.4627 -90.1098 0
    endloop
  endfacet
  facet normal 0 0 -1
    outer loop
      vertex 51.6985 -89.6686 0
      vertex 53.3 -81.4 0
      vertex 52.095 -89.8641 0
    endloop
  endfacet
  facet normal 0 0 -1
    outer loop
      vertex 51.6973 -89.668 0
      vertex 53.3 -81.4 0
      vertex 51.6985 -89.6686 0
    endloop
  endfacet
  facet normal 0 0 -1
    outer loop
      vertex 51.6961 -89.6676 0
      vertex 53.3 -81.4 0
      vertex 51.6973 -89.668 0
    endloop
  endfacet
  facet normal 0 0 -1
    outer loop
      vertex 51.2774 -89.5255 0
      vertex 53.3 -81.4 0
      vertex 51.6961 -89.6676 0
    endloop
  endfacet
  facet normal 0 0 -1
    outer loop
      vertex 51.2761 -89.5252 0
      vertex 53.3 -81.4 0
      vertex 51.2774 -89.5255 0
    endloop
  endfacet
  facet normal 0 0 -1
    outer loop
      vertex 50.8425 -89.4389 0
      vertex 53.3 -81.4 0
      vertex 51.2761 -89.5252 0
    endloop
  endfacet
  facet normal 0 0 -1
    outer loop
      vertex 50.4 -89.4099 0
      vertex 53.3 -81.4 0
      vertex 50.8425 -89.4389 0
    endloop
  endfacet
  facet normal 0 0 -1
    outer loop
      vertex 49.9588 -89.4389 0
      vertex 53.3 -81.4 0
      vertex 50.4 -89.4099 0
    endloop
  endfacet
  facet normal 0 0 -1
    outer loop
      vertex 49.9575 -89.4389 0
      vertex 53.3 -81.4 0
      vertex 49.9588 -89.4389 0
    endloop
  endfacet
  facet normal 0 0 -1
    outer loop
      vertex 49.9562 -89.4392 0
      vertex 53.3 -81.4 0
      vertex 49.9575 -89.4389 0
    endloop
  endfacet
  facet normal 0 0 -1
    outer loop
      vertex 49.5226 -89.5255 0
      vertex 53.3 -81.4 0
      vertex 49.9562 -89.4392 0
    endloop
  endfacet
  facet normal 0 0 -1
    outer loop
      vertex 49.1039 -89.6676 0
      vertex 53.3 -81.4 0
      vertex 49.5226 -89.5255 0
    endloop
  endfacet
  facet normal 0 0 -1
    outer loop
      vertex 49.1027 -89.668 0
      vertex 53.3 -81.4 0
      vertex 49.1039 -89.6676 0
    endloop
  endfacet
  facet normal 0 0 -1
    outer loop
      vertex 49.1015 -89.6686 0
      vertex 53.3 -81.4 0
      vertex 49.1027 -89.668 0
    endloop
  endfacet
  facet normal 0 0 -1
    outer loop
      vertex 48.705 -89.8641 0
      vertex 53.3 -81.4 0
      vertex 49.1015 -89.6686 0
    endloop
  endfacet
  facet normal 0 0 -1
    outer loop
      vertex 48.3373 -90.1098 0
      vertex 53.3 -81.4 0
      vertex 48.705 -89.8641 0
    endloop
  endfacet
  facet normal 0 0 -1
    outer loop
      vertex 48.3363 -90.1105 0
      vertex 53.3 -81.4 0
      vertex 48.3373 -90.1098 0
    endloop
  endfacet
  facet normal 0 0 -1
    outer loop
      vertex 48.3353 -90.1113 0
      vertex 53.3 -81.4 0
      vertex 48.3363 -90.1105 0
    endloop
  endfacet
  facet normal 0 0 -1
    outer loop
      vertex 48.0029 -90.4029 0
      vertex 53.3 -81.4 0
      vertex 48.3353 -90.1113 0
    endloop
  endfacet
  facet normal 0 0 -1
    outer loop
      vertex 10.7971 -90.4029 0
      vertex 48.0029 -90.4029 0
      vertex 47.7113 -90.7353 0
    endloop
  endfacet
  facet normal 0 0 -1
    outer loop
      vertex 10.7971 -90.4029 0
      vertex 47.7113 -90.7353 0
      vertex 47.7105 -90.7363 0
    endloop
  endfacet
  facet normal 0 0 -1
    outer loop
      vertex 11.0895 -90.7363 0
      vertex 47.7105 -90.7363 0
      vertex 47.4641 -91.105 0
    endloop
  endfacet
  facet normal 0 0 -1
    outer loop
      vertex 11.7901 -92.8 0
      vertex 47.0389 -92.3575 0
      vertex 47.0099 -92.8 0
    endloop
  endfacet
  facet normal 0 0 -1
    outer loop
      vertex 11.7611 -92.3575 0
      vertex 47.0389 -92.3575 0
      vertex 11.7901 -92.8 0
    endloop
  endfacet
  facet normal 0 0 -1
    outer loop
      vertex 47.0389 -92.3575 0
      vertex 11.7611 -92.3575 0
      vertex 47.1252 -91.9239 0
    endloop
  endfacet
  facet normal 0 0 -1
    outer loop
      vertex 11.6748 -91.9239 0
      vertex 47.1252 -91.9239 0
      vertex 11.7611 -92.3575 0
    endloop
  endfacet
  facet normal 0 0 -1
    outer loop
      vertex 47.1252 -91.9239 0
      vertex 11.6748 -91.9239 0
      vertex 47.1255 -91.9226 0
    endloop
  endfacet
  facet normal 0 0 -1
    outer loop
      vertex 11.6745 -91.9226 0
      vertex 47.1255 -91.9226 0
      vertex 11.6748 -91.9239 0
    endloop
  endfacet
  facet normal 0 0 -1
    outer loop
      vertex 47.1255 -91.9226 0
      vertex 11.6745 -91.9226 0
      vertex 47.1259 -91.9214 0
    endloop
  endfacet
  facet normal -0 0 -1
    outer loop
      vertex 47.1259 -91.9214 0
      vertex 11.6745 -91.9226 0
      vertex 47.268 -91.5027 0
    endloop
  endfacet
  facet normal 0 0 -1
    outer loop
      vertex 11.5324 -91.5039 0
      vertex 47.268 -91.5027 0
      vertex 11.6745 -91.9226 0
    endloop
  endfacet
  facet normal 0 0 -1
    outer loop
      vertex 11.532 -91.5027 0
      vertex 47.268 -91.5027 0
      vertex 11.5324 -91.5039 0
    endloop
  endfacet
  facet normal 0 0 -1
    outer loop
      vertex 11.5314 -91.5015 0
      vertex 47.268 -91.5027 0
      vertex 11.532 -91.5027 0
    endloop
  endfacet
  facet normal 0 0 -1
    outer loop
      vertex 47.268 -91.5027 0
      vertex 11.5314 -91.5015 0
      vertex 47.4635 -91.1061 0
    endloop
  endfacet
  facet normal 0 0 -1
    outer loop
      vertex 11.3359 -91.105 0
      vertex 47.4635 -91.1061 0
      vertex 11.5314 -91.5015 0
    endloop
  endfacet
  facet normal 0 0 -1
    outer loop
      vertex 47.4635 -91.1061 0
      vertex 11.3359 -91.105 0
      vertex 47.4641 -91.105 0
    endloop
  endfacet
  facet normal 0 0 -1
    outer loop
      vertex 11.0895 -90.7363 0
      vertex 47.4641 -91.105 0
      vertex 11.3359 -91.105 0
    endloop
  endfacet
  facet normal 0 0 -1
    outer loop
      vertex 47.7105 -90.7363 0
      vertex 11.0895 -90.7363 0
      vertex 11.0887 -90.7353 0
    endloop
  endfacet
  facet normal 0 0 -1
    outer loop
      vertex 47.7105 -90.7363 0
      vertex 11.0887 -90.7353 0
      vertex 10.7971 -90.4029 0
    endloop
  endfacet
  facet normal 0 0 -1
    outer loop
      vertex 48.0029 -90.4029 0
      vertex 10.7971 -90.4029 0
      vertex 53.3 -81.4 0
    endloop
  endfacet
  facet normal 0 0 -1
    outer loop
      vertex 5.5 -81.4 0
      vertex 10.7971 -90.4029 0
      vertex 10.4647 -90.1113 0
    endloop
  endfacet
  facet normal 0 0 -1
    outer loop
      vertex 5.5 -81.4 0
      vertex 10.4647 -90.1113 0
      vertex 10.4637 -90.1105 0
    endloop
  endfacet
  facet normal 0 0 -1
    outer loop
      vertex 5.5 -81.4 0
      vertex 10.4637 -90.1105 0
      vertex 10.4627 -90.1098 0
    endloop
  endfacet
  facet normal 0 0 -1
    outer loop
      vertex 5.5 -81.4 0
      vertex 10.4627 -90.1098 0
      vertex 10.095 -89.8641 0
    endloop
  endfacet
  facet normal 0 0 -1
    outer loop
      vertex 5.5 -81.4 0
      vertex 10.095 -89.8641 0
      vertex 9.69849 -89.6686 0
    endloop
  endfacet
  facet normal 0 0 -1
    outer loop
      vertex 5.5 -81.4 0
      vertex 9.69849 -89.6686 0
      vertex 9.69732 -89.668 0
    endloop
  endfacet
  facet normal 0 0 -1
    outer loop
      vertex 5.5 -81.4 0
      vertex 9.69732 -89.668 0
      vertex 9.69609 -89.6676 0
    endloop
  endfacet
  facet normal 0 0 -1
    outer loop
      vertex 5.5 -81.4 0
      vertex 9.69609 -89.6676 0
      vertex 9.27741 -89.5255 0
    endloop
  endfacet
  facet normal 0 0 -1
    outer loop
      vertex 5.5 -81.4 0
      vertex 9.27741 -89.5255 0
      vertex 9.27614 -89.5252 0
    endloop
  endfacet
  facet normal 0 0 -1
    outer loop
      vertex 5.5 -81.4 0
      vertex 9.27614 -89.5252 0
      vertex 8.84249 -89.4389 0
    endloop
  endfacet
  facet normal 0 0 -1
    outer loop
      vertex 5.5 -81.4 0
      vertex 8.84249 -89.4389 0
      vertex 8.4 -89.4099 0
    endloop
  endfacet
  facet normal 0 0 -1
    outer loop
      vertex 5.5 -81.4 0
      vertex 8.4 -89.4099 0
      vertex 7.95881 -89.4389 0
    endloop
  endfacet
  facet normal 0 0 -1
    outer loop
      vertex 5.5 -81.4 0
      vertex 7.95881 -89.4389 0
      vertex 7.95751 -89.4389 0
    endloop
  endfacet
  facet normal 0 0 -1
    outer loop
      vertex 5.5 -81.4 0
      vertex 7.10151 -89.6686 0
      vertex 6.70497 -89.8641 0
    endloop
  endfacet
  facet normal 0 0 -1
    outer loop
      vertex 5.5 -81.4 0
      vertex 6.33734 -90.1098 0
      vertex 6.33626 -90.1105 0
    endloop
  endfacet
  facet normal 0 0 -1
    outer loop
      vertex 5.5 -81.4 0
      vertex 6.33528 -90.1113 0
      vertex 6.00287 -90.4029 0
    endloop
  endfacet
  facet normal 0 0 -1
    outer loop
      vertex 1.2 -91.9606 0
      vertex 5.71134 -90.7353 0
      vertex 5.71048 -90.7363 0
    endloop
  endfacet
  facet normal 0 0 -1
    outer loop
      vertex 10.7971 -90.4029 0
      vertex 5.5 -81.4 0
      vertex 53.3 -81.4 0
    endloop
  endfacet
  facet normal 0 0 -1
    outer loop
      vertex 7.95623 -89.4392 0
      vertex 5.5 -81.4 0
      vertex 7.95751 -89.4389 0
    endloop
  endfacet
  facet normal 0 0 -1
    outer loop
      vertex 7.52259 -89.5255 0
      vertex 5.5 -81.4 0
      vertex 7.95623 -89.4392 0
    endloop
  endfacet
  facet normal 0 0 -1
    outer loop
      vertex 7.10391 -89.6676 0
      vertex 5.5 -81.4 0
      vertex 7.52259 -89.5255 0
    endloop
  endfacet
  facet normal 0 0 -1
    outer loop
      vertex 7.10268 -89.668 0
      vertex 5.5 -81.4 0
      vertex 7.10391 -89.6676 0
    endloop
  endfacet
  facet normal 0 0 -1
    outer loop
      vertex 7.10151 -89.6686 0
      vertex 5.5 -81.4 0
      vertex 7.10268 -89.668 0
    endloop
  endfacet
  facet normal 0 0 -1
    outer loop
      vertex 6.33734 -90.1098 0
      vertex 5.5 -81.4 0
      vertex 6.70497 -89.8641 0
    endloop
  endfacet
  facet normal 0 0 -1
    outer loop
      vertex 6.33528 -90.1113 0
      vertex 5.5 -81.4 0
      vertex 6.33626 -90.1105 0
    endloop
  endfacet
  facet normal -0 0 -1
    outer loop
      vertex 5.71134 -90.7353 0
      vertex 1.2 -91.9606 0
      vertex 6.00287 -90.4029 0
    endloop
  endfacet
  facet normal 0 0 -1
    outer loop
      vertex 1.2 -91.9606 0
      vertex 5.46412 -91.105 0
      vertex 5.46355 -91.1061 0
    endloop
  endfacet
  facet normal 0 0 -1
    outer loop
      vertex 1.2 -91.9606 0
      vertex 5.71048 -90.7363 0
      vertex 5.46412 -91.105 0
    endloop
  endfacet
  facet normal 0 0 -1
    outer loop
      vertex 80.6699 -6.5 0
      vertex 80.385 -7.07773 0
      vertex 80.3901 -7 0
    endloop
  endfacet
  facet normal 0 0 -1
    outer loop
      vertex 178.8 -91.9606 0
      vertex 178.775 -80.8774 0
      vertex 178.8 -80.7494 0
    endloop
  endfacet
  facet normal 0 0 -1
    outer loop
      vertex 171.957 -91.6526 0
      vertex 178.8 -91.9606 0
      vertex 178.739 -92.8873 0
    endloop
  endfacet
  facet normal 0 0 -1
    outer loop
      vertex 178.8 -91.9606 0
      vertex 178.632 -81.2961 0
      vertex 178.775 -80.8774 0
    endloop
  endfacet
  facet normal 0 0 -1
    outer loop
      vertex 178.8 -91.9606 0
      vertex 178.632 -81.2973 0
      vertex 178.632 -81.2961 0
    endloop
  endfacet
  facet normal 0 0 -1
    outer loop
      vertex 171.957 -91.6526 0
      vertex 178.739 -92.8873 0
      vertex 178.566 -93.7593 0
    endloop
  endfacet
  facet normal 0 0 -1
    outer loop
      vertex 178.8 -91.9606 0
      vertex 178.436 -81.6939 0
      vertex 178.632 -81.2973 0
    endloop
  endfacet
  facet normal 0 0 -1
    outer loop
      vertex 178.8 -91.9606 0
      vertex 178.436 -81.695 0
      vertex 178.436 -81.6939 0
    endloop
  endfacet
  facet normal 0 0 -1
    outer loop
      vertex 178.8 -91.9606 0
      vertex 178.435 -81.6961 0
      vertex 178.436 -81.695 0
    endloop
  endfacet
  facet normal 0 0 -1
    outer loop
      vertex 171.83 -92.2941 0
      vertex 178.566 -93.7593 0
      vertex 178.28 -94.6013 0
    endloop
  endfacet
  facet normal 0 0 -1
    outer loop
      vertex 178.8 -91.9606 0
      vertex 178.19 -82.0637 0
      vertex 178.435 -81.6961 0
    endloop
  endfacet
  facet normal 0 0 -1
    outer loop
      vertex 178.8 -91.9606 0
      vertex 177.898 -82.3962 0
      vertex 178.19 -82.0637 0
    endloop
  endfacet
  facet normal 0 0 -1
    outer loop
      vertex 178.8 -91.9606 0
      vertex 177.897 -82.3971 0
      vertex 177.898 -82.3962 0
    endloop
  endfacet
  facet normal 0 0 -1
    outer loop
      vertex 178.8 -91.9606 0
      vertex 177.896 -82.398 0
      vertex 177.897 -82.3971 0
    endloop
  endfacet
  facet normal 0 0 -1
    outer loop
      vertex 171.83 -92.2941 0
      vertex 178.28 -94.6013 0
      vertex 177.887 -95.3987 0
    endloop
  endfacet
  facet normal 0 0 -1
    outer loop
      vertex 178.8 -91.9606 0
      vertex 177.564 -82.6895 0
      vertex 177.896 -82.398 0
    endloop
  endfacet
  facet normal 0 0 -1
    outer loop
      vertex 171.619 -92.9134 0
      vertex 177.887 -95.3987 0
      vertex 177.393 -96.138 0
    endloop
  endfacet
  facet normal 0 0 -1
    outer loop
      vertex 178.8 -91.9606 0
      vertex 177.196 -82.9352 0
      vertex 177.564 -82.6895 0
    endloop
  endfacet
  facet normal 0 0 -1
    outer loop
      vertex 178.8 -91.9606 0
      vertex 177.195 -82.9359 0
      vertex 177.196 -82.9352 0
    endloop
  endfacet
  facet normal 0 0 -1
    outer loop
      vertex 178.8 -91.9606 0
      vertex 177.194 -82.9365 0
      vertex 177.195 -82.9359 0
    endloop
  endfacet
  facet normal 0 0 -1
    outer loop
      vertex 171.619 -92.9134 0
      vertex 177.393 -96.138 0
      vertex 176.807 -96.8065 0
    endloop
  endfacet
  facet normal 0 0 -1
    outer loop
      vertex 178.8 -91.9606 0
      vertex 176.797 -83.132 0
      vertex 177.194 -82.9365 0
    endloop
  endfacet
  facet normal 0 0 -1
    outer loop
      vertex 178.8 -91.9606 0
      vertex 176.796 -83.1324 0
      vertex 176.797 -83.132 0
    endloop
  endfacet
  facet normal 0 -0 -1
    outer loop
      vertex 175.5 -83.3901 0
      vertex 178.8 -91.9606 0
      vertex 172 -91 0
    endloop
  endfacet
  facet normal 0 0 -1
    outer loop
      vertex 171.33 -93.5 0
      vertex 176.807 -96.8065 0
      vertex 176.138 -97.3928 0
    endloop
  endfacet
  facet normal 0 0 -1
    outer loop
      vertex 178.8 -91.9606 0
      vertex 176.377 -83.2745 0
      vertex 176.796 -83.1324 0
    endloop
  endfacet
  facet normal 0 0 -1
    outer loop
      vertex 178.8 -91.9606 0
      vertex 175.944 -83.3608 0
      vertex 176.377 -83.2745 0
    endloop
  endfacet
  facet normal 0 0 -1
    outer loop
      vertex 178.8 -91.9606 0
      vertex 175.942 -83.3611 0
      vertex 175.944 -83.3608 0
    endloop
  endfacet
  facet normal 0 0 -1
    outer loop
      vertex 178.8 -91.9606 0
      vertex 175.941 -83.3611 0
      vertex 175.942 -83.3611 0
    endloop
  endfacet
  facet normal 0 0 -1
    outer loop
      vertex 171.33 -93.5 0
      vertex 176.138 -97.3928 0
      vertex 175.399 -97.8867 0
    endloop
  endfacet
  facet normal 0 0 -1
    outer loop
      vertex 178.8 -91.9606 0
      vertex 175.5 -83.3901 0
      vertex 175.941 -83.3611 0
    endloop
  endfacet
  facet normal -0 0 -1
    outer loop
      vertex 175.5 -83.3901 0
      vertex 172 -91 0
      vertex 175.059 -83.3611 0
    endloop
  endfacet
  facet normal -0 0 -1
    outer loop
      vertex 175.059 -83.3611 0
      vertex 172 -91 0
      vertex 175.058 -83.3611 0
    endloop
  endfacet
  facet normal -0 0 -1
    outer loop
      vertex 175.058 -83.3611 0
      vertex 172 -91 0
      vertex 175.056 -83.3608 0
    endloop
  endfacet
  facet normal 0 0 -1
    outer loop
      vertex 171.33 -93.5 0
      vertex 175.399 -97.8867 0
      vertex 174.601 -98.28 0
    endloop
  endfacet
  facet normal -0 0 -1
    outer loop
      vertex 175.056 -83.3608 0
      vertex 172 -91 0
      vertex 174.623 -83.2745 0
    endloop
  endfacet
  facet normal -0 0 -1
    outer loop
      vertex 174.623 -83.2745 0
      vertex 172 -91 0
      vertex 174.204 -83.1324 0
    endloop
  endfacet
  facet normal -0 0 -1
    outer loop
      vertex 174.204 -83.1324 0
      vertex 172 -91 0
      vertex 174.203 -83.132 0
    endloop
  endfacet
  facet normal -0 0 -1
    outer loop
      vertex 174.203 -83.132 0
      vertex 172 -91 0
      vertex 173.806 -82.9365 0
    endloop
  endfacet
  facet normal -0 0 -1
    outer loop
      vertex 173.806 -82.9365 0
      vertex 172 -91 0
      vertex 173.805 -82.9359 0
    endloop
  endfacet
  facet normal 0 0 -1
    outer loop
      vertex 170.967 -94.0438 0
      vertex 174.601 -98.28 0
      vertex 173.759 -98.5658 0
    endloop
  endfacet
  facet normal -0 0 -1
    outer loop
      vertex 173.805 -82.9359 0
      vertex 172 -91 0
      vertex 173.804 -82.9352 0
    endloop
  endfacet
  facet normal -0 0 -1
    outer loop
      vertex 173.804 -82.9352 0
      vertex 172 -91 0
      vertex 173.436 -82.6895 0
    endloop
  endfacet
  facet normal -0 0 -1
    outer loop
      vertex 173.436 -82.6895 0
      vertex 172 -91 0
      vertex 173.104 -82.398 0
    endloop
  endfacet
  facet normal -0 0 -1
    outer loop
      vertex 173.104 -82.398 0
      vertex 172 -91 0
      vertex 173.103 -82.3971 0
    endloop
  endfacet
  facet normal 0 0 -1
    outer loop
      vertex 170.967 -94.0438 0
      vertex 173.759 -98.5658 0
      vertex 172.887 -98.7393 0
    endloop
  endfacet
  facet normal -0 0 -1
    outer loop
      vertex 173.103 -82.3971 0
      vertex 172 -91 0
      vertex 173.102 -82.3962 0
    endloop
  endfacet
  facet normal -0 0 -1
    outer loop
      vertex 173.102 -82.3962 0
      vertex 172 -91 0
      vertex 172.81 -82.0637 0
    endloop
  endfacet
  facet normal -0 0 -1
    outer loop
      vertex 172.81 -82.0637 0
      vertex 172 -91 0
      vertex 172.565 -81.6961 0
    endloop
  endfacet
  facet normal -0 0 -1
    outer loop
      vertex 172.565 -81.6961 0
      vertex 172 -91 0
      vertex 172.564 -81.695 0
    endloop
  endfacet
  facet normal -0 0 -1
    outer loop
      vertex 172.564 -81.695 0
      vertex 172 -91 0
      vertex 172.564 -81.6939 0
    endloop
  endfacet
  facet normal -0 0 -1
    outer loop
      vertex 172.564 -81.6939 0
      vertex 172 -91 0
      vertex 172.368 -81.2973 0
    endloop
  endfacet
  facet normal -0 0 -1
    outer loop
      vertex 172.368 -81.2973 0
      vertex 172 -91 0
      vertex 172.368 -81.2961 0
    endloop
  endfacet
  facet normal -0 0 -1
    outer loop
      vertex 172.368 -81.2961 0
      vertex 172 -91 0
      vertex 172.225 -80.8774 0
    endloop
  endfacet
  facet normal -0 0 -1
    outer loop
      vertex 172.225 -80.8774 0
      vertex 172 -91 0
      vertex 172.139 -80.4438 0
    endloop
  endfacet
  facet normal -0 0 -1
    outer loop
      vertex 172.139 -80.4438 0
      vertex 172 -91 0
      vertex 172.139 -80.4425 0
    endloop
  endfacet
  facet normal -0 0 -1
    outer loop
      vertex 172.139 -80.4425 0
      vertex 172 -91 0
      vertex 172.139 -80.4412 0
    endloop
  endfacet
  facet normal -0 0 -1
    outer loop
      vertex 172.11 -80 0
      vertex 172 -91 0
      vertex 172.11 -20 0
    endloop
  endfacet
  facet normal -0 0 -1
    outer loop
      vertex 172.139 -80.4412 0
      vertex 172 -91 0
      vertex 172.11 -80 0
    endloop
  endfacet
  facet normal 0 0 -1
    outer loop
      vertex 170.536 -94.5355 0
      vertex 172.887 -98.7393 0
      vertex 171.961 -98.8 0
    endloop
  endfacet
  facet normal 0 0 -1
    outer loop
      vertex 178.8 -91.9606 0
      vertex 171.957 -91.6526 0
      vertex 172 -91 0
    endloop
  endfacet
  facet normal 0 0 -1
    outer loop
      vertex 178.566 -93.7593 0
      vertex 171.83 -92.2941 0
      vertex 171.957 -91.6526 0
    endloop
  endfacet
  facet normal 0 0 -1
    outer loop
      vertex 177.887 -95.3987 0
      vertex 171.619 -92.9134 0
      vertex 171.83 -92.2941 0
    endloop
  endfacet
  facet normal 0 0 -1
    outer loop
      vertex 176.807 -96.8065 0
      vertex 171.33 -93.5 0
      vertex 171.619 -92.9134 0
    endloop
  endfacet
  facet normal 0 0 -1
    outer loop
      vertex 174.601 -98.28 0
      vertex 170.967 -94.0438 0
      vertex 171.33 -93.5 0
    endloop
  endfacet
  facet normal 0 0 -1
    outer loop
      vertex 172.887 -98.7393 0
      vertex 170.536 -94.5355 0
      vertex 170.967 -94.0438 0
    endloop
  endfacet
  facet normal 0 0 -1
    outer loop
      vertex 171.961 -98.8 0
      vertex 170.044 -94.9668 0
      vertex 170.536 -94.5355 0
    endloop
  endfacet
  facet normal 0 0 -1
    outer loop
      vertex 171.961 -98.8 0
      vertex 169.5 -95.3301 0
      vertex 170.044 -94.9668 0
    endloop
  endfacet
  facet normal 0 0 -1
    outer loop
      vertex 171.961 -98.8 0
      vertex 168.913 -95.6194 0
      vertex 169.5 -95.3301 0
    endloop
  endfacet
  facet normal 0 0 -1
    outer loop
      vertex 171.961 -98.8 0
      vertex 168.294 -95.8296 0
      vertex 168.913 -95.6194 0
    endloop
  endfacet
  facet normal 0 0 -1
    outer loop
      vertex 171.961 -98.8 0
      vertex 167.653 -95.9572 0
      vertex 168.294 -95.8296 0
    endloop
  endfacet
  facet normal 0 0 -1
    outer loop
      vertex 171.961 -98.8 0
      vertex 167 -96 0
      vertex 167.653 -95.9572 0
    endloop
  endfacet
  facet normal 0 0 -1
    outer loop
      vertex 171.961 -98.8 0
      vertex 85 -96 0
      vertex 167 -96 0
    endloop
  endfacet
  facet normal 0 0 -1
    outer loop
      vertex 80.6699 -93.5 0
      vertex 80.3611 -93.4412 0
      vertex 80.3901 -93 0
    endloop
  endfacet
  facet normal 0 0 -1
    outer loop
      vertex 80.2745 -93.8774 0
      vertex 80.6699 -93.5 0
      vertex 81.0332 -94.0438 0
    endloop
  endfacet
  facet normal 0 0 -1
    outer loop
      vertex 80.132 -94.2973 0
      vertex 81.0332 -94.0438 0
      vertex 81.4645 -94.5355 0
    endloop
  endfacet
  facet normal 0 0 -1
    outer loop
      vertex 80.6699 -93.5 0
      vertex 80.3611 -93.4425 0
      vertex 80.3611 -93.4412 0
    endloop
  endfacet
  facet normal 0 0 -1
    outer loop
      vertex 80.6699 -93.5 0
      vertex 80.3608 -93.4438 0
      vertex 80.3611 -93.4425 0
    endloop
  endfacet
  facet normal -0 0 -1
    outer loop
      vertex 80.6699 -93.5 0
      vertex 80.2745 -93.8774 0
      vertex 80.3608 -93.4438 0
    endloop
  endfacet
  facet normal 0 0 -1
    outer loop
      vertex 79.6895 -95.0637 0
      vertex 81.4645 -94.5355 0
      vertex 81.9562 -94.9668 0
    endloop
  endfacet
  facet normal 0 0 -1
    outer loop
      vertex 79.3971 -95.3971 0
      vertex 81.9562 -94.9668 0
      vertex 82.5 -95.3301 0
    endloop
  endfacet
  facet normal -0 0 -1
    outer loop
      vertex 81.0332 -94.0438 0
      vertex 80.1324 -94.2961 0
      vertex 80.2745 -93.8774 0
    endloop
  endfacet
  facet normal 0 0 -1
    outer loop
      vertex 79.0637 -95.6895 0
      vertex 82.5 -95.3301 0
      vertex 83.0866 -95.6194 0
    endloop
  endfacet
  facet normal 0 0 -1
    outer loop
      vertex 81.0332 -94.0438 0
      vertex 80.132 -94.2973 0
      vertex 80.1324 -94.2961 0
    endloop
  endfacet
  facet normal -0 0 -1
    outer loop
      vertex 81.4645 -94.5355 0
      vertex 79.9365 -94.6939 0
      vertex 80.132 -94.2973 0
    endloop
  endfacet
  facet normal 0 0 -1
    outer loop
      vertex 78.6939 -95.9365 0
      vertex 83.0866 -95.6194 0
      vertex 83.7059 -95.8296 0
    endloop
  endfacet
  facet normal 0 0 -1
    outer loop
      vertex 81.4645 -94.5355 0
      vertex 79.9359 -94.695 0
      vertex 79.9365 -94.6939 0
    endloop
  endfacet
  facet normal 0 0 -1
    outer loop
      vertex 81.4645 -94.5355 0
      vertex 79.9352 -94.6961 0
      vertex 79.9359 -94.695 0
    endloop
  endfacet
  facet normal 0 0 -1
    outer loop
      vertex 81.4645 -94.5355 0
      vertex 79.6895 -95.0637 0
      vertex 79.9352 -94.6961 0
    endloop
  endfacet
  facet normal 0 0 -1
    outer loop
      vertex 77.8774 -96.2745 0
      vertex 83.7059 -95.8296 0
      vertex 84.3474 -95.9572 0
    endloop
  endfacet
  facet normal 0 0 -1
    outer loop
      vertex 81.9562 -94.9668 0
      vertex 79.398 -95.3962 0
      vertex 79.6895 -95.0637 0
    endloop
  endfacet
  facet normal 0 0 -1
    outer loop
      vertex 81.9562 -94.9668 0
      vertex 79.3971 -95.3971 0
      vertex 79.398 -95.3962 0
    endloop
  endfacet
  facet normal 0 0 -1
    outer loop
      vertex 82.5 -95.3301 0
      vertex 79.3962 -95.398 0
      vertex 79.3971 -95.3971 0
    endloop
  endfacet
  facet normal 0 0 -1
    outer loop
      vertex 82.5 -95.3301 0
      vertex 79.0637 -95.6895 0
      vertex 79.3962 -95.398 0
    endloop
  endfacet
  facet normal 0 0 -1
    outer loop
      vertex 77.4425 -96.3611 0
      vertex 84.3474 -95.9572 0
      vertex 85 -96 0
    endloop
  endfacet
  facet normal 0 0 -1
    outer loop
      vertex 83.0866 -95.6194 0
      vertex 78.6961 -95.9352 0
      vertex 79.0637 -95.6895 0
    endloop
  endfacet
  facet normal 0 0 -1
    outer loop
      vertex 77 -96.3901 0
      vertex 85 -96 0
      vertex 171.961 -98.8 0
    endloop
  endfacet
  facet normal 0 0 -1
    outer loop
      vertex 83.0866 -95.6194 0
      vertex 78.695 -95.9359 0
      vertex 78.6961 -95.9352 0
    endloop
  endfacet
  facet normal 0 0 -1
    outer loop
      vertex 83.0866 -95.6194 0
      vertex 78.6939 -95.9365 0
      vertex 78.695 -95.9359 0
    endloop
  endfacet
  facet normal 0 0 -1
    outer loop
      vertex 83.7059 -95.8296 0
      vertex 78.2973 -96.132 0
      vertex 78.6939 -95.9365 0
    endloop
  endfacet
  facet normal 0 0 -1
    outer loop
      vertex 83.7059 -95.8296 0
      vertex 78.2961 -96.1324 0
      vertex 78.2973 -96.132 0
    endloop
  endfacet
  facet normal 0 0 -1
    outer loop
      vertex 83.7059 -95.8296 0
      vertex 77.8774 -96.2745 0
      vertex 78.2961 -96.1324 0
    endloop
  endfacet
  facet normal 0 0 -1
    outer loop
      vertex 84.3474 -95.9572 0
      vertex 77.4438 -96.3608 0
      vertex 77.8774 -96.2745 0
    endloop
  endfacet
  facet normal 0 0 -1
    outer loop
      vertex 84.3474 -95.9572 0
      vertex 77.4425 -96.3611 0
      vertex 77.4438 -96.3608 0
    endloop
  endfacet
  facet normal 0 0 1
    outer loop
      vertex 85 -96 0
      vertex 77.4412 -96.3611 0
      vertex 77.4425 -96.3611 0
    endloop
  endfacet
  facet normal 0 0 -1
    outer loop
      vertex 85 -96 0
      vertex 77 -96.3901 0
      vertex 77.4412 -96.3611 0
    endloop
  endfacet
  facet normal 0 0 -1
    outer loop
      vertex 77 -96.3901 0
      vertex 76.5575 -96.3611 0
      vertex 76.5588 -96.3611 0
    endloop
  endfacet
  facet normal 0 0 -1
    outer loop
      vertex 52.4647 -95.4887 0
      vertex 74.6038 -95.398 0
      vertex 74.9363 -95.6895 0
    endloop
  endfacet
  facet normal -0 0 -1
    outer loop
      vertex 73.8676 -8.29609 0
      vertex 53.6745 -13.9226 0
      vertex 73.7255 -7.87741 0
    endloop
  endfacet
  facet normal 0 0 -1
    outer loop
      vertex 53.7611 -93.2425 0
      vertex 73.6099 -93 0
      vertex 73.6389 -93.4412 0
    endloop
  endfacet
  facet normal 0 0 -1
    outer loop
      vertex 53.7611 -93.2425 0
      vertex 73.6389 -93.4412 0
      vertex 73.6389 -93.4425 0
    endloop
  endfacet
  facet normal 0 0 -1
    outer loop
      vertex 53.7611 -93.2425 0
      vertex 73.6389 -93.4425 0
      vertex 73.6392 -93.4438 0
    endloop
  endfacet
  facet normal 0 0 -1
    outer loop
      vertex 53.6745 -93.6774 0
      vertex 73.6392 -93.4438 0
      vertex 73.7255 -93.8774 0
    endloop
  endfacet
  facet normal 0 0 -1
    outer loop
      vertex 53.5324 -94.0961 0
      vertex 73.7255 -93.8774 0
      vertex 73.8676 -94.2961 0
    endloop
  endfacet
  facet normal 0 0 -1
    outer loop
      vertex 53.532 -94.0973 0
      vertex 73.8676 -94.2961 0
      vertex 73.868 -94.2973 0
    endloop
  endfacet
  facet normal 0 0 -1
    outer loop
      vertex 53.3359 -94.495 0
      vertex 73.868 -94.2973 0
      vertex 74.0635 -94.6939 0
    endloop
  endfacet
  facet normal 0 0 -1
    outer loop
      vertex 53.3359 -94.495 0
      vertex 74.0635 -94.6939 0
      vertex 74.0641 -94.695 0
    endloop
  endfacet
  facet normal 0 0 -1
    outer loop
      vertex 53.3352 -94.4961 0
      vertex 74.0641 -94.695 0
      vertex 74.0648 -94.6961 0
    endloop
  endfacet
  facet normal 0 0 -1
    outer loop
      vertex 53.0895 -94.8637 0
      vertex 74.0648 -94.6961 0
      vertex 74.3105 -95.0637 0
    endloop
  endfacet
  facet normal 0 0 -1
    outer loop
      vertex 52.798 -95.1962 0
      vertex 74.3105 -95.0637 0
      vertex 74.602 -95.3962 0
    endloop
  endfacet
  facet normal 0 0 -1
    outer loop
      vertex 52.7971 -95.1971 0
      vertex 74.602 -95.3962 0
      vertex 74.6029 -95.3971 0
    endloop
  endfacet
  facet normal -0 0 -1
    outer loop
      vertex 74.6038 -95.398 0
      vertex 52.4647 -95.4887 0
      vertex 74.6029 -95.3971 0
    endloop
  endfacet
  facet normal 0 0 -1
    outer loop
      vertex 52.095 -95.7359 0
      vertex 74.9363 -95.6895 0
      vertex 75.3039 -95.9352 0
    endloop
  endfacet
  facet normal 0 0 -1
    outer loop
      vertex 52.095 -95.7359 0
      vertex 75.3039 -95.9352 0
      vertex 75.305 -95.9359 0
    endloop
  endfacet
  facet normal 0 0 -1
    outer loop
      vertex 52.0939 -95.7365 0
      vertex 75.305 -95.9359 0
      vertex 75.3061 -95.9365 0
    endloop
  endfacet
  facet normal 0 0 -1
    outer loop
      vertex 51.6973 -95.932 0
      vertex 75.3061 -95.9365 0
      vertex 75.7027 -96.132 0
    endloop
  endfacet
  facet normal 0 0 -1
    outer loop
      vertex 51.6973 -95.932 0
      vertex 75.7027 -96.132 0
      vertex 75.7039 -96.1324 0
    endloop
  endfacet
  facet normal 0 0 -1
    outer loop
      vertex 51.2774 -96.0745 0
      vertex 75.7039 -96.1324 0
      vertex 76.1226 -96.2745 0
    endloop
  endfacet
  facet normal 0 0 -1
    outer loop
      vertex 50.8425 -96.1611 0
      vertex 76.1226 -96.2745 0
      vertex 76.5562 -96.3608 0
    endloop
  endfacet
  facet normal 0 0 -1
    outer loop
      vertex 50.8425 -96.1611 0
      vertex 76.5562 -96.3608 0
      vertex 76.5575 -96.3611 0
    endloop
  endfacet
  facet normal 0 0 -1
    outer loop
      vertex 73.6099 -93 0
      vertex 53.79 -92.8013 0
      vertex 53.7901 -92.8 0
    endloop
  endfacet
  facet normal -0 0 -1
    outer loop
      vertex 73.6099 -93 0
      vertex 53.7611 -93.2425 0
      vertex 53.79 -92.8013 0
    endloop
  endfacet
  facet normal -0 0 -1
    outer loop
      vertex 73.6392 -93.4438 0
      vertex 53.6745 -93.6774 0
      vertex 53.7611 -93.2425 0
    endloop
  endfacet
  facet normal -0 0 -1
    outer loop
      vertex 73.7255 -93.8774 0
      vertex 53.5324 -94.0961 0
      vertex 53.6745 -93.6774 0
    endloop
  endfacet
  facet normal 0 0 -1
    outer loop
      vertex 73.8676 -94.2961 0
      vertex 53.532 -94.0973 0
      vertex 53.5324 -94.0961 0
    endloop
  endfacet
  facet normal 0 0 -1
    outer loop
      vertex 73.868 -94.2973 0
      vertex 53.5314 -94.0985 0
      vertex 53.532 -94.0973 0
    endloop
  endfacet
  facet normal -0 0 -1
    outer loop
      vertex 73.868 -94.2973 0
      vertex 53.3359 -94.495 0
      vertex 53.5314 -94.0985 0
    endloop
  endfacet
  facet normal 0 0 -1
    outer loop
      vertex 74.0641 -94.695 0
      vertex 53.3352 -94.4961 0
      vertex 53.3359 -94.495 0
    endloop
  endfacet
  facet normal -0 0 -1
    outer loop
      vertex 74.0648 -94.6961 0
      vertex 53.0895 -94.8637 0
      vertex 53.3352 -94.4961 0
    endloop
  endfacet
  facet normal 0 0 -1
    outer loop
      vertex 50.4 -96.1901 0
      vertex 76.5575 -96.3611 0
      vertex 77 -96.3901 0
    endloop
  endfacet
  facet normal -0 0 -1
    outer loop
      vertex 74.3105 -95.0637 0
      vertex 52.798 -95.1962 0
      vertex 53.0895 -94.8637 0
    endloop
  endfacet
  facet normal 0 0 -1
    outer loop
      vertex 74.602 -95.3962 0
      vertex 52.7971 -95.1971 0
      vertex 52.798 -95.1962 0
    endloop
  endfacet
  facet normal -0 0 -1
    outer loop
      vertex 74.6029 -95.3971 0
      vertex 52.4647 -95.4887 0
      vertex 52.7971 -95.1971 0
    endloop
  endfacet
  facet normal 0 0 -1
    outer loop
      vertex 74.9363 -95.6895 0
      vertex 52.4637 -95.4895 0
      vertex 52.4647 -95.4887 0
    endloop
  endfacet
  facet normal 0 0 -1
    outer loop
      vertex 74.9363 -95.6895 0
      vertex 52.4627 -95.4902 0
      vertex 52.4637 -95.4895 0
    endloop
  endfacet
  facet normal -0 0 -1
    outer loop
      vertex 74.9363 -95.6895 0
      vertex 52.095 -95.7359 0
      vertex 52.4627 -95.4902 0
    endloop
  endfacet
  facet normal 0 0 -1
    outer loop
      vertex 75.305 -95.9359 0
      vertex 52.0939 -95.7365 0
      vertex 52.095 -95.7359 0
    endloop
  endfacet
  facet normal 0 0 -1
    outer loop
      vertex 75.3061 -95.9365 0
      vertex 51.6973 -95.932 0
      vertex 52.0939 -95.7365 0
    endloop
  endfacet
  facet normal 0 0 -1
    outer loop
      vertex 8.03937 -98.8 0
      vertex 77 -96.3901 0
      vertex 171.961 -98.8 0
    endloop
  endfacet
  facet normal 0 0 -1
    outer loop
      vertex 75.7039 -96.1324 0
      vertex 51.2774 -96.0745 0
      vertex 51.6973 -95.932 0
    endloop
  endfacet
  facet normal 0 0 -1
    outer loop
      vertex 76.1226 -96.2745 0
      vertex 50.8438 -96.1608 0
      vertex 51.2774 -96.0745 0
    endloop
  endfacet
  facet normal 0 0 -1
    outer loop
      vertex 76.1226 -96.2745 0
      vertex 50.8425 -96.1611 0
      vertex 50.8438 -96.1608 0
    endloop
  endfacet
  facet normal 0 0 -1
    outer loop
      vertex 76.5575 -96.3611 0
      vertex 50.8412 -96.1611 0
      vertex 50.8425 -96.1611 0
    endloop
  endfacet
  facet normal 0 0 -1
    outer loop
      vertex 76.5575 -96.3611 0
      vertex 50.4 -96.1901 0
      vertex 50.8412 -96.1611 0
    endloop
  endfacet
  facet normal 0 0 -1
    outer loop
      vertex 50.4 -96.1901 0
      vertex 49.9575 -96.1611 0
      vertex 49.9588 -96.1611 0
    endloop
  endfacet
  facet normal 0 0 1
    outer loop
      vertex 49.1027 -95.932 0
      vertex 48.705 -95.7359 0
      vertex 48.7061 -95.7365 0
    endloop
  endfacet
  facet normal 0 0 1
    outer loop
      vertex 48.705 -95.7359 0
      vertex 48.3363 -95.4895 0
      vertex 48.3373 -95.4902 0
    endloop
  endfacet
  facet normal 0 0 1
    outer loop
      vertex 48.3363 -95.4895 0
      vertex 48.0029 -95.1971 0
      vertex 48.3353 -95.4887 0
    endloop
  endfacet
  facet normal 0 0 1
    outer loop
      vertex 47.7105 -94.8637 0
      vertex 47.4641 -94.495 0
      vertex 47.4648 -94.4961 0
    endloop
  endfacet
  facet normal 0 0 -1
    outer loop
      vertex 47.01 -92.8013 0
      vertex 11.7901 -92.8 0
      vertex 47.0099 -92.8 0
    endloop
  endfacet
  facet normal 0 0 -1
    outer loop
      vertex 11.79 -92.8013 0
      vertex 47.01 -92.8013 0
      vertex 47.0389 -93.2425 0
    endloop
  endfacet
  facet normal 0 0 -1
    outer loop
      vertex 11.7611 -93.2425 0
      vertex 47.0389 -93.2425 0
      vertex 47.1252 -93.6761 0
    endloop
  endfacet
  facet normal 0 0 -1
    outer loop
      vertex 11.6745 -93.6774 0
      vertex 47.1252 -93.6761 0
      vertex 47.1255 -93.6774 0
    endloop
  endfacet
  facet normal 0 0 -1
    outer loop
      vertex 11.6745 -93.6774 0
      vertex 47.1255 -93.6774 0
      vertex 47.1259 -93.6786 0
    endloop
  endfacet
  facet normal 0 0 -1
    outer loop
      vertex 11.6745 -93.6774 0
      vertex 47.1259 -93.6786 0
      vertex 47.268 -94.0973 0
    endloop
  endfacet
  facet normal 0 0 -1
    outer loop
      vertex 11.5314 -94.0985 0
      vertex 47.268 -94.0973 0
      vertex 47.4635 -94.4939 0
    endloop
  endfacet
  facet normal 0 0 -1
    outer loop
      vertex 11.3359 -94.495 0
      vertex 47.4635 -94.4939 0
      vertex 47.4641 -94.495 0
    endloop
  endfacet
  facet normal 0 0 -1
    outer loop
      vertex 11.3359 -94.495 0
      vertex 47.4641 -94.495 0
      vertex 47.7105 -94.8637 0
    endloop
  endfacet
  facet normal 0 0 -1
    outer loop
      vertex 11.0895 -94.8637 0
      vertex 47.7105 -94.8637 0
      vertex 48.002 -95.1962 0
    endloop
  endfacet
  facet normal 0 0 -1
    outer loop
      vertex 10.798 -95.1962 0
      vertex 48.002 -95.1962 0
      vertex 48.0029 -95.1971 0
    endloop
  endfacet
  facet normal 0 0 -1
    outer loop
      vertex 8.03937 -98.8 0
      vertex 48.0029 -95.1971 0
      vertex 48.3363 -95.4895 0
    endloop
  endfacet
  facet normal 0 0 -1
    outer loop
      vertex 8.03937 -98.8 0
      vertex 48.3363 -95.4895 0
      vertex 48.705 -95.7359 0
    endloop
  endfacet
  facet normal 0 0 -1
    outer loop
      vertex 8.03937 -98.8 0
      vertex 48.705 -95.7359 0
      vertex 49.1027 -95.932 0
    endloop
  endfacet
  facet normal 0 0 -1
    outer loop
      vertex 8.03937 -98.8 0
      vertex 49.1027 -95.932 0
      vertex 49.5226 -96.0745 0
    endloop
  endfacet
  facet normal 0 0 -1
    outer loop
      vertex 8.03937 -98.8 0
      vertex 49.5226 -96.0745 0
      vertex 49.9562 -96.1608 0
    endloop
  endfacet
  facet normal 0 0 -1
    outer loop
      vertex 8.03937 -98.8 0
      vertex 49.9562 -96.1608 0
      vertex 49.9575 -96.1611 0
    endloop
  endfacet
  facet normal 0 0 -1
    outer loop
      vertex 47.01 -92.8013 0
      vertex 11.79 -92.8013 0
      vertex 11.7901 -92.8 0
    endloop
  endfacet
  facet normal 0 0 -1
    outer loop
      vertex 47.0389 -93.2425 0
      vertex 11.7611 -93.2425 0
      vertex 11.79 -92.8013 0
    endloop
  endfacet
  facet normal -0 0 -1
    outer loop
      vertex 47.1252 -93.6761 0
      vertex 11.6745 -93.6774 0
      vertex 11.7611 -93.2425 0
    endloop
  endfacet
  facet normal 0 0 -1
    outer loop
      vertex 8.03937 -98.8 0
      vertex 49.9575 -96.1611 0
      vertex 50.4 -96.1901 0
    endloop
  endfacet
  facet normal 0 0 -1
    outer loop
      vertex 47.268 -94.0973 0
      vertex 11.5324 -94.0961 0
      vertex 11.6745 -93.6774 0
    endloop
  endfacet
  facet normal 0 0 -1
    outer loop
      vertex 47.268 -94.0973 0
      vertex 11.532 -94.0973 0
      vertex 11.5324 -94.0961 0
    endloop
  endfacet
  facet normal -0 0 -1
    outer loop
      vertex 47.268 -94.0973 0
      vertex 11.5314 -94.0985 0
      vertex 11.532 -94.0973 0
    endloop
  endfacet
  facet normal -0 0 -1
    outer loop
      vertex 47.4635 -94.4939 0
      vertex 11.3359 -94.495 0
      vertex 11.5314 -94.0985 0
    endloop
  endfacet
  facet normal 0 0 -1
    outer loop
      vertex 47.7105 -94.8637 0
      vertex 11.3352 -94.4961 0
      vertex 11.3359 -94.495 0
    endloop
  endfacet
  facet normal 0 0 -1
    outer loop
      vertex 47.7105 -94.8637 0
      vertex 11.0895 -94.8637 0
      vertex 11.3352 -94.4961 0
    endloop
  endfacet
  facet normal 0 0 -1
    outer loop
      vertex 48.002 -95.1962 0
      vertex 10.798 -95.1962 0
      vertex 11.0895 -94.8637 0
    endloop
  endfacet
  facet normal 0 0 -1
    outer loop
      vertex 48.0029 -95.1971 0
      vertex 10.7971 -95.1971 0
      vertex 10.798 -95.1962 0
    endloop
  endfacet
  facet normal -0 0 -1
    outer loop
      vertex 48.0029 -95.1971 0
      vertex 8.03937 -98.8 0
      vertex 10.7971 -95.1971 0
    endloop
  endfacet
  facet normal -0 0 -1
    outer loop
      vertex 77 -96.3901 0
      vertex 8.03937 -98.8 0
      vertex 50.4 -96.1901 0
    endloop
  endfacet
  facet normal 0 0 -1
    outer loop
      vertex 10.7971 -95.1971 0
      vertex 8.03937 -98.8 0
      vertex 10.4647 -95.4887 0
    endloop
  endfacet
  facet normal 0 0 -1
    outer loop
      vertex 10.4647 -95.4887 0
      vertex 8.03937 -98.8 0
      vertex 10.4637 -95.4895 0
    endloop
  endfacet
  facet normal 0 0 -1
    outer loop
      vertex 10.4637 -95.4895 0
      vertex 8.03937 -98.8 0
      vertex 10.4627 -95.4902 0
    endloop
  endfacet
  facet normal 0 0 -1
    outer loop
      vertex 10.4627 -95.4902 0
      vertex 8.03937 -98.8 0
      vertex 10.095 -95.7359 0
    endloop
  endfacet
  facet normal 0 0 -1
    outer loop
      vertex 10.095 -95.7359 0
      vertex 8.03937 -98.8 0
      vertex 10.0939 -95.7365 0
    endloop
  endfacet
  facet normal 0 0 -1
    outer loop
      vertex 10.0939 -95.7365 0
      vertex 8.03937 -98.8 0
      vertex 9.69732 -95.932 0
    endloop
  endfacet
  facet normal 0 0 -1
    outer loop
      vertex 9.69732 -95.932 0
      vertex 8.03937 -98.8 0
      vertex 9.27741 -96.0745 0
    endloop
  endfacet
  facet normal 0 0 -1
    outer loop
      vertex 9.27741 -96.0745 0
      vertex 8.03937 -98.8 0
      vertex 8.84377 -96.1608 0
    endloop
  endfacet
  facet normal 0 0 -1
    outer loop
      vertex 8.84377 -96.1608 0
      vertex 8.03937 -98.8 0
      vertex 8.84249 -96.1611 0
    endloop
  endfacet
  facet normal -0 0 -1
    outer loop
      vertex 8.84249 -96.1611 0
      vertex 8.03937 -98.8 0
      vertex 8.84119 -96.1611 0
    endloop
  endfacet
  facet normal 0 0 -1
    outer loop
      vertex 8.84119 -96.1611 0
      vertex 8.03937 -98.8 0
      vertex 8.4 -96.1901 0
    endloop
  endfacet
  facet normal 0 0 -1
    outer loop
      vertex 8.03937 -98.8 0
      vertex 7.95881 -96.1611 0
      vertex 8.4 -96.1901 0
    endloop
  endfacet
  facet normal 0 0 -1
    outer loop
      vertex 8.03937 -98.8 0
      vertex 7.95751 -96.1611 0
      vertex 7.95881 -96.1611 0
    endloop
  endfacet
  facet normal 0 0 -1
    outer loop
      vertex 8.03937 -98.8 0
      vertex 7.95623 -96.1608 0
      vertex 7.95751 -96.1611 0
    endloop
  endfacet
  facet normal 0 0 -1
    outer loop
      vertex 7.11275 -98.7393 0
      vertex 7.95623 -96.1608 0
      vertex 8.03937 -98.8 0
    endloop
  endfacet
  facet normal -0 0 -1
    outer loop
      vertex 7.95623 -96.1608 0
      vertex 7.11275 -98.7393 0
      vertex 7.52259 -96.0745 0
    endloop
  endfacet
  facet normal 0 0 -1
    outer loop
      vertex 6.24074 -98.5658 0
      vertex 7.52259 -96.0745 0
      vertex 7.11275 -98.7393 0
    endloop
  endfacet
  facet normal -0 0 -1
    outer loop
      vertex 7.52259 -96.0745 0
      vertex 6.24074 -98.5658 0
      vertex 7.10268 -95.932 0
    endloop
  endfacet
  facet normal -0 0 -1
    outer loop
      vertex 7.10268 -95.932 0
      vertex 6.24074 -98.5658 0
      vertex 6.70614 -95.7365 0
    endloop
  endfacet
  facet normal 0 0 -1
    outer loop
      vertex 5.39871 -98.28 0
      vertex 6.70614 -95.7365 0
      vertex 6.24074 -98.5658 0
    endloop
  endfacet
  facet normal -0 0 -1
    outer loop
      vertex 6.70614 -95.7365 0
      vertex 5.39871 -98.28 0
      vertex 6.70497 -95.7359 0
    endloop
  endfacet
  facet normal -0 0 -1
    outer loop
      vertex 6.70497 -95.7359 0
      vertex 5.39871 -98.28 0
      vertex 6.33734 -95.4902 0
    endloop
  endfacet
  facet normal 0 0 -1
    outer loop
      vertex 4.60126 -97.8867 0
      vertex 6.33734 -95.4902 0
      vertex 5.39871 -98.28 0
    endloop
  endfacet
  facet normal -0 0 -1
    outer loop
      vertex 6.33734 -95.4902 0
      vertex 4.60126 -97.8867 0
      vertex 6.33626 -95.4895 0
    endloop
  endfacet
  facet normal -0 0 -1
    outer loop
      vertex 6.33626 -95.4895 0
      vertex 4.60126 -97.8867 0
      vertex 6.33528 -95.4887 0
    endloop
  endfacet
  facet normal -0 0 -1
    outer loop
      vertex 6.33528 -95.4887 0
      vertex 4.60126 -97.8867 0
      vertex 6.00287 -95.1971 0
    endloop
  endfacet
  facet normal 0 0 -1
    outer loop
      vertex 3.862 -97.3928 0
      vertex 6.00287 -95.1971 0
      vertex 4.60126 -97.8867 0
    endloop
  endfacet
  facet normal -0 0 -1
    outer loop
      vertex 6.00287 -95.1971 0
      vertex 3.862 -97.3928 0
      vertex 6.00201 -95.1962 0
    endloop
  endfacet
  facet normal -0 0 -1
    outer loop
      vertex 6.00201 -95.1962 0
      vertex 3.862 -97.3928 0
      vertex 5.71048 -94.8637 0
    endloop
  endfacet
  facet normal 0 0 -1
    outer loop
      vertex 3.19348 -96.8065 0
      vertex 5.71048 -94.8637 0
      vertex 3.862 -97.3928 0
    endloop
  endfacet
  facet normal -0 0 -1
    outer loop
      vertex 5.71048 -94.8637 0
      vertex 3.19348 -96.8065 0
      vertex 5.46484 -94.4961 0
    endloop
  endfacet
  facet normal -0 0 -1
    outer loop
      vertex 5.46484 -94.4961 0
      vertex 3.19348 -96.8065 0
      vertex 5.46412 -94.495 0
    endloop
  endfacet
  facet normal 0 0 -1
    outer loop
      vertex 2.60722 -96.138 0
      vertex 5.46412 -94.495 0
      vertex 3.19348 -96.8065 0
    endloop
  endfacet
  facet normal -0 0 -1
    outer loop
      vertex 5.46412 -94.495 0
      vertex 2.60722 -96.138 0
      vertex 5.46355 -94.4939 0
    endloop
  endfacet
  facet normal -0 0 -1
    outer loop
      vertex 5.46355 -94.4939 0
      vertex 2.60722 -96.138 0
      vertex 5.26799 -94.0973 0
    endloop
  endfacet
  facet normal 0 0 -1
    outer loop
      vertex 1.43419 -93.7593 0
      vertex 5.01003 -92.8013 0
      vertex 5.03894 -93.2425 0
    endloop
  endfacet
  facet normal -0 0 -1
    outer loop
      vertex 5.12587 -93.6786 0
      vertex 2.11327 -95.3987 0
      vertex 5.12545 -93.6774 0
    endloop
  endfacet
  facet normal -0 0 -1
    outer loop
      vertex 5.26799 -94.0973 0
      vertex 2.11327 -95.3987 0
      vertex 5.12587 -93.6786 0
    endloop
  endfacet
  facet normal 0 0 -1
    outer loop
      vertex 2.11327 -95.3987 0
      vertex 5.26799 -94.0973 0
      vertex 2.60722 -96.138 0
    endloop
  endfacet
  facet normal 0 0 -1
    outer loop
      vertex 178.775 -79.1226 0
      vertex 178.8 -20.7494 0
      vertex 178.8 -79.2506 0
    endloop
  endfacet
  facet normal 0 0 -1
    outer loop
      vertex 178.775 -79.1226 0
      vertex 178.775 -20.8774 0
      vertex 178.8 -20.7494 0
    endloop
  endfacet
  facet normal 0 0 -1
    outer loop
      vertex 178.632 -78.7039 0
      vertex 178.775 -20.8774 0
      vertex 178.775 -79.1226 0
    endloop
  endfacet
  facet normal 0 0 -1
    outer loop
      vertex 178.632 -78.7039 0
      vertex 178.632 -21.2961 0
      vertex 178.775 -20.8774 0
    endloop
  endfacet
  facet normal 0 0 -0
    outer loop
      vertex 178.632 -78.7027 0
      vertex 178.632 -21.2961 0
      vertex 178.632 -78.7039 0
    endloop
  endfacet
  facet normal 0 0 0
    outer loop
      vertex 178.632 -78.7027 0
      vertex 178.632 -21.2973 0
      vertex 178.632 -21.2961 0
    endloop
  endfacet
  facet normal 0 0 -1
    outer loop
      vertex 178.436 -78.3061 0
      vertex 178.632 -21.2973 0
      vertex 178.632 -78.7027 0
    endloop
  endfacet
  facet normal 0 0 -1
    outer loop
      vertex 178.436 -78.3061 0
      vertex 178.436 -21.6939 0
      vertex 178.632 -21.2973 0
    endloop
  endfacet
  facet normal 0 0 -0
    outer loop
      vertex 178.436 -78.305 0
      vertex 178.436 -21.6939 0
      vertex 178.436 -78.3061 0
    endloop
  endfacet
  facet normal 0 0 0
    outer loop
      vertex 178.436 -78.305 0
      vertex 178.436 -21.695 0
      vertex 178.436 -21.6939 0
    endloop
  endfacet
  facet normal 0 0 -1
    outer loop
      vertex 178.435 -78.3039 0
      vertex 178.436 -21.695 0
      vertex 178.436 -78.305 0
    endloop
  endfacet
  facet normal 0 0 -1
    outer loop
      vertex 178.435 -78.3039 0
      vertex 178.435 -21.6961 0
      vertex 178.436 -21.695 0
    endloop
  endfacet
  facet normal 0 0 -1
    outer loop
      vertex 178.19 -77.9363 0
      vertex 178.435 -21.6961 0
      vertex 178.435 -78.3039 0
    endloop
  endfacet
  facet normal 0 0 -1
    outer loop
      vertex 178.19 -77.9363 0
      vertex 178.19 -22.0637 0
      vertex 178.435 -21.6961 0
    endloop
  endfacet
  facet normal 0 0 -1
    outer loop
      vertex 177.898 -77.6038 0
      vertex 178.19 -22.0637 0
      vertex 178.19 -77.9363 0
    endloop
  endfacet
  facet normal 0 0 -1
    outer loop
      vertex 177.898 -77.6038 0
      vertex 177.898 -22.3962 0
      vertex 178.19 -22.0637 0
    endloop
  endfacet
  facet normal 0 0 -1
    outer loop
      vertex 177.897 -77.6029 0
      vertex 177.898 -22.3962 0
      vertex 177.898 -77.6038 0
    endloop
  endfacet
  facet normal 0 0 -1
    outer loop
      vertex 177.897 -77.6029 0
      vertex 177.897 -22.3971 0
      vertex 177.898 -22.3962 0
    endloop
  endfacet
  facet normal 0 0 -1
    outer loop
      vertex 177.896 -77.602 0
      vertex 177.897 -22.3971 0
      vertex 177.897 -77.6029 0
    endloop
  endfacet
  facet normal 0 0 -1
    outer loop
      vertex 177.896 -77.602 0
      vertex 177.896 -22.398 0
      vertex 177.897 -22.3971 0
    endloop
  endfacet
  facet normal 0 0 -1
    outer loop
      vertex 177.564 -77.3105 0
      vertex 177.896 -22.398 0
      vertex 177.896 -77.602 0
    endloop
  endfacet
  facet normal 0 0 -1
    outer loop
      vertex 177.564 -77.3105 0
      vertex 177.564 -22.6895 0
      vertex 177.896 -22.398 0
    endloop
  endfacet
  facet normal 0 0 -1
    outer loop
      vertex 177.196 -77.0648 0
      vertex 177.564 -22.6895 0
      vertex 177.564 -77.3105 0
    endloop
  endfacet
  facet normal 0 0 -1
    outer loop
      vertex 177.196 -77.0648 0
      vertex 177.196 -22.9352 0
      vertex 177.564 -22.6895 0
    endloop
  endfacet
  facet normal 0 0 -1
    outer loop
      vertex 177.195 -77.0641 0
      vertex 177.196 -22.9352 0
      vertex 177.196 -77.0648 0
    endloop
  endfacet
  facet normal 0 0 -1
    outer loop
      vertex 177.195 -77.0641 0
      vertex 177.195 -22.9359 0
      vertex 177.196 -22.9352 0
    endloop
  endfacet
  facet normal 0 0 -1
    outer loop
      vertex 177.194 -77.0635 0
      vertex 177.195 -22.9359 0
      vertex 177.195 -77.0641 0
    endloop
  endfacet
  facet normal 0 0 -1
    outer loop
      vertex 177.194 -77.0635 0
      vertex 177.194 -22.9365 0
      vertex 177.195 -22.9359 0
    endloop
  endfacet
  facet normal 0 0 -1
    outer loop
      vertex 176.797 -76.868 0
      vertex 177.194 -22.9365 0
      vertex 177.194 -77.0635 0
    endloop
  endfacet
  facet normal 0 0 -1
    outer loop
      vertex 176.797 -76.868 0
      vertex 176.797 -23.132 0
      vertex 177.194 -22.9365 0
    endloop
  endfacet
  facet normal 0 0 -1
    outer loop
      vertex 176.796 -76.8676 0
      vertex 176.797 -23.132 0
      vertex 176.797 -76.868 0
    endloop
  endfacet
  facet normal 0 0 -1
    outer loop
      vertex 176.796 -76.8676 0
      vertex 176.796 -23.1324 0
      vertex 176.797 -23.132 0
    endloop
  endfacet
  facet normal 0 0 -1
    outer loop
      vertex 176.377 -76.7255 0
      vertex 176.796 -23.1324 0
      vertex 176.796 -76.8676 0
    endloop
  endfacet
  facet normal 0 0 -1
    outer loop
      vertex 176.377 -76.7255 0
      vertex 176.377 -23.2745 0
      vertex 176.796 -23.1324 0
    endloop
  endfacet
  facet normal 0 0 -1
    outer loop
      vertex 175.944 -76.6392 0
      vertex 176.377 -23.2745 0
      vertex 176.377 -76.7255 0
    endloop
  endfacet
  facet normal 0 0 -1
    outer loop
      vertex 175.944 -76.6392 0
      vertex 175.944 -23.3608 0
      vertex 176.377 -23.2745 0
    endloop
  endfacet
  facet normal 0 0 -1
    outer loop
      vertex 175.942 -76.6389 0
      vertex 175.944 -23.3608 0
      vertex 175.944 -76.6392 0
    endloop
  endfacet
  facet normal 0 0 -1
    outer loop
      vertex 175.942 -76.6389 0
      vertex 175.942 -23.3611 0
      vertex 175.944 -23.3608 0
    endloop
  endfacet
  facet normal 0 0 -1
    outer loop
      vertex 175.941 -76.6389 0
      vertex 175.942 -23.3611 0
      vertex 175.942 -76.6389 0
    endloop
  endfacet
  facet normal 0 0 -1
    outer loop
      vertex 175.941 -76.6389 0
      vertex 175.941 -23.3611 0
      vertex 175.942 -23.3611 0
    endloop
  endfacet
  facet normal 0 0 -1
    outer loop
      vertex 175.5 -76.6099 0
      vertex 175.941 -23.3611 0
      vertex 175.941 -76.6389 0
    endloop
  endfacet
  facet normal 0 0 -1
    outer loop
      vertex 175.5 -76.6099 0
      vertex 175.5 -23.3901 0
      vertex 175.941 -23.3611 0
    endloop
  endfacet
  facet normal 0 0 -1
    outer loop
      vertex 175.059 -76.6389 0
      vertex 175.5 -23.3901 0
      vertex 175.5 -76.6099 0
    endloop
  endfacet
  facet normal 0 0 -1
    outer loop
      vertex 175.059 -76.6389 0
      vertex 175.059 -23.3611 0
      vertex 175.5 -23.3901 0
    endloop
  endfacet
  facet normal 0 0 -1
    outer loop
      vertex 175.058 -76.6389 0
      vertex 175.059 -23.3611 0
      vertex 175.059 -76.6389 0
    endloop
  endfacet
  facet normal 0 0 -1
    outer loop
      vertex 175.058 -76.6389 0
      vertex 175.058 -23.3611 0
      vertex 175.059 -23.3611 0
    endloop
  endfacet
  facet normal 0 0 -1
    outer loop
      vertex 175.056 -76.6392 0
      vertex 175.058 -23.3611 0
      vertex 175.058 -76.6389 0
    endloop
  endfacet
  facet normal 0 0 -1
    outer loop
      vertex 175.056 -76.6392 0
      vertex 175.056 -23.3608 0
      vertex 175.058 -23.3611 0
    endloop
  endfacet
  facet normal 0 0 -1
    outer loop
      vertex 174.623 -76.7255 0
      vertex 175.056 -23.3608 0
      vertex 175.056 -76.6392 0
    endloop
  endfacet
  facet normal 0 0 -1
    outer loop
      vertex 174.623 -76.7255 0
      vertex 174.623 -23.2745 0
      vertex 175.056 -23.3608 0
    endloop
  endfacet
  facet normal 0 0 -1
    outer loop
      vertex 174.204 -76.8676 0
      vertex 174.623 -23.2745 0
      vertex 174.623 -76.7255 0
    endloop
  endfacet
  facet normal 0 0 -1
    outer loop
      vertex 174.204 -76.8676 0
      vertex 174.204 -23.1324 0
      vertex 174.623 -23.2745 0
    endloop
  endfacet
  facet normal 0 0 -1
    outer loop
      vertex 174.203 -76.868 0
      vertex 174.204 -23.1324 0
      vertex 174.204 -76.8676 0
    endloop
  endfacet
  facet normal 0 0 -1
    outer loop
      vertex 174.203 -76.868 0
      vertex 174.203 -23.132 0
      vertex 174.204 -23.1324 0
    endloop
  endfacet
  facet normal 0 0 -1
    outer loop
      vertex 173.806 -77.0635 0
      vertex 174.203 -23.132 0
      vertex 174.203 -76.868 0
    endloop
  endfacet
  facet normal 0 0 -1
    outer loop
      vertex 173.806 -77.0635 0
      vertex 173.806 -22.9365 0
      vertex 174.203 -23.132 0
    endloop
  endfacet
  facet normal 0 0 -1
    outer loop
      vertex 173.805 -77.0641 0
      vertex 173.806 -22.9365 0
      vertex 173.806 -77.0635 0
    endloop
  endfacet
  facet normal 0 0 -1
    outer loop
      vertex 173.805 -77.0641 0
      vertex 173.805 -22.9359 0
      vertex 173.806 -22.9365 0
    endloop
  endfacet
  facet normal 0 0 -1
    outer loop
      vertex 173.804 -77.0648 0
      vertex 173.805 -22.9359 0
      vertex 173.805 -77.0641 0
    endloop
  endfacet
  facet normal 0 0 -1
    outer loop
      vertex 173.804 -77.0648 0
      vertex 173.804 -22.9352 0
      vertex 173.805 -22.9359 0
    endloop
  endfacet
  facet normal 0 0 -1
    outer loop
      vertex 173.436 -77.3105 0
      vertex 173.804 -22.9352 0
      vertex 173.804 -77.0648 0
    endloop
  endfacet
  facet normal 0 0 -1
    outer loop
      vertex 173.436 -77.3105 0
      vertex 173.436 -22.6895 0
      vertex 173.804 -22.9352 0
    endloop
  endfacet
  facet normal 0 0 -1
    outer loop
      vertex 173.104 -77.602 0
      vertex 173.436 -22.6895 0
      vertex 173.436 -77.3105 0
    endloop
  endfacet
  facet normal 0 0 -1
    outer loop
      vertex 173.104 -77.602 0
      vertex 173.104 -22.398 0
      vertex 173.436 -22.6895 0
    endloop
  endfacet
  facet normal 0 0 -1
    outer loop
      vertex 173.103 -77.6029 0
      vertex 173.104 -22.398 0
      vertex 173.104 -77.602 0
    endloop
  endfacet
  facet normal 0 0 -1
    outer loop
      vertex 173.103 -77.6029 0
      vertex 173.103 -22.3971 0
      vertex 173.104 -22.398 0
    endloop
  endfacet
  facet normal 0 0 -1
    outer loop
      vertex 173.102 -77.6038 0
      vertex 173.103 -22.3971 0
      vertex 173.103 -77.6029 0
    endloop
  endfacet
  facet normal 0 0 -1
    outer loop
      vertex 173.102 -77.6038 0
      vertex 173.102 -22.3962 0
      vertex 173.103 -22.3971 0
    endloop
  endfacet
  facet normal 0 0 -1
    outer loop
      vertex 172.81 -77.9363 0
      vertex 173.102 -22.3962 0
      vertex 173.102 -77.6038 0
    endloop
  endfacet
  facet normal 0 0 -1
    outer loop
      vertex 172.81 -77.9363 0
      vertex 172.81 -22.0637 0
      vertex 173.102 -22.3962 0
    endloop
  endfacet
  facet normal 0 0 -1
    outer loop
      vertex 172.565 -78.3039 0
      vertex 172.81 -22.0637 0
      vertex 172.81 -77.9363 0
    endloop
  endfacet
  facet normal 0 0 -1
    outer loop
      vertex 172.565 -78.3039 0
      vertex 172.565 -21.6961 0
      vertex 172.81 -22.0637 0
    endloop
  endfacet
  facet normal 0 0 -1
    outer loop
      vertex 172.564 -78.305 0
      vertex 172.565 -21.6961 0
      vertex 172.565 -78.3039 0
    endloop
  endfacet
  facet normal 0 0 -1
    outer loop
      vertex 172.564 -78.305 0
      vertex 172.564 -21.695 0
      vertex 172.565 -21.6961 0
    endloop
  endfacet
  facet normal 0 0 0
    outer loop
      vertex 172.564 -78.3061 0
      vertex 172.564 -21.695 0
      vertex 172.564 -78.305 0
    endloop
  endfacet
  facet normal 0 0 0
    outer loop
      vertex 172.564 -78.3061 0
      vertex 172.564 -21.6939 0
      vertex 172.564 -21.695 0
    endloop
  endfacet
  facet normal 0 0 -1
    outer loop
      vertex 172.368 -78.7027 0
      vertex 172.564 -21.6939 0
      vertex 172.564 -78.3061 0
    endloop
  endfacet
  facet normal 0 0 -1
    outer loop
      vertex 172.368 -78.7027 0
      vertex 172.368 -21.2973 0
      vertex 172.564 -21.6939 0
    endloop
  endfacet
  facet normal 0 0 0
    outer loop
      vertex 172.368 -78.7039 0
      vertex 172.368 -21.2973 0
      vertex 172.368 -78.7027 0
    endloop
  endfacet
  facet normal 0 0 0
    outer loop
      vertex 172.368 -78.7039 0
      vertex 172.368 -21.2961 0
      vertex 172.368 -21.2973 0
    endloop
  endfacet
  facet normal 0 0 -1
    outer loop
      vertex 172.225 -79.1226 0
      vertex 172.368 -21.2961 0
      vertex 172.368 -78.7039 0
    endloop
  endfacet
  facet normal 0 0 -1
    outer loop
      vertex 172.225 -79.1226 0
      vertex 172.225 -20.8774 0
      vertex 172.368 -21.2961 0
    endloop
  endfacet
  facet normal 0 0 -1
    outer loop
      vertex 172.139 -79.5562 0
      vertex 172.225 -20.8774 0
      vertex 172.225 -79.1226 0
    endloop
  endfacet
  facet normal 0 0 -1
    outer loop
      vertex 172.139 -79.5562 0
      vertex 172.139 -20.4438 0
      vertex 172.225 -20.8774 0
    endloop
  endfacet
  facet normal 0 0 0
    outer loop
      vertex 172.139 -79.5575 0
      vertex 172.139 -20.4438 0
      vertex 172.139 -79.5562 0
    endloop
  endfacet
  facet normal 0 0 0
    outer loop
      vertex 172.139 -79.5575 0
      vertex 172.139 -20.4425 0
      vertex 172.139 -20.4438 0
    endloop
  endfacet
  facet normal 0 0 0
    outer loop
      vertex 172.139 -79.5588 0
      vertex 172.139 -20.4425 0
      vertex 172.139 -79.5575 0
    endloop
  endfacet
  facet normal 0 0 0
    outer loop
      vertex 172.139 -79.5588 0
      vertex 172.139 -20.4412 0
      vertex 172.139 -20.4425 0
    endloop
  endfacet
  facet normal 0 0 -1
    outer loop
      vertex 172.11 -80 0
      vertex 172.139 -20.4412 0
      vertex 172.139 -79.5588 0
    endloop
  endfacet
  facet normal -0 0 -1
    outer loop
      vertex 172.139 -20.4412 0
      vertex 172.11 -80 0
      vertex 172.11 -20 0
    endloop
  endfacet
  facet normal 0 0 -1
    outer loop
      vertex 178.775 -19.1226 0
      vertex 178.8 -8.03937 0
      vertex 178.8 -19.2506 0
    endloop
  endfacet
  facet normal 0 0 -1
    outer loop
      vertex 178.632 -18.7039 0
      vertex 178.8 -8.03937 0
      vertex 178.775 -19.1226 0
    endloop
  endfacet
  facet normal 0 0 -1
    outer loop
      vertex 178.632 -18.7027 0
      vertex 178.8 -8.03937 0
      vertex 178.632 -18.7039 0
    endloop
  endfacet
  facet normal 0 0 -1
    outer loop
      vertex 178.436 -18.3061 0
      vertex 178.8 -8.03937 0
      vertex 178.632 -18.7027 0
    endloop
  endfacet
  facet normal 0 0 -1
    outer loop
      vertex 178.436 -18.305 0
      vertex 178.8 -8.03937 0
      vertex 178.436 -18.3061 0
    endloop
  endfacet
  facet normal 0 0 -1
    outer loop
      vertex 178.435 -18.3039 0
      vertex 178.8 -8.03937 0
      vertex 178.436 -18.305 0
    endloop
  endfacet
  facet normal 0 0 -1
    outer loop
      vertex 178.19 -17.9363 0
      vertex 178.8 -8.03937 0
      vertex 178.435 -18.3039 0
    endloop
  endfacet
  facet normal 0 0 -1
    outer loop
      vertex 177.898 -17.6038 0
      vertex 178.8 -8.03937 0
      vertex 178.19 -17.9363 0
    endloop
  endfacet
  facet normal 0 0 -1
    outer loop
      vertex 177.897 -17.6029 0
      vertex 178.8 -8.03937 0
      vertex 177.898 -17.6038 0
    endloop
  endfacet
  facet normal 0 0 -1
    outer loop
      vertex 177.896 -17.602 0
      vertex 178.8 -8.03937 0
      vertex 177.897 -17.6029 0
    endloop
  endfacet
  facet normal 0 0 -1
    outer loop
      vertex 177.564 -17.3105 0
      vertex 178.8 -8.03937 0
      vertex 177.896 -17.602 0
    endloop
  endfacet
  facet normal 0 0 -1
    outer loop
      vertex 177.196 -17.0648 0
      vertex 178.8 -8.03937 0
      vertex 177.564 -17.3105 0
    endloop
  endfacet
  facet normal 0 0 -1
    outer loop
      vertex 177.195 -17.0641 0
      vertex 178.8 -8.03937 0
      vertex 177.196 -17.0648 0
    endloop
  endfacet
  facet normal 0 0 -1
    outer loop
      vertex 177.194 -17.0635 0
      vertex 178.8 -8.03937 0
      vertex 177.195 -17.0641 0
    endloop
  endfacet
  facet normal 0 0 -1
    outer loop
      vertex 176.797 -16.868 0
      vertex 178.8 -8.03937 0
      vertex 177.194 -17.0635 0
    endloop
  endfacet
  facet normal 0 0 -1
    outer loop
      vertex 176.796 -16.8676 0
      vertex 178.8 -8.03937 0
      vertex 176.797 -16.868 0
    endloop
  endfacet
  facet normal 0 0 -1
    outer loop
      vertex 176.377 -16.7255 0
      vertex 178.8 -8.03937 0
      vertex 176.796 -16.8676 0
    endloop
  endfacet
  facet normal 0 0 -1
    outer loop
      vertex 175.944 -16.6392 0
      vertex 178.8 -8.03937 0
      vertex 176.377 -16.7255 0
    endloop
  endfacet
  facet normal 0 0 -1
    outer loop
      vertex 175.942 -16.6389 0
      vertex 178.8 -8.03937 0
      vertex 175.944 -16.6392 0
    endloop
  endfacet
  facet normal 0 0 -1
    outer loop
      vertex 175.941 -16.6389 0
      vertex 178.8 -8.03937 0
      vertex 175.942 -16.6389 0
    endloop
  endfacet
  facet normal -0 0 -1
    outer loop
      vertex 178.739 -7.11275 0
      vertex 171.957 -8.34737 0
      vertex 178.566 -6.24074 0
    endloop
  endfacet
  facet normal 0 0 -1
    outer loop
      vertex 171.83 -7.7059 0
      vertex 178.566 -6.24074 0
      vertex 171.957 -8.34737 0
    endloop
  endfacet
  facet normal -0 0 -1
    outer loop
      vertex 178.566 -6.24074 0
      vertex 171.83 -7.7059 0
      vertex 178.28 -5.39871 0
    endloop
  endfacet
  facet normal -0 0 -1
    outer loop
      vertex 178.28 -5.39871 0
      vertex 171.83 -7.7059 0
      vertex 177.887 -4.60126 0
    endloop
  endfacet
  facet normal 0 0 -1
    outer loop
      vertex 171.957 -8.34737 0
      vertex 178.8 -8.03937 0
      vertex 172 -9 0
    endloop
  endfacet
  facet normal -0 0 -1
    outer loop
      vertex 178.8 -8.03937 0
      vertex 171.957 -8.34737 0
      vertex 178.739 -7.11275 0
    endloop
  endfacet
  facet normal 0 0 -1
    outer loop
      vertex 175.5 -16.6099 0
      vertex 178.8 -8.03937 0
      vertex 175.941 -16.6389 0
    endloop
  endfacet
  facet normal 0 0 -1
    outer loop
      vertex 178.8 -8.03937 0
      vertex 175.5 -16.6099 0
      vertex 172 -9 0
    endloop
  endfacet
  facet normal 0 0 -1
    outer loop
      vertex 171.619 -7.08658 0
      vertex 177.887 -4.60126 0
      vertex 171.83 -7.7059 0
    endloop
  endfacet
  facet normal 0 0 -1
    outer loop
      vertex 172 -9 0
      vertex 175.5 -16.6099 0
      vertex 175.059 -16.6389 0
    endloop
  endfacet
  facet normal 0 0 -1
    outer loop
      vertex 172 -9 0
      vertex 175.059 -16.6389 0
      vertex 175.058 -16.6389 0
    endloop
  endfacet
  facet normal 0 0 -1
    outer loop
      vertex 172 -9 0
      vertex 175.058 -16.6389 0
      vertex 175.056 -16.6392 0
    endloop
  endfacet
  facet normal 0 0 -1
    outer loop
      vertex 172 -9 0
      vertex 175.056 -16.6392 0
      vertex 174.623 -16.7255 0
    endloop
  endfacet
  facet normal -0 0 -1
    outer loop
      vertex 177.887 -4.60126 0
      vertex 171.619 -7.08658 0
      vertex 177.393 -3.862 0
    endloop
  endfacet
  facet normal 0 0 -1
    outer loop
      vertex 172 -9 0
      vertex 174.623 -16.7255 0
      vertex 174.204 -16.8676 0
    endloop
  endfacet
  facet normal 0 0 -1
    outer loop
      vertex 172 -9 0
      vertex 174.204 -16.8676 0
      vertex 174.203 -16.868 0
    endloop
  endfacet
  facet normal 0 0 -1
    outer loop
      vertex 172 -9 0
      vertex 174.203 -16.868 0
      vertex 173.806 -17.0635 0
    endloop
  endfacet
  facet normal 0 0 -1
    outer loop
      vertex 172 -9 0
      vertex 173.806 -17.0635 0
      vertex 173.805 -17.0641 0
    endloop
  endfacet
  facet normal 0 0 -1
    outer loop
      vertex 172 -9 0
      vertex 173.805 -17.0641 0
      vertex 173.804 -17.0648 0
    endloop
  endfacet
  facet normal -0 0 -1
    outer loop
      vertex 177.393 -3.862 0
      vertex 171.619 -7.08658 0
      vertex 176.807 -3.19348 0
    endloop
  endfacet
  facet normal 0 0 -1
    outer loop
      vertex 172 -9 0
      vertex 173.804 -17.0648 0
      vertex 173.436 -17.3105 0
    endloop
  endfacet
  facet normal 0 0 -1
    outer loop
      vertex 172 -9 0
      vertex 173.436 -17.3105 0
      vertex 173.104 -17.602 0
    endloop
  endfacet
  facet normal 0 0 -1
    outer loop
      vertex 172 -9 0
      vertex 173.104 -17.602 0
      vertex 173.103 -17.6029 0
    endloop
  endfacet
  facet normal 0 0 -1
    outer loop
      vertex 172 -9 0
      vertex 173.103 -17.6029 0
      vertex 173.102 -17.6038 0
    endloop
  endfacet
  facet normal 0 0 -1
    outer loop
      vertex 171.33 -6.5 0
      vertex 176.807 -3.19348 0
      vertex 171.619 -7.08658 0
    endloop
  endfacet
  facet normal 0 0 -1
    outer loop
      vertex 172 -9 0
      vertex 173.102 -17.6038 0
      vertex 172.81 -17.9363 0
    endloop
  endfacet
  facet normal 0 0 -1
    outer loop
      vertex 172 -9 0
      vertex 172.81 -17.9363 0
      vertex 172.565 -18.3039 0
    endloop
  endfacet
  facet normal 0 0 -1
    outer loop
      vertex 172 -9 0
      vertex 172.565 -18.3039 0
      vertex 172.564 -18.305 0
    endloop
  endfacet
  facet normal 0 0 -1
    outer loop
      vertex 172 -9 0
      vertex 172.564 -18.305 0
      vertex 172.564 -18.3061 0
    endloop
  endfacet
  facet normal 0 0 -1
    outer loop
      vertex 172 -9 0
      vertex 172.564 -18.3061 0
      vertex 172.368 -18.7027 0
    endloop
  endfacet
  facet normal 0 0 -1
    outer loop
      vertex 172 -9 0
      vertex 172.368 -18.7027 0
      vertex 172.368 -18.7039 0
    endloop
  endfacet
  facet normal 0 0 -1
    outer loop
      vertex 172 -9 0
      vertex 172.368 -18.7039 0
      vertex 172.225 -19.1226 0
    endloop
  endfacet
  facet normal 0 0 -1
    outer loop
      vertex 172 -9 0
      vertex 172.225 -19.1226 0
      vertex 172.139 -19.5562 0
    endloop
  endfacet
  facet normal 0 0 -1
    outer loop
      vertex 172 -9 0
      vertex 172.139 -19.5562 0
      vertex 172.139 -19.5575 0
    endloop
  endfacet
  facet normal 0 0 -1
    outer loop
      vertex 172 -9 0
      vertex 172.139 -19.5575 0
      vertex 172.139 -19.5588 0
    endloop
  endfacet
  facet normal 0 0 -1
    outer loop
      vertex 172 -9 0
      vertex 172.139 -19.5588 0
      vertex 172.11 -20 0
    endloop
  endfacet
  facet normal 0 0 -1
    outer loop
      vertex 172 -9 0
      vertex 172.11 -20 0
      vertex 172 -91 0
    endloop
  endfacet
  facet normal -0 0 -1
    outer loop
      vertex 176.807 -3.19348 0
      vertex 171.33 -6.5 0
      vertex 176.138 -2.60722 0
    endloop
  endfacet
  facet normal -0 0 -1
    outer loop
      vertex 176.138 -2.60722 0
      vertex 171.33 -6.5 0
      vertex 175.399 -2.11327 0
    endloop
  endfacet
  facet normal -0 0 -1
    outer loop
      vertex 175.399 -2.11327 0
      vertex 171.33 -6.5 0
      vertex 174.601 -1.72002 0
    endloop
  endfacet
  facet normal 0 0 -1
    outer loop
      vertex 170.967 -5.95619 0
      vertex 174.601 -1.72002 0
      vertex 171.33 -6.5 0
    endloop
  endfacet
  facet normal -0 0 -1
    outer loop
      vertex 174.601 -1.72002 0
      vertex 170.967 -5.95619 0
      vertex 173.759 -1.43419 0
    endloop
  endfacet
  facet normal -0 0 -1
    outer loop
      vertex 173.759 -1.43419 0
      vertex 170.967 -5.95619 0
      vertex 172.887 -1.26073 0
    endloop
  endfacet
  facet normal 0 0 -1
    outer loop
      vertex 170.536 -5.46446 0
      vertex 172.887 -1.26073 0
      vertex 170.967 -5.95619 0
    endloop
  endfacet
  facet normal -0 0 -1
    outer loop
      vertex 172.887 -1.26073 0
      vertex 170.536 -5.46446 0
      vertex 171.961 -1.2 0
    endloop
  endfacet
  facet normal 0 0 -1
    outer loop
      vertex 170.044 -5.03323 0
      vertex 171.961 -1.2 0
      vertex 170.536 -5.46446 0
    endloop
  endfacet
  facet normal 0 0 -1
    outer loop
      vertex 169.5 -4.66988 0
      vertex 171.961 -1.2 0
      vertex 170.044 -5.03323 0
    endloop
  endfacet
  facet normal 0 0 -1
    outer loop
      vertex 168.913 -4.3806 0
      vertex 171.961 -1.2 0
      vertex 169.5 -4.66988 0
    endloop
  endfacet
  facet normal 0 0 -1
    outer loop
      vertex 168.294 -4.17036 0
      vertex 171.961 -1.2 0
      vertex 168.913 -4.3806 0
    endloop
  endfacet
  facet normal 0 0 -1
    outer loop
      vertex 167.653 -4.04277 0
      vertex 171.961 -1.2 0
      vertex 168.294 -4.17036 0
    endloop
  endfacet
  facet normal 0 0 -1
    outer loop
      vertex 167 -4 0
      vertex 171.961 -1.2 0
      vertex 167.653 -4.04277 0
    endloop
  endfacet
  facet normal 0 0 -1
    outer loop
      vertex 85 -4 0
      vertex 171.961 -1.2 0
      vertex 167 -4 0
    endloop
  endfacet
  facet normal 0 0 -1
    outer loop
      vertex 80.3611 -6.55881 0
      vertex 80.6699 -6.5 0
      vertex 80.3901 -7 0
    endloop
  endfacet
  facet normal 0 0 -1
    outer loop
      vertex 80.3611 -6.55751 0
      vertex 80.6699 -6.5 0
      vertex 80.3611 -6.55881 0
    endloop
  endfacet
  facet normal 0 0 -1
    outer loop
      vertex 80.3608 -6.55623 0
      vertex 80.6699 -6.5 0
      vertex 80.3611 -6.55751 0
    endloop
  endfacet
  facet normal 0 0 -1
    outer loop
      vertex 80.2745 -6.12259 0
      vertex 80.6699 -6.5 0
      vertex 80.3608 -6.55623 0
    endloop
  endfacet
  facet normal 0 0 -1
    outer loop
      vertex 80.6699 -6.5 0
      vertex 80.2745 -6.12259 0
      vertex 81.0332 -5.95619 0
    endloop
  endfacet
  facet normal 0 0 -1
    outer loop
      vertex 80.1324 -5.70391 0
      vertex 81.0332 -5.95619 0
      vertex 80.2745 -6.12259 0
    endloop
  endfacet
  facet normal 0 0 -1
    outer loop
      vertex 80.132 -5.70268 0
      vertex 81.0332 -5.95619 0
      vertex 80.1324 -5.70391 0
    endloop
  endfacet
  facet normal 0 0 -1
    outer loop
      vertex 81.0332 -5.95619 0
      vertex 80.132 -5.70268 0
      vertex 81.4645 -5.46446 0
    endloop
  endfacet
  facet normal 0 0 -1
    outer loop
      vertex 79.9365 -5.30614 0
      vertex 81.4645 -5.46446 0
      vertex 80.132 -5.70268 0
    endloop
  endfacet
  facet normal 0 0 -1
    outer loop
      vertex 79.9359 -5.30497 0
      vertex 81.4645 -5.46446 0
      vertex 79.9365 -5.30614 0
    endloop
  endfacet
  facet normal 0 0 -1
    outer loop
      vertex 79.9352 -5.30389 0
      vertex 81.4645 -5.46446 0
      vertex 79.9359 -5.30497 0
    endloop
  endfacet
  facet normal 0 0 -1
    outer loop
      vertex 79.6895 -4.93626 0
      vertex 81.4645 -5.46446 0
      vertex 79.9352 -5.30389 0
    endloop
  endfacet
  facet normal 0 0 -1
    outer loop
      vertex 81.4645 -5.46446 0
      vertex 79.6895 -4.93626 0
      vertex 81.9562 -5.03323 0
    endloop
  endfacet
  facet normal 0 0 -1
    outer loop
      vertex 79.398 -4.60384 0
      vertex 81.9562 -5.03323 0
      vertex 79.6895 -4.93626 0
    endloop
  endfacet
  facet normal 0 0 -1
    outer loop
      vertex 79.3971 -4.60287 0
      vertex 81.9562 -5.03323 0
      vertex 79.398 -4.60384 0
    endloop
  endfacet
  facet normal 0 0 -1
    outer loop
      vertex 81.9562 -5.03323 0
      vertex 79.3971 -4.60287 0
      vertex 82.5 -4.66988 0
    endloop
  endfacet
  facet normal 0 0 -1
    outer loop
      vertex 79.3962 -4.60201 0
      vertex 82.5 -4.66988 0
      vertex 79.3971 -4.60287 0
    endloop
  endfacet
  facet normal 0 0 -1
    outer loop
      vertex 79.0637 -4.31048 0
      vertex 82.5 -4.66988 0
      vertex 79.3962 -4.60201 0
    endloop
  endfacet
  facet normal 0 0 -1
    outer loop
      vertex 82.5 -4.66988 0
      vertex 79.0637 -4.31048 0
      vertex 83.0866 -4.3806 0
    endloop
  endfacet
  facet normal 0 0 -1
    outer loop
      vertex 78.6961 -4.06484 0
      vertex 83.0866 -4.3806 0
      vertex 79.0637 -4.31048 0
    endloop
  endfacet
  facet normal 0 0 -1
    outer loop
      vertex 78.695 -4.06412 0
      vertex 83.0866 -4.3806 0
      vertex 78.6961 -4.06484 0
    endloop
  endfacet
  facet normal 0 0 -1
    outer loop
      vertex 78.6939 -4.06355 0
      vertex 83.0866 -4.3806 0
      vertex 78.695 -4.06412 0
    endloop
  endfacet
  facet normal 0 0 -1
    outer loop
      vertex 83.0866 -4.3806 0
      vertex 78.6939 -4.06355 0
      vertex 83.7059 -4.17036 0
    endloop
  endfacet
  facet normal 0 0 -1
    outer loop
      vertex 78.2973 -3.86799 0
      vertex 83.7059 -4.17036 0
      vertex 78.6939 -4.06355 0
    endloop
  endfacet
  facet normal 0 0 -1
    outer loop
      vertex 78.2961 -3.86758 0
      vertex 83.7059 -4.17036 0
      vertex 78.2973 -3.86799 0
    endloop
  endfacet
  facet normal 0 0 -1
    outer loop
      vertex 77.8774 -3.72545 0
      vertex 83.7059 -4.17036 0
      vertex 78.2961 -3.86758 0
    endloop
  endfacet
  facet normal 0 0 -1
    outer loop
      vertex 83.7059 -4.17036 0
      vertex 77.8774 -3.72545 0
      vertex 84.3474 -4.04277 0
    endloop
  endfacet
  facet normal 0 0 -1
    outer loop
      vertex 77.4438 -3.6392 0
      vertex 84.3474 -4.04277 0
      vertex 77.8774 -3.72545 0
    endloop
  endfacet
  facet normal 0 0 -1
    outer loop
      vertex 77.4425 -3.63894 0
      vertex 84.3474 -4.04277 0
      vertex 77.4438 -3.6392 0
    endloop
  endfacet
  facet normal 0 0 -1
    outer loop
      vertex 84.3474 -4.04277 0
      vertex 77.4425 -3.63894 0
      vertex 85 -4 0
    endloop
  endfacet
  facet normal 0 0 -1
    outer loop
      vertex 77.4412 -3.63886 0
      vertex 85 -4 0
      vertex 77.4425 -3.63894 0
    endloop
  endfacet
  facet normal 0 0 -1
    outer loop
      vertex 77 -3.60994 0
      vertex 85 -4 0
      vertex 77.4412 -3.63886 0
    endloop
  endfacet
  facet normal 0 0 -1
    outer loop
      vertex 85 -4 0
      vertex 77 -3.60994 0
      vertex 171.961 -1.2 0
    endloop
  endfacet
  facet normal 0 0 -1
    outer loop
      vertex 76.1226 -3.72545 0
      vertex 76.5575 -3.63894 0
      vertex 76.5562 -3.6392 0
    endloop
  endfacet
  facet normal 0 0 1
    outer loop
      vertex 75.305 -4.06412 0
      vertex 75.7027 -3.86799 0
      vertex 75.3061 -4.06355 0
    endloop
  endfacet
  facet normal 0 0 -1
    outer loop
      vertex 53.5324 -13.5039 0
      vertex 73.7255 -7.87741 0
      vertex 53.6745 -13.9226 0
    endloop
  endfacet
  facet normal 0 0 -1
    outer loop
      vertex 53.532 -13.5027 0
      vertex 73.7255 -7.87741 0
      vertex 53.5324 -13.5039 0
    endloop
  endfacet
  facet normal -0 0 -1
    outer loop
      vertex 73.7255 -7.87741 0
      vertex 53.532 -13.5027 0
      vertex 73.6392 -7.44377 0
    endloop
  endfacet
  facet normal -0 0 -1
    outer loop
      vertex 73.6392 -7.44377 0
      vertex 53.532 -13.5027 0
      vertex 73.6389 -7.44249 0
    endloop
  endfacet
  facet normal 0 0 -1
    outer loop
      vertex 53.5314 -13.5015 0
      vertex 73.6389 -7.44249 0
      vertex 53.532 -13.5027 0
    endloop
  endfacet
  facet normal 0 0 -1
    outer loop
      vertex 53.3359 -13.105 0
      vertex 73.6389 -7.44249 0
      vertex 53.5314 -13.5015 0
    endloop
  endfacet
  facet normal -0 0 -1
    outer loop
      vertex 73.6389 -7.44249 0
      vertex 53.3359 -13.105 0
      vertex 73.6389 -7.44119 0
    endloop
  endfacet
  facet normal -0 0 -1
    outer loop
      vertex 73.6389 -7.44119 0
      vertex 53.3359 -13.105 0
      vertex 73.6099 -7 0
    endloop
  endfacet
  facet normal 0 0 -1
    outer loop
      vertex 53.0895 -12.7363 0
      vertex 73.6099 -7 0
      vertex 53.3359 -13.105 0
    endloop
  endfacet
  facet normal -0 0 -1
    outer loop
      vertex 73.6099 -7 0
      vertex 53.0895 -12.7363 0
      vertex 73.6389 -6.55881 0
    endloop
  endfacet
  facet normal -0 0 -1
    outer loop
      vertex 73.6389 -6.55881 0
      vertex 53.0895 -12.7363 0
      vertex 73.6389 -6.55751 0
    endloop
  endfacet
  facet normal 0 0 -1
    outer loop
      vertex 53.0887 -12.7353 0
      vertex 73.6389 -6.55751 0
      vertex 53.0895 -12.7363 0
    endloop
  endfacet
  facet normal 0 0 -1
    outer loop
      vertex 52.7971 -12.4029 0
      vertex 73.6389 -6.55751 0
      vertex 53.0887 -12.7353 0
    endloop
  endfacet
  facet normal -0 0 -1
    outer loop
      vertex 73.6389 -6.55751 0
      vertex 52.7971 -12.4029 0
      vertex 73.6392 -6.55623 0
    endloop
  endfacet
  facet normal -0 0 -1
    outer loop
      vertex 73.6392 -6.55623 0
      vertex 52.7971 -12.4029 0
      vertex 73.7255 -6.12259 0
    endloop
  endfacet
  facet normal 0 0 -1
    outer loop
      vertex 52.4647 -12.1113 0
      vertex 73.7255 -6.12259 0
      vertex 52.7971 -12.4029 0
    endloop
  endfacet
  facet normal 0 0 -1
    outer loop
      vertex 52.4637 -12.1105 0
      vertex 73.7255 -6.12259 0
      vertex 52.4647 -12.1113 0
    endloop
  endfacet
  facet normal -0 0 -1
    outer loop
      vertex 73.7255 -6.12259 0
      vertex 52.4637 -12.1105 0
      vertex 73.8676 -5.70391 0
    endloop
  endfacet
  facet normal -0 0 -1
    outer loop
      vertex 73.8676 -5.70391 0
      vertex 52.4637 -12.1105 0
      vertex 73.868 -5.70268 0
    endloop
  endfacet
  facet normal 0 0 -1
    outer loop
      vertex 52.4627 -12.1098 0
      vertex 73.868 -5.70268 0
      vertex 52.4637 -12.1105 0
    endloop
  endfacet
  facet normal 0 0 -1
    outer loop
      vertex 52.095 -11.8641 0
      vertex 73.868 -5.70268 0
      vertex 52.4627 -12.1098 0
    endloop
  endfacet
  facet normal -0 0 -1
    outer loop
      vertex 73.868 -5.70268 0
      vertex 52.095 -11.8641 0
      vertex 74.0635 -5.30614 0
    endloop
  endfacet
  facet normal -0 0 -1
    outer loop
      vertex 74.0635 -5.30614 0
      vertex 52.095 -11.8641 0
      vertex 74.0641 -5.30497 0
    endloop
  endfacet
  facet normal 0 0 -1
    outer loop
      vertex 51.6985 -11.6686 0
      vertex 74.0641 -5.30497 0
      vertex 52.095 -11.8641 0
    endloop
  endfacet
  facet normal 0 0 -1
    outer loop
      vertex 51.6973 -11.668 0
      vertex 74.0641 -5.30497 0
      vertex 51.6985 -11.6686 0
    endloop
  endfacet
  facet normal -0 0 -1
    outer loop
      vertex 74.0641 -5.30497 0
      vertex 51.6973 -11.668 0
      vertex 74.0648 -5.30389 0
    endloop
  endfacet
  facet normal -0 0 -1
    outer loop
      vertex 74.0648 -5.30389 0
      vertex 51.6973 -11.668 0
      vertex 74.3105 -4.93626 0
    endloop
  endfacet
  facet normal 0 0 -1
    outer loop
      vertex 51.6961 -11.6676 0
      vertex 74.3105 -4.93626 0
      vertex 51.6973 -11.668 0
    endloop
  endfacet
  facet normal 0 0 -1
    outer loop
      vertex 51.2774 -11.5255 0
      vertex 74.3105 -4.93626 0
      vertex 51.6961 -11.6676 0
    endloop
  endfacet
  facet normal -0 0 -1
    outer loop
      vertex 74.3105 -4.93626 0
      vertex 51.2774 -11.5255 0
      vertex 74.602 -4.60384 0
    endloop
  endfacet
  facet normal -0 0 -1
    outer loop
      vertex 74.602 -4.60384 0
      vertex 51.2774 -11.5255 0
      vertex 74.6029 -4.60287 0
    endloop
  endfacet
  facet normal 0 0 -1
    outer loop
      vertex 51.2761 -11.5252 0
      vertex 74.6029 -4.60287 0
      vertex 51.2774 -11.5255 0
    endloop
  endfacet
  facet normal 0 0 -1
    outer loop
      vertex 50.8425 -11.4389 0
      vertex 74.6029 -4.60287 0
      vertex 51.2761 -11.5252 0
    endloop
  endfacet
  facet normal -0 0 -1
    outer loop
      vertex 74.6029 -4.60287 0
      vertex 50.8425 -11.4389 0
      vertex 74.6038 -4.60201 0
    endloop
  endfacet
  facet normal -0 0 -1
    outer loop
      vertex 74.6038 -4.60201 0
      vertex 50.8425 -11.4389 0
      vertex 74.9363 -4.31048 0
    endloop
  endfacet
  facet normal 0 0 -1
    outer loop
      vertex 50.4 -11.4099 0
      vertex 74.9363 -4.31048 0
      vertex 50.8425 -11.4389 0
    endloop
  endfacet
  facet normal -0 0 -1
    outer loop
      vertex 74.9363 -4.31048 0
      vertex 50.4 -11.4099 0
      vertex 75.3039 -4.06484 0
    endloop
  endfacet
  facet normal -0 0 -1
    outer loop
      vertex 75.3039 -4.06484 0
      vertex 50.4 -11.4099 0
      vertex 75.305 -4.06412 0
    endloop
  endfacet
  facet normal 0 0 -1
    outer loop
      vertex 49.9588 -11.4389 0
      vertex 75.305 -4.06412 0
      vertex 50.4 -11.4099 0
    endloop
  endfacet
  facet normal 0 0 -1
    outer loop
      vertex 49.9575 -11.4389 0
      vertex 75.305 -4.06412 0
      vertex 49.9588 -11.4389 0
    endloop
  endfacet
  facet normal 0 0 -1
    outer loop
      vertex 8.03937 -1.2 0
      vertex 75.305 -4.06412 0
      vertex 49.9575 -11.4389 0
    endloop
  endfacet
  facet normal 0 0 -1
    outer loop
      vertex 75.305 -4.06412 0
      vertex 8.03937 -1.2 0
      vertex 75.7027 -3.86799 0
    endloop
  endfacet
  facet normal 0 0 -1
    outer loop
      vertex 75.7027 -3.86799 0
      vertex 8.03937 -1.2 0
      vertex 75.7039 -3.86758 0
    endloop
  endfacet
  facet normal 0 0 -1
    outer loop
      vertex 8.03937 -1.2 0
      vertex 49.9575 -11.4389 0
      vertex 49.9562 -11.4392 0
    endloop
  endfacet
  facet normal 0 0 -1
    outer loop
      vertex 8.03937 -1.2 0
      vertex 49.9562 -11.4392 0
      vertex 49.5226 -11.5255 0
    endloop
  endfacet
  facet normal 0 0 -1
    outer loop
      vertex 49.1027 -11.668 0
      vertex 49.5226 -11.5255 0
      vertex 49.1039 -11.6676 0
    endloop
  endfacet
  facet normal 0 0 1
    outer loop
      vertex 48.3363 -12.1105 0
      vertex 48.705 -11.8641 0
      vertex 48.3373 -12.1098 0
    endloop
  endfacet
  facet normal 0 0 1
    outer loop
      vertex 48.0029 -12.4029 0
      vertex 48.3363 -12.1105 0
      vertex 48.3353 -12.1113 0
    endloop
  endfacet
  facet normal 0 0 1
    outer loop
      vertex 47.7105 -12.7363 0
      vertex 48.0029 -12.4029 0
      vertex 47.7113 -12.7353 0
    endloop
  endfacet
  facet normal 0 0 -1
    outer loop
      vertex 11.7901 -14.8 0
      vertex 47.0389 -14.3575 0
      vertex 47.0099 -14.8 0
    endloop
  endfacet
  facet normal 0 0 -1
    outer loop
      vertex 11.7611 -14.3575 0
      vertex 47.0389 -14.3575 0
      vertex 11.7901 -14.8 0
    endloop
  endfacet
  facet normal 0 0 -1
    outer loop
      vertex 47.0389 -14.3575 0
      vertex 11.7611 -14.3575 0
      vertex 47.1252 -13.9239 0
    endloop
  endfacet
  facet normal 0 0 -1
    outer loop
      vertex 11.6748 -13.9239 0
      vertex 47.1252 -13.9239 0
      vertex 11.7611 -14.3575 0
    endloop
  endfacet
  facet normal 0 0 -1
    outer loop
      vertex 47.1252 -13.9239 0
      vertex 11.6748 -13.9239 0
      vertex 47.1255 -13.9226 0
    endloop
  endfacet
  facet normal 0 0 -1
    outer loop
      vertex 11.6745 -13.9226 0
      vertex 47.1255 -13.9226 0
      vertex 11.6748 -13.9239 0
    endloop
  endfacet
  facet normal 0 0 -1
    outer loop
      vertex 47.1255 -13.9226 0
      vertex 11.6745 -13.9226 0
      vertex 47.1259 -13.9214 0
    endloop
  endfacet
  facet normal -0 0 -1
    outer loop
      vertex 47.1259 -13.9214 0
      vertex 11.6745 -13.9226 0
      vertex 47.268 -13.5027 0
    endloop
  endfacet
  facet normal 0 0 -1
    outer loop
      vertex 11.5324 -13.5039 0
      vertex 47.268 -13.5027 0
      vertex 11.6745 -13.9226 0
    endloop
  endfacet
  facet normal 0 0 -1
    outer loop
      vertex 11.532 -13.5027 0
      vertex 47.268 -13.5027 0
      vertex 11.5324 -13.5039 0
    endloop
  endfacet
  facet normal 0 0 -1
    outer loop
      vertex 11.5314 -13.5015 0
      vertex 47.268 -13.5027 0
      vertex 11.532 -13.5027 0
    endloop
  endfacet
  facet normal 0 0 -1
    outer loop
      vertex 47.268 -13.5027 0
      vertex 11.5314 -13.5015 0
      vertex 47.4635 -13.1061 0
    endloop
  endfacet
  facet normal 0 0 -1
    outer loop
      vertex 11.3359 -13.105 0
      vertex 47.4635 -13.1061 0
      vertex 11.5314 -13.5015 0
    endloop
  endfacet
  facet normal 0 0 -1
    outer loop
      vertex 47.4635 -13.1061 0
      vertex 11.3359 -13.105 0
      vertex 47.4641 -13.105 0
    endloop
  endfacet
  facet normal 0 0 -1
    outer loop
      vertex 8.03937 -1.2 0
      vertex 47.4641 -13.105 0
      vertex 11.3359 -13.105 0
    endloop
  endfacet
  facet normal 0 0 -1
    outer loop
      vertex 47.4641 -13.105 0
      vertex 8.03937 -1.2 0
      vertex 47.7105 -12.7363 0
    endloop
  endfacet
  facet normal 0 0 -1
    outer loop
      vertex 47.7105 -12.7363 0
      vertex 8.03937 -1.2 0
      vertex 48.0029 -12.4029 0
    endloop
  endfacet
  facet normal 0 0 -1
    outer loop
      vertex 48.0029 -12.4029 0
      vertex 8.03937 -1.2 0
      vertex 48.3363 -12.1105 0
    endloop
  endfacet
  facet normal 0 0 -1
    outer loop
      vertex 48.3363 -12.1105 0
      vertex 8.03937 -1.2 0
      vertex 48.705 -11.8641 0
    endloop
  endfacet
  facet normal 0 0 -1
    outer loop
      vertex 48.705 -11.8641 0
      vertex 8.03937 -1.2 0
      vertex 49.1015 -11.6686 0
    endloop
  endfacet
  facet normal 0 0 -1
    outer loop
      vertex 49.1015 -11.6686 0
      vertex 8.03937 -1.2 0
      vertex 49.1027 -11.668 0
    endloop
  endfacet
  facet normal 0 0 -1
    outer loop
      vertex 49.1027 -11.668 0
      vertex 8.03937 -1.2 0
      vertex 49.5226 -11.5255 0
    endloop
  endfacet
  facet normal 0 0 -1
    outer loop
      vertex 75.7039 -3.86758 0
      vertex 8.03937 -1.2 0
      vertex 76.1226 -3.72545 0
    endloop
  endfacet
  facet normal 0 0 -1
    outer loop
      vertex 8.03937 -1.2 0
      vertex 11.3359 -13.105 0
      vertex 11.0895 -12.7363 0
    endloop
  endfacet
  facet normal 0 0 -1
    outer loop
      vertex 8.03937 -1.2 0
      vertex 11.0895 -12.7363 0
      vertex 11.0887 -12.7353 0
    endloop
  endfacet
  facet normal 0 0 -1
    outer loop
      vertex 8.03937 -1.2 0
      vertex 11.0887 -12.7353 0
      vertex 10.7971 -12.4029 0
    endloop
  endfacet
  facet normal 0 0 -1
    outer loop
      vertex 8.03937 -1.2 0
      vertex 10.7971 -12.4029 0
      vertex 10.4647 -12.1113 0
    endloop
  endfacet
  facet normal 0 0 -1
    outer loop
      vertex 8.03937 -1.2 0
      vertex 10.4647 -12.1113 0
      vertex 10.4637 -12.1105 0
    endloop
  endfacet
  facet normal 0 0 -1
    outer loop
      vertex 8.03937 -1.2 0
      vertex 10.4637 -12.1105 0
      vertex 10.4627 -12.1098 0
    endloop
  endfacet
  facet normal 0 0 -1
    outer loop
      vertex 8.03937 -1.2 0
      vertex 10.4627 -12.1098 0
      vertex 10.095 -11.8641 0
    endloop
  endfacet
  facet normal 0 0 -1
    outer loop
      vertex 8.03937 -1.2 0
      vertex 10.095 -11.8641 0
      vertex 9.69849 -11.6686 0
    endloop
  endfacet
  facet normal 0 0 -1
    outer loop
      vertex 8.03937 -1.2 0
      vertex 9.69849 -11.6686 0
      vertex 9.69732 -11.668 0
    endloop
  endfacet
  facet normal 0 0 -1
    outer loop
      vertex 8.03937 -1.2 0
      vertex 9.69732 -11.668 0
      vertex 9.69609 -11.6676 0
    endloop
  endfacet
  facet normal 0 0 -1
    outer loop
      vertex 8.03937 -1.2 0
      vertex 9.69609 -11.6676 0
      vertex 9.27741 -11.5255 0
    endloop
  endfacet
  facet normal 0 0 -1
    outer loop
      vertex 8.03937 -1.2 0
      vertex 9.27741 -11.5255 0
      vertex 9.27614 -11.5252 0
    endloop
  endfacet
  facet normal 0 0 -1
    outer loop
      vertex 8.03937 -1.2 0
      vertex 9.27614 -11.5252 0
      vertex 8.84249 -11.4389 0
    endloop
  endfacet
  facet normal 0 0 -1
    outer loop
      vertex 8.03937 -1.2 0
      vertex 8.84249 -11.4389 0
      vertex 8.4 -11.4099 0
    endloop
  endfacet
  facet normal 0 0 -1
    outer loop
      vertex 77 -3.60994 0
      vertex 8.03937 -1.2 0
      vertex 171.961 -1.2 0
    endloop
  endfacet
  facet normal 0 0 -1
    outer loop
      vertex 76.5588 -3.63886 0
      vertex 8.03937 -1.2 0
      vertex 77 -3.60994 0
    endloop
  endfacet
  facet normal 0 0 -1
    outer loop
      vertex 76.5575 -3.63894 0
      vertex 8.03937 -1.2 0
      vertex 76.5588 -3.63886 0
    endloop
  endfacet
  facet normal 0 0 -1
    outer loop
      vertex 76.1226 -3.72545 0
      vertex 8.03937 -1.2 0
      vertex 76.5575 -3.63894 0
    endloop
  endfacet
  facet normal 0 0 -1
    outer loop
      vertex 7.11275 -1.26073 0
      vertex 8.4 -11.4099 0
      vertex 7.95881 -11.4389 0
    endloop
  endfacet
  facet normal 0 0 -1
    outer loop
      vertex 7.11275 -1.26073 0
      vertex 7.95881 -11.4389 0
      vertex 7.95751 -11.4389 0
    endloop
  endfacet
  facet normal 0 0 -1
    outer loop
      vertex 4.60126 -2.11327 0
      vertex 7.95751 -11.4389 0
      vertex 7.95623 -11.4392 0
    endloop
  endfacet
  facet normal 0 0 -1
    outer loop
      vertex 3.862 -2.60722 0
      vertex 7.95623 -11.4392 0
      vertex 7.52259 -11.5255 0
    endloop
  endfacet
  facet normal 0 0 -1
    outer loop
      vertex 8.4 -11.4099 0
      vertex 7.11275 -1.26073 0
      vertex 8.03937 -1.2 0
    endloop
  endfacet
  facet normal 0 0 -1
    outer loop
      vertex 1.72002 -5.39871 0
      vertex 7.52259 -11.5255 0
      vertex 7.10391 -11.6676 0
    endloop
  endfacet
  facet normal 0 0 -1
    outer loop
      vertex 1.43419 -6.24074 0
      vertex 7.10391 -11.6676 0
      vertex 7.10268 -11.668 0
    endloop
  endfacet
  facet normal 0 0 -1
    outer loop
      vertex 1.2 -8.03937 0
      vertex 7.10268 -11.668 0
      vertex 7.10151 -11.6686 0
    endloop
  endfacet
  facet normal 0 0 -1
    outer loop
      vertex 1.2 -8.03937 0
      vertex 7.10151 -11.6686 0
      vertex 6.70497 -11.8641 0
    endloop
  endfacet
  facet normal 0 0 -1
    outer loop
      vertex 1.2 -8.03937 0
      vertex 6.70497 -11.8641 0
      vertex 6.33734 -12.1098 0
    endloop
  endfacet
  facet normal 0 0 -1
    outer loop
      vertex 1.2 -8.03937 0
      vertex 6.33734 -12.1098 0
      vertex 6.33626 -12.1105 0
    endloop
  endfacet
  facet normal 0 0 -1
    outer loop
      vertex 1.2 -8.03937 0
      vertex 6.33626 -12.1105 0
      vertex 6.33528 -12.1113 0
    endloop
  endfacet
  facet normal 0 0 -1
    outer loop
      vertex 7.95751 -11.4389 0
      vertex 6.24074 -1.43419 0
      vertex 7.11275 -1.26073 0
    endloop
  endfacet
  facet normal 0 0 -1
    outer loop
      vertex 1.2 -8.03937 0
      vertex 6.33528 -12.1113 0
      vertex 6.00287 -12.4029 0
    endloop
  endfacet
  facet normal 0 0 -1
    outer loop
      vertex 1.2 -8.03937 0
      vertex 6.00287 -12.4029 0
      vertex 5.71134 -12.7353 0
    endloop
  endfacet
  facet normal 0 0 -1
    outer loop
      vertex 1.2 -8.03937 0
      vertex 5.71134 -12.7353 0
      vertex 5.71048 -12.7363 0
    endloop
  endfacet
  facet normal 0 0 -1
    outer loop
      vertex 1.2 -8.03937 0
      vertex 5.71048 -12.7363 0
      vertex 5.46412 -13.105 0
    endloop
  endfacet
  facet normal 0 0 -1
    outer loop
      vertex 1.2 -8.03937 0
      vertex 5.46412 -13.105 0
      vertex 5.46355 -13.1061 0
    endloop
  endfacet
  facet normal 0 0 -1
    outer loop
      vertex 7.95751 -11.4389 0
      vertex 5.39871 -1.72002 0
      vertex 6.24074 -1.43419 0
    endloop
  endfacet
  facet normal 0 0 -1
    outer loop
      vertex 1.2 -8.03937 0
      vertex 5.46355 -13.1061 0
      vertex 5.26799 -13.5027 0
    endloop
  endfacet
  facet normal 0 0 -1
    outer loop
      vertex 1.2 -8.03937 0
      vertex 5.26799 -13.5027 0
      vertex 5.12587 -13.9214 0
    endloop
  endfacet
  facet normal 0 0 -1
    outer loop
      vertex 1.2 -8.03937 0
      vertex 5.12587 -13.9214 0
      vertex 5.12545 -13.9226 0
    endloop
  endfacet
  facet normal 0 0 -1
    outer loop
      vertex 1.2 -8.03937 0
      vertex 5.12545 -13.9226 0
      vertex 5.1252 -13.9239 0
    endloop
  endfacet
  facet normal 0 0 -1
    outer loop
      vertex 1.2 -8.03937 0
      vertex 5.1252 -13.9239 0
      vertex 5.03894 -14.3575 0
    endloop
  endfacet
  facet normal 0 0 -1
    outer loop
      vertex 1.2 -8.03937 0
      vertex 5.03894 -14.3575 0
      vertex 5.00994 -14.8 0
    endloop
  endfacet
  facet normal 0 0 -1
    outer loop
      vertex 7.10268 -11.668 0
      vertex 1.2 -8.03937 0
      vertex 1.26073 -7.11275 0
    endloop
  endfacet
  facet normal 0 0 -1
    outer loop
      vertex 1.2 -8.03937 0
      vertex 5.5 -81.4 0
      vertex 1.2 -91.9606 0
    endloop
  endfacet
  facet normal 0 0 -1
    outer loop
      vertex 1.72002 -94.6013 0
      vertex 5.12545 -93.6774 0
      vertex 2.11327 -95.3987 0
    endloop
  endfacet
  facet normal 0 0 -1
    outer loop
      vertex 5.5 -81.4 0
      vertex 1.2 -8.03937 0
      vertex 5.00994 -14.8 0
    endloop
  endfacet
  facet normal -0 0 -1
    outer loop
      vertex 5.12545 -93.6774 0
      vertex 1.72002 -94.6013 0
      vertex 5.1252 -93.6761 0
    endloop
  endfacet
  facet normal 0 0 -1
    outer loop
      vertex 7.95751 -11.4389 0
      vertex 4.60126 -2.11327 0
      vertex 5.39871 -1.72002 0
    endloop
  endfacet
  facet normal -0 0 -1
    outer loop
      vertex 5.1252 -93.6761 0
      vertex 1.72002 -94.6013 0
      vertex 5.03894 -93.2425 0
    endloop
  endfacet
  facet normal 0 0 -1
    outer loop
      vertex 7.95623 -11.4392 0
      vertex 3.862 -2.60722 0
      vertex 4.60126 -2.11327 0
    endloop
  endfacet
  facet normal 0 0 -1
    outer loop
      vertex 1.43419 -93.7593 0
      vertex 5.03894 -93.2425 0
      vertex 1.72002 -94.6013 0
    endloop
  endfacet
  facet normal 0 0 -1
    outer loop
      vertex 7.52259 -11.5255 0
      vertex 3.19348 -3.19348 0
      vertex 3.862 -2.60722 0
    endloop
  endfacet
  facet normal 0 0 -1
    outer loop
      vertex 1.26073 -92.8873 0
      vertex 5.01003 -92.8013 0
      vertex 1.43419 -93.7593 0
    endloop
  endfacet
  facet normal 0 0 -1
    outer loop
      vertex 7.52259 -11.5255 0
      vertex 2.60722 -3.862 0
      vertex 3.19348 -3.19348 0
    endloop
  endfacet
  facet normal -0 0 -1
    outer loop
      vertex 5.01003 -92.8013 0
      vertex 1.26073 -92.8873 0
      vertex 5.00994 -92.8 0
    endloop
  endfacet
  facet normal 0 0 -1
    outer loop
      vertex 7.52259 -11.5255 0
      vertex 2.11327 -4.60126 0
      vertex 2.60722 -3.862 0
    endloop
  endfacet
  facet normal -0 0 -1
    outer loop
      vertex 5.00994 -92.8 0
      vertex 1.26073 -92.8873 0
      vertex 1.2 -91.9606 0
    endloop
  endfacet
  facet normal 0 0 -1
    outer loop
      vertex 7.52259 -11.5255 0
      vertex 1.72002 -5.39871 0
      vertex 2.11327 -4.60126 0
    endloop
  endfacet
  facet normal 0 0 -1
    outer loop
      vertex 7.10391 -11.6676 0
      vertex 1.43419 -6.24074 0
      vertex 1.72002 -5.39871 0
    endloop
  endfacet
  facet normal 0 0 -1
    outer loop
      vertex 7.10268 -11.668 0
      vertex 1.26073 -7.11275 0
      vertex 1.43419 -6.24074 0
    endloop
  endfacet
  facet normal 0 0 -1
    outer loop
      vertex 80.6699 -93.5 0
      vertex 80.3901 -93 0
      vertex 80.385 -92.9223 0
    endloop
  endfacet
  facet normal 0 0 -1
    outer loop
      vertex 79.9365 -91.3061 0
      vertex 80 -91 0
      vertex 80.0329 -91.5017 0
    endloop
  endfacet
  facet normal 0 0 -1
    outer loop
      vertex 79.9359 -91.305 0
      vertex 80 -91 0
      vertex 79.9365 -91.3061 0
    endloop
  endfacet
  facet normal 0 0 -1
    outer loop
      vertex 79.9352 -91.3039 0
      vertex 80 -91 0
      vertex 79.9359 -91.305 0
    endloop
  endfacet
  facet normal 0 0 -1
    outer loop
      vertex 79.6895 -90.9363 0
      vertex 80 -91 0
      vertex 79.9352 -91.3039 0
    endloop
  endfacet
  facet normal 0 0 -1
    outer loop
      vertex 79.398 -90.6038 0
      vertex 80 -91 0
      vertex 79.6895 -90.9363 0
    endloop
  endfacet
  facet normal 0 0 -1
    outer loop
      vertex 79.3971 -90.6029 0
      vertex 80 -91 0
      vertex 79.398 -90.6038 0
    endloop
  endfacet
  facet normal 0 0 -1
    outer loop
      vertex 79.3962 -90.602 0
      vertex 80 -91 0
      vertex 79.3971 -90.6029 0
    endloop
  endfacet
  facet normal 0 0 -1
    outer loop
      vertex 79.0637 -90.3105 0
      vertex 80 -91 0
      vertex 79.3962 -90.602 0
    endloop
  endfacet
  facet normal 0 0 -1
    outer loop
      vertex 80 -91 0
      vertex 79.0637 -90.3105 0
      vertex 80 -58 0
    endloop
  endfacet
  facet normal 0 0 -1
    outer loop
      vertex 78.6961 -90.0648 0
      vertex 80 -58 0
      vertex 79.0637 -90.3105 0
    endloop
  endfacet
  facet normal 0 0 -1
    outer loop
      vertex 78.695 -90.0641 0
      vertex 80 -58 0
      vertex 78.6961 -90.0648 0
    endloop
  endfacet
  facet normal 0 0 -1
    outer loop
      vertex 78.6939 -90.0635 0
      vertex 80 -58 0
      vertex 78.695 -90.0641 0
    endloop
  endfacet
  facet normal 0 0 -1
    outer loop
      vertex 78.2973 -89.868 0
      vertex 80 -58 0
      vertex 78.6939 -90.0635 0
    endloop
  endfacet
  facet normal 0 0 -1
    outer loop
      vertex 78.2961 -89.8676 0
      vertex 80 -58 0
      vertex 78.2973 -89.868 0
    endloop
  endfacet
  facet normal 0 0 -1
    outer loop
      vertex 77.8774 -89.7255 0
      vertex 80 -58 0
      vertex 78.2961 -89.8676 0
    endloop
  endfacet
  facet normal 0 0 -1
    outer loop
      vertex 77.4438 -89.6392 0
      vertex 80 -58 0
      vertex 77.8774 -89.7255 0
    endloop
  endfacet
  facet normal 0 0 -1
    outer loop
      vertex 77.4425 -89.6389 0
      vertex 80 -58 0
      vertex 77.4438 -89.6392 0
    endloop
  endfacet
  facet normal 0 0 -1
    outer loop
      vertex 77.4412 -89.6389 0
      vertex 80 -58 0
      vertex 77.4425 -89.6389 0
    endloop
  endfacet
  facet normal 0 0 -1
    outer loop
      vertex 77 -58 0
      vertex 77.4412 -89.6389 0
      vertex 77 -89.6099 0
    endloop
  endfacet
  facet normal 0 0 -1
    outer loop
      vertex 77.4412 -89.6389 0
      vertex 77 -58 0
      vertex 80 -58 0
    endloop
  endfacet
  facet normal 0 0 -1
    outer loop
      vertex 76.5588 -89.6389 0
      vertex 77 -58 0
      vertex 77 -89.6099 0
    endloop
  endfacet
  facet normal 0 0 -1
    outer loop
      vertex 76.5575 -89.6389 0
      vertex 77 -58 0
      vertex 76.5588 -89.6389 0
    endloop
  endfacet
  facet normal 0 0 -1
    outer loop
      vertex 76.5562 -89.6392 0
      vertex 77 -58 0
      vertex 76.5575 -89.6389 0
    endloop
  endfacet
  facet normal 0 0 -1
    outer loop
      vertex 77 -42 0
      vertex 76.5588 -10.3611 0
      vertex 77 -10.3901 0
    endloop
  endfacet
  facet normal 0 0 -1
    outer loop
      vertex 76.1226 -89.7255 0
      vertex 77 -58 0
      vertex 76.5562 -89.6392 0
    endloop
  endfacet
  facet normal 0 0 -1
    outer loop
      vertex 77 -42 0
      vertex 76.5575 -10.3611 0
      vertex 76.5588 -10.3611 0
    endloop
  endfacet
  facet normal 0 0 -1
    outer loop
      vertex 75.7039 -89.8676 0
      vertex 77 -58 0
      vertex 76.1226 -89.7255 0
    endloop
  endfacet
  facet normal 0 0 -1
    outer loop
      vertex 77 -42 0
      vertex 76.5562 -10.3608 0
      vertex 76.5575 -10.3611 0
    endloop
  endfacet
  facet normal 0 0 -1
    outer loop
      vertex 75.7027 -89.868 0
      vertex 77 -58 0
      vertex 75.7039 -89.8676 0
    endloop
  endfacet
  facet normal 0 0 -1
    outer loop
      vertex 77 -42 0
      vertex 76.1226 -10.2745 0
      vertex 76.5562 -10.3608 0
    endloop
  endfacet
  facet normal 0 0 -1
    outer loop
      vertex 75.3061 -90.0635 0
      vertex 77 -58 0
      vertex 75.7027 -89.868 0
    endloop
  endfacet
  facet normal 0 0 -1
    outer loop
      vertex 77 -42 0
      vertex 75.7039 -10.1324 0
      vertex 76.1226 -10.2745 0
    endloop
  endfacet
  facet normal 0 0 -1
    outer loop
      vertex 75.305 -90.0641 0
      vertex 77 -58 0
      vertex 75.3061 -90.0635 0
    endloop
  endfacet
  facet normal 0 0 -1
    outer loop
      vertex 77 -42 0
      vertex 75.7027 -10.132 0
      vertex 75.7039 -10.1324 0
    endloop
  endfacet
  facet normal 0 0 -1
    outer loop
      vertex 75.3039 -90.0648 0
      vertex 77 -58 0
      vertex 75.305 -90.0641 0
    endloop
  endfacet
  facet normal 0 0 -1
    outer loop
      vertex 53.79 -14.8013 0
      vertex 75.7027 -10.132 0
      vertex 77 -42 0
    endloop
  endfacet
  facet normal 0 0 -1
    outer loop
      vertex 74.9363 -90.3105 0
      vertex 77 -58 0
      vertex 75.3039 -90.0648 0
    endloop
  endfacet
  facet normal 0 0 -1
    outer loop
      vertex 53.79 -14.8013 0
      vertex 75.3061 -9.93645 0
      vertex 75.7027 -10.132 0
    endloop
  endfacet
  facet normal -0 0 -1
    outer loop
      vertex 74.0635 -91.3061 0
      vertex 53.5314 -91.5015 0
      vertex 74.0641 -91.305 0
    endloop
  endfacet
  facet normal 0 0 -1
    outer loop
      vertex 53.79 -14.8013 0
      vertex 75.305 -9.93588 0
      vertex 75.3061 -9.93645 0
    endloop
  endfacet
  facet normal 0 0 -1
    outer loop
      vertex 53.5314 -91.5015 0
      vertex 74.0635 -91.3061 0
      vertex 53.532 -91.5027 0
    endloop
  endfacet
  facet normal 0 0 -1
    outer loop
      vertex 53.79 -14.8013 0
      vertex 75.3039 -9.93515 0
      vertex 75.305 -9.93588 0
    endloop
  endfacet
  facet normal 0 0 -1
    outer loop
      vertex 73.868 -91.7027 0
      vertex 53.532 -91.5027 0
      vertex 74.0635 -91.3061 0
    endloop
  endfacet
  facet normal 0 0 -1
    outer loop
      vertex 53.79 -14.8013 0
      vertex 74.9363 -9.68951 0
      vertex 75.3039 -9.93515 0
    endloop
  endfacet
  facet normal 0 0 -1
    outer loop
      vertex 53.532 -91.5027 0
      vertex 73.868 -91.7027 0
      vertex 53.5324 -91.5039 0
    endloop
  endfacet
  facet normal 0 0 -1
    outer loop
      vertex 53.79 -14.8013 0
      vertex 74.6038 -9.39799 0
      vertex 74.9363 -9.68951 0
    endloop
  endfacet
  facet normal 0 0 -1
    outer loop
      vertex 53.5324 -91.5039 0
      vertex 73.868 -91.7027 0
      vertex 53.6745 -91.9226 0
    endloop
  endfacet
  facet normal 0 0 -1
    outer loop
      vertex 53.79 -14.8013 0
      vertex 74.6029 -9.39713 0
      vertex 74.6038 -9.39799 0
    endloop
  endfacet
  facet normal -0 0 -1
    outer loop
      vertex 73.8676 -91.7039 0
      vertex 53.6745 -91.9226 0
      vertex 73.868 -91.7027 0
    endloop
  endfacet
  facet normal 0 0 -1
    outer loop
      vertex 53.79 -14.8013 0
      vertex 74.602 -9.39616 0
      vertex 74.6029 -9.39713 0
    endloop
  endfacet
  facet normal 0 0 -1
    outer loop
      vertex 73.7255 -92.1226 0
      vertex 53.6745 -91.9226 0
      vertex 73.8676 -91.7039 0
    endloop
  endfacet
  facet normal 0 0 -1
    outer loop
      vertex 53.79 -14.8013 0
      vertex 74.3105 -9.06374 0
      vertex 74.602 -9.39616 0
    endloop
  endfacet
  facet normal 0 0 -1
    outer loop
      vertex 53.6745 -91.9226 0
      vertex 73.7255 -92.1226 0
      vertex 53.6748 -91.9239 0
    endloop
  endfacet
  facet normal -0 0 -1
    outer loop
      vertex 74.3105 -9.06374 0
      vertex 53.7901 -14.8 0
      vertex 74.0648 -8.69611 0
    endloop
  endfacet
  facet normal 0 0 -1
    outer loop
      vertex 53.6748 -91.9239 0
      vertex 73.7255 -92.1226 0
      vertex 53.7611 -92.3575 0
    endloop
  endfacet
  facet normal -0 0 -1
    outer loop
      vertex 74.0648 -8.69611 0
      vertex 53.7901 -14.8 0
      vertex 74.0641 -8.69503 0
    endloop
  endfacet
  facet normal 0 0 -1
    outer loop
      vertex 73.6392 -92.5562 0
      vertex 53.7611 -92.3575 0
      vertex 73.7255 -92.1226 0
    endloop
  endfacet
  facet normal 0 0 -1
    outer loop
      vertex 53.7611 -14.3575 0
      vertex 74.0641 -8.69503 0
      vertex 53.7901 -14.8 0
    endloop
  endfacet
  facet normal 0 0 -1
    outer loop
      vertex 73.6389 -92.5575 0
      vertex 53.7611 -92.3575 0
      vertex 73.6392 -92.5562 0
    endloop
  endfacet
  facet normal -0 0 -1
    outer loop
      vertex 74.0641 -8.69503 0
      vertex 53.7611 -14.3575 0
      vertex 74.0635 -8.69386 0
    endloop
  endfacet
  facet normal 0 0 -1
    outer loop
      vertex 53.7611 -92.3575 0
      vertex 73.6389 -92.5575 0
      vertex 53.7901 -92.8 0
    endloop
  endfacet
  facet normal -0 0 -1
    outer loop
      vertex 74.0635 -8.69386 0
      vertex 53.7611 -14.3575 0
      vertex 73.868 -8.29732 0
    endloop
  endfacet
  facet normal 0 0 -1
    outer loop
      vertex 53.3 -81.4 0
      vertex 74.0641 -91.305 0
      vertex 53.5314 -91.5015 0
    endloop
  endfacet
  facet normal 0 0 -1
    outer loop
      vertex 53.79 -14.8013 0
      vertex 77 -42 0
      vertex 77 -58 0
    endloop
  endfacet
  facet normal 0 0 -1
    outer loop
      vertex 74.0641 -91.305 0
      vertex 53.3 -81.4 0
      vertex 74.0648 -91.3039 0
    endloop
  endfacet
  facet normal 0 0 -1
    outer loop
      vertex 53.6748 -13.9239 0
      vertex 73.868 -8.29732 0
      vertex 53.7611 -14.3575 0
    endloop
  endfacet
  facet normal 0 0 -1
    outer loop
      vertex 53.7901 -92.8 0
      vertex 73.6389 -92.5575 0
      vertex 73.6389 -92.5588 0
    endloop
  endfacet
  facet normal 0 0 -1
    outer loop
      vertex 53.6745 -13.9226 0
      vertex 73.868 -8.29732 0
      vertex 53.6748 -13.9239 0
    endloop
  endfacet
  facet normal 0 0 -1
    outer loop
      vertex 53.7901 -92.8 0
      vertex 73.6389 -92.5588 0
      vertex 73.6099 -93 0
    endloop
  endfacet
  facet normal -0 0 -1
    outer loop
      vertex 73.868 -8.29732 0
      vertex 53.6745 -13.9226 0
      vertex 73.8676 -8.29609 0
    endloop
  endfacet
  facet normal 0 0 -1
    outer loop
      vertex 79.0637 -9.68951 0
      vertex 80 -9 0
      vertex 80 -42 0
    endloop
  endfacet
  facet normal 0 0 -1
    outer loop
      vertex 80 -9 0
      vertex 79.9359 -8.69503 0
      vertex 79.9365 -8.69386 0
    endloop
  endfacet
  facet normal 0 0 -1
    outer loop
      vertex 80 -9 0
      vertex 79.9352 -8.69611 0
      vertex 79.9359 -8.69503 0
    endloop
  endfacet
  facet normal -0 0 -1
    outer loop
      vertex 80 -9 0
      vertex 79.6895 -9.06374 0
      vertex 79.9352 -8.69611 0
    endloop
  endfacet
  facet normal 0 0 -1
    outer loop
      vertex 80 -9 0
      vertex 79.398 -9.39616 0
      vertex 79.6895 -9.06374 0
    endloop
  endfacet
  facet normal 0 0 -1
    outer loop
      vertex 80 -9 0
      vertex 79.3971 -9.39713 0
      vertex 79.398 -9.39616 0
    endloop
  endfacet
  facet normal 0 0 -1
    outer loop
      vertex 80 -9 0
      vertex 79.3962 -9.39799 0
      vertex 79.3971 -9.39713 0
    endloop
  endfacet
  facet normal 0 0 -1
    outer loop
      vertex 80 -9 0
      vertex 79.0637 -9.68951 0
      vertex 79.3962 -9.39799 0
    endloop
  endfacet
  facet normal 0 0 -1
    outer loop
      vertex 80 -42 0
      vertex 78.6961 -9.93515 0
      vertex 79.0637 -9.68951 0
    endloop
  endfacet
  facet normal 0 0 -1
    outer loop
      vertex 80 -42 0
      vertex 78.695 -9.93588 0
      vertex 78.6961 -9.93515 0
    endloop
  endfacet
  facet normal 0 0 -1
    outer loop
      vertex 80 -42 0
      vertex 78.6939 -9.93645 0
      vertex 78.695 -9.93588 0
    endloop
  endfacet
  facet normal 0 0 -1
    outer loop
      vertex 80 -42 0
      vertex 78.2973 -10.132 0
      vertex 78.6939 -9.93645 0
    endloop
  endfacet
  facet normal 0 0 -1
    outer loop
      vertex 80 -42 0
      vertex 78.2961 -10.1324 0
      vertex 78.2973 -10.132 0
    endloop
  endfacet
  facet normal 0 0 -1
    outer loop
      vertex 80 -42 0
      vertex 77.8774 -10.2745 0
      vertex 78.2961 -10.1324 0
    endloop
  endfacet
  facet normal 0 0 -1
    outer loop
      vertex 80 -42 0
      vertex 77.4438 -10.3608 0
      vertex 77.8774 -10.2745 0
    endloop
  endfacet
  facet normal 0 0 -1
    outer loop
      vertex 80 -42 0
      vertex 77.4425 -10.3611 0
      vertex 77.4438 -10.3608 0
    endloop
  endfacet
  facet normal 0 0 -1
    outer loop
      vertex 80 -42 0
      vertex 77.4412 -10.3611 0
      vertex 77.4425 -10.3611 0
    endloop
  endfacet
  facet normal 0 0 -1
    outer loop
      vertex 77 -42 0
      vertex 77.4412 -10.3611 0
      vertex 80 -42 0
    endloop
  endfacet
  facet normal 0 0 -1
    outer loop
      vertex 77.4412 -10.3611 0
      vertex 77 -42 0
      vertex 77 -10.3901 0
    endloop
  endfacet
  facet normal 0 0 -1
    outer loop
      vertex 80.0329 -8.49833 0
      vertex 80 -9 0
      vertex 79.9365 -8.69386 0
    endloop
  endfacet
  facet normal 0 0 -1
    outer loop
      vertex 53.5314 -16.0985 0
      vertex 53.3 -19.2 0
      vertex 53.3359 -16.495 0
    endloop
  endfacet
  facet normal 0 0 -1
    outer loop
      vertex 53.3 -19.2 0
      vertex 53.0895 -16.8637 0
      vertex 53.3359 -16.495 0
    endloop
  endfacet
  facet normal 0 0 -1
    outer loop
      vertex 53.3 -19.2 0
      vertex 52.798 -17.1962 0
      vertex 53.0895 -16.8637 0
    endloop
  endfacet
  facet normal 0 0 -1
    outer loop
      vertex 53.3 -19.2 0
      vertex 52.7971 -17.1971 0
      vertex 52.798 -17.1962 0
    endloop
  endfacet
  facet normal 0 0 -1
    outer loop
      vertex 53.3 -19.2 0
      vertex 52.4647 -17.4887 0
      vertex 52.7971 -17.1971 0
    endloop
  endfacet
  facet normal 0 0 -1
    outer loop
      vertex 53.3 -19.2 0
      vertex 52.4637 -17.4895 0
      vertex 52.4647 -17.4887 0
    endloop
  endfacet
  facet normal 0 0 -1
    outer loop
      vertex 53.3 -19.2 0
      vertex 52.4627 -17.4902 0
      vertex 52.4637 -17.4895 0
    endloop
  endfacet
  facet normal 0 0 -1
    outer loop
      vertex 53.3 -19.2 0
      vertex 52.095 -17.7359 0
      vertex 52.4627 -17.4902 0
    endloop
  endfacet
  facet normal 0 0 -1
    outer loop
      vertex 53.3 -19.2 0
      vertex 52.0939 -17.7365 0
      vertex 52.095 -17.7359 0
    endloop
  endfacet
  facet normal 0 0 -1
    outer loop
      vertex 53.3 -19.2 0
      vertex 51.6973 -17.932 0
      vertex 52.0939 -17.7365 0
    endloop
  endfacet
  facet normal 0 0 -1
    outer loop
      vertex 53.3 -19.2 0
      vertex 51.2774 -18.0745 0
      vertex 51.6973 -17.932 0
    endloop
  endfacet
  facet normal 0 0 -1
    outer loop
      vertex 53.3 -19.2 0
      vertex 50.8438 -18.1608 0
      vertex 51.2774 -18.0745 0
    endloop
  endfacet
  facet normal 0 0 -1
    outer loop
      vertex 53.3 -19.2 0
      vertex 50.8425 -18.1611 0
      vertex 50.8438 -18.1608 0
    endloop
  endfacet
  facet normal 0 0 -1
    outer loop
      vertex 53.3 -19.2 0
      vertex 50.4013 -18.19 0
      vertex 50.8425 -18.1611 0
    endloop
  endfacet
  facet normal 0 0 -1
    outer loop
      vertex 53.3 -19.2 0
      vertex 50.4 -18.1901 0
      vertex 50.4013 -18.19 0
    endloop
  endfacet
  facet normal 0 0 -1
    outer loop
      vertex 53.3 -19.2 0
      vertex 50.3987 -18.19 0
      vertex 50.4 -18.1901 0
    endloop
  endfacet
  facet normal 0 0 -1
    outer loop
      vertex 53.3 -19.2 0
      vertex 49.9575 -18.1611 0
      vertex 50.3987 -18.19 0
    endloop
  endfacet
  facet normal 0 0 -1
    outer loop
      vertex 53.3 -19.2 0
      vertex 49.9562 -18.1608 0
      vertex 49.9575 -18.1611 0
    endloop
  endfacet
  facet normal 0 0 -1
    outer loop
      vertex 53.3 -19.2 0
      vertex 49.5226 -18.0745 0
      vertex 49.9562 -18.1608 0
    endloop
  endfacet
  facet normal 0 0 1
    outer loop
      vertex 48.705 -17.7359 0
      vertex 48.3363 -17.4895 0
      vertex 48.3373 -17.4902 0
    endloop
  endfacet
  facet normal 0 0 1
    outer loop
      vertex 48.3363 -17.4895 0
      vertex 48.0029 -17.1971 0
      vertex 48.3353 -17.4887 0
    endloop
  endfacet
  facet normal 0 0 -1
    outer loop
      vertex 47.01 -14.8013 0
      vertex 11.7901 -14.8 0
      vertex 47.0099 -14.8 0
    endloop
  endfacet
  facet normal 0 0 -1
    outer loop
      vertex 11.79 -14.8013 0
      vertex 47.01 -14.8013 0
      vertex 47.0389 -15.2425 0
    endloop
  endfacet
  facet normal 0 0 -1
    outer loop
      vertex 11.7611 -15.2425 0
      vertex 47.0389 -15.2425 0
      vertex 47.1252 -15.6761 0
    endloop
  endfacet
  facet normal 0 0 -1
    outer loop
      vertex 11.6745 -15.6774 0
      vertex 47.1252 -15.6761 0
      vertex 47.1255 -15.6774 0
    endloop
  endfacet
  facet normal 0 0 -1
    outer loop
      vertex 11.6745 -15.6774 0
      vertex 47.1255 -15.6774 0
      vertex 47.1259 -15.6786 0
    endloop
  endfacet
  facet normal 0 0 -1
    outer loop
      vertex 11.6745 -15.6774 0
      vertex 47.1259 -15.6786 0
      vertex 47.268 -16.0973 0
    endloop
  endfacet
  facet normal 0 0 -1
    outer loop
      vertex 11.5314 -16.0985 0
      vertex 47.268 -16.0973 0
      vertex 47.4635 -16.4939 0
    endloop
  endfacet
  facet normal 0 0 -1
    outer loop
      vertex 11.3359 -16.495 0
      vertex 47.4635 -16.4939 0
      vertex 47.4641 -16.495 0
    endloop
  endfacet
  facet normal 0 0 -1
    outer loop
      vertex 11.3359 -16.495 0
      vertex 47.4641 -16.495 0
      vertex 47.7105 -16.8637 0
    endloop
  endfacet
  facet normal 0 0 -1
    outer loop
      vertex 11.0895 -16.8637 0
      vertex 47.7105 -16.8637 0
      vertex 48.002 -17.1962 0
    endloop
  endfacet
  facet normal 0 0 -1
    outer loop
      vertex 11.0895 -16.8637 0
      vertex 48.002 -17.1962 0
      vertex 48.0029 -17.1971 0
    endloop
  endfacet
  facet normal 0 0 -1
    outer loop
      vertex 10.7971 -17.1971 0
      vertex 48.0029 -17.1971 0
      vertex 48.3363 -17.4895 0
    endloop
  endfacet
  facet normal 0 0 -1
    outer loop
      vertex 10.4637 -17.4895 0
      vertex 48.3363 -17.4895 0
      vertex 48.705 -17.7359 0
    endloop
  endfacet
  facet normal 0 0 -1
    outer loop
      vertex 10.095 -17.7359 0
      vertex 48.705 -17.7359 0
      vertex 48.7061 -17.7365 0
    endloop
  endfacet
  facet normal 0 0 -1
    outer loop
      vertex 10.095 -17.7359 0
      vertex 48.7061 -17.7365 0
      vertex 49.1027 -17.932 0
    endloop
  endfacet
  facet normal 0 0 -1
    outer loop
      vertex 9.69732 -17.932 0
      vertex 49.1027 -17.932 0
      vertex 49.5226 -18.0745 0
    endloop
  endfacet
  facet normal 0 0 -1
    outer loop
      vertex 9.27741 -18.0745 0
      vertex 49.5226 -18.0745 0
      vertex 53.3 -19.2 0
    endloop
  endfacet
  facet normal 0 0 -1
    outer loop
      vertex 47.01 -14.8013 0
      vertex 11.79 -14.8013 0
      vertex 11.7901 -14.8 0
    endloop
  endfacet
  facet normal 0 0 -1
    outer loop
      vertex 47.0389 -15.2425 0
      vertex 11.7611 -15.2425 0
      vertex 11.79 -14.8013 0
    endloop
  endfacet
  facet normal -0 0 -1
    outer loop
      vertex 47.1252 -15.6761 0
      vertex 11.6745 -15.6774 0
      vertex 11.7611 -15.2425 0
    endloop
  endfacet
  facet normal 0 0 -1
    outer loop
      vertex 47.268 -16.0973 0
      vertex 11.5324 -16.0961 0
      vertex 11.6745 -15.6774 0
    endloop
  endfacet
  facet normal 0 0 -1
    outer loop
      vertex 47.268 -16.0973 0
      vertex 11.532 -16.0973 0
      vertex 11.5324 -16.0961 0
    endloop
  endfacet
  facet normal -0 0 -1
    outer loop
      vertex 47.268 -16.0973 0
      vertex 11.5314 -16.0985 0
      vertex 11.532 -16.0973 0
    endloop
  endfacet
  facet normal -0 0 -1
    outer loop
      vertex 47.4635 -16.4939 0
      vertex 11.3359 -16.495 0
      vertex 11.5314 -16.0985 0
    endloop
  endfacet
  facet normal 0 0 -1
    outer loop
      vertex 47.7105 -16.8637 0
      vertex 11.0895 -16.8637 0
      vertex 11.3359 -16.495 0
    endloop
  endfacet
  facet normal 0 0 -1
    outer loop
      vertex 48.0029 -17.1971 0
      vertex 10.798 -17.1962 0
      vertex 11.0895 -16.8637 0
    endloop
  endfacet
  facet normal 0 0 -1
    outer loop
      vertex 48.0029 -17.1971 0
      vertex 10.7971 -17.1971 0
      vertex 10.798 -17.1962 0
    endloop
  endfacet
  facet normal 0 0 -1
    outer loop
      vertex 48.3363 -17.4895 0
      vertex 10.4647 -17.4887 0
      vertex 10.7971 -17.1971 0
    endloop
  endfacet
  facet normal 0 0 -1
    outer loop
      vertex 48.3363 -17.4895 0
      vertex 10.4637 -17.4895 0
      vertex 10.4647 -17.4887 0
    endloop
  endfacet
  facet normal 0 0 -1
    outer loop
      vertex 48.705 -17.7359 0
      vertex 10.4627 -17.4902 0
      vertex 10.4637 -17.4895 0
    endloop
  endfacet
  facet normal 0 0 -1
    outer loop
      vertex 48.705 -17.7359 0
      vertex 10.095 -17.7359 0
      vertex 10.4627 -17.4902 0
    endloop
  endfacet
  facet normal 0 0 -1
    outer loop
      vertex 49.1027 -17.932 0
      vertex 10.0939 -17.7365 0
      vertex 10.095 -17.7359 0
    endloop
  endfacet
  facet normal 0 0 -1
    outer loop
      vertex 49.1027 -17.932 0
      vertex 9.69732 -17.932 0
      vertex 10.0939 -17.7365 0
    endloop
  endfacet
  facet normal 0 0 -1
    outer loop
      vertex 49.5226 -18.0745 0
      vertex 9.27741 -18.0745 0
      vertex 9.69732 -17.932 0
    endloop
  endfacet
  facet normal 0 0 -1
    outer loop
      vertex 5.5 -19.2 0
      vertex 9.27741 -18.0745 0
      vertex 53.3 -19.2 0
    endloop
  endfacet
  facet normal 0 0 -1
    outer loop
      vertex 9.27741 -18.0745 0
      vertex 5.5 -19.2 0
      vertex 8.84377 -18.1608 0
    endloop
  endfacet
  facet normal 0 0 -1
    outer loop
      vertex 8.84377 -18.1608 0
      vertex 5.5 -19.2 0
      vertex 8.84249 -18.1611 0
    endloop
  endfacet
  facet normal 0 0 -1
    outer loop
      vertex 8.84249 -18.1611 0
      vertex 5.5 -19.2 0
      vertex 8.4013 -18.19 0
    endloop
  endfacet
  facet normal 0 0 -1
    outer loop
      vertex 5.5 -19.2 0
      vertex 8.3987 -18.19 0
      vertex 8.4 -18.1901 0
    endloop
  endfacet
  facet normal 0 0 -1
    outer loop
      vertex 5.5 -19.2 0
      vertex 7.95623 -18.1608 0
      vertex 7.95751 -18.1611 0
    endloop
  endfacet
  facet normal 0 0 -1
    outer loop
      vertex 5.5 -19.2 0
      vertex 6.33734 -17.4902 0
      vertex 6.70497 -17.7359 0
    endloop
  endfacet
  facet normal 0 0 -1
    outer loop
      vertex 5.5 -19.2 0
      vertex 6.33528 -17.4887 0
      vertex 6.33626 -17.4895 0
    endloop
  endfacet
  facet normal 0 0 -1
    outer loop
      vertex 5.5 -19.2 0
      vertex 6.00201 -17.1962 0
      vertex 6.00287 -17.1971 0
    endloop
  endfacet
  facet normal 0 0 -1
    outer loop
      vertex 8.4013 -18.19 0
      vertex 5.5 -19.2 0
      vertex 8.4 -18.1901 0
    endloop
  endfacet
  facet normal -0 0 -1
    outer loop
      vertex 8.3987 -18.19 0
      vertex 5.5 -19.2 0
      vertex 7.95751 -18.1611 0
    endloop
  endfacet
  facet normal -0 0 -1
    outer loop
      vertex 7.95623 -18.1608 0
      vertex 5.5 -19.2 0
      vertex 7.52259 -18.0745 0
    endloop
  endfacet
  facet normal 0 0 -1
    outer loop
      vertex 5.5 -19.2 0
      vertex 7.10268 -17.932 0
      vertex 7.52259 -18.0745 0
    endloop
  endfacet
  facet normal 0 0 -1
    outer loop
      vertex 5.5 -19.2 0
      vertex 6.70614 -17.7365 0
      vertex 7.10268 -17.932 0
    endloop
  endfacet
  facet normal 0 0 -1
    outer loop
      vertex 5.5 -19.2 0
      vertex 6.70497 -17.7359 0
      vertex 6.70614 -17.7365 0
    endloop
  endfacet
  facet normal -0 0 -1
    outer loop
      vertex 6.33734 -17.4902 0
      vertex 5.5 -19.2 0
      vertex 6.33626 -17.4895 0
    endloop
  endfacet
  facet normal -0 0 -1
    outer loop
      vertex 6.33528 -17.4887 0
      vertex 5.5 -19.2 0
      vertex 6.00287 -17.1971 0
    endloop
  endfacet
  facet normal -0 0 -1
    outer loop
      vertex 6.00201 -17.1962 0
      vertex 5.5 -19.2 0
      vertex 5.71048 -16.8637 0
    endloop
  endfacet
  facet normal 0 0 -1
    outer loop
      vertex 5.5 -19.2 0
      vertex 5.46412 -16.495 0
      vertex 5.71048 -16.8637 0
    endloop
  endfacet
  facet normal 0 0 -1
    outer loop
      vertex 1.2 -91.9606 0
      vertex 5.46355 -91.1061 0
      vertex 5.26799 -91.5027 0
    endloop
  endfacet
  facet normal 0 0 -1
    outer loop
      vertex 1.2 -91.9606 0
      vertex 5.26799 -91.5027 0
      vertex 5.12587 -91.9214 0
    endloop
  endfacet
  facet normal 0 0 -1
    outer loop
      vertex 5.5 -19.2 0
      vertex 5.46355 -16.4939 0
      vertex 5.46412 -16.495 0
    endloop
  endfacet
  facet normal 0 0 -1
    outer loop
      vertex 1.2 -91.9606 0
      vertex 5.12587 -91.9214 0
      vertex 5.12545 -91.9226 0
    endloop
  endfacet
  facet normal 0 0 -1
    outer loop
      vertex 5.5 -19.2 0
      vertex 5.26799 -16.0973 0
      vertex 5.46355 -16.4939 0
    endloop
  endfacet
  facet normal 0 0 -1
    outer loop
      vertex 1.2 -91.9606 0
      vertex 5.12545 -91.9226 0
      vertex 5.1252 -91.9239 0
    endloop
  endfacet
  facet normal 0 0 -1
    outer loop
      vertex 5.5 -19.2 0
      vertex 5.12587 -15.6786 0
      vertex 5.26799 -16.0973 0
    endloop
  endfacet
  facet normal 0 0 -1
    outer loop
      vertex 1.2 -91.9606 0
      vertex 5.1252 -91.9239 0
      vertex 5.03894 -92.3575 0
    endloop
  endfacet
  facet normal 0 0 -1
    outer loop
      vertex 5.5 -19.2 0
      vertex 5.12545 -15.6774 0
      vertex 5.12587 -15.6786 0
    endloop
  endfacet
  facet normal 0 0 -1
    outer loop
      vertex 1.2 -91.9606 0
      vertex 5.03894 -92.3575 0
      vertex 5.00994 -92.8 0
    endloop
  endfacet
  facet normal 0 0 -1
    outer loop
      vertex 5.5 -19.2 0
      vertex 5.1252 -15.6761 0
      vertex 5.12545 -15.6774 0
    endloop
  endfacet
  facet normal 0 0 -1
    outer loop
      vertex 5.5 -81.4 0
      vertex 5.03894 -15.2425 0
      vertex 5.5 -19.2 0
    endloop
  endfacet
  facet normal 0 0 -1
    outer loop
      vertex 5.5 -19.2 0
      vertex 5.03894 -15.2425 0
      vertex 5.1252 -15.6761 0
    endloop
  endfacet
  facet normal 0 0 -1
    outer loop
      vertex 5.5 -81.4 0
      vertex 5.01003 -14.8013 0
      vertex 5.03894 -15.2425 0
    endloop
  endfacet
  facet normal -0 0 -1
    outer loop
      vertex 6.00287 -90.4029 0
      vertex 1.2 -91.9606 0
      vertex 5.5 -81.4 0
    endloop
  endfacet
  facet normal 0 0 -1
    outer loop
      vertex 5.5 -81.4 0
      vertex 5.00994 -14.8 0
      vertex 5.01003 -14.8013 0
    endloop
  endfacet
  facet normal 0 0 1
    outer loop
      vertex 171.957 -8.34737 2
      vertex 176.1 -8.1277 2
      vertex 176.057 -7.46599 2
    endloop
  endfacet
  facet normal -0 0 1
    outer loop
      vertex 177 -82.5981 2
      vertex 177.3 -82.9977 2
      vertex 177.3 -82.3976 2
    endloop
  endfacet
  facet normal 0 0 1
    outer loop
      vertex 177.3 -82.9977 2
      vertex 177 -82.5981 2
      vertex 177.25 -83.0311 2
    endloop
  endfacet
  facet normal 0 0 1
    outer loop
      vertex 177 -82.5981 2
      vertex 176.839 -83.2336 2
      vertex 177.25 -83.0311 2
    endloop
  endfacet
  facet normal -0 0 1
    outer loop
      vertex 176.648 -82.7716 2
      vertex 176.839 -83.2336 2
      vertex 177 -82.5981 2
    endloop
  endfacet
  facet normal 0 0 1
    outer loop
      vertex 176.648 -82.7716 2
      vertex 176.406 -83.3807 2
      vertex 176.839 -83.2336 2
    endloop
  endfacet
  facet normal -0 0 1
    outer loop
      vertex 176.276 -82.8978 2
      vertex 176.406 -83.3807 2
      vertex 176.648 -82.7716 2
    endloop
  endfacet
  facet normal 0 0 1
    outer loop
      vertex 176.276 -82.8978 2
      vertex 176.1 -83.4416 2
      vertex 176.406 -83.3807 2
    endloop
  endfacet
  facet normal -0 0 1
    outer loop
      vertex 172 -91 2
      vertex 176.1 -91.8723 2
      vertex 176.1 -83.4416 2
    endloop
  endfacet
  facet normal -0 0 1
    outer loop
      vertex 171.957 -91.6526 2
      vertex 176.1 -91.8723 2
      vertex 172 -91 2
    endloop
  endfacet
  facet normal -0 0 1
    outer loop
      vertex 175.892 -82.9743 2
      vertex 176.1 -83.4416 2
      vertex 176.276 -82.8978 2
    endloop
  endfacet
  facet normal -0 0 1
    outer loop
      vertex 175.5 -83 2
      vertex 176.1 -83.4416 2
      vertex 175.892 -82.9743 2
    endloop
  endfacet
  facet normal 0 0 1
    outer loop
      vertex 176.1 -91.8723 2
      vertex 171.957 -91.6526 2
      vertex 176.057 -92.534 2
    endloop
  endfacet
  facet normal 0 0 1
    outer loop
      vertex 176.057 -92.534 2
      vertex 171.957 -91.6526 2
      vertex 175.952 -93.0591 2
    endloop
  endfacet
  facet normal 0 0 1
    outer loop
      vertex 175.108 -82.9743 2
      vertex 176.1 -83.4416 2
      vertex 175.5 -83 2
    endloop
  endfacet
  facet normal -0 0 1
    outer loop
      vertex 171.83 -92.2941 2
      vertex 175.952 -93.0591 2
      vertex 171.957 -91.6526 2
    endloop
  endfacet
  facet normal 0 0 1
    outer loop
      vertex 174.724 -82.8978 2
      vertex 176.1 -83.4416 2
      vertex 175.108 -82.9743 2
    endloop
  endfacet
  facet normal 0 0 1
    outer loop
      vertex 175.952 -93.0591 2
      vertex 171.83 -92.2941 2
      vertex 175.78 -93.5657 2
    endloop
  endfacet
  facet normal 0 0 1
    outer loop
      vertex 176.1 -83.4416 2
      vertex 174.724 -82.8978 2
      vertex 172 -91 2
    endloop
  endfacet
  facet normal 0 0 1
    outer loop
      vertex 175.78 -93.5657 2
      vertex 171.83 -92.2941 2
      vertex 175.543 -94.0459 2
    endloop
  endfacet
  facet normal 0 0 1
    outer loop
      vertex 172 -91 2
      vertex 174.724 -82.8978 2
      vertex 174.352 -82.7716 2
    endloop
  endfacet
  facet normal 0 0 1
    outer loop
      vertex 175.543 -94.0459 2
      vertex 171.83 -92.2941 2
      vertex 175.246 -94.4908 2
    endloop
  endfacet
  facet normal 0 0 1
    outer loop
      vertex 172 -91 2
      vertex 174.352 -82.7716 2
      vertex 174 -82.5981 2
    endloop
  endfacet
  facet normal 0 0 1
    outer loop
      vertex 172 -91 2
      vertex 174 -82.5981 2
      vertex 173.674 -82.3801 2
    endloop
  endfacet
  facet normal -0 0 1
    outer loop
      vertex 171.619 -92.9134 2
      vertex 175.246 -94.4908 2
      vertex 171.83 -92.2941 2
    endloop
  endfacet
  facet normal 0 0 1
    outer loop
      vertex 172 -91 2
      vertex 173.674 -82.3801 2
      vertex 173.379 -82.1213 2
    endloop
  endfacet
  facet normal 0 0 1
    outer loop
      vertex 172 -91 2
      vertex 173.379 -82.1213 2
      vertex 173.12 -81.8263 2
    endloop
  endfacet
  facet normal 0 0 1
    outer loop
      vertex 175.246 -94.4908 2
      vertex 171.619 -92.9134 2
      vertex 174.893 -94.8932 2
    endloop
  endfacet
  facet normal 0 0 1
    outer loop
      vertex 172 -91 2
      vertex 173.12 -81.8263 2
      vertex 172.902 -81.5 2
    endloop
  endfacet
  facet normal 0 0 1
    outer loop
      vertex 172 -91 2
      vertex 172.902 -81.5 2
      vertex 172.728 -81.148 2
    endloop
  endfacet
  facet normal 0 0 1
    outer loop
      vertex 172 -91 2
      vertex 172.728 -81.148 2
      vertex 172.602 -80.7765 2
    endloop
  endfacet
  facet normal 0 0 1
    outer loop
      vertex 174.893 -94.8932 2
      vertex 171.619 -92.9134 2
      vertex 174.491 -95.2461 2
    endloop
  endfacet
  facet normal 0 0 1
    outer loop
      vertex 172 -91 2
      vertex 172.602 -80.7765 2
      vertex 172.526 -80.3916 2
    endloop
  endfacet
  facet normal 0 0 1
    outer loop
      vertex 172 -91 2
      vertex 172.526 -80.3916 2
      vertex 172.5 -80 2
    endloop
  endfacet
  facet normal 0 0 1
    outer loop
      vertex 172 -91 2
      vertex 172.5 -80 2
      vertex 172 -9 2
    endloop
  endfacet
  facet normal 0 0 1
    outer loop
      vertex 174.491 -95.2461 2
      vertex 171.619 -92.9134 2
      vertex 174.046 -95.5434 2
    endloop
  endfacet
  facet normal -0 0 1
    outer loop
      vertex 171.33 -93.5 2
      vertex 174.046 -95.5434 2
      vertex 171.619 -92.9134 2
    endloop
  endfacet
  facet normal 0 0 1
    outer loop
      vertex 174.046 -95.5434 2
      vertex 171.33 -93.5 2
      vertex 173.566 -95.7802 2
    endloop
  endfacet
  facet normal 0 0 1
    outer loop
      vertex 173.566 -95.7802 2
      vertex 171.33 -93.5 2
      vertex 173.059 -95.9522 2
    endloop
  endfacet
  facet normal 0 0 1
    outer loop
      vertex 173.059 -95.9522 2
      vertex 171.33 -93.5 2
      vertex 172.534 -96.0566 2
    endloop
  endfacet
  facet normal -0 0 1
    outer loop
      vertex 170.967 -94.0438 2
      vertex 172.534 -96.0566 2
      vertex 171.33 -93.5 2
    endloop
  endfacet
  facet normal 0 0 1
    outer loop
      vertex 172.534 -96.0566 2
      vertex 170.967 -94.0438 2
      vertex 171.872 -96.1 2
    endloop
  endfacet
  facet normal -0 0 1
    outer loop
      vertex 170.536 -94.5355 2
      vertex 171.872 -96.1 2
      vertex 170.967 -94.0438 2
    endloop
  endfacet
  facet normal -0 0 1
    outer loop
      vertex 170.044 -94.9668 2
      vertex 171.872 -96.1 2
      vertex 170.536 -94.5355 2
    endloop
  endfacet
  facet normal -0 0 1
    outer loop
      vertex 169.5 -95.3301 2
      vertex 171.872 -96.1 2
      vertex 170.044 -94.9668 2
    endloop
  endfacet
  facet normal -0 0 1
    outer loop
      vertex 168.913 -95.6194 2
      vertex 171.872 -96.1 2
      vertex 169.5 -95.3301 2
    endloop
  endfacet
  facet normal -0 0 1
    outer loop
      vertex 168.294 -95.8296 2
      vertex 171.872 -96.1 2
      vertex 168.913 -95.6194 2
    endloop
  endfacet
  facet normal -0 0 1
    outer loop
      vertex 167.653 -95.9572 2
      vertex 171.872 -96.1 2
      vertex 168.294 -95.8296 2
    endloop
  endfacet
  facet normal -0 0 1
    outer loop
      vertex 167 -96 2
      vertex 171.872 -96.1 2
      vertex 167.653 -95.9572 2
    endloop
  endfacet
  facet normal -0 0 1
    outer loop
      vertex 85 -96 2
      vertex 171.872 -96.1 2
      vertex 167 -96 2
    endloop
  endfacet
  facet normal -0 0 1
    outer loop
      vertex 79.5981 -91.5 2
      vertex 80.0428 -91.6526 2
      vertex 80 -91 2
    endloop
  endfacet
  facet normal 0 0 1
    outer loop
      vertex 79.9743 -92.6084 2
      vertex 80.1704 -92.2941 2
      vertex 80.0428 -91.6526 2
    endloop
  endfacet
  facet normal -0 0 1
    outer loop
      vertex 79.9743 -92.6084 2
      vertex 80.3806 -92.9134 2
      vertex 80.1704 -92.2941 2
    endloop
  endfacet
  facet normal 0 0 1
    outer loop
      vertex 79.9743 -93.3916 2
      vertex 80.3806 -92.9134 2
      vertex 80 -93 2
    endloop
  endfacet
  facet normal 0 0 1
    outer loop
      vertex 80.3806 -92.9134 2
      vertex 79.9743 -93.3916 2
      vertex 80.6699 -93.5 2
    endloop
  endfacet
  facet normal 0 0 1
    outer loop
      vertex 79.8978 -93.7765 2
      vertex 80.6699 -93.5 2
      vertex 79.9743 -93.3916 2
    endloop
  endfacet
  facet normal 0 0 1
    outer loop
      vertex 80.6699 -93.5 2
      vertex 79.8978 -93.7765 2
      vertex 81.0332 -94.0438 2
    endloop
  endfacet
  facet normal 0 0 1
    outer loop
      vertex 79.7716 -94.148 2
      vertex 81.0332 -94.0438 2
      vertex 79.8978 -93.7765 2
    endloop
  endfacet
  facet normal 0 0 1
    outer loop
      vertex 79.5981 -94.5 2
      vertex 81.0332 -94.0438 2
      vertex 79.7716 -94.148 2
    endloop
  endfacet
  facet normal 0 0 1
    outer loop
      vertex 81.0332 -94.0438 2
      vertex 79.5981 -94.5 2
      vertex 81.4645 -94.5355 2
    endloop
  endfacet
  facet normal 0 0 1
    outer loop
      vertex 79.3801 -94.8263 2
      vertex 81.4645 -94.5355 2
      vertex 79.5981 -94.5 2
    endloop
  endfacet
  facet normal 0 0 1
    outer loop
      vertex 81.4645 -94.5355 2
      vertex 79.3801 -94.8263 2
      vertex 81.9562 -94.9668 2
    endloop
  endfacet
  facet normal 0 0 1
    outer loop
      vertex 79.1213 -95.1213 2
      vertex 81.9562 -94.9668 2
      vertex 79.3801 -94.8263 2
    endloop
  endfacet
  facet normal 0 0 1
    outer loop
      vertex 78.6103 -96.1 2
      vertex 81.9562 -94.9668 2
      vertex 79.1213 -95.1213 2
    endloop
  endfacet
  facet normal 0 0 1
    outer loop
      vertex 81.9562 -94.9668 2
      vertex 78.6103 -96.1 2
      vertex 82.5 -95.3301 2
    endloop
  endfacet
  facet normal 0 0 1
    outer loop
      vertex 82.5 -95.3301 2
      vertex 78.6103 -96.1 2
      vertex 83.0866 -95.6194 2
    endloop
  endfacet
  facet normal 0 0 1
    outer loop
      vertex 83.0866 -95.6194 2
      vertex 78.6103 -96.1 2
      vertex 83.7059 -95.8296 2
    endloop
  endfacet
  facet normal 0 0 1
    outer loop
      vertex 78.6103 -96.1 2
      vertex 79.1213 -95.1213 2
      vertex 78.8263 -95.3801 2
    endloop
  endfacet
  facet normal 0 0 1
    outer loop
      vertex 85 -96 2
      vertex 78.6103 -96.1 2
      vertex 171.872 -96.1 2
    endloop
  endfacet
  facet normal 0 0 1
    outer loop
      vertex 84.3474 -95.9572 2
      vertex 78.6103 -96.1 2
      vertex 85 -96 2
    endloop
  endfacet
  facet normal 0 0 1
    outer loop
      vertex 83.7059 -95.8296 2
      vertex 78.6103 -96.1 2
      vertex 84.3474 -95.9572 2
    endloop
  endfacet
  facet normal -0 0 1
    outer loop
      vertex 78.5 -95.5981 2
      vertex 78.6103 -96.1 2
      vertex 78.8263 -95.3801 2
    endloop
  endfacet
  facet normal -0 0 1
    outer loop
      vertex 78.148 -95.7716 2
      vertex 78.6103 -96.1 2
      vertex 78.5 -95.5981 2
    endloop
  endfacet
  facet normal 0 0 1
    outer loop
      vertex 78.6103 -96.1 2
      vertex 78.148 -95.7716 2
      vertex 78.3394 -96.2336 2
    endloop
  endfacet
  facet normal 0 0 1
    outer loop
      vertex 78.148 -95.7716 2
      vertex 77.9059 -96.3807 2
      vertex 78.3394 -96.2336 2
    endloop
  endfacet
  facet normal -0 0 1
    outer loop
      vertex 77.7765 -95.8978 2
      vertex 77.9059 -96.3807 2
      vertex 78.148 -95.7716 2
    endloop
  endfacet
  facet normal 0 0 1
    outer loop
      vertex 77.7765 -95.8978 2
      vertex 77.4568 -96.4701 2
      vertex 77.9059 -96.3807 2
    endloop
  endfacet
  facet normal -0 0 1
    outer loop
      vertex 77.3916 -95.9743 2
      vertex 77.4568 -96.4701 2
      vertex 77.7765 -95.8978 2
    endloop
  endfacet
  facet normal -0 0 1
    outer loop
      vertex 77 -96 2
      vertex 77.4568 -96.4701 2
      vertex 77.3916 -95.9743 2
    endloop
  endfacet
  facet normal 0 0 1
    outer loop
      vertex 77 -96 2
      vertex 77 -96.5 2
      vertex 77.4568 -96.4701 2
    endloop
  endfacet
  facet normal 0 0 1
    outer loop
      vertex 76.6084 -95.9743 2
      vertex 77 -96.5 2
      vertex 77 -96 2
    endloop
  endfacet
  facet normal 0 0 1
    outer loop
      vertex 76.6084 -95.9743 2
      vertex 76.5432 -96.4701 2
      vertex 77 -96.5 2
    endloop
  endfacet
  facet normal 0 0 1
    outer loop
      vertex 76.2235 -95.8978 2
      vertex 76.5432 -96.4701 2
      vertex 76.6084 -95.9743 2
    endloop
  endfacet
  facet normal 0 0 1
    outer loop
      vertex 76.2235 -95.8978 2
      vertex 76.0941 -96.3807 2
      vertex 76.5432 -96.4701 2
    endloop
  endfacet
  facet normal 0 0 1
    outer loop
      vertex 75.852 -95.7716 2
      vertex 76.0941 -96.3807 2
      vertex 76.2235 -95.8978 2
    endloop
  endfacet
  facet normal 0 0 1
    outer loop
      vertex 75.852 -95.7716 2
      vertex 75.6606 -96.2336 2
      vertex 76.0941 -96.3807 2
    endloop
  endfacet
  facet normal 0 0 1
    outer loop
      vertex 75.3897 -96.1 2
      vertex 75.852 -95.7716 2
      vertex 75.5 -95.5981 2
    endloop
  endfacet
  facet normal 0 0 1
    outer loop
      vertex 75.852 -95.7716 2
      vertex 75.3897 -96.1 2
      vertex 75.6606 -96.2336 2
    endloop
  endfacet
  facet normal 0 0 1
    outer loop
      vertex 75.1737 -95.3801 2
      vertex 75.3897 -96.1 2
      vertex 75.5 -95.5981 2
    endloop
  endfacet
  facet normal 0 0 1
    outer loop
      vertex 74.8787 -95.1213 2
      vertex 75.3897 -96.1 2
      vertex 75.1737 -95.3801 2
    endloop
  endfacet
  facet normal 0 0 1
    outer loop
      vertex 74.6199 -94.8263 2
      vertex 75.3897 -96.1 2
      vertex 74.8787 -95.1213 2
    endloop
  endfacet
  facet normal 0 0 1
    outer loop
      vertex 52.5817 -94.4741 2
      vertex 74.6199 -94.8263 2
      vertex 74.4019 -94.5 2
    endloop
  endfacet
  facet normal 0 0 1
    outer loop
      vertex 74.0257 -92.6084 2
      vertex 54.9 -89.1 2
      vertex 74 -93 2
    endloop
  endfacet
  facet normal 0 0 1
    outer loop
      vertex 74 -93 2
      vertex 54.9 -89.1 2
      vertex 74.0257 -93.3916 2
    endloop
  endfacet
  facet normal -0 0 1
    outer loop
      vertex 53.1265 -93.159 2
      vertex 74.0257 -93.3916 2
      vertex 54.9 -89.1 2
    endloop
  endfacet
  facet normal 0 0 1
    outer loop
      vertex 53.0563 -93.5117 2
      vertex 74.0257 -93.3916 2
      vertex 53.1265 -93.159 2
    endloop
  endfacet
  facet normal 0 0 1
    outer loop
      vertex 74.0257 -93.3916 2
      vertex 53.0563 -93.5117 2
      vertex 74.1022 -93.7765 2
    endloop
  endfacet
  facet normal 0 0 1
    outer loop
      vertex 52.9407 -93.8524 2
      vertex 74.1022 -93.7765 2
      vertex 53.0563 -93.5117 2
    endloop
  endfacet
  facet normal 0 0 1
    outer loop
      vertex 53.1265 -93.159 2
      vertex 54.9 -89.1 2
      vertex 53.15 -92.8 2
    endloop
  endfacet
  facet normal 0 0 1
    outer loop
      vertex 74.1022 -93.7765 2
      vertex 52.9407 -93.8524 2
      vertex 74.2284 -94.148 2
    endloop
  endfacet
  facet normal 0 0 1
    outer loop
      vertex 52.7816 -94.175 2
      vertex 74.2284 -94.148 2
      vertex 52.9407 -93.8524 2
    endloop
  endfacet
  facet normal 0 0 1
    outer loop
      vertex 74.2284 -94.148 2
      vertex 52.7816 -94.175 2
      vertex 74.4019 -94.5 2
    endloop
  endfacet
  facet normal -0 0 1
    outer loop
      vertex 52.5817 -94.4741 2
      vertex 74.4019 -94.5 2
      vertex 52.7816 -94.175 2
    endloop
  endfacet
  facet normal 0 0 1
    outer loop
      vertex 74.6199 -94.8263 2
      vertex 52.5817 -94.4741 2
      vertex 75.3897 -96.1 2
    endloop
  endfacet
  facet normal -0 0 1
    outer loop
      vertex 52.3445 -94.7445 2
      vertex 75.3897 -96.1 2
      vertex 52.5817 -94.4741 2
    endloop
  endfacet
  facet normal -0 0 1
    outer loop
      vertex 52.0741 -94.9817 2
      vertex 75.3897 -96.1 2
      vertex 52.3445 -94.7445 2
    endloop
  endfacet
  facet normal -0 0 1
    outer loop
      vertex 51.775 -95.1816 2
      vertex 75.3897 -96.1 2
      vertex 52.0741 -94.9817 2
    endloop
  endfacet
  facet normal -0 0 1
    outer loop
      vertex 51.4524 -95.3407 2
      vertex 75.3897 -96.1 2
      vertex 51.775 -95.1816 2
    endloop
  endfacet
  facet normal -0 0 1
    outer loop
      vertex 51.1118 -95.4563 2
      vertex 75.3897 -96.1 2
      vertex 51.4524 -95.3407 2
    endloop
  endfacet
  facet normal -0 0 1
    outer loop
      vertex 50.7589 -95.5265 2
      vertex 75.3897 -96.1 2
      vertex 51.1118 -95.4563 2
    endloop
  endfacet
  facet normal -0 0 1
    outer loop
      vertex 50.4 -95.55 2
      vertex 75.3897 -96.1 2
      vertex 50.7589 -95.5265 2
    endloop
  endfacet
  facet normal -0 0 1
    outer loop
      vertex 11.15 -92.8 2
      vertex 47.6735 -93.159 2
      vertex 47.65 -92.8 2
    endloop
  endfacet
  facet normal 0 0 1
    outer loop
      vertex 11.1265 -93.159 2
      vertex 47.6735 -93.159 2
      vertex 11.15 -92.8 2
    endloop
  endfacet
  facet normal 0 0 1
    outer loop
      vertex 47.6735 -93.159 2
      vertex 11.1265 -93.159 2
      vertex 47.7437 -93.5117 2
    endloop
  endfacet
  facet normal 0 0 1
    outer loop
      vertex 11.0563 -93.5117 2
      vertex 47.7437 -93.5117 2
      vertex 11.1265 -93.159 2
    endloop
  endfacet
  facet normal 0 0 1
    outer loop
      vertex 47.7437 -93.5117 2
      vertex 11.0563 -93.5117 2
      vertex 47.8593 -93.8524 2
    endloop
  endfacet
  facet normal 0 0 1
    outer loop
      vertex 10.9407 -93.8524 2
      vertex 47.8593 -93.8524 2
      vertex 11.0563 -93.5117 2
    endloop
  endfacet
  facet normal 0 0 1
    outer loop
      vertex 47.8593 -93.8524 2
      vertex 10.9407 -93.8524 2
      vertex 48.0184 -94.175 2
    endloop
  endfacet
  facet normal 0 0 1
    outer loop
      vertex 10.7816 -94.175 2
      vertex 48.0184 -94.175 2
      vertex 10.9407 -93.8524 2
    endloop
  endfacet
  facet normal 0 0 1
    outer loop
      vertex 48.0184 -94.175 2
      vertex 10.7816 -94.175 2
      vertex 48.2183 -94.4741 2
    endloop
  endfacet
  facet normal 0 0 1
    outer loop
      vertex 10.5817 -94.4741 2
      vertex 48.2183 -94.4741 2
      vertex 10.7816 -94.175 2
    endloop
  endfacet
  facet normal 0 0 1
    outer loop
      vertex 48.2183 -94.4741 2
      vertex 10.5817 -94.4741 2
      vertex 48.4555 -94.7445 2
    endloop
  endfacet
  facet normal 0 0 1
    outer loop
      vertex 10.3445 -94.7445 2
      vertex 48.4555 -94.7445 2
      vertex 10.5817 -94.4741 2
    endloop
  endfacet
  facet normal 0 0 1
    outer loop
      vertex 48.4555 -94.7445 2
      vertex 10.3445 -94.7445 2
      vertex 48.7259 -94.9817 2
    endloop
  endfacet
  facet normal 0 0 1
    outer loop
      vertex 10.0741 -94.9817 2
      vertex 48.7259 -94.9817 2
      vertex 10.3445 -94.7445 2
    endloop
  endfacet
  facet normal 0 0 1
    outer loop
      vertex 48.7259 -94.9817 2
      vertex 10.0741 -94.9817 2
      vertex 49.025 -95.1816 2
    endloop
  endfacet
  facet normal 0 0 1
    outer loop
      vertex 9.775 -95.1816 2
      vertex 49.025 -95.1816 2
      vertex 10.0741 -94.9817 2
    endloop
  endfacet
  facet normal 0 0 1
    outer loop
      vertex 8.1277 -96.1 2
      vertex 49.025 -95.1816 2
      vertex 9.775 -95.1816 2
    endloop
  endfacet
  facet normal 0 0 1
    outer loop
      vertex 49.025 -95.1816 2
      vertex 8.1277 -96.1 2
      vertex 49.3476 -95.3407 2
    endloop
  endfacet
  facet normal 0 0 1
    outer loop
      vertex 49.3476 -95.3407 2
      vertex 8.1277 -96.1 2
      vertex 49.6882 -95.4563 2
    endloop
  endfacet
  facet normal 0 0 1
    outer loop
      vertex 49.6882 -95.4563 2
      vertex 8.1277 -96.1 2
      vertex 50.0411 -95.5265 2
    endloop
  endfacet
  facet normal 0 0 1
    outer loop
      vertex 50.0411 -95.5265 2
      vertex 8.1277 -96.1 2
      vertex 50.4 -95.55 2
    endloop
  endfacet
  facet normal 0 0 1
    outer loop
      vertex 8.1277 -96.1 2
      vertex 9.775 -95.1816 2
      vertex 9.45238 -95.3407 2
    endloop
  endfacet
  facet normal 0 0 1
    outer loop
      vertex 8.1277 -96.1 2
      vertex 9.45238 -95.3407 2
      vertex 9.11175 -95.4563 2
    endloop
  endfacet
  facet normal 0 0 1
    outer loop
      vertex 8.1277 -96.1 2
      vertex 9.11175 -95.4563 2
      vertex 8.75895 -95.5265 2
    endloop
  endfacet
  facet normal 0 0 1
    outer loop
      vertex 8.1277 -96.1 2
      vertex 8.75895 -95.5265 2
      vertex 8.4 -95.55 2
    endloop
  endfacet
  facet normal 0 0 1
    outer loop
      vertex 50.4 -95.55 2
      vertex 8.1277 -96.1 2
      vertex 75.3897 -96.1 2
    endloop
  endfacet
  facet normal 0 0 1
    outer loop
      vertex 8.04105 -95.5265 2
      vertex 8.1277 -96.1 2
      vertex 8.4 -95.55 2
    endloop
  endfacet
  facet normal 0 0 1
    outer loop
      vertex 7.46599 -96.0566 2
      vertex 8.04105 -95.5265 2
      vertex 7.68825 -95.4563 2
    endloop
  endfacet
  facet normal 0 0 1
    outer loop
      vertex 8.04105 -95.5265 2
      vertex 7.46599 -96.0566 2
      vertex 8.1277 -96.1 2
    endloop
  endfacet
  facet normal 0 0 1
    outer loop
      vertex 7.34762 -95.3407 2
      vertex 7.46599 -96.0566 2
      vertex 7.68825 -95.4563 2
    endloop
  endfacet
  facet normal 0 0 1
    outer loop
      vertex 6.94095 -95.9522 2
      vertex 7.34762 -95.3407 2
      vertex 7.025 -95.1816 2
    endloop
  endfacet
  facet normal 0 0 1
    outer loop
      vertex 7.34762 -95.3407 2
      vertex 6.94095 -95.9522 2
      vertex 7.46599 -96.0566 2
    endloop
  endfacet
  facet normal 0 0 1
    outer loop
      vertex 6.4343 -95.7802 2
      vertex 7.025 -95.1816 2
      vertex 6.72591 -94.9817 2
    endloop
  endfacet
  facet normal 0 0 1
    outer loop
      vertex 5.9541 -95.5434 2
      vertex 6.72591 -94.9817 2
      vertex 6.45546 -94.7445 2
    endloop
  endfacet
  facet normal 0 0 1
    outer loop
      vertex 7.025 -95.1816 2
      vertex 6.4343 -95.7802 2
      vertex 6.94095 -95.9522 2
    endloop
  endfacet
  facet normal 0 0 1
    outer loop
      vertex 5.50917 -95.2461 2
      vertex 6.45546 -94.7445 2
      vertex 6.21828 -94.4741 2
    endloop
  endfacet
  facet normal 0 0 1
    outer loop
      vertex 5.10677 -94.8932 2
      vertex 6.21828 -94.4741 2
      vertex 6.01843 -94.175 2
    endloop
  endfacet
  facet normal 0 0 1
    outer loop
      vertex 6.72591 -94.9817 2
      vertex 5.9541 -95.5434 2
      vertex 6.4343 -95.7802 2
    endloop
  endfacet
  facet normal 0 0 1
    outer loop
      vertex 4.75389 -94.4908 2
      vertex 6.01843 -94.175 2
      vertex 5.85933 -93.8524 2
    endloop
  endfacet
  facet normal 0 0 1
    outer loop
      vertex 4.75389 -94.4908 2
      vertex 5.85933 -93.8524 2
      vertex 5.7437 -93.5117 2
    endloop
  endfacet
  facet normal 0 0 1
    outer loop
      vertex 4.21979 -93.5657 2
      vertex 5.7437 -93.5117 2
      vertex 5.67353 -93.159 2
    endloop
  endfacet
  facet normal 0 0 1
    outer loop
      vertex 6.45546 -94.7445 2
      vertex 5.50917 -95.2461 2
      vertex 5.9541 -95.5434 2
    endloop
  endfacet
  facet normal -0 0 1
    outer loop
      vertex 4.04781 -93.0591 2
      vertex 5.67353 -93.159 2
      vertex 5.65 -92.8 2
    endloop
  endfacet
  facet normal 0 0 1
    outer loop
      vertex 177 -77.4019 2
      vertex 177.3 -77.0023 2
      vertex 177.25 -76.9689 2
    endloop
  endfacet
  facet normal 0 0 1
    outer loop
      vertex 177.3 -77.0023 2
      vertex 177 -77.4019 2
      vertex 177.3 -77.6024 2
    endloop
  endfacet
  facet normal 0 0 1
    outer loop
      vertex 176.839 -76.7664 2
      vertex 177 -77.4019 2
      vertex 177.25 -76.9689 2
    endloop
  endfacet
  facet normal 0 0 1
    outer loop
      vertex 176.839 -76.7664 2
      vertex 176.648 -77.2284 2
      vertex 177 -77.4019 2
    endloop
  endfacet
  facet normal 0 0 1
    outer loop
      vertex 176.406 -76.6193 2
      vertex 176.648 -77.2284 2
      vertex 176.839 -76.7664 2
    endloop
  endfacet
  facet normal 0 0 1
    outer loop
      vertex 176.406 -76.6193 2
      vertex 176.276 -77.1022 2
      vertex 176.648 -77.2284 2
    endloop
  endfacet
  facet normal 0 0 1
    outer loop
      vertex 176.1 -76.5584 2
      vertex 176.276 -77.1022 2
      vertex 176.406 -76.6193 2
    endloop
  endfacet
  facet normal 0 0 1
    outer loop
      vertex 176.1 -76.5584 2
      vertex 175.892 -77.0257 2
      vertex 176.276 -77.1022 2
    endloop
  endfacet
  facet normal 0 0 1
    outer loop
      vertex 175.108 -22.9743 2
      vertex 176.1 -23.4416 2
      vertex 175.5 -23 2
    endloop
  endfacet
  facet normal 0 0 1
    outer loop
      vertex 174.724 -22.8978 2
      vertex 176.1 -23.4416 2
      vertex 175.108 -22.9743 2
    endloop
  endfacet
  facet normal 0 0 1
    outer loop
      vertex 176.1 -76.5584 2
      vertex 175.5 -77 2
      vertex 175.892 -77.0257 2
    endloop
  endfacet
  facet normal 0 0 1
    outer loop
      vertex 174.352 -22.7716 2
      vertex 176.1 -23.4416 2
      vertex 174.724 -22.8978 2
    endloop
  endfacet
  facet normal 0 0 1
    outer loop
      vertex 176.1 -76.5584 2
      vertex 175.108 -77.0257 2
      vertex 175.5 -77 2
    endloop
  endfacet
  facet normal 0 0 1
    outer loop
      vertex 176.1 -23.4416 2
      vertex 174.352 -22.7716 2
      vertex 176.1 -76.5584 2
    endloop
  endfacet
  facet normal 0 0 1
    outer loop
      vertex 176.1 -76.5584 2
      vertex 174.724 -77.1022 2
      vertex 175.108 -77.0257 2
    endloop
  endfacet
  facet normal 0 0 1
    outer loop
      vertex 174.352 -77.2284 2
      vertex 176.1 -76.5584 2
      vertex 174.352 -22.7716 2
    endloop
  endfacet
  facet normal 0 0 1
    outer loop
      vertex 176.1 -76.5584 2
      vertex 174.352 -77.2284 2
      vertex 174.724 -77.1022 2
    endloop
  endfacet
  facet normal 0 0 1
    outer loop
      vertex 174 -22.5981 2
      vertex 174.352 -77.2284 2
      vertex 174.352 -22.7716 2
    endloop
  endfacet
  facet normal 0 0 1
    outer loop
      vertex 174 -22.5981 2
      vertex 174 -77.4019 2
      vertex 174.352 -77.2284 2
    endloop
  endfacet
  facet normal 0 0 1
    outer loop
      vertex 173.674 -22.3801 2
      vertex 174 -77.4019 2
      vertex 174 -22.5981 2
    endloop
  endfacet
  facet normal 0 0 1
    outer loop
      vertex 173.674 -22.3801 2
      vertex 173.674 -77.6199 2
      vertex 174 -77.4019 2
    endloop
  endfacet
  facet normal 0 0 1
    outer loop
      vertex 173.379 -22.1213 2
      vertex 173.674 -77.6199 2
      vertex 173.674 -22.3801 2
    endloop
  endfacet
  facet normal 0 0 1
    outer loop
      vertex 173.379 -22.1213 2
      vertex 173.379 -77.8787 2
      vertex 173.674 -77.6199 2
    endloop
  endfacet
  facet normal 0 0 1
    outer loop
      vertex 173.12 -21.8263 2
      vertex 173.379 -77.8787 2
      vertex 173.379 -22.1213 2
    endloop
  endfacet
  facet normal 0 0 1
    outer loop
      vertex 173.12 -21.8263 2
      vertex 173.12 -78.1737 2
      vertex 173.379 -77.8787 2
    endloop
  endfacet
  facet normal 0 0 1
    outer loop
      vertex 172.902 -21.5 2
      vertex 173.12 -78.1737 2
      vertex 173.12 -21.8263 2
    endloop
  endfacet
  facet normal 0 0 1
    outer loop
      vertex 172.902 -21.5 2
      vertex 172.902 -78.5 2
      vertex 173.12 -78.1737 2
    endloop
  endfacet
  facet normal 0 0 1
    outer loop
      vertex 172.728 -21.148 2
      vertex 172.902 -78.5 2
      vertex 172.902 -21.5 2
    endloop
  endfacet
  facet normal 0 0 1
    outer loop
      vertex 172.728 -21.148 2
      vertex 172.728 -78.852 2
      vertex 172.902 -78.5 2
    endloop
  endfacet
  facet normal 0 0 1
    outer loop
      vertex 172.602 -20.7765 2
      vertex 172.728 -78.852 2
      vertex 172.728 -21.148 2
    endloop
  endfacet
  facet normal 0 0 1
    outer loop
      vertex 172.602 -20.7765 2
      vertex 172.602 -79.2235 2
      vertex 172.728 -78.852 2
    endloop
  endfacet
  facet normal 0 0 1
    outer loop
      vertex 172.526 -20.3916 2
      vertex 172.602 -79.2235 2
      vertex 172.602 -20.7765 2
    endloop
  endfacet
  facet normal 0 0 1
    outer loop
      vertex 172.526 -20.3916 2
      vertex 172.526 -79.6084 2
      vertex 172.602 -79.2235 2
    endloop
  endfacet
  facet normal 0 0 1
    outer loop
      vertex 172.5 -20 2
      vertex 172.526 -79.6084 2
      vertex 172.526 -20.3916 2
    endloop
  endfacet
  facet normal 0 0 1
    outer loop
      vertex 172.526 -79.6084 2
      vertex 172.5 -20 2
      vertex 172.5 -80 2
    endloop
  endfacet
  facet normal -0 0 1
    outer loop
      vertex 177 -22.5981 2
      vertex 177.3 -22.9977 2
      vertex 177.3 -22.3976 2
    endloop
  endfacet
  facet normal 0 0 1
    outer loop
      vertex 177.3 -22.9977 2
      vertex 177 -22.5981 2
      vertex 177.25 -23.0311 2
    endloop
  endfacet
  facet normal 0 0 1
    outer loop
      vertex 177 -22.5981 2
      vertex 176.839 -23.2336 2
      vertex 177.25 -23.0311 2
    endloop
  endfacet
  facet normal -0 0 1
    outer loop
      vertex 176.648 -22.7716 2
      vertex 176.839 -23.2336 2
      vertex 177 -22.5981 2
    endloop
  endfacet
  facet normal 0 0 1
    outer loop
      vertex 176.648 -22.7716 2
      vertex 176.406 -23.3807 2
      vertex 176.839 -23.2336 2
    endloop
  endfacet
  facet normal -0 0 1
    outer loop
      vertex 176.276 -22.8978 2
      vertex 176.406 -23.3807 2
      vertex 176.648 -22.7716 2
    endloop
  endfacet
  facet normal 0 0 1
    outer loop
      vertex 176.276 -22.8978 2
      vertex 176.1 -23.4416 2
      vertex 176.406 -23.3807 2
    endloop
  endfacet
  facet normal -0 0 1
    outer loop
      vertex 175.5 -23 2
      vertex 176.1 -23.4416 2
      vertex 175.892 -22.9743 2
    endloop
  endfacet
  facet normal -0 0 1
    outer loop
      vertex 175.892 -22.9743 2
      vertex 176.1 -23.4416 2
      vertex 176.276 -22.8978 2
    endloop
  endfacet
  facet normal 0 0 1
    outer loop
      vertex 177 -17.4019 2
      vertex 177.3 -17.0023 2
      vertex 177.25 -16.9689 2
    endloop
  endfacet
  facet normal 0 0 1
    outer loop
      vertex 177.3 -17.0023 2
      vertex 177 -17.4019 2
      vertex 177.3 -17.6024 2
    endloop
  endfacet
  facet normal 0 0 1
    outer loop
      vertex 176.839 -16.7664 2
      vertex 177 -17.4019 2
      vertex 177.25 -16.9689 2
    endloop
  endfacet
  facet normal 0 0 1
    outer loop
      vertex 176.839 -16.7664 2
      vertex 176.648 -17.2284 2
      vertex 177 -17.4019 2
    endloop
  endfacet
  facet normal 0 0 1
    outer loop
      vertex 176.406 -16.6193 2
      vertex 176.648 -17.2284 2
      vertex 176.839 -16.7664 2
    endloop
  endfacet
  facet normal 0 0 1
    outer loop
      vertex 176.406 -16.6193 2
      vertex 176.276 -17.1022 2
      vertex 176.648 -17.2284 2
    endloop
  endfacet
  facet normal 0 0 1
    outer loop
      vertex 176.1 -16.5584 2
      vertex 176.276 -17.1022 2
      vertex 176.406 -16.6193 2
    endloop
  endfacet
  facet normal 0 0 1
    outer loop
      vertex 171.957 -8.34737 2
      vertex 176.057 -7.46599 2
      vertex 175.952 -6.94095 2
    endloop
  endfacet
  facet normal 0 0 1
    outer loop
      vertex 176.1 -16.5584 2
      vertex 175.892 -17.0257 2
      vertex 176.276 -17.1022 2
    endloop
  endfacet
  facet normal 0 0 1
    outer loop
      vertex 176.1 -8.1277 2
      vertex 172 -9 2
      vertex 176.1 -16.5584 2
    endloop
  endfacet
  facet normal 0 0 1
    outer loop
      vertex 171.83 -7.7059 2
      vertex 175.952 -6.94095 2
      vertex 175.78 -6.4343 2
    endloop
  endfacet
  facet normal 0 0 1
    outer loop
      vertex 171.83 -7.7059 2
      vertex 175.78 -6.4343 2
      vertex 175.543 -5.9541 2
    endloop
  endfacet
  facet normal 0 -0 1
    outer loop
      vertex 174.724 -17.1022 2
      vertex 176.1 -16.5584 2
      vertex 172 -9 2
    endloop
  endfacet
  facet normal 0 0 1
    outer loop
      vertex 171.83 -7.7059 2
      vertex 175.543 -5.9541 2
      vertex 175.246 -5.50917 2
    endloop
  endfacet
  facet normal 0 0 1
    outer loop
      vertex 176.1 -16.5584 2
      vertex 175.5 -17 2
      vertex 175.892 -17.0257 2
    endloop
  endfacet
  facet normal 0 0 1
    outer loop
      vertex 171.619 -7.08658 2
      vertex 175.246 -5.50917 2
      vertex 174.893 -5.10677 2
    endloop
  endfacet
  facet normal 0 0 1
    outer loop
      vertex 176.1 -16.5584 2
      vertex 175.108 -17.0257 2
      vertex 175.5 -17 2
    endloop
  endfacet
  facet normal 0 0 1
    outer loop
      vertex 171.619 -7.08658 2
      vertex 174.893 -5.10677 2
      vertex 174.491 -4.75389 2
    endloop
  endfacet
  facet normal 0 0 1
    outer loop
      vertex 176.1 -16.5584 2
      vertex 174.724 -17.1022 2
      vertex 175.108 -17.0257 2
    endloop
  endfacet
  facet normal 0 0 1
    outer loop
      vertex 171.619 -7.08658 2
      vertex 174.491 -4.75389 2
      vertex 174.046 -4.45659 2
    endloop
  endfacet
  facet normal 0 0 1
    outer loop
      vertex 174.724 -17.1022 2
      vertex 172 -9 2
      vertex 174.352 -17.2284 2
    endloop
  endfacet
  facet normal 0 0 1
    outer loop
      vertex 174.352 -17.2284 2
      vertex 172 -9 2
      vertex 174 -17.4019 2
    endloop
  endfacet
  facet normal 0 0 1
    outer loop
      vertex 171.33 -6.5 2
      vertex 174.046 -4.45659 2
      vertex 173.566 -4.21979 2
    endloop
  endfacet
  facet normal 0 0 1
    outer loop
      vertex 174 -17.4019 2
      vertex 172 -9 2
      vertex 173.674 -17.6199 2
    endloop
  endfacet
  facet normal 0 0 1
    outer loop
      vertex 173.674 -17.6199 2
      vertex 172 -9 2
      vertex 173.379 -17.8787 2
    endloop
  endfacet
  facet normal 0 0 1
    outer loop
      vertex 171.33 -6.5 2
      vertex 173.566 -4.21979 2
      vertex 173.059 -4.04781 2
    endloop
  endfacet
  facet normal 0 0 1
    outer loop
      vertex 173.379 -17.8787 2
      vertex 172 -9 2
      vertex 173.12 -18.1737 2
    endloop
  endfacet
  facet normal 0 0 1
    outer loop
      vertex 173.12 -18.1737 2
      vertex 172 -9 2
      vertex 172.902 -18.5 2
    endloop
  endfacet
  facet normal 0 0 1
    outer loop
      vertex 172.902 -18.5 2
      vertex 172 -9 2
      vertex 172.728 -18.8519 2
    endloop
  endfacet
  facet normal 0 0 1
    outer loop
      vertex 171.33 -6.5 2
      vertex 173.059 -4.04781 2
      vertex 172.534 -3.94336 2
    endloop
  endfacet
  facet normal 0 0 1
    outer loop
      vertex 172.728 -18.8519 2
      vertex 172 -9 2
      vertex 172.602 -19.2235 2
    endloop
  endfacet
  facet normal 0 0 1
    outer loop
      vertex 172.602 -19.2235 2
      vertex 172 -9 2
      vertex 172.526 -19.6084 2
    endloop
  endfacet
  facet normal 0 0 1
    outer loop
      vertex 172.5 -20 2
      vertex 172 -9 2
      vertex 172.5 -80 2
    endloop
  endfacet
  facet normal 0 0 1
    outer loop
      vertex 172.526 -19.6084 2
      vertex 172 -9 2
      vertex 172.5 -20 2
    endloop
  endfacet
  facet normal 0 0 1
    outer loop
      vertex 176.1 -8.1277 2
      vertex 171.957 -8.34737 2
      vertex 172 -9 2
    endloop
  endfacet
  facet normal 0 0 1
    outer loop
      vertex 170.967 -5.95619 2
      vertex 172.534 -3.94336 2
      vertex 171.872 -3.89999 2
    endloop
  endfacet
  facet normal 0 0 1
    outer loop
      vertex 175.952 -6.94095 2
      vertex 171.83 -7.7059 2
      vertex 171.957 -8.34737 2
    endloop
  endfacet
  facet normal 0 0 1
    outer loop
      vertex 175.246 -5.50917 2
      vertex 171.619 -7.08658 2
      vertex 171.83 -7.7059 2
    endloop
  endfacet
  facet normal 0 0 1
    outer loop
      vertex 174.046 -4.45659 2
      vertex 171.33 -6.5 2
      vertex 171.619 -7.08658 2
    endloop
  endfacet
  facet normal 0 0 1
    outer loop
      vertex 172.534 -3.94336 2
      vertex 170.967 -5.95619 2
      vertex 171.33 -6.5 2
    endloop
  endfacet
  facet normal 0 0 1
    outer loop
      vertex 171.872 -3.89999 2
      vertex 170.536 -5.46446 2
      vertex 170.967 -5.95619 2
    endloop
  endfacet
  facet normal 0 0 1
    outer loop
      vertex 171.872 -3.89999 2
      vertex 170.044 -5.03323 2
      vertex 170.536 -5.46446 2
    endloop
  endfacet
  facet normal 0 0 1
    outer loop
      vertex 171.872 -3.89999 2
      vertex 169.5 -4.66988 2
      vertex 170.044 -5.03323 2
    endloop
  endfacet
  facet normal 0 0 1
    outer loop
      vertex 171.872 -3.89999 2
      vertex 168.913 -4.3806 2
      vertex 169.5 -4.66988 2
    endloop
  endfacet
  facet normal 0 0 1
    outer loop
      vertex 171.872 -3.89999 2
      vertex 168.294 -4.17036 2
      vertex 168.913 -4.3806 2
    endloop
  endfacet
  facet normal 0 0 1
    outer loop
      vertex 171.872 -3.89999 2
      vertex 167.653 -4.04277 2
      vertex 168.294 -4.17036 2
    endloop
  endfacet
  facet normal 0 0 1
    outer loop
      vertex 171.872 -3.89999 2
      vertex 167 -4 2
      vertex 167.653 -4.04277 2
    endloop
  endfacet
  facet normal 0 0 1
    outer loop
      vertex 171.872 -3.89999 2
      vertex 85 -4 2
      vertex 167 -4 2
    endloop
  endfacet
  facet normal 0 0 1
    outer loop
      vertex 80.3806 -7.08658 2
      vertex 79.9743 -7.39158 2
      vertex 80.1704 -7.7059 2
    endloop
  endfacet
  facet normal 0 0 1
    outer loop
      vertex 79.9743 -7.39158 2
      vertex 80.3806 -7.08658 2
      vertex 80 -7 2
    endloop
  endfacet
  facet normal -0 0 1
    outer loop
      vertex 79.9743 -6.60842 2
      vertex 80.3806 -7.08658 2
      vertex 80.6699 -6.5 2
    endloop
  endfacet
  facet normal -0 0 1
    outer loop
      vertex 79.8978 -6.22354 2
      vertex 80.6699 -6.5 2
      vertex 81.0332 -5.95619 2
    endloop
  endfacet
  facet normal -0 0 1
    outer loop
      vertex 79.5981 -5.5 2
      vertex 81.0332 -5.95619 2
      vertex 81.4645 -5.46446 2
    endloop
  endfacet
  facet normal 0 0 1
    outer loop
      vertex 80.3806 -7.08658 2
      vertex 79.9743 -6.60842 2
      vertex 80 -7 2
    endloop
  endfacet
  facet normal -0 0 1
    outer loop
      vertex 79.3801 -5.17372 2
      vertex 81.4645 -5.46446 2
      vertex 81.9562 -5.03323 2
    endloop
  endfacet
  facet normal 0 0 1
    outer loop
      vertex 80.6699 -6.5 2
      vertex 79.8978 -6.22354 2
      vertex 79.9743 -6.60842 2
    endloop
  endfacet
  facet normal 0 0 1
    outer loop
      vertex 78.6103 -3.89999 2
      vertex 81.9562 -5.03323 2
      vertex 82.5 -4.66988 2
    endloop
  endfacet
  facet normal 0 0 1
    outer loop
      vertex 81.0332 -5.95619 2
      vertex 79.7716 -5.85195 2
      vertex 79.8978 -6.22354 2
    endloop
  endfacet
  facet normal 0 0 1
    outer loop
      vertex 78.6103 -3.89999 2
      vertex 82.5 -4.66988 2
      vertex 83.0866 -4.3806 2
    endloop
  endfacet
  facet normal 0 0 1
    outer loop
      vertex 81.0332 -5.95619 2
      vertex 79.5981 -5.5 2
      vertex 79.7716 -5.85195 2
    endloop
  endfacet
  facet normal 0 0 1
    outer loop
      vertex 78.6103 -3.89999 2
      vertex 83.0866 -4.3806 2
      vertex 83.7059 -4.17036 2
    endloop
  endfacet
  facet normal 0 0 1
    outer loop
      vertex 81.4645 -5.46446 2
      vertex 79.3801 -5.17372 2
      vertex 79.5981 -5.5 2
    endloop
  endfacet
  facet normal 0 0 1
    outer loop
      vertex 81.9562 -5.03323 2
      vertex 79.1213 -4.87868 2
      vertex 79.3801 -5.17372 2
    endloop
  endfacet
  facet normal 0 0 1
    outer loop
      vertex 78.6103 -3.89999 2
      vertex 83.7059 -4.17036 2
      vertex 84.3474 -4.04277 2
    endloop
  endfacet
  facet normal 0 0 1
    outer loop
      vertex 81.9562 -5.03323 2
      vertex 78.6103 -3.89999 2
      vertex 79.1213 -4.87868 2
    endloop
  endfacet
  facet normal -0 0 1
    outer loop
      vertex 78.6103 -3.89999 2
      vertex 85 -4 2
      vertex 171.872 -3.89999 2
    endloop
  endfacet
  facet normal 0 0 1
    outer loop
      vertex 78.6103 -3.89999 2
      vertex 84.3474 -4.04277 2
      vertex 85 -4 2
    endloop
  endfacet
  facet normal 0 0 1
    outer loop
      vertex 79.1213 -4.87868 2
      vertex 78.6103 -3.89999 2
      vertex 78.8263 -4.61994 2
    endloop
  endfacet
  facet normal 0 0 1
    outer loop
      vertex 78.6103 -3.89999 2
      vertex 78.5 -4.40192 2
      vertex 78.8263 -4.61994 2
    endloop
  endfacet
  facet normal 0 0 1
    outer loop
      vertex 78.148 -4.22836 2
      vertex 78.6103 -3.89999 2
      vertex 78.3394 -3.76642 2
    endloop
  endfacet
  facet normal 0 0 1
    outer loop
      vertex 78.6103 -3.89999 2
      vertex 78.148 -4.22836 2
      vertex 78.5 -4.40192 2
    endloop
  endfacet
  facet normal 0 0 1
    outer loop
      vertex 77.9059 -3.61926 2
      vertex 78.148 -4.22836 2
      vertex 78.3394 -3.76642 2
    endloop
  endfacet
  facet normal 0 0 1
    outer loop
      vertex 77.9059 -3.61926 2
      vertex 77.7765 -4.10222 2
      vertex 78.148 -4.22836 2
    endloop
  endfacet
  facet normal 0 0 1
    outer loop
      vertex 77.4568 -3.52994 2
      vertex 77.7765 -4.10222 2
      vertex 77.9059 -3.61926 2
    endloop
  endfacet
  facet normal 0 0 1
    outer loop
      vertex 77.4568 -3.52994 2
      vertex 77.3916 -4.02567 2
      vertex 77.7765 -4.10222 2
    endloop
  endfacet
  facet normal 0 0 1
    outer loop
      vertex 77 -3.5 2
      vertex 77.3916 -4.02567 2
      vertex 77.4568 -3.52994 2
    endloop
  endfacet
  facet normal 0 0 1
    outer loop
      vertex 77 -3.5 2
      vertex 77 -4 2
      vertex 77.3916 -4.02567 2
    endloop
  endfacet
  facet normal 0 0 1
    outer loop
      vertex 77 -3.5 2
      vertex 76.6084 -4.02567 2
      vertex 77 -4 2
    endloop
  endfacet
  facet normal -0 0 1
    outer loop
      vertex 76.5432 -3.52994 2
      vertex 76.6084 -4.02567 2
      vertex 77 -3.5 2
    endloop
  endfacet
  facet normal 0 0 1
    outer loop
      vertex 76.5432 -3.52994 2
      vertex 76.2235 -4.10222 2
      vertex 76.6084 -4.02567 2
    endloop
  endfacet
  facet normal -0 0 1
    outer loop
      vertex 76.0941 -3.61926 2
      vertex 76.2235 -4.10222 2
      vertex 76.5432 -3.52994 2
    endloop
  endfacet
  facet normal 0 0 1
    outer loop
      vertex 76.0941 -3.61926 2
      vertex 75.852 -4.22836 2
      vertex 76.2235 -4.10222 2
    endloop
  endfacet
  facet normal -0 0 1
    outer loop
      vertex 75.6606 -3.76642 2
      vertex 75.852 -4.22836 2
      vertex 76.0941 -3.61926 2
    endloop
  endfacet
  facet normal -0 0 1
    outer loop
      vertex 75.3897 -3.89999 2
      vertex 75.852 -4.22836 2
      vertex 75.6606 -3.76642 2
    endloop
  endfacet
  facet normal 0 0 1
    outer loop
      vertex 75.852 -4.22836 2
      vertex 75.3897 -3.89999 2
      vertex 75.5 -4.40192 2
    endloop
  endfacet
  facet normal 0 0 1
    outer loop
      vertex 75.3897 -3.89999 2
      vertex 75.1737 -4.61994 2
      vertex 75.5 -4.40192 2
    endloop
  endfacet
  facet normal 0 0 1
    outer loop
      vertex 75.3897 -3.89999 2
      vertex 74.8787 -4.87868 2
      vertex 75.1737 -4.61994 2
    endloop
  endfacet
  facet normal 0 0 1
    outer loop
      vertex 75.3897 -3.89999 2
      vertex 74.6199 -5.17372 2
      vertex 74.8787 -4.87868 2
    endloop
  endfacet
  facet normal 0 0 1
    outer loop
      vertex 75.3897 -3.89999 2
      vertex 74.4019 -5.5 2
      vertex 74.6199 -5.17372 2
    endloop
  endfacet
  facet normal 0 0 1
    outer loop
      vertex 74.1022 -92.2235 2
      vertex 54.9 -89.1 2
      vertex 74.0257 -92.6084 2
    endloop
  endfacet
  facet normal 0 0 1
    outer loop
      vertex 52.5817 -13.1259 2
      vertex 74 -7 2
      vertex 74.0257 -6.60842 2
    endloop
  endfacet
  facet normal 0 0 1
    outer loop
      vertex 52.3445 -12.8555 2
      vertex 74.0257 -6.60842 2
      vertex 74.1022 -6.22354 2
    endloop
  endfacet
  facet normal 0 0 1
    outer loop
      vertex 52.0741 -12.6183 2
      vertex 74.1022 -6.22354 2
      vertex 74.2284 -5.85195 2
    endloop
  endfacet
  facet normal 0 0 1
    outer loop
      vertex 51.775 -12.4184 2
      vertex 74.2284 -5.85195 2
      vertex 74.4019 -5.5 2
    endloop
  endfacet
  facet normal 0 0 1
    outer loop
      vertex 51.4524 -12.2593 2
      vertex 74.4019 -5.5 2
      vertex 75.3897 -3.89999 2
    endloop
  endfacet
  facet normal 0 0 1
    outer loop
      vertex 74.0257 -7.39158 2
      vertex 52.9407 -13.7476 2
      vertex 54.9 -17.1 2
    endloop
  endfacet
  facet normal 0 0 1
    outer loop
      vertex 54.9 -17.1 2
      vertex 53.1265 -14.4411 2
      vertex 53.15 -14.8 2
    endloop
  endfacet
  facet normal 0 0 1
    outer loop
      vertex 54.9 -17.1 2
      vertex 53.0563 -14.0882 2
      vertex 53.1265 -14.4411 2
    endloop
  endfacet
  facet normal 0 0 1
    outer loop
      vertex 54.9 -17.1 2
      vertex 52.9407 -13.7476 2
      vertex 53.0563 -14.0882 2
    endloop
  endfacet
  facet normal 0 0 1
    outer loop
      vertex 74.0257 -7.39158 2
      vertex 52.7816 -13.425 2
      vertex 52.9407 -13.7476 2
    endloop
  endfacet
  facet normal 0 0 1
    outer loop
      vertex 74 -7 2
      vertex 52.5817 -13.1259 2
      vertex 52.7816 -13.425 2
    endloop
  endfacet
  facet normal 0 0 1
    outer loop
      vertex 74.0257 -6.60842 2
      vertex 52.3445 -12.8555 2
      vertex 52.5817 -13.1259 2
    endloop
  endfacet
  facet normal 0 0 1
    outer loop
      vertex 74.1022 -6.22354 2
      vertex 52.0741 -12.6183 2
      vertex 52.3445 -12.8555 2
    endloop
  endfacet
  facet normal 0 0 1
    outer loop
      vertex 74.2284 -5.85195 2
      vertex 51.775 -12.4184 2
      vertex 52.0741 -12.6183 2
    endloop
  endfacet
  facet normal 0 0 1
    outer loop
      vertex 74.4019 -5.5 2
      vertex 51.4524 -12.2593 2
      vertex 51.775 -12.4184 2
    endloop
  endfacet
  facet normal 0 0 1
    outer loop
      vertex 75.3897 -3.89999 2
      vertex 51.1118 -12.1437 2
      vertex 51.4524 -12.2593 2
    endloop
  endfacet
  facet normal 0 0 1
    outer loop
      vertex 75.3897 -3.89999 2
      vertex 50.7589 -12.0735 2
      vertex 51.1118 -12.1437 2
    endloop
  endfacet
  facet normal 0 0 1
    outer loop
      vertex 75.3897 -3.89999 2
      vertex 50.4 -12.05 2
      vertex 50.7589 -12.0735 2
    endloop
  endfacet
  facet normal 0 0 1
    outer loop
      vertex 75.3897 -3.89999 2
      vertex 50.0411 -12.0735 2
      vertex 50.4 -12.05 2
    endloop
  endfacet
  facet normal -0 0 1
    outer loop
      vertex 8.1277 -3.89999 2
      vertex 50.0411 -12.0735 2
      vertex 75.3897 -3.89999 2
    endloop
  endfacet
  facet normal 0 0 1
    outer loop
      vertex 47.6735 -14.4411 2
      vertex 11.15 -14.8 2
      vertex 47.65 -14.8 2
    endloop
  endfacet
  facet normal 0 0 1
    outer loop
      vertex 11.1265 -14.4411 2
      vertex 47.6735 -14.4411 2
      vertex 47.7437 -14.0882 2
    endloop
  endfacet
  facet normal 0 0 1
    outer loop
      vertex 11.0563 -14.0882 2
      vertex 47.7437 -14.0882 2
      vertex 47.8593 -13.7476 2
    endloop
  endfacet
  facet normal 0 0 1
    outer loop
      vertex 10.9407 -13.7476 2
      vertex 47.8593 -13.7476 2
      vertex 48.0184 -13.425 2
    endloop
  endfacet
  facet normal 0 0 1
    outer loop
      vertex 8.1277 -3.89999 2
      vertex 48.0184 -13.425 2
      vertex 48.2183 -13.1259 2
    endloop
  endfacet
  facet normal 0 0 1
    outer loop
      vertex 8.1277 -3.89999 2
      vertex 48.2183 -13.1259 2
      vertex 48.4555 -12.8555 2
    endloop
  endfacet
  facet normal 0 0 1
    outer loop
      vertex 8.1277 -3.89999 2
      vertex 48.4555 -12.8555 2
      vertex 48.7259 -12.6183 2
    endloop
  endfacet
  facet normal 0 0 1
    outer loop
      vertex 8.1277 -3.89999 2
      vertex 48.7259 -12.6183 2
      vertex 49.025 -12.4184 2
    endloop
  endfacet
  facet normal 0 0 1
    outer loop
      vertex 8.1277 -3.89999 2
      vertex 49.025 -12.4184 2
      vertex 49.3476 -12.2593 2
    endloop
  endfacet
  facet normal 0 0 1
    outer loop
      vertex 8.1277 -3.89999 2
      vertex 49.3476 -12.2593 2
      vertex 49.6882 -12.1437 2
    endloop
  endfacet
  facet normal 0 0 1
    outer loop
      vertex 50.0411 -12.0735 2
      vertex 8.1277 -3.89999 2
      vertex 49.6882 -12.1437 2
    endloop
  endfacet
  facet normal 0 0 1
    outer loop
      vertex 47.6735 -14.4411 2
      vertex 11.1265 -14.4411 2
      vertex 11.15 -14.8 2
    endloop
  endfacet
  facet normal 0 0 1
    outer loop
      vertex 47.7437 -14.0882 2
      vertex 11.0563 -14.0882 2
      vertex 11.1265 -14.4411 2
    endloop
  endfacet
  facet normal 0 0 1
    outer loop
      vertex 47.8593 -13.7476 2
      vertex 10.9407 -13.7476 2
      vertex 11.0563 -14.0882 2
    endloop
  endfacet
  facet normal 0 0 1
    outer loop
      vertex 48.0184 -13.425 2
      vertex 8.1277 -3.89999 2
      vertex 10.7816 -13.425 2
    endloop
  endfacet
  facet normal 0 0 1
    outer loop
      vertex 48.0184 -13.425 2
      vertex 10.7816 -13.425 2
      vertex 10.9407 -13.7476 2
    endloop
  endfacet
  facet normal 0 0 1
    outer loop
      vertex 10.7816 -13.425 2
      vertex 8.1277 -3.89999 2
      vertex 10.5817 -13.1259 2
    endloop
  endfacet
  facet normal 0 0 1
    outer loop
      vertex 10.5817 -13.1259 2
      vertex 8.1277 -3.89999 2
      vertex 10.3445 -12.8555 2
    endloop
  endfacet
  facet normal 0 0 1
    outer loop
      vertex 10.3445 -12.8555 2
      vertex 8.1277 -3.89999 2
      vertex 10.0741 -12.6183 2
    endloop
  endfacet
  facet normal 0 0 1
    outer loop
      vertex 10.0741 -12.6183 2
      vertex 8.1277 -3.89999 2
      vertex 9.775 -12.4184 2
    endloop
  endfacet
  facet normal 0 0 1
    outer loop
      vertex 9.775 -12.4184 2
      vertex 8.1277 -3.89999 2
      vertex 9.45238 -12.2593 2
    endloop
  endfacet
  facet normal 0 0 1
    outer loop
      vertex 9.45238 -12.2593 2
      vertex 8.1277 -3.89999 2
      vertex 9.11175 -12.1437 2
    endloop
  endfacet
  facet normal 0 0 1
    outer loop
      vertex 9.11175 -12.1437 2
      vertex 8.1277 -3.89999 2
      vertex 8.75895 -12.0735 2
    endloop
  endfacet
  facet normal 0 0 1
    outer loop
      vertex 8.75895 -12.0735 2
      vertex 8.1277 -3.89999 2
      vertex 8.4 -12.05 2
    endloop
  endfacet
  facet normal -0 0 1
    outer loop
      vertex 7.46599 -3.94336 2
      vertex 8.4 -12.05 2
      vertex 8.1277 -3.89999 2
    endloop
  endfacet
  facet normal 0 0 1
    outer loop
      vertex 8.4 -12.05 2
      vertex 7.46599 -3.94336 2
      vertex 8.04105 -12.0735 2
    endloop
  endfacet
  facet normal -0 0 1
    outer loop
      vertex 3.89999 -8.1277 2
      vertex 8.04105 -12.0735 2
      vertex 7.46599 -3.94336 2
    endloop
  endfacet
  facet normal 0 0 1
    outer loop
      vertex 8.04105 -12.0735 2
      vertex 3.89999 -8.1277 2
      vertex 7.68825 -12.1437 2
    endloop
  endfacet
  facet normal 0 0 1
    outer loop
      vertex 7.68825 -12.1437 2
      vertex 3.89999 -8.1277 2
      vertex 7.34762 -12.2593 2
    endloop
  endfacet
  facet normal 0 0 1
    outer loop
      vertex 3.89999 -8.1277 2
      vertex 7.46599 -3.94336 2
      vertex 6.94095 -4.04781 2
    endloop
  endfacet
  facet normal 0 0 1
    outer loop
      vertex 7.34762 -12.2593 2
      vertex 3.89999 -8.1277 2
      vertex 7.025 -12.4184 2
    endloop
  endfacet
  facet normal 0 0 1
    outer loop
      vertex 7.025 -12.4184 2
      vertex 3.89999 -8.1277 2
      vertex 6.72591 -12.6183 2
    endloop
  endfacet
  facet normal 0 0 1
    outer loop
      vertex 3.89999 -8.1277 2
      vertex 6.94095 -4.04781 2
      vertex 6.4343 -4.21979 2
    endloop
  endfacet
  facet normal 0 0 1
    outer loop
      vertex 6.72591 -12.6183 2
      vertex 3.89999 -8.1277 2
      vertex 6.45546 -12.8555 2
    endloop
  endfacet
  facet normal 0 0 1
    outer loop
      vertex 6.45546 -12.8555 2
      vertex 3.89999 -8.1277 2
      vertex 6.21828 -13.1259 2
    endloop
  endfacet
  facet normal 0 0 1
    outer loop
      vertex 3.89999 -8.1277 2
      vertex 6.4343 -4.21979 2
      vertex 5.9541 -4.45659 2
    endloop
  endfacet
  facet normal 0 0 1
    outer loop
      vertex 6.21828 -13.1259 2
      vertex 3.89999 -8.1277 2
      vertex 6.01843 -13.425 2
    endloop
  endfacet
  facet normal 0 0 1
    outer loop
      vertex 6.01843 -13.425 2
      vertex 3.89999 -8.1277 2
      vertex 5.85933 -13.7476 2
    endloop
  endfacet
  facet normal 0 0 1
    outer loop
      vertex 5.85933 -13.7476 2
      vertex 3.89999 -8.1277 2
      vertex 5.7437 -14.0882 2
    endloop
  endfacet
  facet normal 0 -0 1
    outer loop
      vertex 3.9 -17.1 2
      vertex 5.7437 -14.0882 2
      vertex 3.89999 -8.1277 2
    endloop
  endfacet
  facet normal 0 0 1
    outer loop
      vertex 3.89999 -8.1277 2
      vertex 5.9541 -4.45659 2
      vertex 5.50917 -4.75389 2
    endloop
  endfacet
  facet normal -0 0 1
    outer loop
      vertex 177.249 -7.30902 2
      vertex 180 -8 2
      vertex 179.932 -6.9558 2
    endloop
  endfacet
  facet normal 0 0 1
    outer loop
      vertex 180 -8 2
      vertex 177.3 -22.9977 2
      vertex 180 -92 2
    endloop
  endfacet
  facet normal 0 0 1
    outer loop
      vertex 177.249 -7.30902 2
      vertex 179.932 -6.9558 2
      vertex 179.727 -5.92944 2
    endloop
  endfacet
  facet normal -0 0 1
    outer loop
      vertex 177.3 -77.0023 2
      vertex 180 -92 2
      vertex 177.3 -22.9977 2
    endloop
  endfacet
  facet normal 0 0 1
    outer loop
      vertex 177.114 -6.62976 2
      vertex 179.727 -5.92944 2
      vertex 179.391 -4.93854 2
    endloop
  endfacet
  facet normal -0 0 1
    outer loop
      vertex 177.3 -77.6024 2
      vertex 180 -92 2
      vertex 177.3 -77.0023 2
    endloop
  endfacet
  facet normal 0 0 1
    outer loop
      vertex 176.891 -5.97403 2
      vertex 179.391 -4.93854 2
      vertex 178.928 -4 2
    endloop
  endfacet
  facet normal -0 0 1
    outer loop
      vertex 177.3 -82.3976 2
      vertex 180 -92 2
      vertex 177.3 -77.6024 2
    endloop
  endfacet
  facet normal 0 0 1
    outer loop
      vertex 176.585 -5.35286 2
      vertex 178.928 -4 2
      vertex 178.347 -3.12991 2
    endloop
  endfacet
  facet normal -0 0 1
    outer loop
      vertex 177.3 -82.9977 2
      vertex 180 -92 2
      vertex 177.3 -82.3976 2
    endloop
  endfacet
  facet normal 0 0 1
    outer loop
      vertex 176.2 -4.77707 2
      vertex 178.347 -3.12991 2
      vertex 177.657 -2.34314 2
    endloop
  endfacet
  facet normal -0 0 1
    outer loop
      vertex 177.3 -91.9117 2
      vertex 180 -92 2
      vertex 177.3 -82.9977 2
    endloop
  endfacet
  facet normal 0 0 1
    outer loop
      vertex 180 -8 2
      vertex 177.3 -8.08833 2
      vertex 177.3 -17.0023 2
    endloop
  endfacet
  facet normal 0 0 1
    outer loop
      vertex 180 -8 2
      vertex 177.249 -7.30902 2
      vertex 177.3 -8.08833 2
    endloop
  endfacet
  facet normal 0 0 1
    outer loop
      vertex 179.727 -5.92944 2
      vertex 177.114 -6.62976 2
      vertex 177.249 -7.30902 2
    endloop
  endfacet
  facet normal 0 0 1
    outer loop
      vertex 179.391 -4.93854 2
      vertex 176.891 -5.97403 2
      vertex 177.114 -6.62976 2
    endloop
  endfacet
  facet normal 0 0 1
    outer loop
      vertex 175.744 -4.25642 2
      vertex 177.657 -2.34314 2
      vertex 176.87 -1.65317 2
    endloop
  endfacet
  facet normal 0 0 1
    outer loop
      vertex 178.928 -4 2
      vertex 176.585 -5.35286 2
      vertex 176.891 -5.97403 2
    endloop
  endfacet
  facet normal 0 0 1
    outer loop
      vertex 178.347 -3.12991 2
      vertex 176.2 -4.77707 2
      vertex 176.585 -5.35286 2
    endloop
  endfacet
  facet normal 0 0 1
    outer loop
      vertex 175.223 -3.79984 2
      vertex 176.87 -1.65317 2
      vertex 176 -1.07179 2
    endloop
  endfacet
  facet normal 0 0 1
    outer loop
      vertex 177.657 -2.34314 2
      vertex 175.744 -4.25642 2
      vertex 176.2 -4.77707 2
    endloop
  endfacet
  facet normal 0 0 1
    outer loop
      vertex 176.87 -1.65317 2
      vertex 175.223 -3.79984 2
      vertex 175.744 -4.25642 2
    endloop
  endfacet
  facet normal 0 0 1
    outer loop
      vertex 174.647 -3.41512 2
      vertex 176 -1.07179 2
      vertex 175.061 -0.608963 2
    endloop
  endfacet
  facet normal 0 0 1
    outer loop
      vertex 176 -1.07179 2
      vertex 174.647 -3.41512 2
      vertex 175.223 -3.79984 2
    endloop
  endfacet
  facet normal 0 0 1
    outer loop
      vertex 174.026 -3.10878 2
      vertex 175.061 -0.608963 2
      vertex 174.071 -0.272598 2
    endloop
  endfacet
  facet normal 0 0 1
    outer loop
      vertex 175.061 -0.608963 2
      vertex 174.026 -3.10878 2
      vertex 174.647 -3.41512 2
    endloop
  endfacet
  facet normal 0 0 1
    outer loop
      vertex 174.071 -0.272598 2
      vertex 173.37 -2.88618 2
      vertex 174.026 -3.10878 2
    endloop
  endfacet
  facet normal 0 0 1
    outer loop
      vertex 173.044 -0.0684357 2
      vertex 173.37 -2.88618 2
      vertex 174.071 -0.272598 2
    endloop
  endfacet
  facet normal 0 0 1
    outer loop
      vertex 173.044 -0.0684357 2
      vertex 172.691 -2.75107 2
      vertex 173.37 -2.88618 2
    endloop
  endfacet
  facet normal 0 0 1
    outer loop
      vertex 172 0 2
      vertex 172.691 -2.75107 2
      vertex 173.044 -0.0684357 2
    endloop
  endfacet
  facet normal 0 0 1
    outer loop
      vertex 172 0 2
      vertex 171.912 -2.7 2
      vertex 172.691 -2.75107 2
    endloop
  endfacet
  facet normal 0 0 1
    outer loop
      vertex 172 0 2
      vertex 8.08833 -2.7 2
      vertex 171.912 -2.7 2
    endloop
  endfacet
  facet normal -0 0 1
    outer loop
      vertex 8 0 2
      vertex 8.08833 -2.7 2
      vertex 172 0 2
    endloop
  endfacet
  facet normal 0 0 1
    outer loop
      vertex 8 0 2
      vertex 7.30902 -2.75107 2
      vertex 8.08833 -2.7 2
    endloop
  endfacet
  facet normal -0 0 1
    outer loop
      vertex 6.9558 -0.0684357 2
      vertex 7.30902 -2.75107 2
      vertex 8 0 2
    endloop
  endfacet
  facet normal 0 0 1
    outer loop
      vertex 6.9558 -0.0684357 2
      vertex 6.62976 -2.88618 2
      vertex 7.30902 -2.75107 2
    endloop
  endfacet
  facet normal -0 0 1
    outer loop
      vertex 5.92944 -0.272598 2
      vertex 6.62976 -2.88618 2
      vertex 6.9558 -0.0684357 2
    endloop
  endfacet
  facet normal 0 0 1
    outer loop
      vertex 6.62976 -2.88618 2
      vertex 5.92944 -0.272598 2
      vertex 5.97403 -3.10878 2
    endloop
  endfacet
  facet normal -0 0 1
    outer loop
      vertex 4.93854 -0.608963 2
      vertex 5.97403 -3.10878 2
      vertex 5.92944 -0.272598 2
    endloop
  endfacet
  facet normal 0 0 1
    outer loop
      vertex 5.97403 -3.10878 2
      vertex 4.93854 -0.608963 2
      vertex 5.35286 -3.41512 2
    endloop
  endfacet
  facet normal -0 0 1
    outer loop
      vertex 4 -1.07179 2
      vertex 5.35286 -3.41512 2
      vertex 4.93854 -0.608963 2
    endloop
  endfacet
  facet normal 0 0 1
    outer loop
      vertex 5.35286 -3.41512 2
      vertex 4 -1.07179 2
      vertex 4.77707 -3.79984 2
    endloop
  endfacet
  facet normal -0 0 1
    outer loop
      vertex 3.12991 -1.65317 2
      vertex 4.77707 -3.79984 2
      vertex 4 -1.07179 2
    endloop
  endfacet
  facet normal 0 0 1
    outer loop
      vertex 4.77707 -3.79984 2
      vertex 3.12991 -1.65317 2
      vertex 4.25642 -4.25642 2
    endloop
  endfacet
  facet normal -0 0 1
    outer loop
      vertex 2.34314 -2.34314 2
      vertex 4.25642 -4.25642 2
      vertex 3.12991 -1.65317 2
    endloop
  endfacet
  facet normal 0 0 1
    outer loop
      vertex 4.25642 -4.25642 2
      vertex 2.34314 -2.34314 2
      vertex 3.79984 -4.77707 2
    endloop
  endfacet
  facet normal -0 0 1
    outer loop
      vertex 1.65317 -3.12991 2
      vertex 3.79984 -4.77707 2
      vertex 2.34314 -2.34314 2
    endloop
  endfacet
  facet normal 0 0 1
    outer loop
      vertex 3.79984 -4.77707 2
      vertex 1.65317 -3.12991 2
      vertex 3.41512 -5.35286 2
    endloop
  endfacet
  facet normal -0 0 1
    outer loop
      vertex 1.07179 -4 2
      vertex 3.41512 -5.35286 2
      vertex 1.65317 -3.12991 2
    endloop
  endfacet
  facet normal 0 0 1
    outer loop
      vertex 3.10878 -5.97403 2
      vertex 0.608963 -4.93854 2
      vertex 2.88618 -6.62976 2
    endloop
  endfacet
  facet normal -0 0 1
    outer loop
      vertex 0.608963 -4.93854 2
      vertex 3.10878 -5.97403 2
      vertex 1.07179 -4 2
    endloop
  endfacet
  facet normal 0 0 1
    outer loop
      vertex 3.41512 -5.35286 2
      vertex 1.07179 -4 2
      vertex 3.10878 -5.97403 2
    endloop
  endfacet
  facet normal 0 0 1
    outer loop
      vertex 180 -8 2
      vertex 177.3 -17.0023 2
      vertex 177.3 -17.6024 2
    endloop
  endfacet
  facet normal 0 0 1
    outer loop
      vertex 180 -8 2
      vertex 177.3 -17.6024 2
      vertex 177.3 -22.3976 2
    endloop
  endfacet
  facet normal 0 0 1
    outer loop
      vertex 180 -8 2
      vertex 177.3 -22.3976 2
      vertex 177.3 -22.9977 2
    endloop
  endfacet
  facet normal 0 0 1
    outer loop
      vertex 177.249 -92.691 2
      vertex 180 -92 2
      vertex 177.3 -91.9117 2
    endloop
  endfacet
  facet normal 0 0 1
    outer loop
      vertex 180 -92 2
      vertex 177.249 -92.691 2
      vertex 179.932 -93.0442 2
    endloop
  endfacet
  facet normal 0 0 1
    outer loop
      vertex 179.932 -93.0442 2
      vertex 177.249 -92.691 2
      vertex 179.727 -94.0706 2
    endloop
  endfacet
  facet normal -0 0 1
    outer loop
      vertex 177.114 -93.3702 2
      vertex 179.727 -94.0706 2
      vertex 177.249 -92.691 2
    endloop
  endfacet
  facet normal 0 0 1
    outer loop
      vertex 179.727 -94.0706 2
      vertex 177.114 -93.3702 2
      vertex 179.391 -95.0615 2
    endloop
  endfacet
  facet normal -0 0 1
    outer loop
      vertex 176.891 -94.026 2
      vertex 179.391 -95.0615 2
      vertex 177.114 -93.3702 2
    endloop
  endfacet
  facet normal 0 0 1
    outer loop
      vertex 179.391 -95.0615 2
      vertex 176.891 -94.026 2
      vertex 178.928 -96 2
    endloop
  endfacet
  facet normal -0 0 1
    outer loop
      vertex 176.585 -94.6471 2
      vertex 178.928 -96 2
      vertex 176.891 -94.026 2
    endloop
  endfacet
  facet normal 0 0 1
    outer loop
      vertex 178.928 -96 2
      vertex 176.585 -94.6471 2
      vertex 178.347 -96.8701 2
    endloop
  endfacet
  facet normal -0 0 1
    outer loop
      vertex 176.2 -95.2229 2
      vertex 178.347 -96.8701 2
      vertex 176.585 -94.6471 2
    endloop
  endfacet
  facet normal 0 0 1
    outer loop
      vertex 178.347 -96.8701 2
      vertex 176.2 -95.2229 2
      vertex 177.657 -97.6569 2
    endloop
  endfacet
  facet normal -0 0 1
    outer loop
      vertex 175.744 -95.7436 2
      vertex 177.657 -97.6569 2
      vertex 176.2 -95.2229 2
    endloop
  endfacet
  facet normal 0 0 1
    outer loop
      vertex 177.657 -97.6569 2
      vertex 175.744 -95.7436 2
      vertex 176.87 -98.3468 2
    endloop
  endfacet
  facet normal -0 0 1
    outer loop
      vertex 175.223 -96.2002 2
      vertex 176.87 -98.3468 2
      vertex 175.744 -95.7436 2
    endloop
  endfacet
  facet normal 0 0 1
    outer loop
      vertex 176.87 -98.3468 2
      vertex 175.223 -96.2002 2
      vertex 176 -98.9282 2
    endloop
  endfacet
  facet normal -0 0 1
    outer loop
      vertex 174.647 -96.5849 2
      vertex 176 -98.9282 2
      vertex 175.223 -96.2002 2
    endloop
  endfacet
  facet normal 0 0 1
    outer loop
      vertex 176 -98.9282 2
      vertex 174.647 -96.5849 2
      vertex 175.061 -99.391 2
    endloop
  endfacet
  facet normal -0 0 1
    outer loop
      vertex 174.026 -96.8912 2
      vertex 175.061 -99.391 2
      vertex 174.647 -96.5849 2
    endloop
  endfacet
  facet normal 0 0 1
    outer loop
      vertex 175.061 -99.391 2
      vertex 174.026 -96.8912 2
      vertex 174.071 -99.7274 2
    endloop
  endfacet
  facet normal -0 0 1
    outer loop
      vertex 173.37 -97.1138 2
      vertex 174.071 -99.7274 2
      vertex 174.026 -96.8912 2
    endloop
  endfacet
  facet normal 0 0 1
    outer loop
      vertex 173.37 -97.1138 2
      vertex 173.044 -99.9316 2
      vertex 174.071 -99.7274 2
    endloop
  endfacet
  facet normal -0 0 1
    outer loop
      vertex 172.691 -97.2489 2
      vertex 173.044 -99.9316 2
      vertex 173.37 -97.1138 2
    endloop
  endfacet
  facet normal 0 0 1
    outer loop
      vertex 172.691 -97.2489 2
      vertex 172 -100 2
      vertex 173.044 -99.9316 2
    endloop
  endfacet
  facet normal -0 0 1
    outer loop
      vertex 171.912 -97.3 2
      vertex 172 -100 2
      vertex 172.691 -97.2489 2
    endloop
  endfacet
  facet normal -0 0 1
    outer loop
      vertex 8.08833 -97.3 2
      vertex 172 -100 2
      vertex 171.912 -97.3 2
    endloop
  endfacet
  facet normal 0 0 1
    outer loop
      vertex 8.08833 -97.3 2
      vertex 8 -100 2
      vertex 172 -100 2
    endloop
  endfacet
  facet normal 0 0 1
    outer loop
      vertex 7.30902 -97.2489 2
      vertex 8 -100 2
      vertex 8.08833 -97.3 2
    endloop
  endfacet
  facet normal 0 0 1
    outer loop
      vertex 7.30902 -97.2489 2
      vertex 6.9558 -99.9316 2
      vertex 8 -100 2
    endloop
  endfacet
  facet normal 0 0 1
    outer loop
      vertex 6.62976 -97.1138 2
      vertex 6.9558 -99.9316 2
      vertex 7.30902 -97.2489 2
    endloop
  endfacet
  facet normal 0 0 1
    outer loop
      vertex 5.92944 -99.7274 2
      vertex 6.62976 -97.1138 2
      vertex 5.97403 -96.8912 2
    endloop
  endfacet
  facet normal 0 0 1
    outer loop
      vertex 6.62976 -97.1138 2
      vertex 5.92944 -99.7274 2
      vertex 6.9558 -99.9316 2
    endloop
  endfacet
  facet normal 0 0 1
    outer loop
      vertex 4.93854 -99.391 2
      vertex 5.97403 -96.8912 2
      vertex 5.35286 -96.5849 2
    endloop
  endfacet
  facet normal 0 0 1
    outer loop
      vertex 5.97403 -96.8912 2
      vertex 4.93854 -99.391 2
      vertex 5.92944 -99.7274 2
    endloop
  endfacet
  facet normal 0 0 1
    outer loop
      vertex 4 -98.9282 2
      vertex 5.35286 -96.5849 2
      vertex 4.77707 -96.2002 2
    endloop
  endfacet
  facet normal 0 0 1
    outer loop
      vertex 3.12991 -98.3468 2
      vertex 4.77707 -96.2002 2
      vertex 4.25642 -95.7436 2
    endloop
  endfacet
  facet normal 0 0 1
    outer loop
      vertex 5.35286 -96.5849 2
      vertex 4 -98.9282 2
      vertex 4.93854 -99.391 2
    endloop
  endfacet
  facet normal 0 0 1
    outer loop
      vertex 2.34314 -97.6569 2
      vertex 4.25642 -95.7436 2
      vertex 3.79984 -95.2229 2
    endloop
  endfacet
  facet normal 0 0 1
    outer loop
      vertex 1.65317 -96.8701 2
      vertex 3.79984 -95.2229 2
      vertex 3.41512 -94.6471 2
    endloop
  endfacet
  facet normal 0 0 1
    outer loop
      vertex 4.77707 -96.2002 2
      vertex 3.12991 -98.3468 2
      vertex 4 -98.9282 2
    endloop
  endfacet
  facet normal 0 0 1
    outer loop
      vertex 1.07179 -96 2
      vertex 3.41512 -94.6471 2
      vertex 3.10878 -94.026 2
    endloop
  endfacet
  facet normal 0 0 1
    outer loop
      vertex 0.608963 -95.0615 2
      vertex 3.10878 -94.026 2
      vertex 2.88618 -93.3702 2
    endloop
  endfacet
  facet normal 0 0 1
    outer loop
      vertex 0.272598 -94.0706 2
      vertex 2.88618 -93.3702 2
      vertex 2.75107 -92.691 2
    endloop
  endfacet
  facet normal 0 0 1
    outer loop
      vertex 4.25642 -95.7436 2
      vertex 2.34314 -97.6569 2
      vertex 3.12991 -98.3468 2
    endloop
  endfacet
  facet normal -0 0 1
    outer loop
      vertex 0 -92 2
      vertex 2.75107 -92.691 2
      vertex 2.7 -91.9117 2
    endloop
  endfacet
  facet normal 0 0 1
    outer loop
      vertex 2.7 -8.08833 2
      vertex 0 -8 2
      vertex 2.7 -91.9117 2
    endloop
  endfacet
  facet normal -0 0 1
    outer loop
      vertex 0.272598 -5.92944 2
      vertex 2.88618 -6.62976 2
      vertex 0.608963 -4.93854 2
    endloop
  endfacet
  facet normal 0 0 1
    outer loop
      vertex 0 -92 2
      vertex 2.7 -91.9117 2
      vertex 0 -8 2
    endloop
  endfacet
  facet normal 0 0 1
    outer loop
      vertex 2.88618 -6.62976 2
      vertex 0.272598 -5.92944 2
      vertex 2.75107 -7.30902 2
    endloop
  endfacet
  facet normal 0 0 1
    outer loop
      vertex 2.75107 -92.691 2
      vertex 0 -92 2
      vertex 0.0684357 -93.0442 2
    endloop
  endfacet
  facet normal -0 0 1
    outer loop
      vertex 0.0684357 -6.9558 2
      vertex 2.75107 -7.30902 2
      vertex 0.272598 -5.92944 2
    endloop
  endfacet
  facet normal 0 0 1
    outer loop
      vertex 3.79984 -95.2229 2
      vertex 1.65317 -96.8701 2
      vertex 2.34314 -97.6569 2
    endloop
  endfacet
  facet normal 0 0 1
    outer loop
      vertex 0 -8 2
      vertex 2.75107 -7.30902 2
      vertex 0.0684357 -6.9558 2
    endloop
  endfacet
  facet normal 0 0 1
    outer loop
      vertex 3.41512 -94.6471 2
      vertex 1.07179 -96 2
      vertex 1.65317 -96.8701 2
    endloop
  endfacet
  facet normal 0 0 1
    outer loop
      vertex 2.75107 -7.30902 2
      vertex 0 -8 2
      vertex 2.7 -8.08833 2
    endloop
  endfacet
  facet normal 0 0 1
    outer loop
      vertex 3.10878 -94.026 2
      vertex 0.608963 -95.0615 2
      vertex 1.07179 -96 2
    endloop
  endfacet
  facet normal 0 0 1
    outer loop
      vertex 2.88618 -93.3702 2
      vertex 0.272598 -94.0706 2
      vertex 0.608963 -95.0615 2
    endloop
  endfacet
  facet normal 0 0 1
    outer loop
      vertex 2.75107 -92.691 2
      vertex 0.0684357 -93.0442 2
      vertex 0.272598 -94.0706 2
    endloop
  endfacet
  facet normal 0 0 1
    outer loop
      vertex 54.9 -89.1 2
      vertex 53.1265 -92.4411 2
      vertex 53.15 -92.8 2
    endloop
  endfacet
  facet normal 0 0 1
    outer loop
      vertex 54.9 -89.1 2
      vertex 53.0563 -92.0882 2
      vertex 53.1265 -92.4411 2
    endloop
  endfacet
  facet normal 0 0 1
    outer loop
      vertex 54.9 -89.1 2
      vertex 52.9407 -91.7476 2
      vertex 53.0563 -92.0882 2
    endloop
  endfacet
  facet normal 0 0 1
    outer loop
      vertex 54.9 -89.1 2
      vertex 52.7816 -91.425 2
      vertex 52.9407 -91.7476 2
    endloop
  endfacet
  facet normal 0 0 1
    outer loop
      vertex 54.9 -89.1 2
      vertex 52.5817 -91.1259 2
      vertex 52.7816 -91.425 2
    endloop
  endfacet
  facet normal 0 0 1
    outer loop
      vertex 54.9 -89.1 2
      vertex 52.3445 -90.8555 2
      vertex 52.5817 -91.1259 2
    endloop
  endfacet
  facet normal 0 0 1
    outer loop
      vertex 54.9 -89.1 2
      vertex 52.0741 -90.6183 2
      vertex 52.3445 -90.8555 2
    endloop
  endfacet
  facet normal 0 0 1
    outer loop
      vertex 54.9 -89.1 2
      vertex 51.775 -90.4184 2
      vertex 52.0741 -90.6183 2
    endloop
  endfacet
  facet normal 0 0 1
    outer loop
      vertex 54.9 -89.1 2
      vertex 51.4524 -90.2593 2
      vertex 51.775 -90.4184 2
    endloop
  endfacet
  facet normal 0 0 1
    outer loop
      vertex 54.9 -89.1 2
      vertex 51.1118 -90.1437 2
      vertex 51.4524 -90.2593 2
    endloop
  endfacet
  facet normal 0 0 1
    outer loop
      vertex 54.9 -89.1 2
      vertex 50.7589 -90.0735 2
      vertex 51.1118 -90.1437 2
    endloop
  endfacet
  facet normal 0 0 1
    outer loop
      vertex 54.9 -89.1 2
      vertex 50.4 -90.05 2
      vertex 50.7589 -90.0735 2
    endloop
  endfacet
  facet normal 0 0 1
    outer loop
      vertex 54.9 -89.1 2
      vertex 50.0411 -90.0735 2
      vertex 50.4 -90.05 2
    endloop
  endfacet
  facet normal 0 0 1
    outer loop
      vertex 8.75895 -90.0735 2
      vertex 50.0411 -90.0735 2
      vertex 54.9 -89.1 2
    endloop
  endfacet
  facet normal 0 0 1
    outer loop
      vertex 47.6735 -92.4411 2
      vertex 11.15 -92.8 2
      vertex 47.65 -92.8 2
    endloop
  endfacet
  facet normal 0 0 1
    outer loop
      vertex 11.1265 -92.4411 2
      vertex 47.6735 -92.4411 2
      vertex 47.7437 -92.0882 2
    endloop
  endfacet
  facet normal 0 0 1
    outer loop
      vertex 11.0563 -92.0882 2
      vertex 47.7437 -92.0882 2
      vertex 47.8593 -91.7476 2
    endloop
  endfacet
  facet normal 0 0 1
    outer loop
      vertex 10.9407 -91.7476 2
      vertex 47.8593 -91.7476 2
      vertex 48.0184 -91.425 2
    endloop
  endfacet
  facet normal 0 0 1
    outer loop
      vertex 10.7816 -91.425 2
      vertex 48.0184 -91.425 2
      vertex 48.2183 -91.1259 2
    endloop
  endfacet
  facet normal 0 0 1
    outer loop
      vertex 10.5817 -91.1259 2
      vertex 48.2183 -91.1259 2
      vertex 48.4555 -90.8555 2
    endloop
  endfacet
  facet normal 0 0 1
    outer loop
      vertex 10.3445 -90.8555 2
      vertex 48.4555 -90.8555 2
      vertex 48.7259 -90.6183 2
    endloop
  endfacet
  facet normal 0 0 1
    outer loop
      vertex 10.0741 -90.6183 2
      vertex 48.7259 -90.6183 2
      vertex 49.025 -90.4184 2
    endloop
  endfacet
  facet normal 0 0 1
    outer loop
      vertex 9.775 -90.4184 2
      vertex 49.025 -90.4184 2
      vertex 49.3476 -90.2593 2
    endloop
  endfacet
  facet normal 0 0 1
    outer loop
      vertex 9.45238 -90.2593 2
      vertex 49.3476 -90.2593 2
      vertex 49.6882 -90.1437 2
    endloop
  endfacet
  facet normal 0 0 1
    outer loop
      vertex 50.0411 -90.0735 2
      vertex 8.75895 -90.0735 2
      vertex 49.6882 -90.1437 2
    endloop
  endfacet
  facet normal 0 0 1
    outer loop
      vertex 47.6735 -92.4411 2
      vertex 11.1265 -92.4411 2
      vertex 11.15 -92.8 2
    endloop
  endfacet
  facet normal 0 0 1
    outer loop
      vertex 47.7437 -92.0882 2
      vertex 11.0563 -92.0882 2
      vertex 11.1265 -92.4411 2
    endloop
  endfacet
  facet normal 0 0 1
    outer loop
      vertex 47.8593 -91.7476 2
      vertex 10.9407 -91.7476 2
      vertex 11.0563 -92.0882 2
    endloop
  endfacet
  facet normal 0 0 1
    outer loop
      vertex 48.0184 -91.425 2
      vertex 10.7816 -91.425 2
      vertex 10.9407 -91.7476 2
    endloop
  endfacet
  facet normal 0 0 1
    outer loop
      vertex 48.2183 -91.1259 2
      vertex 10.5817 -91.1259 2
      vertex 10.7816 -91.425 2
    endloop
  endfacet
  facet normal 0 0 1
    outer loop
      vertex 48.4555 -90.8555 2
      vertex 10.3445 -90.8555 2
      vertex 10.5817 -91.1259 2
    endloop
  endfacet
  facet normal 0 0 1
    outer loop
      vertex 48.7259 -90.6183 2
      vertex 10.0741 -90.6183 2
      vertex 10.3445 -90.8555 2
    endloop
  endfacet
  facet normal 0 0 1
    outer loop
      vertex 49.025 -90.4184 2
      vertex 9.775 -90.4184 2
      vertex 10.0741 -90.6183 2
    endloop
  endfacet
  facet normal 0 0 1
    outer loop
      vertex 49.3476 -90.2593 2
      vertex 9.45238 -90.2593 2
      vertex 9.775 -90.4184 2
    endloop
  endfacet
  facet normal 0 0 1
    outer loop
      vertex 49.6882 -90.1437 2
      vertex 9.11175 -90.1437 2
      vertex 9.45238 -90.2593 2
    endloop
  endfacet
  facet normal 0 0 1
    outer loop
      vertex 49.6882 -90.1437 2
      vertex 8.75895 -90.0735 2
      vertex 9.11175 -90.1437 2
    endloop
  endfacet
  facet normal -0 0 1
    outer loop
      vertex 3.9 -89.1 2
      vertex 8.75895 -90.0735 2
      vertex 54.9 -89.1 2
    endloop
  endfacet
  facet normal 0 0 1
    outer loop
      vertex 6.21828 -94.4741 2
      vertex 5.10677 -94.8932 2
      vertex 5.50917 -95.2461 2
    endloop
  endfacet
  facet normal -0 0 1
    outer loop
      vertex 3.94336 -92.534 2
      vertex 5.65 -92.8 2
      vertex 5.67353 -92.4411 2
    endloop
  endfacet
  facet normal 0 0 1
    outer loop
      vertex 3.89999 -91.8723 2
      vertex 5.67353 -92.4411 2
      vertex 5.7437 -92.0882 2
    endloop
  endfacet
  facet normal 0 0 1
    outer loop
      vertex 6.01843 -94.175 2
      vertex 4.75389 -94.4908 2
      vertex 5.10677 -94.8932 2
    endloop
  endfacet
  facet normal -0 0 1
    outer loop
      vertex 3.89999 -91.8723 2
      vertex 5.7437 -92.0882 2
      vertex 5.85933 -91.7476 2
    endloop
  endfacet
  facet normal 0 0 1
    outer loop
      vertex 5.7437 -93.5117 2
      vertex 4.45659 -94.0459 2
      vertex 4.75389 -94.4908 2
    endloop
  endfacet
  facet normal 0 0 1
    outer loop
      vertex 3.89999 -91.8723 2
      vertex 5.85933 -91.7476 2
      vertex 6.01843 -91.425 2
    endloop
  endfacet
  facet normal 0 0 1
    outer loop
      vertex 5.7437 -93.5117 2
      vertex 4.21979 -93.5657 2
      vertex 4.45659 -94.0459 2
    endloop
  endfacet
  facet normal 0 0 1
    outer loop
      vertex 3.9 -89.1 2
      vertex 6.01843 -91.425 2
      vertex 6.21828 -91.1259 2
    endloop
  endfacet
  facet normal 0 0 1
    outer loop
      vertex 5.67353 -93.159 2
      vertex 4.04781 -93.0591 2
      vertex 4.21979 -93.5657 2
    endloop
  endfacet
  facet normal 0 0 1
    outer loop
      vertex 3.9 -89.1 2
      vertex 6.21828 -91.1259 2
      vertex 6.45546 -90.8555 2
    endloop
  endfacet
  facet normal 0 0 1
    outer loop
      vertex 5.65 -92.8 2
      vertex 3.94336 -92.534 2
      vertex 4.04781 -93.0591 2
    endloop
  endfacet
  facet normal 0 0 1
    outer loop
      vertex 3.9 -89.1 2
      vertex 6.45546 -90.8555 2
      vertex 6.72591 -90.6183 2
    endloop
  endfacet
  facet normal 0 0 1
    outer loop
      vertex 8.75895 -90.0735 2
      vertex 3.9 -89.1 2
      vertex 8.4 -90.05 2
    endloop
  endfacet
  facet normal 0 0 1
    outer loop
      vertex 3.9 -89.1 2
      vertex 8.04105 -90.0735 2
      vertex 8.4 -90.05 2
    endloop
  endfacet
  facet normal 0 0 1
    outer loop
      vertex 3.9 -89.1 2
      vertex 7.68825 -90.1437 2
      vertex 8.04105 -90.0735 2
    endloop
  endfacet
  facet normal 0 0 1
    outer loop
      vertex 3.9 -89.1 2
      vertex 7.34762 -90.2593 2
      vertex 7.68825 -90.1437 2
    endloop
  endfacet
  facet normal 0 0 1
    outer loop
      vertex 3.9 -89.1 2
      vertex 7.025 -90.4184 2
      vertex 7.34762 -90.2593 2
    endloop
  endfacet
  facet normal 0 0 1
    outer loop
      vertex 3.9 -89.1 2
      vertex 6.72591 -90.6183 2
      vertex 7.025 -90.4184 2
    endloop
  endfacet
  facet normal 0 0 1
    outer loop
      vertex 6.01843 -91.425 2
      vertex 3.9 -89.1 2
      vertex 3.89999 -91.8723 2
    endloop
  endfacet
  facet normal 0 0 1
    outer loop
      vertex 5.67353 -92.4411 2
      vertex 3.89999 -91.8723 2
      vertex 3.94336 -92.534 2
    endloop
  endfacet
  facet normal 0 0 1
    outer loop
      vertex 3.89999 -91.8723 2
      vertex 3.9 -89.1 2
      vertex 3.89999 -8.1277 2
    endloop
  endfacet
  facet normal 0 0 1
    outer loop
      vertex 79.8978 -7.77646 2
      vertex 80.1704 -7.7059 2
      vertex 79.9743 -7.39158 2
    endloop
  endfacet
  facet normal 0 0 1
    outer loop
      vertex 80.1704 -7.7059 2
      vertex 79.8978 -7.77646 2
      vertex 80.0428 -8.34737 2
    endloop
  endfacet
  facet normal -0 0 1
    outer loop
      vertex 79.7716 -8.14805 2
      vertex 80.0428 -8.34737 2
      vertex 79.8978 -7.77646 2
    endloop
  endfacet
  facet normal 0 0 1
    outer loop
      vertex 79.5981 -8.5 2
      vertex 80.0428 -8.34737 2
      vertex 79.7716 -8.14805 2
    endloop
  endfacet
  facet normal 0 0 1
    outer loop
      vertex 80.0428 -8.34737 2
      vertex 79.5981 -8.5 2
      vertex 80 -9 2
    endloop
  endfacet
  facet normal -0 0 1
    outer loop
      vertex 79.3801 -8.82628 2
      vertex 80 -9 2
      vertex 79.5981 -8.5 2
    endloop
  endfacet
  facet normal 0 0 1
    outer loop
      vertex 79.1213 -9.12132 2
      vertex 80 -9 2
      vertex 79.3801 -8.82628 2
    endloop
  endfacet
  facet normal 0 0 1
    outer loop
      vertex 78.8263 -9.38006 2
      vertex 80 -9 2
      vertex 79.1213 -9.12132 2
    endloop
  endfacet
  facet normal 0 0 1
    outer loop
      vertex 78.5 -9.59808 2
      vertex 80 -9 2
      vertex 78.8263 -9.38006 2
    endloop
  endfacet
  facet normal 0 0 1
    outer loop
      vertex 78.148 -9.77164 2
      vertex 80 -9 2
      vertex 78.5 -9.59808 2
    endloop
  endfacet
  facet normal 0 0 1
    outer loop
      vertex 80 -9 2
      vertex 78.148 -9.77164 2
      vertex 80 -42 2
    endloop
  endfacet
  facet normal -0 0 1
    outer loop
      vertex 77.7765 -9.89778 2
      vertex 80 -42 2
      vertex 78.148 -9.77164 2
    endloop
  endfacet
  facet normal -0 0 1
    outer loop
      vertex 77.3916 -9.97433 2
      vertex 80 -42 2
      vertex 77.7765 -9.89778 2
    endloop
  endfacet
  facet normal 0 0 1
    outer loop
      vertex 77 -42 2
      vertex 77.3916 -9.97433 2
      vertex 77 -10 2
    endloop
  endfacet
  facet normal 0 0 1
    outer loop
      vertex 77.3916 -9.97433 2
      vertex 77 -42 2
      vertex 80 -42 2
    endloop
  endfacet
  facet normal 0 0 1
    outer loop
      vertex 76.6084 -9.97433 2
      vertex 77 -42 2
      vertex 77 -10 2
    endloop
  endfacet
  facet normal 0 0 1
    outer loop
      vertex 76.2235 -9.89778 2
      vertex 77 -42 2
      vertex 76.6084 -9.97433 2
    endloop
  endfacet
  facet normal 0 0 1
    outer loop
      vertex 75.852 -9.77164 2
      vertex 77 -42 2
      vertex 76.2235 -9.89778 2
    endloop
  endfacet
  facet normal 0 0 1
    outer loop
      vertex 77 -58 2
      vertex 76.6084 -90.0257 2
      vertex 77 -90 2
    endloop
  endfacet
  facet normal 0 0 1
    outer loop
      vertex 54.9 -17.1 2
      vertex 75.852 -9.77164 2
      vertex 75.5 -9.59808 2
    endloop
  endfacet
  facet normal 0 0 1
    outer loop
      vertex 77 -58 2
      vertex 76.2235 -90.1022 2
      vertex 76.6084 -90.0257 2
    endloop
  endfacet
  facet normal 0 0 1
    outer loop
      vertex 54.9 -17.1 2
      vertex 75.5 -9.59808 2
      vertex 75.1737 -9.38006 2
    endloop
  endfacet
  facet normal 0 0 1
    outer loop
      vertex 77 -58 2
      vertex 75.852 -90.2284 2
      vertex 76.2235 -90.1022 2
    endloop
  endfacet
  facet normal 0 0 1
    outer loop
      vertex 54.9 -17.1 2
      vertex 75.1737 -9.38006 2
      vertex 74.8787 -9.12132 2
    endloop
  endfacet
  facet normal 0 0 1
    outer loop
      vertex 77 -58 2
      vertex 75.5 -90.4019 2
      vertex 75.852 -90.2284 2
    endloop
  endfacet
  facet normal 0 0 1
    outer loop
      vertex 54.9 -17.1 2
      vertex 74.8787 -9.12132 2
      vertex 74.6199 -8.82628 2
    endloop
  endfacet
  facet normal -0 0 1
    outer loop
      vertex 54.9 -89.1 2
      vertex 75.5 -90.4019 2
      vertex 77 -58 2
    endloop
  endfacet
  facet normal 0 0 1
    outer loop
      vertex 54.9 -17.1 2
      vertex 74.6199 -8.82628 2
      vertex 74.4019 -8.5 2
    endloop
  endfacet
  facet normal 0 0 1
    outer loop
      vertex 75.5 -90.4019 2
      vertex 54.9 -89.1 2
      vertex 75.1737 -90.6199 2
    endloop
  endfacet
  facet normal 0 0 1
    outer loop
      vertex 54.9 -17.1 2
      vertex 74.4019 -8.5 2
      vertex 74.2284 -8.14805 2
    endloop
  endfacet
  facet normal 0 0 1
    outer loop
      vertex 75.1737 -90.6199 2
      vertex 54.9 -89.1 2
      vertex 74.8787 -90.8787 2
    endloop
  endfacet
  facet normal 0 0 1
    outer loop
      vertex 54.9 -17.1 2
      vertex 74.2284 -8.14805 2
      vertex 74.1022 -7.77646 2
    endloop
  endfacet
  facet normal 0 0 1
    outer loop
      vertex 74.8787 -90.8787 2
      vertex 54.9 -89.1 2
      vertex 74.6199 -91.1737 2
    endloop
  endfacet
  facet normal 0 0 1
    outer loop
      vertex 54.9 -17.1 2
      vertex 74.1022 -7.77646 2
      vertex 74.0257 -7.39158 2
    endloop
  endfacet
  facet normal 0 0 1
    outer loop
      vertex 74.6199 -91.1737 2
      vertex 54.9 -89.1 2
      vertex 74.4019 -91.5 2
    endloop
  endfacet
  facet normal 0 0 1
    outer loop
      vertex 75.852 -9.77164 2
      vertex 54.9 -17.1 2
      vertex 77 -42 2
    endloop
  endfacet
  facet normal 0 0 1
    outer loop
      vertex 74.4019 -91.5 2
      vertex 54.9 -89.1 2
      vertex 74.2284 -91.852 2
    endloop
  endfacet
  facet normal 0 0 1
    outer loop
      vertex 77 -42 2
      vertex 54.9 -17.1 2
      vertex 77 -58 2
    endloop
  endfacet
  facet normal 0 0 1
    outer loop
      vertex 54.9 -89.1 2
      vertex 77 -58 2
      vertex 54.9 -17.1 2
    endloop
  endfacet
  facet normal 0 0 1
    outer loop
      vertex 52.7816 -13.425 2
      vertex 74.0257 -7.39158 2
      vertex 74 -7 2
    endloop
  endfacet
  facet normal 0 0 1
    outer loop
      vertex 74.2284 -91.852 2
      vertex 54.9 -89.1 2
      vertex 74.1022 -92.2235 2
    endloop
  endfacet
  facet normal -0 0 1
    outer loop
      vertex 78.148 -90.2284 2
      vertex 80 -91 2
      vertex 80 -58 2
    endloop
  endfacet
  facet normal 0 0 1
    outer loop
      vertex 80.3806 -92.9134 2
      vertex 79.9743 -92.6084 2
      vertex 80 -93 2
    endloop
  endfacet
  facet normal 0 0 1
    outer loop
      vertex 80.0428 -91.6526 2
      vertex 79.8978 -92.2235 2
      vertex 79.9743 -92.6084 2
    endloop
  endfacet
  facet normal 0 0 1
    outer loop
      vertex 80.0428 -91.6526 2
      vertex 79.7716 -91.852 2
      vertex 79.8978 -92.2235 2
    endloop
  endfacet
  facet normal 0 0 1
    outer loop
      vertex 80.0428 -91.6526 2
      vertex 79.5981 -91.5 2
      vertex 79.7716 -91.852 2
    endloop
  endfacet
  facet normal 0 0 1
    outer loop
      vertex 80 -91 2
      vertex 79.3801 -91.1737 2
      vertex 79.5981 -91.5 2
    endloop
  endfacet
  facet normal 0 0 1
    outer loop
      vertex 80 -91 2
      vertex 79.1213 -90.8787 2
      vertex 79.3801 -91.1737 2
    endloop
  endfacet
  facet normal 0 0 1
    outer loop
      vertex 80 -91 2
      vertex 78.8263 -90.6199 2
      vertex 79.1213 -90.8787 2
    endloop
  endfacet
  facet normal 0 0 1
    outer loop
      vertex 80 -91 2
      vertex 78.5 -90.4019 2
      vertex 78.8263 -90.6199 2
    endloop
  endfacet
  facet normal 0 0 1
    outer loop
      vertex 80 -91 2
      vertex 78.148 -90.2284 2
      vertex 78.5 -90.4019 2
    endloop
  endfacet
  facet normal 0 0 1
    outer loop
      vertex 80 -58 2
      vertex 77.7765 -90.1022 2
      vertex 78.148 -90.2284 2
    endloop
  endfacet
  facet normal 0 0 1
    outer loop
      vertex 80 -58 2
      vertex 77.3916 -90.0257 2
      vertex 77.7765 -90.1022 2
    endloop
  endfacet
  facet normal -0 0 1
    outer loop
      vertex 77 -58 2
      vertex 77.3916 -90.0257 2
      vertex 80 -58 2
    endloop
  endfacet
  facet normal 0 0 1
    outer loop
      vertex 77.3916 -90.0257 2
      vertex 77 -58 2
      vertex 77 -90 2
    endloop
  endfacet
  facet normal -0 0 1
    outer loop
      vertex 53.1265 -15.1589 2
      vertex 54.9 -17.1 2
      vertex 53.15 -14.8 2
    endloop
  endfacet
  facet normal -0 0 1
    outer loop
      vertex 53.0563 -15.5118 2
      vertex 54.9 -17.1 2
      vertex 53.1265 -15.1589 2
    endloop
  endfacet
  facet normal -0 0 1
    outer loop
      vertex 52.9407 -15.8524 2
      vertex 54.9 -17.1 2
      vertex 53.0563 -15.5118 2
    endloop
  endfacet
  facet normal -0 0 1
    outer loop
      vertex 52.7816 -16.175 2
      vertex 54.9 -17.1 2
      vertex 52.9407 -15.8524 2
    endloop
  endfacet
  facet normal -0 0 1
    outer loop
      vertex 52.5817 -16.4741 2
      vertex 54.9 -17.1 2
      vertex 52.7816 -16.175 2
    endloop
  endfacet
  facet normal -0 0 1
    outer loop
      vertex 52.3445 -16.7445 2
      vertex 54.9 -17.1 2
      vertex 52.5817 -16.4741 2
    endloop
  endfacet
  facet normal -0 0 1
    outer loop
      vertex 52.0741 -16.9817 2
      vertex 54.9 -17.1 2
      vertex 52.3445 -16.7445 2
    endloop
  endfacet
  facet normal 0 0 1
    outer loop
      vertex 54.9 -17.1 2
      vertex 52.0741 -16.9817 2
      vertex 51.8971 -17.1 2
    endloop
  endfacet
  facet normal -0 0 1
    outer loop
      vertex 11.15 -14.8 2
      vertex 47.6735 -15.1589 2
      vertex 47.65 -14.8 2
    endloop
  endfacet
  facet normal 0 0 1
    outer loop
      vertex 11.1265 -15.1589 2
      vertex 47.6735 -15.1589 2
      vertex 11.15 -14.8 2
    endloop
  endfacet
  facet normal 0 0 1
    outer loop
      vertex 47.6735 -15.1589 2
      vertex 11.1265 -15.1589 2
      vertex 47.7437 -15.5118 2
    endloop
  endfacet
  facet normal 0 0 1
    outer loop
      vertex 11.0563 -15.5118 2
      vertex 47.7437 -15.5118 2
      vertex 11.1265 -15.1589 2
    endloop
  endfacet
  facet normal 0 0 1
    outer loop
      vertex 47.7437 -15.5118 2
      vertex 11.0563 -15.5118 2
      vertex 47.8593 -15.8524 2
    endloop
  endfacet
  facet normal 0 0 1
    outer loop
      vertex 10.9407 -15.8524 2
      vertex 47.8593 -15.8524 2
      vertex 11.0563 -15.5118 2
    endloop
  endfacet
  facet normal 0 0 1
    outer loop
      vertex 47.8593 -15.8524 2
      vertex 10.9407 -15.8524 2
      vertex 48.0184 -16.175 2
    endloop
  endfacet
  facet normal 0 0 1
    outer loop
      vertex 10.7816 -16.175 2
      vertex 48.0184 -16.175 2
      vertex 10.9407 -15.8524 2
    endloop
  endfacet
  facet normal 0 0 1
    outer loop
      vertex 48.0184 -16.175 2
      vertex 10.7816 -16.175 2
      vertex 48.2183 -16.4741 2
    endloop
  endfacet
  facet normal 0 0 1
    outer loop
      vertex 10.5817 -16.4741 2
      vertex 48.2183 -16.4741 2
      vertex 10.7816 -16.175 2
    endloop
  endfacet
  facet normal 0 0 1
    outer loop
      vertex 48.2183 -16.4741 2
      vertex 10.5817 -16.4741 2
      vertex 48.4555 -16.7445 2
    endloop
  endfacet
  facet normal 0 0 1
    outer loop
      vertex 10.3445 -16.7445 2
      vertex 48.4555 -16.7445 2
      vertex 10.5817 -16.4741 2
    endloop
  endfacet
  facet normal 0 0 1
    outer loop
      vertex 48.4555 -16.7445 2
      vertex 10.3445 -16.7445 2
      vertex 48.7259 -16.9817 2
    endloop
  endfacet
  facet normal 0 0 1
    outer loop
      vertex 10.0741 -16.9817 2
      vertex 48.7259 -16.9817 2
      vertex 10.3445 -16.7445 2
    endloop
  endfacet
  facet normal 0 0 1
    outer loop
      vertex 48.7259 -16.9817 2
      vertex 10.0741 -16.9817 2
      vertex 48.9029 -17.1 2
    endloop
  endfacet
  facet normal 0 0 1
    outer loop
      vertex 48.9029 -17.1 2
      vertex 10.0741 -16.9817 2
      vertex 9.89708 -17.1 2
    endloop
  endfacet
  facet normal 0 0 1
    outer loop
      vertex 3.89999 -8.1277 2
      vertex 5.50917 -4.75389 2
      vertex 5.10677 -5.10677 2
    endloop
  endfacet
  facet normal 0 0 1
    outer loop
      vertex 3.89999 -8.1277 2
      vertex 5.10677 -5.10677 2
      vertex 4.75389 -5.50917 2
    endloop
  endfacet
  facet normal 0 0 1
    outer loop
      vertex 5.7437 -14.0882 2
      vertex 3.9 -17.1 2
      vertex 5.67353 -14.4411 2
    endloop
  endfacet
  facet normal 0 0 1
    outer loop
      vertex 3.89999 -8.1277 2
      vertex 4.75389 -5.50917 2
      vertex 4.45659 -5.9541 2
    endloop
  endfacet
  facet normal 0 0 1
    outer loop
      vertex 3.89999 -8.1277 2
      vertex 4.45659 -5.9541 2
      vertex 4.21979 -6.4343 2
    endloop
  endfacet
  facet normal 0 0 1
    outer loop
      vertex 3.89999 -8.1277 2
      vertex 4.21979 -6.4343 2
      vertex 4.04781 -6.94095 2
    endloop
  endfacet
  facet normal 0 0 1
    outer loop
      vertex 3.89999 -8.1277 2
      vertex 4.04781 -6.94095 2
      vertex 3.94336 -7.46599 2
    endloop
  endfacet
  facet normal 0 0 1
    outer loop
      vertex 5.67353 -14.4411 2
      vertex 3.9 -17.1 2
      vertex 5.65 -14.8 2
    endloop
  endfacet
  facet normal 0 0 1
    outer loop
      vertex 6.72591 -16.9817 2
      vertex 3.9 -17.1 2
      vertex 6.90292 -17.1 2
    endloop
  endfacet
  facet normal 0 0 1
    outer loop
      vertex 6.45546 -16.7445 2
      vertex 3.9 -17.1 2
      vertex 6.72591 -16.9817 2
    endloop
  endfacet
  facet normal 0 0 1
    outer loop
      vertex 6.21828 -16.4741 2
      vertex 3.9 -17.1 2
      vertex 6.45546 -16.7445 2
    endloop
  endfacet
  facet normal 0 0 1
    outer loop
      vertex 6.01843 -16.175 2
      vertex 3.9 -17.1 2
      vertex 6.21828 -16.4741 2
    endloop
  endfacet
  facet normal 0 0 1
    outer loop
      vertex 5.85933 -15.8524 2
      vertex 3.9 -17.1 2
      vertex 6.01843 -16.175 2
    endloop
  endfacet
  facet normal 0 0 1
    outer loop
      vertex 5.7437 -15.5118 2
      vertex 3.9 -17.1 2
      vertex 5.85933 -15.8524 2
    endloop
  endfacet
  facet normal 0 0 1
    outer loop
      vertex 5.65 -14.8 2
      vertex 3.9 -17.1 2
      vertex 5.67353 -15.1589 2
    endloop
  endfacet
  facet normal 0 0 1
    outer loop
      vertex 3.9 -17.1 2
      vertex 3.89999 -8.1277 2
      vertex 3.9 -89.1 2
    endloop
  endfacet
  facet normal 0 0 1
    outer loop
      vertex 5.67353 -15.1589 2
      vertex 3.9 -17.1 2
      vertex 5.7437 -15.5118 2
    endloop
  endfacet
  facet normal 0.63424 -0.312896 -0.70699
    outer loop
      vertex 178.928 -96 1.2
      vertex 177.887 -95.3987 0
      vertex 179.391 -95.0615 1.2
    endloop
  endfacet
  facet normal -0.442281 0.896876 0
    outer loop
      vertex 4.93854 -0.608963 1.2
      vertex 4 -1.07179 2
      vertex 4.93854 -0.608963 2
    endloop
  endfacet
  facet normal -0.442281 0.896876 0
    outer loop
      vertex 4 -1.07179 2
      vertex 4.93854 -0.608963 1.2
      vertex 4 -1.07179 1.2
    endloop
  endfacet
  facet normal -0.321439 0.94693 0
    outer loop
      vertex 5.92944 -0.272598 1.2
      vertex 4.93854 -0.608963 2
      vertex 5.92944 -0.272598 2
    endloop
  endfacet
  facet normal -0.321439 0.94693 0
    outer loop
      vertex 4.93854 -0.608963 2
      vertex 5.92944 -0.272598 1.2
      vertex 4.93854 -0.608963 1.2
    endloop
  endfacet
  facet normal -0.195096 0.980784 0
    outer loop
      vertex 6.9558 -0.0684357 1.2
      vertex 5.92944 -0.272598 2
      vertex 6.9558 -0.0684357 2
    endloop
  endfacet
  facet normal -0.195096 0.980784 0
    outer loop
      vertex 5.92944 -0.272598 2
      vertex 6.9558 -0.0684357 1.2
      vertex 5.92944 -0.272598 1.2
    endloop
  endfacet
  facet normal -0.98077 0.195165 0
    outer loop
      vertex 10.0421 -15.24 1.7
      vertex 10.0855 -15.0219 5.1
      vertex 10.0855 -15.0219 1.7
    endloop
  endfacet
  facet normal -0.98077 0.195165 0
    outer loop
      vertex 10.0855 -15.0219 5.1
      vertex 10.0421 -15.24 1.7
      vertex 10.0421 -15.24 5.1
    endloop
  endfacet
  facet normal -0.997872 0.0652057 0
    outer loop
      vertex 10.0855 -15.0219 1.7
      vertex 10.1 -14.8 5.1
      vertex 10.1 -14.8 1.7
    endloop
  endfacet
  facet normal -0.997872 0.0652057 0
    outer loop
      vertex 10.1 -14.8 5.1
      vertex 10.0855 -15.0219 1.7
      vertex 10.0855 -15.0219 5.1
    endloop
  endfacet
  facet normal 0.0652086 -0.997872 0
    outer loop
      vertex 8.17811 -13.1145 1.7
      vertex 8.4 -13.1 5.1
      vertex 8.17811 -13.1145 5.1
    endloop
  endfacet
  facet normal 0.0652086 -0.997872 0
    outer loop
      vertex 8.4 -13.1 5.1
      vertex 8.17811 -13.1145 1.7
      vertex 8.4 -13.1 1.7
    endloop
  endfacet
  facet normal -0.659291 0.751888 0
    outer loop
      vertex 9.60208 -16.0021 1.7
      vertex 9.43489 -16.1487 5.1
      vertex 9.60208 -16.0021 5.1
    endloop
  endfacet
  facet normal -0.659291 0.751888 0
    outer loop
      vertex 9.43489 -16.1487 5.1
      vertex 9.60208 -16.0021 1.7
      vertex 9.43489 -16.1487 1.7
    endloop
  endfacet
  facet normal -0.442459 -0.896789 0
    outer loop
      vertex 9.05056 -13.2294 1.7
      vertex 9.25 -13.3278 5.1
      vertex 9.05056 -13.2294 5.1
    endloop
  endfacet
  facet normal -0.442459 -0.896789 -0
    outer loop
      vertex 9.25 -13.3278 5.1
      vertex 9.05056 -13.2294 1.7
      vertex 9.25 -13.3278 1.7
    endloop
  endfacet
  facet normal -0.195165 -0.98077 0
    outer loop
      vertex 8.62189 -13.1145 1.7
      vertex 8.83999 -13.1579 5.1
      vertex 8.62189 -13.1145 5.1
    endloop
  endfacet
  facet normal -0.195165 -0.98077 -0
    outer loop
      vertex 8.83999 -13.1579 5.1
      vertex 8.62189 -13.1145 1.7
      vertex 8.83999 -13.1579 1.7
    endloop
  endfacet
  facet normal -0.442459 0.896789 0
    outer loop
      vertex 9.25 -16.2722 1.7
      vertex 9.05056 -16.3706 5.1
      vertex 9.25 -16.2722 5.1
    endloop
  endfacet
  facet normal -0.442459 0.896789 0
    outer loop
      vertex 9.05056 -16.3706 5.1
      vertex 9.25 -16.2722 1.7
      vertex 9.05056 -16.3706 1.7
    endloop
  endfacet
  facet normal 0.442459 -0.896789 0
    outer loop
      vertex 7.55 -13.3278 1.7
      vertex 7.74944 -13.2294 5.1
      vertex 7.55 -13.3278 5.1
    endloop
  endfacet
  facet normal 0.442459 -0.896789 0
    outer loop
      vertex 7.74944 -13.2294 5.1
      vertex 7.55 -13.3278 1.7
      vertex 7.74944 -13.2294 1.7
    endloop
  endfacet
  facet normal -0.997872 -0.0652057 0
    outer loop
      vertex 10.1 -14.8 1.7
      vertex 10.0855 -14.5781 5.1
      vertex 10.0855 -14.5781 1.7
    endloop
  endfacet
  facet normal -0.997872 -0.0652057 0
    outer loop
      vertex 10.0855 -14.5781 5.1
      vertex 10.1 -14.8 1.7
      vertex 10.1 -14.8 5.1
    endloop
  endfacet
  facet normal 0.99786 0.0653848 0
    outer loop
      vertex 6.71454 -15.0219 5.1
      vertex 6.7 -14.8 1.7
      vertex 6.7 -14.8 5.1
    endloop
  endfacet
  facet normal 0.99786 0.0653848 0
    outer loop
      vertex 6.7 -14.8 1.7
      vertex 6.71454 -15.0219 5.1
      vertex 6.71454 -15.0219 1.7
    endloop
  endfacet
  facet normal -0.831483 0.555551 0
    outer loop
      vertex 9.7487 -15.8349 1.7
      vertex 9.87224 -15.65 5.1
      vertex 9.87224 -15.65 1.7
    endloop
  endfacet
  facet normal -0.831483 0.555551 0
    outer loop
      vertex 9.87224 -15.65 5.1
      vertex 9.7487 -15.8349 1.7
      vertex 9.7487 -15.8349 5.1
    endloop
  endfacet
  facet normal -0.896843 0.442349 0
    outer loop
      vertex 9.87224 -15.65 1.7
      vertex 9.97059 -15.4506 5.1
      vertex 9.97059 -15.4506 1.7
    endloop
  endfacet
  facet normal -0.896843 0.442349 0
    outer loop
      vertex 9.97059 -15.4506 5.1
      vertex 9.87224 -15.65 1.7
      vertex 9.87224 -15.65 5.1
    endloop
  endfacet
  facet normal 0.659313 0.751869 -0
    outer loop
      vertex 7.3651 -16.1487 1.7
      vertex 7.19792 -16.0021 5.1
      vertex 7.3651 -16.1487 5.1
    endloop
  endfacet
  facet normal 0.659313 0.751869 0
    outer loop
      vertex 7.19792 -16.0021 5.1
      vertex 7.3651 -16.1487 1.7
      vertex 7.19792 -16.0021 1.7
    endloop
  endfacet
  facet normal 0.555426 0.831566 -0
    outer loop
      vertex 7.55 -16.2722 1.7
      vertex 7.3651 -16.1487 5.1
      vertex 7.55 -16.2722 5.1
    endloop
  endfacet
  facet normal 0.555426 0.831566 0
    outer loop
      vertex 7.3651 -16.1487 5.1
      vertex 7.55 -16.2722 1.7
      vertex 7.3651 -16.1487 1.7
    endloop
  endfacet
  facet normal -0.659291 -0.751888 0
    outer loop
      vertex 9.43489 -13.4513 1.7
      vertex 9.60208 -13.5979 5.1
      vertex 9.43489 -13.4513 5.1
    endloop
  endfacet
  facet normal -0.659291 -0.751888 -0
    outer loop
      vertex 9.60208 -13.5979 5.1
      vertex 9.43489 -13.4513 1.7
      vertex 9.60208 -13.5979 1.7
    endloop
  endfacet
  facet normal 0.442459 0.896789 -0
    outer loop
      vertex 7.74944 -16.3706 1.7
      vertex 7.55 -16.2722 5.1
      vertex 7.74944 -16.3706 5.1
    endloop
  endfacet
  facet normal 0.442459 0.896789 0
    outer loop
      vertex 7.55 -16.2722 5.1
      vertex 7.74944 -16.3706 1.7
      vertex 7.55 -16.2722 1.7
    endloop
  endfacet
  facet normal -0.751863 -0.659319 0
    outer loop
      vertex 9.7487 -13.7651 1.7
      vertex 9.60208 -13.5979 5.1
      vertex 9.60208 -13.5979 1.7
    endloop
  endfacet
  facet normal -0.751863 -0.659319 0
    outer loop
      vertex 9.60208 -13.5979 5.1
      vertex 9.7487 -13.7651 1.7
      vertex 9.7487 -13.7651 5.1
    endloop
  endfacet
  facet normal -0.98077 -0.195165 0
    outer loop
      vertex 10.0855 -14.5781 1.7
      vertex 10.0421 -14.36 5.1
      vertex 10.0421 -14.36 1.7
    endloop
  endfacet
  facet normal -0.98077 -0.195165 0
    outer loop
      vertex 10.0421 -14.36 5.1
      vertex 10.0855 -14.5781 1.7
      vertex 10.0855 -14.5781 5.1
    endloop
  endfacet
  facet normal 0.896825 -0.442386 0
    outer loop
      vertex 6.8294 -14.1494 5.1
      vertex 6.92776 -13.95 1.7
      vertex 6.92776 -13.95 5.1
    endloop
  endfacet
  facet normal 0.896825 -0.442386 0
    outer loop
      vertex 6.92776 -13.95 1.7
      vertex 6.8294 -14.1494 5.1
      vertex 6.8294 -14.1494 1.7
    endloop
  endfacet
  facet normal 0.751863 0.659319 0
    outer loop
      vertex 7.19792 -16.0021 5.1
      vertex 7.0513 -15.8349 1.7
      vertex 7.0513 -15.8349 5.1
    endloop
  endfacet
  facet normal 0.751863 0.659319 0
    outer loop
      vertex 7.0513 -15.8349 1.7
      vertex 7.19792 -16.0021 5.1
      vertex 7.19792 -16.0021 1.7
    endloop
  endfacet
  facet normal -0.321525 -0.946901 0
    outer loop
      vertex 8.83999 -13.1579 1.7
      vertex 9.05056 -13.2294 5.1
      vertex 8.83999 -13.1579 5.1
    endloop
  endfacet
  facet normal -0.321525 -0.946901 -0
    outer loop
      vertex 9.05056 -13.2294 5.1
      vertex 8.83999 -13.1579 1.7
      vertex 9.05056 -13.2294 1.7
    endloop
  endfacet
  facet normal 0.751863 -0.659319 0
    outer loop
      vertex 7.0513 -13.7651 5.1
      vertex 7.19792 -13.5979 1.7
      vertex 7.19792 -13.5979 5.1
    endloop
  endfacet
  facet normal 0.751863 -0.659319 0
    outer loop
      vertex 7.19792 -13.5979 1.7
      vertex 7.0513 -13.7651 5.1
      vertex 7.0513 -13.7651 1.7
    endloop
  endfacet
  facet normal 0.831483 -0.555551 0
    outer loop
      vertex 6.92776 -13.95 5.1
      vertex 7.0513 -13.7651 1.7
      vertex 7.0513 -13.7651 5.1
    endloop
  endfacet
  facet normal 0.831483 -0.555551 0
    outer loop
      vertex 7.0513 -13.7651 1.7
      vertex 6.92776 -13.95 5.1
      vertex 6.92776 -13.95 1.7
    endloop
  endfacet
  facet normal 0.946956 -0.321363 0
    outer loop
      vertex 6.75793 -14.36 5.1
      vertex 6.8294 -14.1494 1.7
      vertex 6.8294 -14.1494 5.1
    endloop
  endfacet
  facet normal 0.946956 -0.321363 0
    outer loop
      vertex 6.8294 -14.1494 1.7
      vertex 6.75793 -14.36 5.1
      vertex 6.75793 -14.36 1.7
    endloop
  endfacet
  facet normal -0.195165 0.98077 0
    outer loop
      vertex 8.83999 -16.4421 1.7
      vertex 8.62189 -16.4855 5.1
      vertex 8.83999 -16.4421 5.1
    endloop
  endfacet
  facet normal -0.195165 0.98077 0
    outer loop
      vertex 8.62189 -16.4855 5.1
      vertex 8.83999 -16.4421 1.7
      vertex 8.62189 -16.4855 1.7
    endloop
  endfacet
  facet normal -0.555447 0.831552 0
    outer loop
      vertex 9.43489 -16.1487 1.7
      vertex 9.25 -16.2722 5.1
      vertex 9.43489 -16.1487 5.1
    endloop
  endfacet
  facet normal -0.555447 0.831552 0
    outer loop
      vertex 9.25 -16.2722 5.1
      vertex 9.43489 -16.1487 1.7
      vertex 9.25 -16.2722 1.7
    endloop
  endfacet
  facet normal -0.555447 -0.831552 0
    outer loop
      vertex 9.25 -13.3278 1.7
      vertex 9.43489 -13.4513 5.1
      vertex 9.25 -13.3278 5.1
    endloop
  endfacet
  facet normal -0.555447 -0.831552 -0
    outer loop
      vertex 9.43489 -13.4513 5.1
      vertex 9.25 -13.3278 1.7
      vertex 9.43489 -13.4513 1.7
    endloop
  endfacet
  facet normal 0.195165 0.98077 -0
    outer loop
      vertex 8.17811 -16.4855 1.7
      vertex 7.96001 -16.4421 5.1
      vertex 8.17811 -16.4855 5.1
    endloop
  endfacet
  facet normal 0.195165 0.98077 0
    outer loop
      vertex 7.96001 -16.4421 5.1
      vertex 8.17811 -16.4855 1.7
      vertex 7.96001 -16.4421 1.7
    endloop
  endfacet
  facet normal 0.831483 0.555551 0
    outer loop
      vertex 7.0513 -15.8349 5.1
      vertex 6.92776 -15.65 1.7
      vertex 6.92776 -15.65 5.1
    endloop
  endfacet
  facet normal 0.831483 0.555551 0
    outer loop
      vertex 6.92776 -15.65 1.7
      vertex 7.0513 -15.8349 5.1
      vertex 7.0513 -15.8349 1.7
    endloop
  endfacet
  facet normal 0.896825 0.442386 0
    outer loop
      vertex 6.92776 -15.65 5.1
      vertex 6.8294 -15.4506 1.7
      vertex 6.8294 -15.4506 5.1
    endloop
  endfacet
  facet normal 0.896825 0.442386 0
    outer loop
      vertex 6.8294 -15.4506 1.7
      vertex 6.92776 -15.65 5.1
      vertex 6.92776 -15.65 1.7
    endloop
  endfacet
  facet normal -0.831483 -0.555551 0
    outer loop
      vertex 9.87224 -13.95 1.7
      vertex 9.7487 -13.7651 5.1
      vertex 9.7487 -13.7651 1.7
    endloop
  endfacet
  facet normal -0.831483 -0.555551 0
    outer loop
      vertex 9.7487 -13.7651 5.1
      vertex 9.87224 -13.95 1.7
      vertex 9.87224 -13.95 5.1
    endloop
  endfacet
  facet normal -0.946901 -0.321524 0
    outer loop
      vertex 10.0421 -14.36 1.7
      vertex 9.97059 -14.1494 5.1
      vertex 9.97059 -14.1494 1.7
    endloop
  endfacet
  facet normal -0.946901 -0.321524 0
    outer loop
      vertex 9.97059 -14.1494 5.1
      vertex 10.0421 -14.36 1.7
      vertex 10.0421 -14.36 5.1
    endloop
  endfacet
  facet normal 0.0652086 0.997872 -0
    outer loop
      vertex 8.4 -16.5 1.7
      vertex 8.17811 -16.4855 5.1
      vertex 8.4 -16.5 5.1
    endloop
  endfacet
  facet normal 0.0652086 0.997872 0
    outer loop
      vertex 8.17811 -16.4855 5.1
      vertex 8.4 -16.5 1.7
      vertex 8.17811 -16.4855 1.7
    endloop
  endfacet
  facet normal 0.946956 0.321363 0
    outer loop
      vertex 6.8294 -15.4506 5.1
      vertex 6.75793 -15.24 1.7
      vertex 6.75793 -15.24 5.1
    endloop
  endfacet
  facet normal 0.946956 0.321363 0
    outer loop
      vertex 6.75793 -15.24 1.7
      vertex 6.8294 -15.4506 5.1
      vertex 6.8294 -15.4506 1.7
    endloop
  endfacet
  facet normal 0.99786 -0.0653848 0
    outer loop
      vertex 6.7 -14.8 5.1
      vertex 6.71454 -14.5781 1.7
      vertex 6.71454 -14.5781 5.1
    endloop
  endfacet
  facet normal 0.99786 -0.0653848 0
    outer loop
      vertex 6.71454 -14.5781 1.7
      vertex 6.7 -14.8 5.1
      vertex 6.7 -14.8 1.7
    endloop
  endfacet
  facet normal 0.659313 -0.751869 0
    outer loop
      vertex 7.19792 -13.5979 1.7
      vertex 7.3651 -13.4513 5.1
      vertex 7.19792 -13.5979 5.1
    endloop
  endfacet
  facet normal 0.659313 -0.751869 0
    outer loop
      vertex 7.3651 -13.4513 5.1
      vertex 7.19792 -13.5979 1.7
      vertex 7.3651 -13.4513 1.7
    endloop
  endfacet
  facet normal -0.321525 0.946901 0
    outer loop
      vertex 9.05056 -16.3706 1.7
      vertex 8.83999 -16.4421 5.1
      vertex 9.05056 -16.3706 5.1
    endloop
  endfacet
  facet normal -0.321525 0.946901 0
    outer loop
      vertex 8.83999 -16.4421 5.1
      vertex 9.05056 -16.3706 1.7
      vertex 8.83999 -16.4421 1.7
    endloop
  endfacet
  facet normal -0.751863 0.659319 0
    outer loop
      vertex 9.60208 -16.0021 1.7
      vertex 9.7487 -15.8349 5.1
      vertex 9.7487 -15.8349 1.7
    endloop
  endfacet
  facet normal -0.751863 0.659319 0
    outer loop
      vertex 9.7487 -15.8349 5.1
      vertex 9.60208 -16.0021 1.7
      vertex 9.60208 -16.0021 5.1
    endloop
  endfacet
  facet normal -0.946901 0.321524 0
    outer loop
      vertex 9.97059 -15.4506 1.7
      vertex 10.0421 -15.24 5.1
      vertex 10.0421 -15.24 1.7
    endloop
  endfacet
  facet normal -0.946901 0.321524 0
    outer loop
      vertex 10.0421 -15.24 5.1
      vertex 9.97059 -15.4506 1.7
      vertex 9.97059 -15.4506 5.1
    endloop
  endfacet
  facet normal 0.321525 0.946901 -0
    outer loop
      vertex 7.96001 -16.4421 1.7
      vertex 7.74944 -16.3706 5.1
      vertex 7.96001 -16.4421 5.1
    endloop
  endfacet
  facet normal 0.321525 0.946901 0
    outer loop
      vertex 7.74944 -16.3706 5.1
      vertex 7.96001 -16.4421 1.7
      vertex 7.74944 -16.3706 1.7
    endloop
  endfacet
  facet normal 0.980779 -0.195122 0
    outer loop
      vertex 6.71454 -14.5781 5.1
      vertex 6.75793 -14.36 1.7
      vertex 6.75793 -14.36 5.1
    endloop
  endfacet
  facet normal 0.980779 -0.195122 0
    outer loop
      vertex 6.75793 -14.36 1.7
      vertex 6.71454 -14.5781 5.1
      vertex 6.71454 -14.5781 1.7
    endloop
  endfacet
  facet normal 0.195165 -0.98077 0
    outer loop
      vertex 7.96001 -13.1579 1.7
      vertex 8.17811 -13.1145 5.1
      vertex 7.96001 -13.1579 5.1
    endloop
  endfacet
  facet normal 0.195165 -0.98077 0
    outer loop
      vertex 8.17811 -13.1145 5.1
      vertex 7.96001 -13.1579 1.7
      vertex 8.17811 -13.1145 1.7
    endloop
  endfacet
  facet normal -0.0652086 -0.997872 0
    outer loop
      vertex 8.4 -13.1 1.7
      vertex 8.62189 -13.1145 5.1
      vertex 8.4 -13.1 5.1
    endloop
  endfacet
  facet normal -0.0652086 -0.997872 -0
    outer loop
      vertex 8.62189 -13.1145 5.1
      vertex 8.4 -13.1 1.7
      vertex 8.62189 -13.1145 1.7
    endloop
  endfacet
  facet normal 0.980779 0.195122 0
    outer loop
      vertex 6.75793 -15.24 5.1
      vertex 6.71454 -15.0219 1.7
      vertex 6.71454 -15.0219 5.1
    endloop
  endfacet
  facet normal 0.980779 0.195122 0
    outer loop
      vertex 6.71454 -15.0219 1.7
      vertex 6.75793 -15.24 5.1
      vertex 6.75793 -15.24 1.7
    endloop
  endfacet
  facet normal -0.0652086 0.997872 0
    outer loop
      vertex 8.62189 -16.4855 1.7
      vertex 8.4 -16.5 5.1
      vertex 8.62189 -16.4855 5.1
    endloop
  endfacet
  facet normal -0.0652086 0.997872 0
    outer loop
      vertex 8.4 -16.5 5.1
      vertex 8.62189 -16.4855 1.7
      vertex 8.4 -16.5 1.7
    endloop
  endfacet
  facet normal 0.555426 -0.831566 0
    outer loop
      vertex 7.3651 -13.4513 1.7
      vertex 7.55 -13.3278 5.1
      vertex 7.3651 -13.4513 5.1
    endloop
  endfacet
  facet normal 0.555426 -0.831566 0
    outer loop
      vertex 7.55 -13.3278 5.1
      vertex 7.3651 -13.4513 1.7
      vertex 7.55 -13.3278 1.7
    endloop
  endfacet
  facet normal 0.321525 -0.946901 0
    outer loop
      vertex 7.74944 -13.2294 1.7
      vertex 7.96001 -13.1579 5.1
      vertex 7.74944 -13.2294 5.1
    endloop
  endfacet
  facet normal 0.321525 -0.946901 0
    outer loop
      vertex 7.96001 -13.1579 5.1
      vertex 7.74944 -13.2294 1.7
      vertex 7.96001 -13.1579 1.7
    endloop
  endfacet
  facet normal -0.896843 -0.442349 0
    outer loop
      vertex 9.97059 -14.1494 1.7
      vertex 9.87224 -13.95 5.1
      vertex 9.87224 -13.95 1.7
    endloop
  endfacet
  facet normal -0.896843 -0.442349 0
    outer loop
      vertex 9.87224 -13.95 5.1
      vertex 9.97059 -14.1494 1.7
      vertex 9.97059 -14.1494 5.1
    endloop
  endfacet
  facet normal -0.708116 0.0544705 -0.703992
    outer loop
      vertex 11.79 -14.8013 0
      vertex 10.1 -14.8 1.7
      vertex 11.7901 -14.8 0
    endloop
  endfacet
  facet normal -0.708412 0.046291 -0.70428
    outer loop
      vertex 10.1 -14.8 1.7
      vertex 11.79 -14.8013 0
      vertex 10.0855 -15.0219 1.7
    endloop
  endfacet
  facet normal -0.67363 0.224543 -0.704132
    outer loop
      vertex 9.97059 -15.4506 1.7
      vertex 11.5324 -16.0961 0
      vertex 11.532 -16.0973 0
    endloop
  endfacet
  facet normal -0.672239 0.228261 -0.704266
    outer loop
      vertex 11.5324 -16.0961 0
      vertex 9.97059 -15.4506 1.7
      vertex 10.0421 -15.24 1.7
    endloop
  endfacet
  facet normal -0.0462929 -0.708408 -0.704283
    outer loop
      vertex 8.4 -11.4099 0
      vertex 8.62189 -13.1145 1.7
      vertex 8.4 -13.1 1.7
    endloop
  endfacet
  facet normal -0.0464281 -0.708413 -0.70427
    outer loop
      vertex 8.62189 -13.1145 1.7
      vertex 8.4 -11.4099 0
      vertex 8.84249 -11.4389 0
    endloop
  endfacet
  facet normal -0.228144 0.67228 -0.704266
    outer loop
      vertex 9.27741 -18.0745 0
      vertex 9.05056 -16.3706 1.7
      vertex 9.69732 -17.932 0
    endloop
  endfacet
  facet normal -0.228266 0.672251 -0.704253
    outer loop
      vertex 9.05056 -16.3706 1.7
      vertex 9.27741 -18.0745 0
      vertex 8.83999 -16.4421 1.7
    endloop
  endfacet
  facet normal 0.672265 0.228188 -0.704265
    outer loop
      vertex 6.8294 -15.4506 1.7
      vertex 5.26799 -16.0973 0
      vertex 5.12587 -15.6786 0
    endloop
  endfacet
  facet normal -0.501473 0.501473 -0.705018
    outer loop
      vertex 9.60208 -16.0021 1.7
      vertex 10.798 -17.1962 0
      vertex 10.7971 -17.1971 0
    endloop
  endfacet
  facet normal -0.533769 0.468069 -0.704274
    outer loop
      vertex 10.798 -17.1962 0
      vertex 9.60208 -16.0021 1.7
      vertex 9.7487 -15.8349 1.7
    endloop
  endfacet
  facet normal -0.696286 -0.138555 -0.704265
    outer loop
      vertex 10.0421 -14.36 1.7
      vertex 11.6748 -13.9239 0
      vertex 10.0855 -14.5781 1.7
    endloop
  endfacet
  facet normal -0.691242 -0.159517 -0.704797
    outer loop
      vertex 11.6748 -13.9239 0
      vertex 10.0421 -14.36 1.7
      vertex 11.6745 -13.9226 0
    endloop
  endfacet
  facet normal -0.636739 0.313953 -0.70427
    outer loop
      vertex 11.5314 -16.0985 0
      vertex 11.3359 -16.495 0
      vertex 9.87224 -15.65 1.7
    endloop
  endfacet
  facet normal 0.468171 -0.533692 -0.704265
    outer loop
      vertex 6.33528 -12.1113 0
      vertex 7.19792 -13.5979 1.7
      vertex 6.00287 -12.4029 0
    endloop
  endfacet
  facet normal -0.162225 0.69216 -0.703276
    outer loop
      vertex 8.62189 -16.4855 1.7
      vertex 8.84377 -18.1608 0
      vertex 8.84249 -18.1611 0
    endloop
  endfacet
  facet normal -0.138556 0.696291 -0.704259
    outer loop
      vertex 8.84377 -18.1608 0
      vertex 8.62189 -16.4855 1.7
      vertex 8.83999 -16.4421 1.7
    endloop
  endfacet
  facet normal -0.468181 -0.533688 -0.704261
    outer loop
      vertex 10.4647 -12.1113 0
      vertex 10.7971 -12.4029 0
      vertex 9.60208 -13.5979 1.7
    endloop
  endfacet
  facet normal 0.313928 0.636752 -0.70427
    outer loop
      vertex 7.74944 -16.3706 1.7
      vertex 7.10268 -17.932 0
      vertex 6.70614 -17.7365 0
    endloop
  endfacet
  facet normal 0.629988 0.326448 -0.704661
    outer loop
      vertex 5.46355 -16.4939 0
      vertex 6.92776 -15.65 1.7
      vertex 5.46412 -16.495 0
    endloop
  endfacet
  facet normal 0.63668 0.314061 -0.704276
    outer loop
      vertex 6.92776 -15.65 1.7
      vertex 5.46355 -16.4939 0
      vertex 6.8294 -15.4506 1.7
    endloop
  endfacet
  facet normal 0.228172 -0.67228 -0.704257
    outer loop
      vertex 7.52259 -11.5255 0
      vertex 7.96001 -13.1579 1.7
      vertex 7.10391 -11.6676 0
    endloop
  endfacet
  facet normal 0.314121 -0.636669 -0.704259
    outer loop
      vertex 7.10151 -11.6686 0
      vertex 7.74944 -13.2294 1.7
      vertex 7.55 -13.3278 1.7
    endloop
  endfacet
  facet normal 0.32414 -0.632073 -0.703859
    outer loop
      vertex 7.74944 -13.2294 1.7
      vertex 7.10151 -11.6686 0
      vertex 7.10268 -11.668 0
    endloop
  endfacet
  facet normal -0.636739 -0.313953 -0.70427
    outer loop
      vertex 11.3359 -13.105 0
      vertex 11.5314 -13.5015 0
      vertex 9.87224 -13.95 1.7
    endloop
  endfacet
  facet normal -0.394425 0.590273 -0.704277
    outer loop
      vertex 10.4627 -17.4902 0
      vertex 10.095 -17.7359 0
      vertex 9.25 -16.2722 1.7
    endloop
  endfacet
  facet normal -0.468047 -0.533784 -0.704277
    outer loop
      vertex 9.43489 -13.4513 1.7
      vertex 10.4647 -12.1113 0
      vertex 9.60208 -13.5979 1.7
    endloop
  endfacet
  facet normal -0.443069 -0.553836 -0.704951
    outer loop
      vertex 10.4647 -12.1113 0
      vertex 9.43489 -13.4513 1.7
      vertex 10.4637 -12.1105 0
    endloop
  endfacet
  facet normal 0.394321 0.590364 -0.704259
    outer loop
      vertex 6.33734 -17.4902 0
      vertex 7.3651 -16.1487 1.7
      vertex 7.55 -16.2722 1.7
    endloop
  endfacet
  facet normal 0.386325 0.596044 -0.703907
    outer loop
      vertex 7.3651 -16.1487 1.7
      vertex 6.33734 -17.4902 0
      vertex 6.33626 -17.4895 0
    endloop
  endfacet
  facet normal -0.672284 0.228162 -0.704256
    outer loop
      vertex 11.6745 -15.6774 0
      vertex 11.5324 -16.0961 0
      vertex 10.0421 -15.24 1.7
    endloop
  endfacet
  facet normal 0.63668 -0.314061 -0.704276
    outer loop
      vertex 5.46355 -13.1061 0
      vertex 6.92776 -13.95 1.7
      vertex 6.8294 -14.1494 1.7
    endloop
  endfacet
  facet normal 0.629988 -0.326448 -0.704661
    outer loop
      vertex 6.92776 -13.95 1.7
      vertex 5.46355 -13.1061 0
      vertex 5.46412 -13.105 0
    endloop
  endfacet
  facet normal -0.635106 -0.317553 -0.704131
    outer loop
      vertex 9.97059 -14.1494 1.7
      vertex 11.5314 -13.5015 0
      vertex 11.532 -13.5027 0
    endloop
  endfacet
  facet normal -0.636705 -0.314042 -0.704261
    outer loop
      vertex 11.5314 -13.5015 0
      vertex 9.97059 -14.1494 1.7
      vertex 9.87224 -13.95 1.7
    endloop
  endfacet
  facet normal -0.672284 -0.228162 -0.704256
    outer loop
      vertex 11.5324 -13.5039 0
      vertex 11.6745 -13.9226 0
      vertex 10.0421 -14.36 1.7
    endloop
  endfacet
  facet normal -0.708415 0.0464034 -0.704269
    outer loop
      vertex 11.79 -14.8013 0
      vertex 11.7611 -15.2425 0
      vertex 10.0855 -15.0219 1.7
    endloop
  endfacet
  facet normal -0.339636 0.622667 -0.704935
    outer loop
      vertex 10.0939 -17.7365 0
      vertex 9.25 -16.2722 1.7
      vertex 10.095 -17.7359 0
    endloop
  endfacet
  facet normal -0.314105 0.636637 -0.704295
    outer loop
      vertex 9.25 -16.2722 1.7
      vertex 10.0939 -17.7365 0
      vertex 9.05056 -16.3706 1.7
    endloop
  endfacet
  facet normal 0.468063 -0.53377 -0.704278
    outer loop
      vertex 6.33528 -12.1113 0
      vertex 7.3651 -13.4513 1.7
      vertex 7.19792 -13.5979 1.7
    endloop
  endfacet
  facet normal 0.44857 -0.549498 -0.704867
    outer loop
      vertex 7.3651 -13.4513 1.7
      vertex 6.33528 -12.1113 0
      vertex 6.33626 -12.1105 0
    endloop
  endfacet
  facet normal 0.228262 -0.672239 -0.704266
    outer loop
      vertex 7.74944 -13.2294 1.7
      vertex 7.10391 -11.6676 0
      vertex 7.96001 -13.1579 1.7
    endloop
  endfacet
  facet normal 0.219656 -0.675441 -0.70394
    outer loop
      vertex 7.10391 -11.6676 0
      vertex 7.74944 -13.2294 1.7
      vertex 7.10268 -11.668 0
    endloop
  endfacet
  facet normal 0.672275 0.228146 -0.70427
    outer loop
      vertex 5.12587 -15.6786 0
      vertex 6.75793 -15.24 1.7
      vertex 6.8294 -15.4506 1.7
    endloop
  endfacet
  facet normal 0.670295 0.234603 -0.704035
    outer loop
      vertex 6.75793 -15.24 1.7
      vertex 5.12587 -15.6786 0
      vertex 5.12545 -15.6774 0
    endloop
  endfacet
  facet normal -0.533834 0.468008 -0.704265
    outer loop
      vertex 11.0895 -16.8637 0
      vertex 10.798 -17.1962 0
      vertex 9.7487 -15.8349 1.7
    endloop
  endfacet
  facet normal -0.672239 -0.228261 -0.704266
    outer loop
      vertex 9.97059 -14.1494 1.7
      vertex 11.5324 -13.5039 0
      vertex 10.0421 -14.36 1.7
    endloop
  endfacet
  facet normal -0.67363 -0.224543 -0.704132
    outer loop
      vertex 11.5324 -13.5039 0
      vertex 9.97059 -14.1494 1.7
      vertex 11.532 -13.5027 0
    endloop
  endfacet
  facet normal -0.590256 0.394465 -0.704269
    outer loop
      vertex 11.0895 -16.8637 0
      vertex 9.87224 -15.65 1.7
      vertex 11.3359 -16.495 0
    endloop
  endfacet
  facet normal -0.590303 0.394408 -0.704262
    outer loop
      vertex 9.87224 -15.65 1.7
      vertex 11.0895 -16.8637 0
      vertex 9.7487 -15.8349 1.7
    endloop
  endfacet
  facet normal 0.0464045 0.708415 -0.704269
    outer loop
      vertex 8.17811 -16.4855 1.7
      vertex 8.3987 -18.19 0
      vertex 7.95751 -18.1611 0
    endloop
  endfacet
  facet normal -0.138566 -0.69628 -0.704268
    outer loop
      vertex 8.84249 -11.4389 0
      vertex 9.27614 -11.5252 0
      vertex 8.62189 -13.1145 1.7
    endloop
  endfacet
  facet normal -0.708413 -0.0464271 -0.70427
    outer loop
      vertex 11.7901 -14.8 0
      vertex 10.0855 -14.5781 1.7
      vertex 11.7611 -14.3575 0
    endloop
  endfacet
  facet normal -0.708408 -0.0462908 -0.704283
    outer loop
      vertex 10.0855 -14.5781 1.7
      vertex 11.7901 -14.8 0
      vertex 10.1 -14.8 1.7
    endloop
  endfacet
  facet normal -0.533688 -0.468181 -0.704261
    outer loop
      vertex 10.7971 -12.4029 0
      vertex 11.0887 -12.7353 0
      vertex 9.60208 -13.5979 1.7
    endloop
  endfacet
  facet normal 0.394476 -0.590237 -0.704279
    outer loop
      vertex 6.70497 -11.8641 0
      vertex 7.55 -13.3278 1.7
      vertex 6.33734 -12.1098 0
    endloop
  endfacet
  facet normal -0.553837 -0.44307 -0.70495
    outer loop
      vertex 9.7487 -13.7651 1.7
      vertex 11.0887 -12.7353 0
      vertex 11.0895 -12.7363 0
    endloop
  endfacet
  facet normal -0.533768 -0.468069 -0.704275
    outer loop
      vertex 11.0887 -12.7353 0
      vertex 9.7487 -13.7651 1.7
      vertex 9.60208 -13.5979 1.7
    endloop
  endfacet
  facet normal -0.313944 -0.636736 -0.704278
    outer loop
      vertex 9.69849 -11.6686 0
      vertex 10.095 -11.8641 0
      vertex 9.25 -13.3278 1.7
    endloop
  endfacet
  facet normal 0.533773 -0.468073 -0.704268
    outer loop
      vertex 7.0513 -13.7651 1.7
      vertex 5.71134 -12.7353 0
      vertex 7.19792 -13.5979 1.7
    endloop
  endfacet
  facet normal 0.538107 -0.462772 -0.704473
    outer loop
      vertex 5.71134 -12.7353 0
      vertex 7.0513 -13.7651 1.7
      vertex 5.71048 -12.7363 0
    endloop
  endfacet
  facet normal 0.708324 0.0490378 -0.704182
    outer loop
      vertex 6.7 -14.8 1.7
      vertex 5.01003 -14.8013 0
      vertex 5.00994 -14.8 0
    endloop
  endfacet
  facet normal 0.708414 0.0464188 -0.704269
    outer loop
      vertex 5.01003 -14.8013 0
      vertex 6.7 -14.8 1.7
      vertex 6.71454 -15.0219 1.7
    endloop
  endfacet
  facet normal 0.708414 0.0464194 -0.704269
    outer loop
      vertex 6.71454 -15.0219 1.7
      vertex 5.03894 -15.2425 0
      vertex 5.01003 -14.8013 0
    endloop
  endfacet
  facet normal 0.636737 0.313969 -0.704265
    outer loop
      vertex 6.8294 -15.4506 1.7
      vertex 5.46355 -16.4939 0
      vertex 5.26799 -16.0973 0
    endloop
  endfacet
  facet normal 0.468171 0.533692 -0.704265
    outer loop
      vertex 7.19792 -16.0021 1.7
      vertex 6.33528 -17.4887 0
      vertex 6.00287 -17.1971 0
    endloop
  endfacet
  facet normal -0.138571 0.69629 -0.704257
    outer loop
      vertex 9.27741 -18.0745 0
      vertex 8.84377 -18.1608 0
      vertex 8.83999 -16.4421 1.7
    endloop
  endfacet
  facet normal -0.313902 0.636763 -0.704271
    outer loop
      vertex 10.0939 -17.7365 0
      vertex 9.69732 -17.932 0
      vertex 9.05056 -16.3706 1.7
    endloop
  endfacet
  facet normal -0.219656 -0.675441 -0.70394
    outer loop
      vertex 9.05056 -13.2294 1.7
      vertex 9.69609 -11.6676 0
      vertex 9.69732 -11.668 0
    endloop
  endfacet
  facet normal -0.228262 -0.672239 -0.704266
    outer loop
      vertex 9.69609 -11.6676 0
      vertex 9.05056 -13.2294 1.7
      vertex 8.83999 -13.1579 1.7
    endloop
  endfacet
  facet normal 0.533809 0.468034 -0.704267
    outer loop
      vertex 7.0513 -15.8349 1.7
      vertex 6.00201 -17.1962 0
      vertex 5.71048 -16.8637 0
    endloop
  endfacet
  facet normal -0.314121 -0.636669 -0.704259
    outer loop
      vertex 9.05056 -13.2294 1.7
      vertex 9.69849 -11.6686 0
      vertex 9.25 -13.3278 1.7
    endloop
  endfacet
  facet normal -0.32414 -0.632073 -0.703859
    outer loop
      vertex 9.69849 -11.6686 0
      vertex 9.05056 -13.2294 1.7
      vertex 9.69732 -11.668 0
    endloop
  endfacet
  facet normal -0.590256 -0.394465 -0.704269
    outer loop
      vertex 9.87224 -13.95 1.7
      vertex 11.0895 -12.7363 0
      vertex 11.3359 -13.105 0
    endloop
  endfacet
  facet normal -0.590303 -0.394408 -0.704262
    outer loop
      vertex 11.0895 -12.7363 0
      vertex 9.87224 -13.95 1.7
      vertex 9.7487 -13.7651 1.7
    endloop
  endfacet
  facet normal 0.138556 -0.696291 -0.704259
    outer loop
      vertex 7.95623 -11.4392 0
      vertex 8.17811 -13.1145 1.7
      vertex 7.96001 -13.1579 1.7
    endloop
  endfacet
  facet normal 0.162225 -0.69216 -0.703276
    outer loop
      vertex 8.17811 -13.1145 1.7
      vertex 7.95623 -11.4392 0
      vertex 7.95751 -11.4389 0
    endloop
  endfacet
  facet normal 0.696287 -0.138523 -0.70427
    outer loop
      vertex 5.1252 -13.9239 0
      vertex 6.75793 -14.36 1.7
      vertex 6.71454 -14.5781 1.7
    endloop
  endfacet
  facet normal 0.697308 -0.134098 -0.704116
    outer loop
      vertex 6.75793 -14.36 1.7
      vertex 5.1252 -13.9239 0
      vertex 5.12545 -13.9226 0
    endloop
  endfacet
  facet normal 0.696288 0.138519 -0.704269
    outer loop
      vertex 6.71454 -15.0219 1.7
      vertex 5.1252 -15.6761 0
      vertex 5.03894 -15.2425 0
    endloop
  endfacet
  facet normal -0.635106 0.317553 -0.704131
    outer loop
      vertex 11.5314 -16.0985 0
      vertex 9.97059 -15.4506 1.7
      vertex 11.532 -16.0973 0
    endloop
  endfacet
  facet normal -0.636705 0.314042 -0.704261
    outer loop
      vertex 9.97059 -15.4506 1.7
      vertex 11.5314 -16.0985 0
      vertex 9.87224 -15.65 1.7
    endloop
  endfacet
  facet normal -0.696267 0.138645 -0.704265
    outer loop
      vertex 11.6745 -15.6774 0
      vertex 10.0855 -15.0219 1.7
      vertex 11.7611 -15.2425 0
    endloop
  endfacet
  facet normal -0.696294 0.138556 -0.704256
    outer loop
      vertex 10.0855 -15.0219 1.7
      vertex 11.6745 -15.6774 0
      vertex 10.0421 -15.24 1.7
    endloop
  endfacet
  facet normal -0.696278 -0.138581 -0.704267
    outer loop
      vertex 11.6748 -13.9239 0
      vertex 11.7611 -14.3575 0
      vertex 10.0855 -14.5781 1.7
    endloop
  endfacet
  facet normal 0.5128 0.490009 -0.704931
    outer loop
      vertex 6.00201 -17.1962 0
      vertex 7.19792 -16.0021 1.7
      vertex 6.00287 -17.1971 0
    endloop
  endfacet
  facet normal 0.53377 0.46807 -0.704273
    outer loop
      vertex 7.19792 -16.0021 1.7
      vertex 6.00201 -17.1962 0
      vertex 7.0513 -15.8349 1.7
    endloop
  endfacet
  facet normal -0 -0.712199 -0.701977
    outer loop
      vertex 7.95881 -11.4389 0
      vertex 8.17811 -13.1145 1.7
      vertex 7.95751 -11.4389 0
    endloop
  endfacet
  facet normal 0.0462952 -0.708444 -0.704247
    outer loop
      vertex 8.17811 -13.1145 1.7
      vertex 7.95881 -11.4389 0
      vertex 8.4 -13.1 1.7
    endloop
  endfacet
  facet normal 0.228266 0.672251 -0.704253
    outer loop
      vertex 7.52259 -18.0745 0
      vertex 7.74944 -16.3706 1.7
      vertex 7.96001 -16.4421 1.7
    endloop
  endfacet
  facet normal 0.228144 0.67228 -0.704266
    outer loop
      vertex 7.74944 -16.3706 1.7
      vertex 7.52259 -18.0745 0
      vertex 7.10268 -17.932 0
    endloop
  endfacet
  facet normal 0.533742 -0.468116 -0.704263
    outer loop
      vertex 6.00287 -12.4029 0
      vertex 7.19792 -13.5979 1.7
      vertex 5.71134 -12.7353 0
    endloop
  endfacet
  facet normal -0.163075 -0.690349 -0.704858
    outer loop
      vertex 8.83999 -13.1579 1.7
      vertex 9.27614 -11.5252 0
      vertex 9.27741 -11.5255 0
    endloop
  endfacet
  facet normal -0.138554 -0.696284 -0.704267
    outer loop
      vertex 9.27614 -11.5252 0
      vertex 8.83999 -13.1579 1.7
      vertex 8.62189 -13.1145 1.7
    endloop
  endfacet
  facet normal 0.314107 0.636641 -0.704291
    outer loop
      vertex 6.70614 -17.7365 0
      vertex 7.55 -16.2722 1.7
      vertex 7.74944 -16.3706 1.7
    endloop
  endfacet
  facet normal 0.323803 0.631416 -0.704604
    outer loop
      vertex 7.55 -16.2722 1.7
      vertex 6.70614 -17.7365 0
      vertex 6.70497 -17.7359 0
    endloop
  endfacet
  facet normal 0.394321 -0.590364 -0.704259
    outer loop
      vertex 7.3651 -13.4513 1.7
      vertex 6.33734 -12.1098 0
      vertex 7.55 -13.3278 1.7
    endloop
  endfacet
  facet normal 0.386325 -0.596044 -0.703907
    outer loop
      vertex 6.33734 -12.1098 0
      vertex 7.3651 -13.4513 1.7
      vertex 6.33626 -12.1105 0
    endloop
  endfacet
  facet normal 0.138571 0.69629 -0.704257
    outer loop
      vertex 7.96001 -16.4421 1.7
      vertex 7.95623 -18.1608 0
      vertex 7.52259 -18.0745 0
    endloop
  endfacet
  facet normal -0.228172 -0.67228 -0.704257
    outer loop
      vertex 9.27741 -11.5255 0
      vertex 9.69609 -11.6676 0
      vertex 8.83999 -13.1579 1.7
    endloop
  endfacet
  facet normal -0.468181 0.533688 -0.704261
    outer loop
      vertex 10.7971 -17.1971 0
      vertex 10.4647 -17.4887 0
      vertex 9.60208 -16.0021 1.7
    endloop
  endfacet
  facet normal 0.636737 -0.313969 -0.704265
    outer loop
      vertex 5.46355 -13.1061 0
      vertex 6.8294 -14.1494 1.7
      vertex 5.26799 -13.5027 0
    endloop
  endfacet
  facet normal 0.672265 -0.228188 -0.704265
    outer loop
      vertex 5.26799 -13.5027 0
      vertex 6.8294 -14.1494 1.7
      vertex 5.12587 -13.9214 0
    endloop
  endfacet
  facet normal 0.046564 -0.708399 -0.704274
    outer loop
      vertex 8.4 -11.4099 0
      vertex 8.4 -13.1 1.7
      vertex 7.95881 -11.4389 0
    endloop
  endfacet
  facet normal 0.708413 -0.0464187 -0.70427
    outer loop
      vertex 5.00994 -14.8 0
      vertex 6.71454 -14.5781 1.7
      vertex 6.7 -14.8 1.7
    endloop
  endfacet
  facet normal 0.708413 -0.0464271 -0.70427
    outer loop
      vertex 6.71454 -14.5781 1.7
      vertex 5.00994 -14.8 0
      vertex 5.03894 -14.3575 0
    endloop
  endfacet
  facet normal -0.0462931 0.708412 -0.70428
    outer loop
      vertex 8.4013 -18.19 0
      vertex 8.4 -16.5 1.7
      vertex 8.62189 -16.4855 1.7
    endloop
  endfacet
  facet normal -0.0544705 0.708116 -0.703992
    outer loop
      vertex 8.4 -16.5 1.7
      vertex 8.4013 -18.19 0
      vertex 8.4 -18.1901 0
    endloop
  endfacet
  facet normal -0.0464045 0.708415 -0.704269
    outer loop
      vertex 8.62189 -16.4855 1.7
      vertex 8.84249 -18.1611 0
      vertex 8.4013 -18.19 0
    endloop
  endfacet
  facet normal 0.394476 0.590237 -0.704279
    outer loop
      vertex 7.55 -16.2722 1.7
      vertex 6.70497 -17.7359 0
      vertex 6.33734 -17.4902 0
    endloop
  endfacet
  facet normal 0.138571 -0.69629 -0.704257
    outer loop
      vertex 7.95623 -11.4392 0
      vertex 7.96001 -13.1579 1.7
      vertex 7.52259 -11.5255 0
    endloop
  endfacet
  facet normal 0.5903 0.394406 -0.704265
    outer loop
      vertex 5.71048 -16.8637 0
      vertex 6.92776 -15.65 1.7
      vertex 7.0513 -15.8349 1.7
    endloop
  endfacet
  facet normal 0.590287 0.394421 -0.704267
    outer loop
      vertex 6.92776 -15.65 1.7
      vertex 5.71048 -16.8637 0
      vertex 5.46412 -16.495 0
    endloop
  endfacet
  facet normal -0.394425 -0.590273 -0.704277
    outer loop
      vertex 10.095 -11.8641 0
      vertex 10.4627 -12.1098 0
      vertex 9.25 -13.3278 1.7
    endloop
  endfacet
  facet normal 0.696288 -0.138519 -0.704269
    outer loop
      vertex 5.1252 -13.9239 0
      vertex 6.71454 -14.5781 1.7
      vertex 5.03894 -14.3575 0
    endloop
  endfacet
  facet normal 0.44857 0.549498 -0.704867
    outer loop
      vertex 6.33528 -17.4887 0
      vertex 7.3651 -16.1487 1.7
      vertex 6.33626 -17.4895 0
    endloop
  endfacet
  facet normal 0.468063 0.53377 -0.704278
    outer loop
      vertex 7.3651 -16.1487 1.7
      vertex 6.33528 -17.4887 0
      vertex 7.19792 -16.0021 1.7
    endloop
  endfacet
  facet normal -0.443069 0.553836 -0.704951
    outer loop
      vertex 9.43489 -16.1487 1.7
      vertex 10.4647 -17.4887 0
      vertex 10.4637 -17.4895 0
    endloop
  endfacet
  facet normal -0.468047 0.533784 -0.704277
    outer loop
      vertex 10.4647 -17.4887 0
      vertex 9.43489 -16.1487 1.7
      vertex 9.60208 -16.0021 1.7
    endloop
  endfacet
  facet normal 0.697308 0.134098 -0.704116
    outer loop
      vertex 5.1252 -15.6761 0
      vertex 6.75793 -15.24 1.7
      vertex 5.12545 -15.6774 0
    endloop
  endfacet
  facet normal 0.696287 0.138523 -0.70427
    outer loop
      vertex 6.75793 -15.24 1.7
      vertex 5.1252 -15.6761 0
      vertex 6.71454 -15.0219 1.7
    endloop
  endfacet
  facet normal 0.0544705 0.708116 -0.703992
    outer loop
      vertex 8.3987 -18.19 0
      vertex 8.4 -16.5 1.7
      vertex 8.4 -18.1901 0
    endloop
  endfacet
  facet normal 0.0462931 0.708412 -0.70428
    outer loop
      vertex 8.4 -16.5 1.7
      vertex 8.3987 -18.19 0
      vertex 8.17811 -16.4855 1.7
    endloop
  endfacet
  facet normal 0.313924 -0.636743 -0.70428
    outer loop
      vertex 7.10151 -11.6686 0
      vertex 7.55 -13.3278 1.7
      vertex 6.70497 -11.8641 0
    endloop
  endfacet
  facet normal -0.406884 -0.581262 -0.704684
    outer loop
      vertex 9.43489 -13.4513 1.7
      vertex 10.4627 -12.1098 0
      vertex 10.4637 -12.1105 0
    endloop
  endfacet
  facet normal -0.394332 -0.590349 -0.704266
    outer loop
      vertex 10.4627 -12.1098 0
      vertex 9.43489 -13.4513 1.7
      vertex 9.25 -13.3278 1.7
    endloop
  endfacet
  facet normal 0.5903 -0.394406 -0.704265
    outer loop
      vertex 6.92776 -13.95 1.7
      vertex 5.71048 -12.7363 0
      vertex 7.0513 -13.7651 1.7
    endloop
  endfacet
  facet normal 0.590287 -0.394421 -0.704267
    outer loop
      vertex 5.71048 -12.7363 0
      vertex 6.92776 -13.95 1.7
      vertex 5.46412 -13.105 0
    endloop
  endfacet
  facet normal 0.162225 0.69216 -0.703276
    outer loop
      vertex 7.95623 -18.1608 0
      vertex 8.17811 -16.4855 1.7
      vertex 7.95751 -18.1611 0
    endloop
  endfacet
  facet normal 0.138556 0.696291 -0.704259
    outer loop
      vertex 8.17811 -16.4855 1.7
      vertex 7.95623 -18.1608 0
      vertex 7.96001 -16.4421 1.7
    endloop
  endfacet
  facet normal 0.672275 -0.228146 -0.70427
    outer loop
      vertex 6.75793 -14.36 1.7
      vertex 5.12587 -13.9214 0
      vertex 6.8294 -14.1494 1.7
    endloop
  endfacet
  facet normal 0.670295 -0.234603 -0.704035
    outer loop
      vertex 5.12587 -13.9214 0
      vertex 6.75793 -14.36 1.7
      vertex 5.12545 -13.9226 0
    endloop
  endfacet
  facet normal -0.406884 0.581262 -0.704684
    outer loop
      vertex 10.4627 -17.4902 0
      vertex 9.43489 -16.1487 1.7
      vertex 10.4637 -17.4895 0
    endloop
  endfacet
  facet normal -0.394332 0.590349 -0.704266
    outer loop
      vertex 9.43489 -16.1487 1.7
      vertex 10.4627 -17.4902 0
      vertex 9.25 -16.2722 1.7
    endloop
  endfacet
  facet normal -0.98077 0.195165 0
    outer loop
      vertex 10.0421 -93.24 1.7
      vertex 10.0855 -93.0219 5.1
      vertex 10.0855 -93.0219 1.7
    endloop
  endfacet
  facet normal -0.98077 0.195165 0
    outer loop
      vertex 10.0855 -93.0219 5.1
      vertex 10.0421 -93.24 1.7
      vertex 10.0421 -93.24 5.1
    endloop
  endfacet
  facet normal -0.997872 0.0652057 0
    outer loop
      vertex 10.0855 -93.0219 1.7
      vertex 10.1 -92.8 5.1
      vertex 10.1 -92.8 1.7
    endloop
  endfacet
  facet normal -0.997872 0.0652057 0
    outer loop
      vertex 10.1 -92.8 5.1
      vertex 10.0855 -93.0219 1.7
      vertex 10.0855 -93.0219 5.1
    endloop
  endfacet
  facet normal 0.195165 -0.98077 0
    outer loop
      vertex 7.96001 -91.1579 1.7
      vertex 8.17811 -91.1145 5.1
      vertex 7.96001 -91.1579 5.1
    endloop
  endfacet
  facet normal 0.195165 -0.98077 0
    outer loop
      vertex 8.17811 -91.1145 5.1
      vertex 7.96001 -91.1579 1.7
      vertex 8.17811 -91.1145 1.7
    endloop
  endfacet
  facet normal -0.751863 0.659319 0
    outer loop
      vertex 9.60208 -94.0021 1.7
      vertex 9.7487 -93.8349 5.1
      vertex 9.7487 -93.8349 1.7
    endloop
  endfacet
  facet normal -0.751863 0.659319 0
    outer loop
      vertex 9.7487 -93.8349 5.1
      vertex 9.60208 -94.0021 1.7
      vertex 9.60208 -94.0021 5.1
    endloop
  endfacet
  facet normal 0.0652086 -0.997872 0
    outer loop
      vertex 8.17811 -91.1145 1.7
      vertex 8.4 -91.1 5.1
      vertex 8.17811 -91.1145 5.1
    endloop
  endfacet
  facet normal 0.0652086 -0.997872 0
    outer loop
      vertex 8.4 -91.1 5.1
      vertex 8.17811 -91.1145 1.7
      vertex 8.4 -91.1 1.7
    endloop
  endfacet
  facet normal -0.659291 0.751888 0
    outer loop
      vertex 9.60208 -94.0021 1.7
      vertex 9.43489 -94.1487 5.1
      vertex 9.60208 -94.0021 5.1
    endloop
  endfacet
  facet normal -0.659291 0.751888 0
    outer loop
      vertex 9.43489 -94.1487 5.1
      vertex 9.60208 -94.0021 1.7
      vertex 9.43489 -94.1487 1.7
    endloop
  endfacet
  facet normal -0.555447 -0.831552 0
    outer loop
      vertex 9.25 -91.3278 1.7
      vertex 9.43489 -91.4513 5.1
      vertex 9.25 -91.3278 5.1
    endloop
  endfacet
  facet normal -0.555447 -0.831552 -0
    outer loop
      vertex 9.43489 -91.4513 5.1
      vertex 9.25 -91.3278 1.7
      vertex 9.43489 -91.4513 1.7
    endloop
  endfacet
  facet normal -0.195165 -0.98077 0
    outer loop
      vertex 8.62189 -91.1145 1.7
      vertex 8.83999 -91.1579 5.1
      vertex 8.62189 -91.1145 5.1
    endloop
  endfacet
  facet normal -0.195165 -0.98077 -0
    outer loop
      vertex 8.83999 -91.1579 5.1
      vertex 8.62189 -91.1145 1.7
      vertex 8.83999 -91.1579 1.7
    endloop
  endfacet
  facet normal 0.195165 0.98077 -0
    outer loop
      vertex 8.17811 -94.4855 1.7
      vertex 7.96001 -94.4421 5.1
      vertex 8.17811 -94.4855 5.1
    endloop
  endfacet
  facet normal 0.195165 0.98077 0
    outer loop
      vertex 7.96001 -94.4421 5.1
      vertex 8.17811 -94.4855 1.7
      vertex 7.96001 -94.4421 1.7
    endloop
  endfacet
  facet normal 0.896825 0.442386 0
    outer loop
      vertex 6.92776 -93.65 5.1
      vertex 6.8294 -93.4506 1.7
      vertex 6.8294 -93.4506 5.1
    endloop
  endfacet
  facet normal 0.896825 0.442386 0
    outer loop
      vertex 6.8294 -93.4506 1.7
      vertex 6.92776 -93.65 5.1
      vertex 6.92776 -93.65 1.7
    endloop
  endfacet
  facet normal -0.442459 -0.896789 0
    outer loop
      vertex 9.05056 -91.2294 1.7
      vertex 9.25 -91.3278 5.1
      vertex 9.05056 -91.2294 5.1
    endloop
  endfacet
  facet normal -0.442459 -0.896789 -0
    outer loop
      vertex 9.25 -91.3278 5.1
      vertex 9.05056 -91.2294 1.7
      vertex 9.25 -91.3278 1.7
    endloop
  endfacet
  facet normal -0.997872 -0.0652057 0
    outer loop
      vertex 10.1 -92.8 1.7
      vertex 10.0855 -92.5781 5.1
      vertex 10.0855 -92.5781 1.7
    endloop
  endfacet
  facet normal -0.997872 -0.0652057 0
    outer loop
      vertex 10.0855 -92.5781 5.1
      vertex 10.1 -92.8 1.7
      vertex 10.1 -92.8 5.1
    endloop
  endfacet
  facet normal 0.99786 0.0653848 0
    outer loop
      vertex 6.71454 -93.0219 5.1
      vertex 6.7 -92.8 1.7
      vertex 6.7 -92.8 5.1
    endloop
  endfacet
  facet normal 0.99786 0.0653848 0
    outer loop
      vertex 6.7 -92.8 1.7
      vertex 6.71454 -93.0219 5.1
      vertex 6.71454 -93.0219 1.7
    endloop
  endfacet
  facet normal 0.659313 -0.751869 0
    outer loop
      vertex 7.19792 -91.5979 1.7
      vertex 7.3651 -91.4513 5.1
      vertex 7.19792 -91.5979 5.1
    endloop
  endfacet
  facet normal 0.659313 -0.751869 0
    outer loop
      vertex 7.3651 -91.4513 5.1
      vertex 7.19792 -91.5979 1.7
      vertex 7.3651 -91.4513 1.7
    endloop
  endfacet
  facet normal -0.896843 0.442349 0
    outer loop
      vertex 9.87224 -93.65 1.7
      vertex 9.97059 -93.4506 5.1
      vertex 9.97059 -93.4506 1.7
    endloop
  endfacet
  facet normal -0.896843 0.442349 0
    outer loop
      vertex 9.97059 -93.4506 5.1
      vertex 9.87224 -93.65 1.7
      vertex 9.87224 -93.65 5.1
    endloop
  endfacet
  facet normal 0.831483 -0.555551 0
    outer loop
      vertex 6.92776 -91.95 5.1
      vertex 7.0513 -91.7651 1.7
      vertex 7.0513 -91.7651 5.1
    endloop
  endfacet
  facet normal 0.831483 -0.555551 0
    outer loop
      vertex 7.0513 -91.7651 1.7
      vertex 6.92776 -91.95 5.1
      vertex 6.92776 -91.95 1.7
    endloop
  endfacet
  facet normal -0.659291 -0.751888 0
    outer loop
      vertex 9.43489 -91.4513 1.7
      vertex 9.60208 -91.5979 5.1
      vertex 9.43489 -91.4513 5.1
    endloop
  endfacet
  facet normal -0.659291 -0.751888 -0
    outer loop
      vertex 9.60208 -91.5979 5.1
      vertex 9.43489 -91.4513 1.7
      vertex 9.60208 -91.5979 1.7
    endloop
  endfacet
  facet normal -0.442459 0.896789 0
    outer loop
      vertex 9.25 -94.2722 1.7
      vertex 9.05056 -94.3706 5.1
      vertex 9.25 -94.2722 5.1
    endloop
  endfacet
  facet normal -0.442459 0.896789 0
    outer loop
      vertex 9.05056 -94.3706 5.1
      vertex 9.25 -94.2722 1.7
      vertex 9.05056 -94.3706 1.7
    endloop
  endfacet
  facet normal 0.831483 0.555551 0
    outer loop
      vertex 7.0513 -93.8349 5.1
      vertex 6.92776 -93.65 1.7
      vertex 6.92776 -93.65 5.1
    endloop
  endfacet
  facet normal 0.831483 0.555551 0
    outer loop
      vertex 6.92776 -93.65 1.7
      vertex 7.0513 -93.8349 5.1
      vertex 7.0513 -93.8349 1.7
    endloop
  endfacet
  facet normal -0.751863 -0.659319 0
    outer loop
      vertex 9.7487 -91.7651 1.7
      vertex 9.60208 -91.5979 5.1
      vertex 9.60208 -91.5979 1.7
    endloop
  endfacet
  facet normal -0.751863 -0.659319 0
    outer loop
      vertex 9.60208 -91.5979 5.1
      vertex 9.7487 -91.7651 1.7
      vertex 9.7487 -91.7651 5.1
    endloop
  endfacet
  facet normal 0.896825 -0.442386 0
    outer loop
      vertex 6.8294 -92.1494 5.1
      vertex 6.92776 -91.95 1.7
      vertex 6.92776 -91.95 5.1
    endloop
  endfacet
  facet normal 0.896825 -0.442386 0
    outer loop
      vertex 6.92776 -91.95 1.7
      vertex 6.8294 -92.1494 5.1
      vertex 6.8294 -92.1494 1.7
    endloop
  endfacet
  facet normal 0.659313 0.751869 -0
    outer loop
      vertex 7.3651 -94.1487 1.7
      vertex 7.19792 -94.0021 5.1
      vertex 7.3651 -94.1487 5.1
    endloop
  endfacet
  facet normal 0.659313 0.751869 0
    outer loop
      vertex 7.19792 -94.0021 5.1
      vertex 7.3651 -94.1487 1.7
      vertex 7.19792 -94.0021 1.7
    endloop
  endfacet
  facet normal -0.555447 0.831552 0
    outer loop
      vertex 9.43489 -94.1487 1.7
      vertex 9.25 -94.2722 5.1
      vertex 9.43489 -94.1487 5.1
    endloop
  endfacet
  facet normal -0.555447 0.831552 0
    outer loop
      vertex 9.25 -94.2722 5.1
      vertex 9.43489 -94.1487 1.7
      vertex 9.25 -94.2722 1.7
    endloop
  endfacet
  facet normal -0.831483 0.555551 0
    outer loop
      vertex 9.7487 -93.8349 1.7
      vertex 9.87224 -93.65 5.1
      vertex 9.87224 -93.65 1.7
    endloop
  endfacet
  facet normal -0.831483 0.555551 0
    outer loop
      vertex 9.87224 -93.65 5.1
      vertex 9.7487 -93.8349 1.7
      vertex 9.7487 -93.8349 5.1
    endloop
  endfacet
  facet normal 0.980779 0.195122 0
    outer loop
      vertex 6.75793 -93.24 5.1
      vertex 6.71454 -93.0219 1.7
      vertex 6.71454 -93.0219 5.1
    endloop
  endfacet
  facet normal 0.980779 0.195122 0
    outer loop
      vertex 6.71454 -93.0219 1.7
      vertex 6.75793 -93.24 5.1
      vertex 6.75793 -93.24 1.7
    endloop
  endfacet
  facet normal -0.321525 -0.946901 0
    outer loop
      vertex 8.83999 -91.1579 1.7
      vertex 9.05056 -91.2294 5.1
      vertex 8.83999 -91.1579 5.1
    endloop
  endfacet
  facet normal -0.321525 -0.946901 -0
    outer loop
      vertex 9.05056 -91.2294 5.1
      vertex 8.83999 -91.1579 1.7
      vertex 9.05056 -91.2294 1.7
    endloop
  endfacet
  facet normal 0.751863 -0.659319 0
    outer loop
      vertex 7.0513 -91.7651 5.1
      vertex 7.19792 -91.5979 1.7
      vertex 7.19792 -91.5979 5.1
    endloop
  endfacet
  facet normal 0.751863 -0.659319 0
    outer loop
      vertex 7.19792 -91.5979 1.7
      vertex 7.0513 -91.7651 5.1
      vertex 7.0513 -91.7651 1.7
    endloop
  endfacet
  facet normal -0.0652086 0.997872 0
    outer loop
      vertex 8.62189 -94.4855 1.7
      vertex 8.4 -94.5 5.1
      vertex 8.62189 -94.4855 5.1
    endloop
  endfacet
  facet normal -0.0652086 0.997872 0
    outer loop
      vertex 8.4 -94.5 5.1
      vertex 8.62189 -94.4855 1.7
      vertex 8.4 -94.5 1.7
    endloop
  endfacet
  facet normal 0.751863 0.659319 0
    outer loop
      vertex 7.19792 -94.0021 5.1
      vertex 7.0513 -93.8349 1.7
      vertex 7.0513 -93.8349 5.1
    endloop
  endfacet
  facet normal 0.751863 0.659319 0
    outer loop
      vertex 7.0513 -93.8349 1.7
      vertex 7.19792 -94.0021 5.1
      vertex 7.19792 -94.0021 1.7
    endloop
  endfacet
  facet normal 0.321525 0.946901 -0
    outer loop
      vertex 7.96001 -94.4421 1.7
      vertex 7.74944 -94.3706 5.1
      vertex 7.96001 -94.4421 5.1
    endloop
  endfacet
  facet normal 0.321525 0.946901 0
    outer loop
      vertex 7.74944 -94.3706 5.1
      vertex 7.96001 -94.4421 1.7
      vertex 7.74944 -94.3706 1.7
    endloop
  endfacet
  facet normal -0.98077 -0.195165 0
    outer loop
      vertex 10.0855 -92.5781 1.7
      vertex 10.0421 -92.36 5.1
      vertex 10.0421 -92.36 1.7
    endloop
  endfacet
  facet normal -0.98077 -0.195165 0
    outer loop
      vertex 10.0421 -92.36 5.1
      vertex 10.0855 -92.5781 1.7
      vertex 10.0855 -92.5781 5.1
    endloop
  endfacet
  facet normal -0.831483 -0.555551 0
    outer loop
      vertex 9.87224 -91.95 1.7
      vertex 9.7487 -91.7651 5.1
      vertex 9.7487 -91.7651 1.7
    endloop
  endfacet
  facet normal -0.831483 -0.555551 0
    outer loop
      vertex 9.7487 -91.7651 5.1
      vertex 9.87224 -91.95 1.7
      vertex 9.87224 -91.95 5.1
    endloop
  endfacet
  facet normal 0.442459 0.896789 -0
    outer loop
      vertex 7.74944 -94.3706 1.7
      vertex 7.55 -94.2722 5.1
      vertex 7.74944 -94.3706 5.1
    endloop
  endfacet
  facet normal 0.442459 0.896789 0
    outer loop
      vertex 7.55 -94.2722 5.1
      vertex 7.74944 -94.3706 1.7
      vertex 7.55 -94.2722 1.7
    endloop
  endfacet
  facet normal -0.946901 -0.321524 0
    outer loop
      vertex 10.0421 -92.36 1.7
      vertex 9.97059 -92.1494 5.1
      vertex 9.97059 -92.1494 1.7
    endloop
  endfacet
  facet normal -0.946901 -0.321524 0
    outer loop
      vertex 9.97059 -92.1494 5.1
      vertex 10.0421 -92.36 1.7
      vertex 10.0421 -92.36 5.1
    endloop
  endfacet
  facet normal -0.321525 0.946901 0
    outer loop
      vertex 9.05056 -94.3706 1.7
      vertex 8.83999 -94.4421 5.1
      vertex 9.05056 -94.3706 5.1
    endloop
  endfacet
  facet normal -0.321525 0.946901 0
    outer loop
      vertex 8.83999 -94.4421 5.1
      vertex 9.05056 -94.3706 1.7
      vertex 8.83999 -94.4421 1.7
    endloop
  endfacet
  facet normal 0.99786 -0.0653848 0
    outer loop
      vertex 6.7 -92.8 5.1
      vertex 6.71454 -92.5781 1.7
      vertex 6.71454 -92.5781 5.1
    endloop
  endfacet
  facet normal 0.99786 -0.0653848 0
    outer loop
      vertex 6.71454 -92.5781 1.7
      vertex 6.7 -92.8 5.1
      vertex 6.7 -92.8 1.7
    endloop
  endfacet
  facet normal -0.946901 0.321524 0
    outer loop
      vertex 9.97059 -93.4506 1.7
      vertex 10.0421 -93.24 5.1
      vertex 10.0421 -93.24 1.7
    endloop
  endfacet
  facet normal -0.946901 0.321524 0
    outer loop
      vertex 10.0421 -93.24 5.1
      vertex 9.97059 -93.4506 1.7
      vertex 9.97059 -93.4506 5.1
    endloop
  endfacet
  facet normal 0.555426 0.831566 -0
    outer loop
      vertex 7.55 -94.2722 1.7
      vertex 7.3651 -94.1487 5.1
      vertex 7.55 -94.2722 5.1
    endloop
  endfacet
  facet normal 0.555426 0.831566 0
    outer loop
      vertex 7.3651 -94.1487 5.1
      vertex 7.55 -94.2722 1.7
      vertex 7.3651 -94.1487 1.7
    endloop
  endfacet
  facet normal 0.0652086 0.997872 -0
    outer loop
      vertex 8.4 -94.5 1.7
      vertex 8.17811 -94.4855 5.1
      vertex 8.4 -94.5 5.1
    endloop
  endfacet
  facet normal 0.0652086 0.997872 0
    outer loop
      vertex 8.17811 -94.4855 5.1
      vertex 8.4 -94.5 1.7
      vertex 8.17811 -94.4855 1.7
    endloop
  endfacet
  facet normal -0.195165 0.98077 0
    outer loop
      vertex 8.83999 -94.4421 1.7
      vertex 8.62189 -94.4855 5.1
      vertex 8.83999 -94.4421 5.1
    endloop
  endfacet
  facet normal -0.195165 0.98077 0
    outer loop
      vertex 8.62189 -94.4855 5.1
      vertex 8.83999 -94.4421 1.7
      vertex 8.62189 -94.4855 1.7
    endloop
  endfacet
  facet normal 0.980779 -0.195122 0
    outer loop
      vertex 6.71454 -92.5781 5.1
      vertex 6.75793 -92.36 1.7
      vertex 6.75793 -92.36 5.1
    endloop
  endfacet
  facet normal 0.980779 -0.195122 0
    outer loop
      vertex 6.75793 -92.36 1.7
      vertex 6.71454 -92.5781 5.1
      vertex 6.71454 -92.5781 1.7
    endloop
  endfacet
  facet normal 0.946956 -0.321363 0
    outer loop
      vertex 6.75793 -92.36 5.1
      vertex 6.8294 -92.1494 1.7
      vertex 6.8294 -92.1494 5.1
    endloop
  endfacet
  facet normal 0.946956 -0.321363 0
    outer loop
      vertex 6.8294 -92.1494 1.7
      vertex 6.75793 -92.36 5.1
      vertex 6.75793 -92.36 1.7
    endloop
  endfacet
  facet normal -0.0652086 -0.997872 0
    outer loop
      vertex 8.4 -91.1 1.7
      vertex 8.62189 -91.1145 5.1
      vertex 8.4 -91.1 5.1
    endloop
  endfacet
  facet normal -0.0652086 -0.997872 -0
    outer loop
      vertex 8.62189 -91.1145 5.1
      vertex 8.4 -91.1 1.7
      vertex 8.62189 -91.1145 1.7
    endloop
  endfacet
  facet normal 0.946956 0.321363 0
    outer loop
      vertex 6.8294 -93.4506 5.1
      vertex 6.75793 -93.24 1.7
      vertex 6.75793 -93.24 5.1
    endloop
  endfacet
  facet normal 0.946956 0.321363 0
    outer loop
      vertex 6.75793 -93.24 1.7
      vertex 6.8294 -93.4506 5.1
      vertex 6.8294 -93.4506 1.7
    endloop
  endfacet
  facet normal 0.321525 -0.946901 0
    outer loop
      vertex 7.74944 -91.2294 1.7
      vertex 7.96001 -91.1579 5.1
      vertex 7.74944 -91.2294 5.1
    endloop
  endfacet
  facet normal 0.321525 -0.946901 0
    outer loop
      vertex 7.96001 -91.1579 5.1
      vertex 7.74944 -91.2294 1.7
      vertex 7.96001 -91.1579 1.7
    endloop
  endfacet
  facet normal -0.896843 -0.442349 0
    outer loop
      vertex 9.97059 -92.1494 1.7
      vertex 9.87224 -91.95 5.1
      vertex 9.87224 -91.95 1.7
    endloop
  endfacet
  facet normal -0.896843 -0.442349 0
    outer loop
      vertex 9.87224 -91.95 5.1
      vertex 9.97059 -92.1494 1.7
      vertex 9.97059 -92.1494 5.1
    endloop
  endfacet
  facet normal 0.442459 -0.896789 0
    outer loop
      vertex 7.55 -91.3278 1.7
      vertex 7.74944 -91.2294 5.1
      vertex 7.55 -91.3278 5.1
    endloop
  endfacet
  facet normal 0.442459 -0.896789 0
    outer loop
      vertex 7.74944 -91.2294 5.1
      vertex 7.55 -91.3278 1.7
      vertex 7.74944 -91.2294 1.7
    endloop
  endfacet
  facet normal 0.555426 -0.831566 0
    outer loop
      vertex 7.3651 -91.4513 1.7
      vertex 7.55 -91.3278 5.1
      vertex 7.3651 -91.4513 5.1
    endloop
  endfacet
  facet normal 0.555426 -0.831566 0
    outer loop
      vertex 7.55 -91.3278 5.1
      vertex 7.3651 -91.4513 1.7
      vertex 7.55 -91.3278 1.7
    endloop
  endfacet
  facet normal -0.708116 0.0544705 -0.703992
    outer loop
      vertex 11.79 -92.8013 0
      vertex 10.1 -92.8 1.7
      vertex 11.7901 -92.8 0
    endloop
  endfacet
  facet normal -0.708412 0.046291 -0.70428
    outer loop
      vertex 10.1 -92.8 1.7
      vertex 11.79 -92.8013 0
      vertex 10.0855 -93.0219 1.7
    endloop
  endfacet
  facet normal 0.228266 0.672251 -0.704253
    outer loop
      vertex 7.52259 -96.0745 0
      vertex 7.74944 -94.3706 1.7
      vertex 7.96001 -94.4421 1.7
    endloop
  endfacet
  facet normal 0.228144 0.67228 -0.704266
    outer loop
      vertex 7.74944 -94.3706 1.7
      vertex 7.52259 -96.0745 0
      vertex 7.10268 -95.932 0
    endloop
  endfacet
  facet normal -0.501473 0.501473 -0.705018
    outer loop
      vertex 9.60208 -94.0021 1.7
      vertex 10.798 -95.1962 0
      vertex 10.7971 -95.1971 0
    endloop
  endfacet
  facet normal -0.533769 0.468069 -0.704274
    outer loop
      vertex 10.798 -95.1962 0
      vertex 9.60208 -94.0021 1.7
      vertex 9.7487 -93.8349 1.7
    endloop
  endfacet
  facet normal -0.590256 -0.394465 -0.704269
    outer loop
      vertex 9.87224 -91.95 1.7
      vertex 11.0895 -90.7363 0
      vertex 11.3359 -91.105 0
    endloop
  endfacet
  facet normal -0.590303 -0.394408 -0.704262
    outer loop
      vertex 11.0895 -90.7363 0
      vertex 9.87224 -91.95 1.7
      vertex 9.7487 -91.7651 1.7
    endloop
  endfacet
  facet normal -0.672284 0.228162 -0.704256
    outer loop
      vertex 11.6745 -93.6774 0
      vertex 11.5324 -94.0961 0
      vertex 10.0421 -93.24 1.7
    endloop
  endfacet
  facet normal -0.162225 0.69216 -0.703276
    outer loop
      vertex 8.62189 -94.4855 1.7
      vertex 8.84377 -96.1608 0
      vertex 8.84249 -96.1611 0
    endloop
  endfacet
  facet normal -0.138556 0.696291 -0.704259
    outer loop
      vertex 8.84377 -96.1608 0
      vertex 8.62189 -94.4855 1.7
      vertex 8.83999 -94.4421 1.7
    endloop
  endfacet
  facet normal 0.672265 0.228188 -0.704265
    outer loop
      vertex 6.8294 -93.4506 1.7
      vertex 5.26799 -94.0973 0
      vertex 5.12587 -93.6786 0
    endloop
  endfacet
  facet normal -0.468181 -0.533688 -0.704261
    outer loop
      vertex 10.4647 -90.1113 0
      vertex 10.7971 -90.4029 0
      vertex 9.60208 -91.5979 1.7
    endloop
  endfacet
  facet normal 0.672265 -0.228188 -0.704265
    outer loop
      vertex 5.26799 -91.5027 0
      vertex 6.8294 -92.1494 1.7
      vertex 5.12587 -91.9214 0
    endloop
  endfacet
  facet normal 0 0.712199 -0.701977
    outer loop
      vertex 8.84119 -96.1611 0
      vertex 8.62189 -94.4855 1.7
      vertex 8.84249 -96.1611 0
    endloop
  endfacet
  facet normal -0.0462952 0.708444 -0.704247
    outer loop
      vertex 8.62189 -94.4855 1.7
      vertex 8.84119 -96.1611 0
      vertex 8.4 -94.5 1.7
    endloop
  endfacet
  facet normal -0.394425 -0.590273 -0.704277
    outer loop
      vertex 10.095 -89.8641 0
      vertex 10.4627 -90.1098 0
      vertex 9.25 -91.3278 1.7
    endloop
  endfacet
  facet normal -0.708413 -0.0464271 -0.70427
    outer loop
      vertex 11.7901 -92.8 0
      vertex 10.0855 -92.5781 1.7
      vertex 11.7611 -92.3575 0
    endloop
  endfacet
  facet normal -0.708408 -0.0462908 -0.704283
    outer loop
      vertex 10.0855 -92.5781 1.7
      vertex 11.7901 -92.8 0
      vertex 10.1 -92.8 1.7
    endloop
  endfacet
  facet normal 0.314107 0.636641 -0.704291
    outer loop
      vertex 6.70614 -95.7365 0
      vertex 7.55 -94.2722 1.7
      vertex 7.74944 -94.3706 1.7
    endloop
  endfacet
  facet normal 0.323803 0.631416 -0.704604
    outer loop
      vertex 7.55 -94.2722 1.7
      vertex 6.70614 -95.7365 0
      vertex 6.70497 -95.7359 0
    endloop
  endfacet
  facet normal 0.468171 0.533692 -0.704265
    outer loop
      vertex 7.19792 -94.0021 1.7
      vertex 6.33528 -95.4887 0
      vertex 6.00287 -95.1971 0
    endloop
  endfacet
  facet normal -0.696286 -0.138555 -0.704265
    outer loop
      vertex 10.0421 -92.36 1.7
      vertex 11.6748 -91.9239 0
      vertex 10.0855 -92.5781 1.7
    endloop
  endfacet
  facet normal -0.691242 -0.159517 -0.704797
    outer loop
      vertex 11.6748 -91.9239 0
      vertex 10.0421 -92.36 1.7
      vertex 11.6745 -91.9226 0
    endloop
  endfacet
  facet normal 0.708414 0.0464194 -0.704269
    outer loop
      vertex 6.71454 -93.0219 1.7
      vertex 5.03894 -93.2425 0
      vertex 5.01003 -92.8013 0
    endloop
  endfacet
  facet normal -0.635106 -0.317553 -0.704131
    outer loop
      vertex 9.97059 -92.1494 1.7
      vertex 11.5314 -91.5015 0
      vertex 11.532 -91.5027 0
    endloop
  endfacet
  facet normal -0.636705 -0.314042 -0.704261
    outer loop
      vertex 11.5314 -91.5015 0
      vertex 9.97059 -92.1494 1.7
      vertex 9.87224 -91.95 1.7
    endloop
  endfacet
  facet normal 0.672275 0.228146 -0.70427
    outer loop
      vertex 5.12587 -93.6786 0
      vertex 6.75793 -93.24 1.7
      vertex 6.8294 -93.4506 1.7
    endloop
  endfacet
  facet normal 0.670295 0.234603 -0.704035
    outer loop
      vertex 6.75793 -93.24 1.7
      vertex 5.12587 -93.6786 0
      vertex 5.12545 -93.6774 0
    endloop
  endfacet
  facet normal 0.533773 -0.468073 -0.704268
    outer loop
      vertex 7.0513 -91.7651 1.7
      vertex 5.71134 -90.7353 0
      vertex 7.19792 -91.5979 1.7
    endloop
  endfacet
  facet normal 0.538107 -0.462772 -0.704473
    outer loop
      vertex 5.71134 -90.7353 0
      vertex 7.0513 -91.7651 1.7
      vertex 5.71048 -90.7363 0
    endloop
  endfacet
  facet normal -0.636739 -0.313953 -0.70427
    outer loop
      vertex 11.3359 -91.105 0
      vertex 11.5314 -91.5015 0
      vertex 9.87224 -91.95 1.7
    endloop
  endfacet
  facet normal 0.138571 -0.69629 -0.704257
    outer loop
      vertex 7.95623 -89.4392 0
      vertex 7.96001 -91.1579 1.7
      vertex 7.52259 -89.5255 0
    endloop
  endfacet
  facet normal -0.468181 0.533688 -0.704261
    outer loop
      vertex 10.7971 -95.1971 0
      vertex 10.4647 -95.4887 0
      vertex 9.60208 -94.0021 1.7
    endloop
  endfacet
  facet normal 0.44857 0.549498 -0.704867
    outer loop
      vertex 6.33528 -95.4887 0
      vertex 7.3651 -94.1487 1.7
      vertex 6.33626 -95.4895 0
    endloop
  endfacet
  facet normal 0.468063 0.53377 -0.704278
    outer loop
      vertex 7.3651 -94.1487 1.7
      vertex 6.33528 -95.4887 0
      vertex 7.19792 -94.0021 1.7
    endloop
  endfacet
  facet normal -0.708415 0.0464034 -0.704269
    outer loop
      vertex 11.79 -92.8013 0
      vertex 11.7611 -93.2425 0
      vertex 10.0855 -93.0219 1.7
    endloop
  endfacet
  facet normal -0.339636 0.622667 -0.704935
    outer loop
      vertex 10.0939 -95.7365 0
      vertex 9.25 -94.2722 1.7
      vertex 10.095 -95.7359 0
    endloop
  endfacet
  facet normal -0.314105 0.636637 -0.704295
    outer loop
      vertex 9.25 -94.2722 1.7
      vertex 10.0939 -95.7365 0
      vertex 9.05056 -94.3706 1.7
    endloop
  endfacet
  facet normal -0.138571 0.69629 -0.704257
    outer loop
      vertex 9.27741 -96.0745 0
      vertex 8.84377 -96.1608 0
      vertex 8.83999 -94.4421 1.7
    endloop
  endfacet
  facet normal 0.696288 0.138519 -0.704269
    outer loop
      vertex 6.71454 -93.0219 1.7
      vertex 5.1252 -93.6761 0
      vertex 5.03894 -93.2425 0
    endloop
  endfacet
  facet normal 0.590277 0.394439 -0.704267
    outer loop
      vertex 7.0513 -93.8349 1.7
      vertex 5.71048 -94.8637 0
      vertex 5.46484 -94.4961 0
    endloop
  endfacet
  facet normal -0.468047 -0.533784 -0.704277
    outer loop
      vertex 9.43489 -91.4513 1.7
      vertex 10.4647 -90.1113 0
      vertex 9.60208 -91.5979 1.7
    endloop
  endfacet
  facet normal -0.443069 -0.553836 -0.704951
    outer loop
      vertex 10.4647 -90.1113 0
      vertex 9.43489 -91.4513 1.7
      vertex 10.4637 -90.1105 0
    endloop
  endfacet
  facet normal 0.138556 -0.696291 -0.704259
    outer loop
      vertex 7.95623 -89.4392 0
      vertex 8.17811 -91.1145 1.7
      vertex 7.96001 -91.1579 1.7
    endloop
  endfacet
  facet normal 0.162225 -0.69216 -0.703276
    outer loop
      vertex 8.17811 -91.1145 1.7
      vertex 7.95623 -89.4392 0
      vertex 7.95751 -89.4389 0
    endloop
  endfacet
  facet normal 0.313928 0.636752 -0.70427
    outer loop
      vertex 7.74944 -94.3706 1.7
      vertex 7.10268 -95.932 0
      vertex 6.70614 -95.7365 0
    endloop
  endfacet
  facet normal -0.533688 -0.468181 -0.704261
    outer loop
      vertex 10.7971 -90.4029 0
      vertex 11.0887 -90.7353 0
      vertex 9.60208 -91.5979 1.7
    endloop
  endfacet
  facet normal 0.636737 -0.313969 -0.704265
    outer loop
      vertex 5.46355 -91.1061 0
      vertex 6.8294 -92.1494 1.7
      vertex 5.26799 -91.5027 0
    endloop
  endfacet
  facet normal -0.553837 -0.44307 -0.70495
    outer loop
      vertex 9.7487 -91.7651 1.7
      vertex 11.0887 -90.7353 0
      vertex 11.0895 -90.7363 0
    endloop
  endfacet
  facet normal -0.533768 -0.468069 -0.704275
    outer loop
      vertex 11.0887 -90.7353 0
      vertex 9.7487 -91.7651 1.7
      vertex 9.60208 -91.5979 1.7
    endloop
  endfacet
  facet normal 0.314121 -0.636669 -0.704259
    outer loop
      vertex 7.10151 -89.6686 0
      vertex 7.74944 -91.2294 1.7
      vertex 7.55 -91.3278 1.7
    endloop
  endfacet
  facet normal 0.32414 -0.632073 -0.703859
    outer loop
      vertex 7.74944 -91.2294 1.7
      vertex 7.10151 -89.6686 0
      vertex 7.10268 -89.668 0
    endloop
  endfacet
  facet normal -0.313944 -0.636736 -0.704278
    outer loop
      vertex 9.69849 -89.6686 0
      vertex 10.095 -89.8641 0
      vertex 9.25 -91.3278 1.7
    endloop
  endfacet
  facet normal -0.228144 0.67228 -0.704266
    outer loop
      vertex 9.27741 -96.0745 0
      vertex 9.05056 -94.3706 1.7
      vertex 9.69732 -95.932 0
    endloop
  endfacet
  facet normal -0.228266 0.672251 -0.704253
    outer loop
      vertex 9.05056 -94.3706 1.7
      vertex 9.27741 -96.0745 0
      vertex 8.83999 -94.4421 1.7
    endloop
  endfacet
  facet normal -0.046564 0.708399 -0.704274
    outer loop
      vertex 8.84119 -96.1611 0
      vertex 8.4 -96.1901 0
      vertex 8.4 -94.5 1.7
    endloop
  endfacet
  facet normal -0 -0.712199 -0.701977
    outer loop
      vertex 7.95881 -89.4389 0
      vertex 8.17811 -91.1145 1.7
      vertex 7.95751 -89.4389 0
    endloop
  endfacet
  facet normal 0.0462952 -0.708444 -0.704247
    outer loop
      vertex 8.17811 -91.1145 1.7
      vertex 7.95881 -89.4389 0
      vertex 8.4 -91.1 1.7
    endloop
  endfacet
  facet normal -0.672284 -0.228162 -0.704256
    outer loop
      vertex 11.5324 -91.5039 0
      vertex 11.6745 -91.9226 0
      vertex 10.0421 -92.36 1.7
    endloop
  endfacet
  facet normal 0.313924 -0.636743 -0.70428
    outer loop
      vertex 7.10151 -89.6686 0
      vertex 7.55 -91.3278 1.7
      vertex 6.70497 -89.8641 0
    endloop
  endfacet
  facet normal 0.636737 0.313969 -0.704265
    outer loop
      vertex 6.8294 -93.4506 1.7
      vertex 5.46355 -94.4939 0
      vertex 5.26799 -94.0973 0
    endloop
  endfacet
  facet normal 0.533742 -0.468116 -0.704263
    outer loop
      vertex 6.00287 -90.4029 0
      vertex 7.19792 -91.5979 1.7
      vertex 5.71134 -90.7353 0
    endloop
  endfacet
  facet normal 0.5128 0.490009 -0.704931
    outer loop
      vertex 6.00201 -95.1962 0
      vertex 7.19792 -94.0021 1.7
      vertex 6.00287 -95.1971 0
    endloop
  endfacet
  facet normal 0.53377 0.46807 -0.704273
    outer loop
      vertex 7.19792 -94.0021 1.7
      vertex 6.00201 -95.1962 0
      vertex 7.0513 -93.8349 1.7
    endloop
  endfacet
  facet normal -0.314121 -0.636669 -0.704259
    outer loop
      vertex 9.05056 -91.2294 1.7
      vertex 9.69849 -89.6686 0
      vertex 9.25 -91.3278 1.7
    endloop
  endfacet
  facet normal -0.32414 -0.632073 -0.703859
    outer loop
      vertex 9.69849 -89.6686 0
      vertex 9.05056 -91.2294 1.7
      vertex 9.69732 -89.668 0
    endloop
  endfacet
  facet normal 0.696287 -0.138523 -0.70427
    outer loop
      vertex 5.1252 -91.9239 0
      vertex 6.75793 -92.36 1.7
      vertex 6.71454 -92.5781 1.7
    endloop
  endfacet
  facet normal 0.697308 -0.134098 -0.704116
    outer loop
      vertex 6.75793 -92.36 1.7
      vertex 5.1252 -91.9239 0
      vertex 5.12545 -91.9226 0
    endloop
  endfacet
  facet normal 0.468063 -0.53377 -0.704278
    outer loop
      vertex 6.33528 -90.1113 0
      vertex 7.3651 -91.4513 1.7
      vertex 7.19792 -91.5979 1.7
    endloop
  endfacet
  facet normal 0.44857 -0.549498 -0.704867
    outer loop
      vertex 7.3651 -91.4513 1.7
      vertex 6.33528 -90.1113 0
      vertex 6.33626 -90.1105 0
    endloop
  endfacet
  facet normal -0.313902 0.636763 -0.704271
    outer loop
      vertex 10.0939 -95.7365 0
      vertex 9.69732 -95.932 0
      vertex 9.05056 -94.3706 1.7
    endloop
  endfacet
  facet normal 0.708324 0.0490378 -0.704182
    outer loop
      vertex 6.7 -92.8 1.7
      vertex 5.01003 -92.8013 0
      vertex 5.00994 -92.8 0
    endloop
  endfacet
  facet normal 0.708414 0.0464188 -0.704269
    outer loop
      vertex 5.01003 -92.8013 0
      vertex 6.7 -92.8 1.7
      vertex 6.71454 -93.0219 1.7
    endloop
  endfacet
  facet normal -0.636739 0.313953 -0.70427
    outer loop
      vertex 11.5314 -94.0985 0
      vertex 11.3359 -94.495 0
      vertex 9.87224 -93.65 1.7
    endloop
  endfacet
  facet normal -0.138566 -0.69628 -0.704268
    outer loop
      vertex 8.84249 -89.4389 0
      vertex 9.27614 -89.5252 0
      vertex 8.62189 -91.1145 1.7
    endloop
  endfacet
  facet normal -0.696278 -0.138581 -0.704267
    outer loop
      vertex 11.6748 -91.9239 0
      vertex 11.7611 -92.3575 0
      vertex 10.0855 -92.5781 1.7
    endloop
  endfacet
  facet normal 0.533809 0.468034 -0.704267
    outer loop
      vertex 7.0513 -93.8349 1.7
      vertex 6.00201 -95.1962 0
      vertex 5.71048 -94.8637 0
    endloop
  endfacet
  facet normal -0.0462929 -0.708408 -0.704283
    outer loop
      vertex 8.4 -89.4099 0
      vertex 8.62189 -91.1145 1.7
      vertex 8.4 -91.1 1.7
    endloop
  endfacet
  facet normal -0.0464281 -0.708413 -0.70427
    outer loop
      vertex 8.62189 -91.1145 1.7
      vertex 8.4 -89.4099 0
      vertex 8.84249 -89.4389 0
    endloop
  endfacet
  facet normal 0.629988 0.326448 -0.704661
    outer loop
      vertex 5.46355 -94.4939 0
      vertex 6.92776 -93.65 1.7
      vertex 5.46412 -94.495 0
    endloop
  endfacet
  facet normal 0.63668 0.314061 -0.704276
    outer loop
      vertex 6.92776 -93.65 1.7
      vertex 5.46355 -94.4939 0
      vertex 6.8294 -93.4506 1.7
    endloop
  endfacet
  facet normal -0.394425 0.590273 -0.704277
    outer loop
      vertex 10.4627 -95.4902 0
      vertex 10.095 -95.7359 0
      vertex 9.25 -94.2722 1.7
    endloop
  endfacet
  facet normal -0.228172 -0.67228 -0.704257
    outer loop
      vertex 9.27741 -89.5255 0
      vertex 9.69609 -89.6676 0
      vertex 8.83999 -91.1579 1.7
    endloop
  endfacet
  facet normal -0.443069 0.553836 -0.704951
    outer loop
      vertex 9.43489 -94.1487 1.7
      vertex 10.4647 -95.4887 0
      vertex 10.4637 -95.4895 0
    endloop
  endfacet
  facet normal -0.468047 0.533784 -0.704277
    outer loop
      vertex 10.4647 -95.4887 0
      vertex 9.43489 -94.1487 1.7
      vertex 9.60208 -94.0021 1.7
    endloop
  endfacet
  facet normal 0.468171 -0.533692 -0.704265
    outer loop
      vertex 6.33528 -90.1113 0
      vertex 7.19792 -91.5979 1.7
      vertex 6.00287 -90.4029 0
    endloop
  endfacet
  facet normal 0.63668 -0.314061 -0.704276
    outer loop
      vertex 5.46355 -91.1061 0
      vertex 6.92776 -91.95 1.7
      vertex 6.8294 -92.1494 1.7
    endloop
  endfacet
  facet normal 0.629988 -0.326448 -0.704661
    outer loop
      vertex 6.92776 -91.95 1.7
      vertex 5.46355 -91.1061 0
      vertex 5.46412 -91.105 0
    endloop
  endfacet
  facet normal 0.228172 -0.67228 -0.704257
    outer loop
      vertex 7.52259 -89.5255 0
      vertex 7.96001 -91.1579 1.7
      vertex 7.10391 -89.6676 0
    endloop
  endfacet
  facet normal -0.406884 -0.581262 -0.704684
    outer loop
      vertex 9.43489 -91.4513 1.7
      vertex 10.4627 -90.1098 0
      vertex 10.4637 -90.1105 0
    endloop
  endfacet
  facet normal -0.394332 -0.590349 -0.704266
    outer loop
      vertex 10.4627 -90.1098 0
      vertex 9.43489 -91.4513 1.7
      vertex 9.25 -91.3278 1.7
    endloop
  endfacet
  facet normal 0.708413 -0.0464187 -0.70427
    outer loop
      vertex 5.00994 -92.8 0
      vertex 6.71454 -92.5781 1.7
      vertex 6.7 -92.8 1.7
    endloop
  endfacet
  facet normal 0.708413 -0.0464271 -0.70427
    outer loop
      vertex 6.71454 -92.5781 1.7
      vertex 5.00994 -92.8 0
      vertex 5.03894 -92.3575 0
    endloop
  endfacet
  facet normal 0.046564 -0.708399 -0.704274
    outer loop
      vertex 8.4 -89.4099 0
      vertex 8.4 -91.1 1.7
      vertex 7.95881 -89.4389 0
    endloop
  endfacet
  facet normal 0.228262 -0.672239 -0.704266
    outer loop
      vertex 7.74944 -91.2294 1.7
      vertex 7.10391 -89.6676 0
      vertex 7.96001 -91.1579 1.7
    endloop
  endfacet
  facet normal 0.219656 -0.675441 -0.70394
    outer loop
      vertex 7.10391 -89.6676 0
      vertex 7.74944 -91.2294 1.7
      vertex 7.10268 -89.668 0
    endloop
  endfacet
  facet normal -0.635106 0.317553 -0.704131
    outer loop
      vertex 11.5314 -94.0985 0
      vertex 9.97059 -93.4506 1.7
      vertex 11.532 -94.0973 0
    endloop
  endfacet
  facet normal -0.636705 0.314042 -0.704261
    outer loop
      vertex 9.97059 -93.4506 1.7
      vertex 11.5314 -94.0985 0
      vertex 9.87224 -93.65 1.7
    endloop
  endfacet
  facet normal -0.533834 0.468008 -0.704265
    outer loop
      vertex 11.0895 -94.8637 0
      vertex 10.798 -95.1962 0
      vertex 9.7487 -93.8349 1.7
    endloop
  endfacet
  facet normal -0.672239 -0.228261 -0.704266
    outer loop
      vertex 9.97059 -92.1494 1.7
      vertex 11.5324 -91.5039 0
      vertex 10.0421 -92.36 1.7
    endloop
  endfacet
  facet normal -0.67363 -0.224543 -0.704132
    outer loop
      vertex 11.5324 -91.5039 0
      vertex 9.97059 -92.1494 1.7
      vertex 11.532 -91.5027 0
    endloop
  endfacet
  facet normal -0.696267 0.138645 -0.704265
    outer loop
      vertex 11.6745 -93.6774 0
      vertex 10.0855 -93.0219 1.7
      vertex 11.7611 -93.2425 0
    endloop
  endfacet
  facet normal -0.696294 0.138556 -0.704256
    outer loop
      vertex 10.0855 -93.0219 1.7
      vertex 11.6745 -93.6774 0
      vertex 10.0421 -93.24 1.7
    endloop
  endfacet
  facet normal 0.5903 -0.394406 -0.704265
    outer loop
      vertex 6.92776 -91.95 1.7
      vertex 5.71048 -90.7363 0
      vertex 7.0513 -91.7651 1.7
    endloop
  endfacet
  facet normal 0.590287 -0.394421 -0.704267
    outer loop
      vertex 5.71048 -90.7363 0
      vertex 6.92776 -91.95 1.7
      vertex 5.46412 -91.105 0
    endloop
  endfacet
  facet normal -0.163075 -0.690349 -0.704858
    outer loop
      vertex 8.83999 -91.1579 1.7
      vertex 9.27614 -89.5252 0
      vertex 9.27741 -89.5255 0
    endloop
  endfacet
  facet normal -0.138554 -0.696284 -0.704267
    outer loop
      vertex 9.27614 -89.5252 0
      vertex 8.83999 -91.1579 1.7
      vertex 8.62189 -91.1145 1.7
    endloop
  endfacet
  facet normal 0.696288 -0.138519 -0.704269
    outer loop
      vertex 5.1252 -91.9239 0
      vertex 6.71454 -92.5781 1.7
      vertex 5.03894 -92.3575 0
    endloop
  endfacet
  facet normal 0.394476 -0.590237 -0.704279
    outer loop
      vertex 6.70497 -89.8641 0
      vertex 7.55 -91.3278 1.7
      vertex 6.33734 -90.1098 0
    endloop
  endfacet
  facet normal 0.590296 0.394403 -0.704271
    outer loop
      vertex 5.46484 -94.4961 0
      vertex 6.92776 -93.65 1.7
      vertex 7.0513 -93.8349 1.7
    endloop
  endfacet
  facet normal 0.593834 0.388691 -0.704472
    outer loop
      vertex 6.92776 -93.65 1.7
      vertex 5.46484 -94.4961 0
      vertex 5.46412 -94.495 0
    endloop
  endfacet
  facet normal 0.138571 0.69629 -0.704257
    outer loop
      vertex 7.96001 -94.4421 1.7
      vertex 7.95623 -96.1608 0
      vertex 7.52259 -96.0745 0
    endloop
  endfacet
  facet normal 0.046564 0.708399 -0.704274
    outer loop
      vertex 8.4 -94.5 1.7
      vertex 8.4 -96.1901 0
      vertex 7.95881 -96.1611 0
    endloop
  endfacet
  facet normal -0.590233 0.394506 -0.704266
    outer loop
      vertex 11.3352 -94.4961 0
      vertex 11.0895 -94.8637 0
      vertex 9.7487 -93.8349 1.7
    endloop
  endfacet
  facet normal 0.697308 0.134098 -0.704116
    outer loop
      vertex 5.1252 -93.6761 0
      vertex 6.75793 -93.24 1.7
      vertex 5.12545 -93.6774 0
    endloop
  endfacet
  facet normal 0.696287 0.138523 -0.70427
    outer loop
      vertex 6.75793 -93.24 1.7
      vertex 5.1252 -93.6761 0
      vertex 6.71454 -93.0219 1.7
    endloop
  endfacet
  facet normal 0.394476 0.590237 -0.704279
    outer loop
      vertex 7.55 -94.2722 1.7
      vertex 6.70497 -95.7359 0
      vertex 6.33734 -95.4902 0
    endloop
  endfacet
  facet normal 0.394321 0.590364 -0.704259
    outer loop
      vertex 6.33734 -95.4902 0
      vertex 7.3651 -94.1487 1.7
      vertex 7.55 -94.2722 1.7
    endloop
  endfacet
  facet normal 0.386325 0.596044 -0.703907
    outer loop
      vertex 7.3651 -94.1487 1.7
      vertex 6.33734 -95.4902 0
      vertex 6.33626 -95.4895 0
    endloop
  endfacet
  facet normal -0.598581 0.380915 -0.704702
    outer loop
      vertex 11.3352 -94.4961 0
      vertex 9.87224 -93.65 1.7
      vertex 11.3359 -94.495 0
    endloop
  endfacet
  facet normal -0.59029 0.394399 -0.704278
    outer loop
      vertex 9.87224 -93.65 1.7
      vertex 11.3352 -94.4961 0
      vertex 9.7487 -93.8349 1.7
    endloop
  endfacet
  facet normal -0.406884 0.581262 -0.704684
    outer loop
      vertex 10.4627 -95.4902 0
      vertex 9.43489 -94.1487 1.7
      vertex 10.4637 -95.4895 0
    endloop
  endfacet
  facet normal -0.394332 0.590349 -0.704266
    outer loop
      vertex 9.43489 -94.1487 1.7
      vertex 10.4627 -95.4902 0
      vertex 9.25 -94.2722 1.7
    endloop
  endfacet
  facet normal 0.394321 -0.590364 -0.704259
    outer loop
      vertex 7.3651 -91.4513 1.7
      vertex 6.33734 -90.1098 0
      vertex 7.55 -91.3278 1.7
    endloop
  endfacet
  facet normal 0.386325 -0.596044 -0.703907
    outer loop
      vertex 6.33734 -90.1098 0
      vertex 7.3651 -91.4513 1.7
      vertex 6.33626 -90.1105 0
    endloop
  endfacet
  facet normal -0.219656 -0.675441 -0.70394
    outer loop
      vertex 9.05056 -91.2294 1.7
      vertex 9.69609 -89.6676 0
      vertex 9.69732 -89.668 0
    endloop
  endfacet
  facet normal -0.228262 -0.672239 -0.704266
    outer loop
      vertex 9.69609 -89.6676 0
      vertex 9.05056 -91.2294 1.7
      vertex 8.83999 -91.1579 1.7
    endloop
  endfacet
  facet normal 0.0462952 0.708444 -0.704247
    outer loop
      vertex 7.95881 -96.1611 0
      vertex 8.17811 -94.4855 1.7
      vertex 8.4 -94.5 1.7
    endloop
  endfacet
  facet normal 0 0.712199 -0.701977
    outer loop
      vertex 8.17811 -94.4855 1.7
      vertex 7.95881 -96.1611 0
      vertex 7.95751 -96.1611 0
    endloop
  endfacet
  facet normal -0.67363 0.224543 -0.704132
    outer loop
      vertex 9.97059 -93.4506 1.7
      vertex 11.5324 -94.0961 0
      vertex 11.532 -94.0973 0
    endloop
  endfacet
  facet normal -0.672239 0.228261 -0.704266
    outer loop
      vertex 11.5324 -94.0961 0
      vertex 9.97059 -93.4506 1.7
      vertex 10.0421 -93.24 1.7
    endloop
  endfacet
  facet normal 0.672275 -0.228146 -0.70427
    outer loop
      vertex 6.75793 -92.36 1.7
      vertex 5.12587 -91.9214 0
      vertex 6.8294 -92.1494 1.7
    endloop
  endfacet
  facet normal 0.670295 -0.234603 -0.704035
    outer loop
      vertex 5.12587 -91.9214 0
      vertex 6.75793 -92.36 1.7
      vertex 5.12545 -91.9226 0
    endloop
  endfacet
  facet normal 0.162225 0.69216 -0.703276
    outer loop
      vertex 7.95623 -96.1608 0
      vertex 8.17811 -94.4855 1.7
      vertex 7.95751 -96.1611 0
    endloop
  endfacet
  facet normal 0.138556 0.696291 -0.704259
    outer loop
      vertex 8.17811 -94.4855 1.7
      vertex 7.95623 -96.1608 0
      vertex 7.96001 -94.4421 1.7
    endloop
  endfacet
  facet normal -0.98077 0.195165 0
    outer loop
      vertex 52.0421 -15.24 1.7
      vertex 52.0855 -15.0219 5.1
      vertex 52.0855 -15.0219 1.7
    endloop
  endfacet
  facet normal -0.98077 0.195165 0
    outer loop
      vertex 52.0855 -15.0219 5.1
      vertex 52.0421 -15.24 1.7
      vertex 52.0421 -15.24 5.1
    endloop
  endfacet
  facet normal -0.997872 0.0652057 0
    outer loop
      vertex 52.0855 -15.0219 1.7
      vertex 52.1 -14.8 5.1
      vertex 52.1 -14.8 1.7
    endloop
  endfacet
  facet normal -0.997872 0.0652057 0
    outer loop
      vertex 52.1 -14.8 5.1
      vertex 52.0855 -15.0219 1.7
      vertex 52.0855 -15.0219 5.1
    endloop
  endfacet
  facet normal 0.0652057 -0.997872 0
    outer loop
      vertex 50.1781 -13.1145 1.7
      vertex 50.4 -13.1 5.1
      vertex 50.1781 -13.1145 5.1
    endloop
  endfacet
  facet normal 0.0652057 -0.997872 0
    outer loop
      vertex 50.4 -13.1 5.1
      vertex 50.1781 -13.1145 1.7
      vertex 50.4 -13.1 1.7
    endloop
  endfacet
  facet normal -0.659268 0.751908 0
    outer loop
      vertex 51.6021 -16.0021 1.7
      vertex 51.4349 -16.1487 5.1
      vertex 51.6021 -16.0021 5.1
    endloop
  endfacet
  facet normal -0.659268 0.751908 0
    outer loop
      vertex 51.4349 -16.1487 5.1
      vertex 51.6021 -16.0021 1.7
      vertex 51.4349 -16.1487 1.7
    endloop
  endfacet
  facet normal -0.44253 -0.896754 0
    outer loop
      vertex 51.0506 -13.2294 1.7
      vertex 51.25 -13.3278 5.1
      vertex 51.0506 -13.2294 5.1
    endloop
  endfacet
  facet normal -0.44253 -0.896754 -0
    outer loop
      vertex 51.25 -13.3278 5.1
      vertex 51.0506 -13.2294 1.7
      vertex 51.25 -13.3278 1.7
    endloop
  endfacet
  facet normal -0.195165 -0.98077 0
    outer loop
      vertex 50.6219 -13.1145 1.7
      vertex 50.84 -13.1579 5.1
      vertex 50.6219 -13.1145 5.1
    endloop
  endfacet
  facet normal -0.195165 -0.98077 -0
    outer loop
      vertex 50.84 -13.1579 5.1
      vertex 50.6219 -13.1145 1.7
      vertex 50.84 -13.1579 1.7
    endloop
  endfacet
  facet normal -0.44253 0.896754 0
    outer loop
      vertex 51.25 -16.2722 1.7
      vertex 51.0506 -16.3706 5.1
      vertex 51.25 -16.2722 5.1
    endloop
  endfacet
  facet normal -0.44253 0.896754 0
    outer loop
      vertex 51.0506 -16.3706 5.1
      vertex 51.25 -16.2722 1.7
      vertex 51.0506 -16.3706 1.7
    endloop
  endfacet
  facet normal 0.44253 -0.896754 0
    outer loop
      vertex 49.55 -13.3278 1.7
      vertex 49.7494 -13.2294 5.1
      vertex 49.55 -13.3278 5.1
    endloop
  endfacet
  facet normal 0.44253 -0.896754 0
    outer loop
      vertex 49.7494 -13.2294 5.1
      vertex 49.55 -13.3278 1.7
      vertex 49.7494 -13.2294 1.7
    endloop
  endfacet
  facet normal -0.997872 -0.0652057 0
    outer loop
      vertex 52.1 -14.8 1.7
      vertex 52.0855 -14.5781 5.1
      vertex 52.0855 -14.5781 1.7
    endloop
  endfacet
  facet normal -0.997872 -0.0652057 0
    outer loop
      vertex 52.0855 -14.5781 5.1
      vertex 52.1 -14.8 1.7
      vertex 52.1 -14.8 5.1
    endloop
  endfacet
  facet normal 0.997872 0.0652057 0
    outer loop
      vertex 48.7145 -15.0219 5.1
      vertex 48.7 -14.8 1.7
      vertex 48.7 -14.8 5.1
    endloop
  endfacet
  facet normal 0.997872 0.0652057 0
    outer loop
      vertex 48.7 -14.8 1.7
      vertex 48.7145 -15.0219 5.1
      vertex 48.7145 -15.0219 1.7
    endloop
  endfacet
  facet normal -0.831566 0.555426 0
    outer loop
      vertex 51.7487 -15.8349 1.7
      vertex 51.8722 -15.65 5.1
      vertex 51.8722 -15.65 1.7
    endloop
  endfacet
  facet normal -0.831566 0.555426 0
    outer loop
      vertex 51.8722 -15.65 5.1
      vertex 51.7487 -15.8349 1.7
      vertex 51.7487 -15.8349 5.1
    endloop
  endfacet
  facet normal -0.896754 0.44253 0
    outer loop
      vertex 51.8722 -15.65 1.7
      vertex 51.9706 -15.4506 5.1
      vertex 51.9706 -15.4506 1.7
    endloop
  endfacet
  facet normal -0.896754 0.44253 0
    outer loop
      vertex 51.9706 -15.4506 5.1
      vertex 51.8722 -15.65 1.7
      vertex 51.8722 -15.65 5.1
    endloop
  endfacet
  facet normal 0.659268 0.751908 -0
    outer loop
      vertex 49.3651 -16.1487 1.7
      vertex 49.1979 -16.0021 5.1
      vertex 49.3651 -16.1487 5.1
    endloop
  endfacet
  facet normal 0.659268 0.751908 0
    outer loop
      vertex 49.1979 -16.0021 5.1
      vertex 49.3651 -16.1487 1.7
      vertex 49.1979 -16.0021 1.7
    endloop
  endfacet
  facet normal 0.555426 0.831566 -0
    outer loop
      vertex 49.55 -16.2722 1.7
      vertex 49.3651 -16.1487 5.1
      vertex 49.55 -16.2722 5.1
    endloop
  endfacet
  facet normal 0.555426 0.831566 0
    outer loop
      vertex 49.3651 -16.1487 5.1
      vertex 49.55 -16.2722 1.7
      vertex 49.3651 -16.1487 1.7
    endloop
  endfacet
  facet normal -0.659268 -0.751908 0
    outer loop
      vertex 51.4349 -13.4513 1.7
      vertex 51.6021 -13.5979 5.1
      vertex 51.4349 -13.4513 5.1
    endloop
  endfacet
  facet normal -0.659268 -0.751908 -0
    outer loop
      vertex 51.6021 -13.5979 5.1
      vertex 51.4349 -13.4513 1.7
      vertex 51.6021 -13.5979 1.7
    endloop
  endfacet
  facet normal 0.44253 0.896754 -0
    outer loop
      vertex 49.7494 -16.3706 1.7
      vertex 49.55 -16.2722 5.1
      vertex 49.7494 -16.3706 5.1
    endloop
  endfacet
  facet normal 0.44253 0.896754 0
    outer loop
      vertex 49.55 -16.2722 5.1
      vertex 49.7494 -16.3706 1.7
      vertex 49.55 -16.2722 1.7
    endloop
  endfacet
  facet normal -0.751908 -0.659268 0
    outer loop
      vertex 51.7487 -13.7651 1.7
      vertex 51.6021 -13.5979 5.1
      vertex 51.6021 -13.5979 1.7
    endloop
  endfacet
  facet normal -0.751908 -0.659268 0
    outer loop
      vertex 51.6021 -13.5979 5.1
      vertex 51.7487 -13.7651 1.7
      vertex 51.7487 -13.7651 5.1
    endloop
  endfacet
  facet normal -0.98077 -0.195165 0
    outer loop
      vertex 52.0855 -14.5781 1.7
      vertex 52.0421 -14.36 5.1
      vertex 52.0421 -14.36 1.7
    endloop
  endfacet
  facet normal -0.98077 -0.195165 0
    outer loop
      vertex 52.0421 -14.36 5.1
      vertex 52.0855 -14.5781 1.7
      vertex 52.0855 -14.5781 5.1
    endloop
  endfacet
  facet normal 0.896754 -0.44253 0
    outer loop
      vertex 48.8294 -14.1494 5.1
      vertex 48.9278 -13.95 1.7
      vertex 48.9278 -13.95 5.1
    endloop
  endfacet
  facet normal 0.896754 -0.44253 0
    outer loop
      vertex 48.9278 -13.95 1.7
      vertex 48.8294 -14.1494 5.1
      vertex 48.8294 -14.1494 1.7
    endloop
  endfacet
  facet normal 0.751908 0.659268 0
    outer loop
      vertex 49.1979 -16.0021 5.1
      vertex 49.0513 -15.8349 1.7
      vertex 49.0513 -15.8349 5.1
    endloop
  endfacet
  facet normal 0.751908 0.659268 0
    outer loop
      vertex 49.0513 -15.8349 1.7
      vertex 49.1979 -16.0021 5.1
      vertex 49.1979 -16.0021 1.7
    endloop
  endfacet
  facet normal -0.555426 0.831566 0
    outer loop
      vertex 51.4349 -16.1487 1.7
      vertex 51.25 -16.2722 5.1
      vertex 51.4349 -16.1487 5.1
    endloop
  endfacet
  facet normal -0.555426 0.831566 0
    outer loop
      vertex 51.25 -16.2722 5.1
      vertex 51.4349 -16.1487 1.7
      vertex 51.25 -16.2722 1.7
    endloop
  endfacet
  facet normal -0.321484 -0.946915 0
    outer loop
      vertex 50.84 -13.1579 1.7
      vertex 51.0506 -13.2294 5.1
      vertex 50.84 -13.1579 5.1
    endloop
  endfacet
  facet normal -0.321484 -0.946915 -0
    outer loop
      vertex 51.0506 -13.2294 5.1
      vertex 50.84 -13.1579 1.7
      vertex 51.0506 -13.2294 1.7
    endloop
  endfacet
  facet normal 0.751908 -0.659268 0
    outer loop
      vertex 49.0513 -13.7651 5.1
      vertex 49.1979 -13.5979 1.7
      vertex 49.1979 -13.5979 5.1
    endloop
  endfacet
  facet normal 0.751908 -0.659268 0
    outer loop
      vertex 49.1979 -13.5979 1.7
      vertex 49.0513 -13.7651 5.1
      vertex 49.0513 -13.7651 1.7
    endloop
  endfacet
  facet normal 0.831566 -0.555426 0
    outer loop
      vertex 48.9278 -13.95 5.1
      vertex 49.0513 -13.7651 1.7
      vertex 49.0513 -13.7651 5.1
    endloop
  endfacet
  facet normal 0.831566 -0.555426 0
    outer loop
      vertex 49.0513 -13.7651 1.7
      vertex 48.9278 -13.95 5.1
      vertex 48.9278 -13.95 1.7
    endloop
  endfacet
  facet normal 0.946915 -0.321484 0
    outer loop
      vertex 48.7579 -14.36 5.1
      vertex 48.8294 -14.1494 1.7
      vertex 48.8294 -14.1494 5.1
    endloop
  endfacet
  facet normal 0.946915 -0.321484 0
    outer loop
      vertex 48.8294 -14.1494 1.7
      vertex 48.7579 -14.36 5.1
      vertex 48.7579 -14.36 1.7
    endloop
  endfacet
  facet normal -0.195165 0.98077 0
    outer loop
      vertex 50.84 -16.4421 1.7
      vertex 50.6219 -16.4855 5.1
      vertex 50.84 -16.4421 5.1
    endloop
  endfacet
  facet normal -0.195165 0.98077 0
    outer loop
      vertex 50.6219 -16.4855 5.1
      vertex 50.84 -16.4421 1.7
      vertex 50.6219 -16.4855 1.7
    endloop
  endfacet
  facet normal -0.555426 -0.831566 0
    outer loop
      vertex 51.25 -13.3278 1.7
      vertex 51.4349 -13.4513 5.1
      vertex 51.25 -13.3278 5.1
    endloop
  endfacet
  facet normal -0.555426 -0.831566 -0
    outer loop
      vertex 51.4349 -13.4513 5.1
      vertex 51.25 -13.3278 1.7
      vertex 51.4349 -13.4513 1.7
    endloop
  endfacet
  facet normal 0.195165 0.98077 -0
    outer loop
      vertex 50.1781 -16.4855 1.7
      vertex 49.96 -16.4421 5.1
      vertex 50.1781 -16.4855 5.1
    endloop
  endfacet
  facet normal 0.195165 0.98077 0
    outer loop
      vertex 49.96 -16.4421 5.1
      vertex 50.1781 -16.4855 1.7
      vertex 49.96 -16.4421 1.7
    endloop
  endfacet
  facet normal 0.831566 0.555426 0
    outer loop
      vertex 49.0513 -15.8349 5.1
      vertex 48.9278 -15.65 1.7
      vertex 48.9278 -15.65 5.1
    endloop
  endfacet
  facet normal 0.831566 0.555426 0
    outer loop
      vertex 48.9278 -15.65 1.7
      vertex 49.0513 -15.8349 5.1
      vertex 49.0513 -15.8349 1.7
    endloop
  endfacet
  facet normal 0.896754 0.44253 0
    outer loop
      vertex 48.9278 -15.65 5.1
      vertex 48.8294 -15.4506 1.7
      vertex 48.8294 -15.4506 5.1
    endloop
  endfacet
  facet normal 0.896754 0.44253 0
    outer loop
      vertex 48.8294 -15.4506 1.7
      vertex 48.9278 -15.65 5.1
      vertex 48.9278 -15.65 1.7
    endloop
  endfacet
  facet normal -0.831566 -0.555426 0
    outer loop
      vertex 51.8722 -13.95 1.7
      vertex 51.7487 -13.7651 5.1
      vertex 51.7487 -13.7651 1.7
    endloop
  endfacet
  facet normal -0.831566 -0.555426 0
    outer loop
      vertex 51.7487 -13.7651 5.1
      vertex 51.8722 -13.95 1.7
      vertex 51.8722 -13.95 5.1
    endloop
  endfacet
  facet normal -0.946915 -0.321484 0
    outer loop
      vertex 52.0421 -14.36 1.7
      vertex 51.9706 -14.1494 5.1
      vertex 51.9706 -14.1494 1.7
    endloop
  endfacet
  facet normal -0.946915 -0.321484 0
    outer loop
      vertex 51.9706 -14.1494 5.1
      vertex 52.0421 -14.36 1.7
      vertex 52.0421 -14.36 5.1
    endloop
  endfacet
  facet normal 0.0652057 0.997872 -0
    outer loop
      vertex 50.4 -16.5 1.7
      vertex 50.1781 -16.4855 5.1
      vertex 50.4 -16.5 5.1
    endloop
  endfacet
  facet normal 0.0652057 0.997872 0
    outer loop
      vertex 50.1781 -16.4855 5.1
      vertex 50.4 -16.5 1.7
      vertex 50.1781 -16.4855 1.7
    endloop
  endfacet
  facet normal 0.946915 0.321484 0
    outer loop
      vertex 48.8294 -15.4506 5.1
      vertex 48.7579 -15.24 1.7
      vertex 48.7579 -15.24 5.1
    endloop
  endfacet
  facet normal 0.946915 0.321484 0
    outer loop
      vertex 48.7579 -15.24 1.7
      vertex 48.8294 -15.4506 5.1
      vertex 48.8294 -15.4506 1.7
    endloop
  endfacet
  facet normal 0.997872 -0.0652057 0
    outer loop
      vertex 48.7 -14.8 5.1
      vertex 48.7145 -14.5781 1.7
      vertex 48.7145 -14.5781 5.1
    endloop
  endfacet
  facet normal 0.997872 -0.0652057 0
    outer loop
      vertex 48.7145 -14.5781 1.7
      vertex 48.7 -14.8 5.1
      vertex 48.7 -14.8 1.7
    endloop
  endfacet
  facet normal 0.659268 -0.751908 0
    outer loop
      vertex 49.1979 -13.5979 1.7
      vertex 49.3651 -13.4513 5.1
      vertex 49.1979 -13.5979 5.1
    endloop
  endfacet
  facet normal 0.659268 -0.751908 0
    outer loop
      vertex 49.3651 -13.4513 5.1
      vertex 49.1979 -13.5979 1.7
      vertex 49.3651 -13.4513 1.7
    endloop
  endfacet
  facet normal -0.321484 0.946915 0
    outer loop
      vertex 51.0506 -16.3706 1.7
      vertex 50.84 -16.4421 5.1
      vertex 51.0506 -16.3706 5.1
    endloop
  endfacet
  facet normal -0.321484 0.946915 0
    outer loop
      vertex 50.84 -16.4421 5.1
      vertex 51.0506 -16.3706 1.7
      vertex 50.84 -16.4421 1.7
    endloop
  endfacet
  facet normal -0.751908 0.659268 0
    outer loop
      vertex 51.6021 -16.0021 1.7
      vertex 51.7487 -15.8349 5.1
      vertex 51.7487 -15.8349 1.7
    endloop
  endfacet
  facet normal -0.751908 0.659268 0
    outer loop
      vertex 51.7487 -15.8349 5.1
      vertex 51.6021 -16.0021 1.7
      vertex 51.6021 -16.0021 5.1
    endloop
  endfacet
  facet normal -0.946915 0.321484 0
    outer loop
      vertex 51.9706 -15.4506 1.7
      vertex 52.0421 -15.24 5.1
      vertex 52.0421 -15.24 1.7
    endloop
  endfacet
  facet normal -0.946915 0.321484 0
    outer loop
      vertex 52.0421 -15.24 5.1
      vertex 51.9706 -15.4506 1.7
      vertex 51.9706 -15.4506 5.1
    endloop
  endfacet
  facet normal 0.321484 0.946915 -0
    outer loop
      vertex 49.96 -16.4421 1.7
      vertex 49.7494 -16.3706 5.1
      vertex 49.96 -16.4421 5.1
    endloop
  endfacet
  facet normal 0.321484 0.946915 0
    outer loop
      vertex 49.7494 -16.3706 5.1
      vertex 49.96 -16.4421 1.7
      vertex 49.7494 -16.3706 1.7
    endloop
  endfacet
  facet normal 0.98077 -0.195165 0
    outer loop
      vertex 48.7145 -14.5781 5.1
      vertex 48.7579 -14.36 1.7
      vertex 48.7579 -14.36 5.1
    endloop
  endfacet
  facet normal 0.98077 -0.195165 0
    outer loop
      vertex 48.7579 -14.36 1.7
      vertex 48.7145 -14.5781 5.1
      vertex 48.7145 -14.5781 1.7
    endloop
  endfacet
  facet normal 0.195165 -0.98077 0
    outer loop
      vertex 49.96 -13.1579 1.7
      vertex 50.1781 -13.1145 5.1
      vertex 49.96 -13.1579 5.1
    endloop
  endfacet
  facet normal 0.195165 -0.98077 0
    outer loop
      vertex 50.1781 -13.1145 5.1
      vertex 49.96 -13.1579 1.7
      vertex 50.1781 -13.1145 1.7
    endloop
  endfacet
  facet normal -0.0652057 -0.997872 0
    outer loop
      vertex 50.4 -13.1 1.7
      vertex 50.6219 -13.1145 5.1
      vertex 50.4 -13.1 5.1
    endloop
  endfacet
  facet normal -0.0652057 -0.997872 -0
    outer loop
      vertex 50.6219 -13.1145 5.1
      vertex 50.4 -13.1 1.7
      vertex 50.6219 -13.1145 1.7
    endloop
  endfacet
  facet normal 0.98077 0.195165 0
    outer loop
      vertex 48.7579 -15.24 5.1
      vertex 48.7145 -15.0219 1.7
      vertex 48.7145 -15.0219 5.1
    endloop
  endfacet
  facet normal 0.98077 0.195165 0
    outer loop
      vertex 48.7145 -15.0219 1.7
      vertex 48.7579 -15.24 5.1
      vertex 48.7579 -15.24 1.7
    endloop
  endfacet
  facet normal -0.0652057 0.997872 0
    outer loop
      vertex 50.6219 -16.4855 1.7
      vertex 50.4 -16.5 5.1
      vertex 50.6219 -16.4855 5.1
    endloop
  endfacet
  facet normal -0.0652057 0.997872 0
    outer loop
      vertex 50.4 -16.5 5.1
      vertex 50.6219 -16.4855 1.7
      vertex 50.4 -16.5 1.7
    endloop
  endfacet
  facet normal 0.555426 -0.831566 0
    outer loop
      vertex 49.3651 -13.4513 1.7
      vertex 49.55 -13.3278 5.1
      vertex 49.3651 -13.4513 5.1
    endloop
  endfacet
  facet normal 0.555426 -0.831566 0
    outer loop
      vertex 49.55 -13.3278 5.1
      vertex 49.3651 -13.4513 1.7
      vertex 49.55 -13.3278 1.7
    endloop
  endfacet
  facet normal 0.321484 -0.946915 0
    outer loop
      vertex 49.7494 -13.2294 1.7
      vertex 49.96 -13.1579 5.1
      vertex 49.7494 -13.2294 5.1
    endloop
  endfacet
  facet normal 0.321484 -0.946915 0
    outer loop
      vertex 49.96 -13.1579 5.1
      vertex 49.7494 -13.2294 1.7
      vertex 49.96 -13.1579 1.7
    endloop
  endfacet
  facet normal -0.896754 -0.44253 0
    outer loop
      vertex 51.9706 -14.1494 1.7
      vertex 51.8722 -13.95 5.1
      vertex 51.8722 -13.95 1.7
    endloop
  endfacet
  facet normal -0.896754 -0.44253 0
    outer loop
      vertex 51.8722 -13.95 5.1
      vertex 51.9706 -14.1494 1.7
      vertex 51.9706 -14.1494 5.1
    endloop
  endfacet
  facet normal -0.708116 0.0544705 -0.703992
    outer loop
      vertex 53.79 -14.8013 0
      vertex 52.1 -14.8 1.7
      vertex 53.7901 -14.8 0
    endloop
  endfacet
  facet normal -0.708412 0.046291 -0.70428
    outer loop
      vertex 52.1 -14.8 1.7
      vertex 53.79 -14.8013 0
      vertex 52.0855 -15.0219 1.7
    endloop
  endfacet
  facet normal -0.673632 0.224544 -0.70413
    outer loop
      vertex 51.9706 -15.4506 1.7
      vertex 53.5324 -16.0961 0
      vertex 53.532 -16.0973 0
    endloop
  endfacet
  facet normal -0.672252 0.228234 -0.704263
    outer loop
      vertex 53.5324 -16.0961 0
      vertex 51.9706 -15.4506 1.7
      vertex 52.0421 -15.24 1.7
    endloop
  endfacet
  facet normal -0.0462908 -0.708408 -0.704283
    outer loop
      vertex 50.4 -11.4099 0
      vertex 50.6219 -13.1145 1.7
      vertex 50.4 -13.1 1.7
    endloop
  endfacet
  facet normal -0.0464271 -0.708413 -0.70427
    outer loop
      vertex 50.6219 -13.1145 1.7
      vertex 50.4 -11.4099 0
      vertex 50.8425 -11.4389 0
    endloop
  endfacet
  facet normal -0.22815 0.672282 -0.704262
    outer loop
      vertex 51.2774 -18.0745 0
      vertex 51.0506 -16.3706 1.7
      vertex 51.6973 -17.932 0
    endloop
  endfacet
  facet normal -0.228237 0.672261 -0.704253
    outer loop
      vertex 51.0506 -16.3706 1.7
      vertex 51.2774 -18.0745 0
      vertex 50.84 -16.4421 1.7
    endloop
  endfacet
  facet normal 0.672278 0.22816 -0.704262
    outer loop
      vertex 48.8294 -15.4506 1.7
      vertex 47.268 -16.0973 0
      vertex 47.1259 -15.6786 0
    endloop
  endfacet
  facet normal -0.501475 0.501475 -0.705015
    outer loop
      vertex 51.6021 -16.0021 1.7
      vertex 52.798 -17.1962 0
      vertex 52.7971 -17.1971 0
    endloop
  endfacet
  facet normal -0.533804 0.468036 -0.704269
    outer loop
      vertex 52.798 -17.1962 0
      vertex 51.6021 -16.0021 1.7
      vertex 51.7487 -15.8349 1.7
    endloop
  endfacet
  facet normal -0.696286 -0.138555 -0.704265
    outer loop
      vertex 52.0421 -14.36 1.7
      vertex 53.6748 -13.9239 0
      vertex 52.0855 -14.5781 1.7
    endloop
  endfacet
  facet normal -0.691242 -0.159517 -0.704797
    outer loop
      vertex 53.6748 -13.9239 0
      vertex 52.0421 -14.36 1.7
      vertex 53.6745 -13.9226 0
    endloop
  endfacet
  facet normal -0.636732 0.31395 -0.704278
    outer loop
      vertex 53.5314 -16.0985 0
      vertex 53.3359 -16.495 0
      vertex 51.8722 -15.65 1.7
    endloop
  endfacet
  facet normal 0.468183 -0.53369 -0.704258
    outer loop
      vertex 48.3353 -12.1113 0
      vertex 49.1979 -13.5979 1.7
      vertex 48.0029 -12.4029 0
    endloop
  endfacet
  facet normal -0.15983 0.692596 -0.703395
    outer loop
      vertex 50.6219 -16.4855 1.7
      vertex 50.8438 -18.1608 0
      vertex 50.8425 -18.1611 0
    endloop
  endfacet
  facet normal -0.138556 0.696291 -0.70426
    outer loop
      vertex 50.8438 -18.1608 0
      vertex 50.6219 -16.4855 1.7
      vertex 50.84 -16.4421 1.7
    endloop
  endfacet
  facet normal -0.468183 -0.53369 -0.704258
    outer loop
      vertex 52.4647 -12.1113 0
      vertex 52.7971 -12.4029 0
      vertex 51.6021 -13.5979 1.7
    endloop
  endfacet
  facet normal 0.313891 0.636774 -0.704266
    outer loop
      vertex 49.7494 -16.3706 1.7
      vertex 49.1027 -17.932 0
      vertex 48.7061 -17.7365 0
    endloop
  endfacet
  facet normal 0.622667 0.339636 -0.704935
    outer loop
      vertex 47.4635 -16.4939 0
      vertex 48.9278 -15.65 1.7
      vertex 47.4641 -16.495 0
    endloop
  endfacet
  facet normal 0.636611 0.314155 -0.704297
    outer loop
      vertex 48.9278 -15.65 1.7
      vertex 47.4635 -16.4939 0
      vertex 48.8294 -15.4506 1.7
    endloop
  endfacet
  facet normal 0.228162 -0.672284 -0.704256
    outer loop
      vertex 49.5226 -11.5255 0
      vertex 49.96 -13.1579 1.7
      vertex 49.1039 -11.6676 0
    endloop
  endfacet
  facet normal 0.314173 -0.636648 -0.704255
    outer loop
      vertex 49.1015 -11.6686 0
      vertex 49.7494 -13.2294 1.7
      vertex 49.55 -13.3278 1.7
    endloop
  endfacet
  facet normal 0.317554 -0.635108 -0.704129
    outer loop
      vertex 49.7494 -13.2294 1.7
      vertex 49.1015 -11.6686 0
      vertex 49.1027 -11.668 0
    endloop
  endfacet
  facet normal -0.636732 -0.31395 -0.704278
    outer loop
      vertex 53.3359 -13.105 0
      vertex 53.5314 -13.5015 0
      vertex 51.8722 -13.95 1.7
    endloop
  endfacet
  facet normal -0.394425 0.590273 -0.704277
    outer loop
      vertex 52.4627 -17.4902 0
      vertex 52.095 -17.7359 0
      vertex 51.25 -16.2722 1.7
    endloop
  endfacet
  facet normal -0.468032 -0.533799 -0.704276
    outer loop
      vertex 51.4349 -13.4513 1.7
      vertex 52.4647 -12.1113 0
      vertex 51.6021 -13.5979 1.7
    endloop
  endfacet
  facet normal -0.44307 -0.553837 -0.70495
    outer loop
      vertex 52.4647 -12.1113 0
      vertex 51.4349 -13.4513 1.7
      vertex 52.4637 -12.1105 0
    endloop
  endfacet
  facet normal 0.394318 0.59036 -0.704264
    outer loop
      vertex 48.3373 -17.4902 0
      vertex 49.3651 -16.1487 1.7
      vertex 49.55 -16.2722 1.7
    endloop
  endfacet
  facet normal 0.406884 0.581263 -0.704683
    outer loop
      vertex 49.3651 -16.1487 1.7
      vertex 48.3373 -17.4902 0
      vertex 48.3363 -17.4895 0
    endloop
  endfacet
  facet normal -0.672284 0.228162 -0.704256
    outer loop
      vertex 53.6745 -15.6774 0
      vertex 53.5324 -16.0961 0
      vertex 52.0421 -15.24 1.7
    endloop
  endfacet
  facet normal 0.636611 -0.314155 -0.704297
    outer loop
      vertex 47.4635 -13.1061 0
      vertex 48.9278 -13.95 1.7
      vertex 48.8294 -14.1494 1.7
    endloop
  endfacet
  facet normal 0.622667 -0.339636 -0.704935
    outer loop
      vertex 48.9278 -13.95 1.7
      vertex 47.4635 -13.1061 0
      vertex 47.4641 -13.105 0
    endloop
  endfacet
  facet normal -0.635108 -0.317554 -0.704129
    outer loop
      vertex 51.9706 -14.1494 1.7
      vertex 53.5314 -13.5015 0
      vertex 53.532 -13.5027 0
    endloop
  endfacet
  facet normal -0.636648 -0.314173 -0.704255
    outer loop
      vertex 53.5314 -13.5015 0
      vertex 51.9706 -14.1494 1.7
      vertex 51.8722 -13.95 1.7
    endloop
  endfacet
  facet normal -0.672284 -0.228162 -0.704256
    outer loop
      vertex 53.5324 -13.5039 0
      vertex 53.6745 -13.9226 0
      vertex 52.0421 -14.36 1.7
    endloop
  endfacet
  facet normal -0.708415 0.0464034 -0.704269
    outer loop
      vertex 53.79 -14.8013 0
      vertex 53.7611 -15.2425 0
      vertex 52.0855 -15.0219 1.7
    endloop
  endfacet
  facet normal -0.339636 0.622667 -0.704935
    outer loop
      vertex 52.0939 -17.7365 0
      vertex 51.25 -16.2722 1.7
      vertex 52.095 -17.7359 0
    endloop
  endfacet
  facet normal -0.314155 0.636611 -0.704297
    outer loop
      vertex 51.25 -16.2722 1.7
      vertex 52.0939 -17.7365 0
      vertex 51.0506 -16.3706 1.7
    endloop
  endfacet
  facet normal 0.468032 -0.533799 -0.704276
    outer loop
      vertex 48.3353 -12.1113 0
      vertex 49.3651 -13.4513 1.7
      vertex 49.1979 -13.5979 1.7
    endloop
  endfacet
  facet normal 0.44307 -0.553837 -0.70495
    outer loop
      vertex 49.3651 -13.4513 1.7
      vertex 48.3353 -12.1113 0
      vertex 48.3363 -12.1105 0
    endloop
  endfacet
  facet normal 0.228234 -0.672252 -0.704263
    outer loop
      vertex 49.7494 -13.2294 1.7
      vertex 49.1039 -11.6676 0
      vertex 49.96 -13.1579 1.7
    endloop
  endfacet
  facet normal 0.224544 -0.673632 -0.70413
    outer loop
      vertex 49.1039 -11.6676 0
      vertex 49.7494 -13.2294 1.7
      vertex 49.1027 -11.668 0
    endloop
  endfacet
  facet normal 0.67226 0.228236 -0.704255
    outer loop
      vertex 47.1259 -15.6786 0
      vertex 48.7579 -15.24 1.7
      vertex 48.8294 -15.4506 1.7
    endloop
  endfacet
  facet normal 0.6734 0.224467 -0.704377
    outer loop
      vertex 48.7579 -15.24 1.7
      vertex 47.1259 -15.6786 0
      vertex 47.1255 -15.6774 0
    endloop
  endfacet
  facet normal -0.533834 0.468008 -0.704265
    outer loop
      vertex 53.0895 -16.8637 0
      vertex 52.798 -17.1962 0
      vertex 51.7487 -15.8349 1.7
    endloop
  endfacet
  facet normal -0.672252 -0.228234 -0.704263
    outer loop
      vertex 51.9706 -14.1494 1.7
      vertex 53.5324 -13.5039 0
      vertex 52.0421 -14.36 1.7
    endloop
  endfacet
  facet normal -0.673632 -0.224544 -0.70413
    outer loop
      vertex 53.5324 -13.5039 0
      vertex 51.9706 -14.1494 1.7
      vertex 53.532 -13.5027 0
    endloop
  endfacet
  facet normal -0.590251 0.394461 -0.704276
    outer loop
      vertex 53.0895 -16.8637 0
      vertex 51.8722 -15.65 1.7
      vertex 53.3359 -16.495 0
    endloop
  endfacet
  facet normal -0.590365 0.394322 -0.704258
    outer loop
      vertex 51.8722 -15.65 1.7
      vertex 53.0895 -16.8637 0
      vertex 51.7487 -15.8349 1.7
    endloop
  endfacet
  facet normal 0.0464034 0.708415 -0.704269
    outer loop
      vertex 50.1781 -16.4855 1.7
      vertex 50.3987 -18.19 0
      vertex 49.9575 -18.1611 0
    endloop
  endfacet
  facet normal -0.138581 -0.696278 -0.704267
    outer loop
      vertex 50.8425 -11.4389 0
      vertex 51.2761 -11.5252 0
      vertex 50.6219 -13.1145 1.7
    endloop
  endfacet
  facet normal -0.708413 -0.0464271 -0.70427
    outer loop
      vertex 53.7901 -14.8 0
      vertex 52.0855 -14.5781 1.7
      vertex 53.7611 -14.3575 0
    endloop
  endfacet
  facet normal -0.708408 -0.0462908 -0.704283
    outer loop
      vertex 52.0855 -14.5781 1.7
      vertex 53.7901 -14.8 0
      vertex 52.1 -14.8 1.7
    endloop
  endfacet
  facet normal -0.53369 -0.468183 -0.704258
    outer loop
      vertex 52.7971 -12.4029 0
      vertex 53.0887 -12.7353 0
      vertex 51.6021 -13.5979 1.7
    endloop
  endfacet
  facet normal 0.394425 -0.590273 -0.704277
    outer loop
      vertex 48.705 -11.8641 0
      vertex 49.55 -13.3278 1.7
      vertex 48.3373 -12.1098 0
    endloop
  endfacet
  facet normal -0.553837 -0.44307 -0.70495
    outer loop
      vertex 51.7487 -13.7651 1.7
      vertex 53.0887 -12.7353 0
      vertex 53.0895 -12.7363 0
    endloop
  endfacet
  facet normal -0.533799 -0.468032 -0.704276
    outer loop
      vertex 53.0887 -12.7353 0
      vertex 51.7487 -13.7651 1.7
      vertex 51.6021 -13.5979 1.7
    endloop
  endfacet
  facet normal -0.31395 -0.636732 -0.704278
    outer loop
      vertex 51.6985 -11.6686 0
      vertex 52.095 -11.8641 0
      vertex 51.25 -13.3278 1.7
    endloop
  endfacet
  facet normal 0.533799 -0.468032 -0.704276
    outer loop
      vertex 49.0513 -13.7651 1.7
      vertex 47.7113 -12.7353 0
      vertex 49.1979 -13.5979 1.7
    endloop
  endfacet
  facet normal 0.553837 -0.44307 -0.70495
    outer loop
      vertex 47.7113 -12.7353 0
      vertex 49.0513 -13.7651 1.7
      vertex 47.7105 -12.7363 0
    endloop
  endfacet
  facet normal 0.708116 0.0544705 -0.703992
    outer loop
      vertex 48.7 -14.8 1.7
      vertex 47.01 -14.8013 0
      vertex 47.0099 -14.8 0
    endloop
  endfacet
  facet normal 0.708412 0.046291 -0.70428
    outer loop
      vertex 47.01 -14.8013 0
      vertex 48.7 -14.8 1.7
      vertex 48.7145 -15.0219 1.7
    endloop
  endfacet
  facet normal 0.708415 0.0464034 -0.704269
    outer loop
      vertex 48.7145 -15.0219 1.7
      vertex 47.0389 -15.2425 0
      vertex 47.01 -14.8013 0
    endloop
  endfacet
  facet normal 0.636774 0.313891 -0.704266
    outer loop
      vertex 48.8294 -15.4506 1.7
      vertex 47.4635 -16.4939 0
      vertex 47.268 -16.0973 0
    endloop
  endfacet
  facet normal 0.468183 0.53369 -0.704258
    outer loop
      vertex 49.1979 -16.0021 1.7
      vertex 48.3353 -17.4887 0
      vertex 48.0029 -17.1971 0
    endloop
  endfacet
  facet normal -0.138583 0.696288 -0.704257
    outer loop
      vertex 51.2774 -18.0745 0
      vertex 50.8438 -18.1608 0
      vertex 50.84 -16.4421 1.7
    endloop
  endfacet
  facet normal -0.313891 0.636774 -0.704266
    outer loop
      vertex 52.0939 -17.7365 0
      vertex 51.6973 -17.932 0
      vertex 51.0506 -16.3706 1.7
    endloop
  endfacet
  facet normal -0.224544 -0.673632 -0.70413
    outer loop
      vertex 51.0506 -13.2294 1.7
      vertex 51.6961 -11.6676 0
      vertex 51.6973 -11.668 0
    endloop
  endfacet
  facet normal -0.228234 -0.672252 -0.704263
    outer loop
      vertex 51.6961 -11.6676 0
      vertex 51.0506 -13.2294 1.7
      vertex 50.84 -13.1579 1.7
    endloop
  endfacet
  facet normal 0.533834 0.468008 -0.704265
    outer loop
      vertex 49.0513 -15.8349 1.7
      vertex 48.002 -17.1962 0
      vertex 47.7105 -16.8637 0
    endloop
  endfacet
  facet normal -0.314173 -0.636648 -0.704255
    outer loop
      vertex 51.0506 -13.2294 1.7
      vertex 51.6985 -11.6686 0
      vertex 51.25 -13.3278 1.7
    endloop
  endfacet
  facet normal -0.317554 -0.635108 -0.704129
    outer loop
      vertex 51.6985 -11.6686 0
      vertex 51.0506 -13.2294 1.7
      vertex 51.6973 -11.668 0
    endloop
  endfacet
  facet normal -0.590251 -0.394461 -0.704276
    outer loop
      vertex 51.8722 -13.95 1.7
      vertex 53.0895 -12.7363 0
      vertex 53.3359 -13.105 0
    endloop
  endfacet
  facet normal -0.590365 -0.394322 -0.704258
    outer loop
      vertex 53.0895 -12.7363 0
      vertex 51.8722 -13.95 1.7
      vertex 51.7487 -13.7651 1.7
    endloop
  endfacet
  facet normal 0.138556 -0.696291 -0.70426
    outer loop
      vertex 49.9562 -11.4392 0
      vertex 50.1781 -13.1145 1.7
      vertex 49.96 -13.1579 1.7
    endloop
  endfacet
  facet normal 0.15983 -0.692596 -0.703395
    outer loop
      vertex 50.1781 -13.1145 1.7
      vertex 49.9562 -11.4392 0
      vertex 49.9575 -11.4389 0
    endloop
  endfacet
  facet normal 0.696286 -0.138555 -0.704265
    outer loop
      vertex 47.1252 -13.9239 0
      vertex 48.7579 -14.36 1.7
      vertex 48.7145 -14.5781 1.7
    endloop
  endfacet
  facet normal 0.691242 -0.159517 -0.704797
    outer loop
      vertex 48.7579 -14.36 1.7
      vertex 47.1252 -13.9239 0
      vertex 47.1255 -13.9226 0
    endloop
  endfacet
  facet normal 0.696278 0.138581 -0.704267
    outer loop
      vertex 48.7145 -15.0219 1.7
      vertex 47.1252 -15.6761 0
      vertex 47.0389 -15.2425 0
    endloop
  endfacet
  facet normal -0.635108 0.317554 -0.704129
    outer loop
      vertex 53.5314 -16.0985 0
      vertex 51.9706 -15.4506 1.7
      vertex 53.532 -16.0973 0
    endloop
  endfacet
  facet normal -0.636648 0.314173 -0.704255
    outer loop
      vertex 51.9706 -15.4506 1.7
      vertex 53.5314 -16.0985 0
      vertex 51.8722 -15.65 1.7
    endloop
  endfacet
  facet normal -0.696267 0.138645 -0.704265
    outer loop
      vertex 53.6745 -15.6774 0
      vertex 52.0855 -15.0219 1.7
      vertex 53.7611 -15.2425 0
    endloop
  endfacet
  facet normal -0.696294 0.138556 -0.704256
    outer loop
      vertex 52.0855 -15.0219 1.7
      vertex 53.6745 -15.6774 0
      vertex 52.0421 -15.24 1.7
    endloop
  endfacet
  facet normal -0.696278 -0.138581 -0.704267
    outer loop
      vertex 53.6748 -13.9239 0
      vertex 53.7611 -14.3575 0
      vertex 52.0855 -14.5781 1.7
    endloop
  endfacet
  facet normal 0.501475 0.501475 -0.705015
    outer loop
      vertex 48.002 -17.1962 0
      vertex 49.1979 -16.0021 1.7
      vertex 48.0029 -17.1971 0
    endloop
  endfacet
  facet normal 0.533804 0.468036 -0.704269
    outer loop
      vertex 49.1979 -16.0021 1.7
      vertex 48.002 -17.1962 0
      vertex 49.0513 -15.8349 1.7
    endloop
  endfacet
  facet normal -0 -0.712199 -0.701977
    outer loop
      vertex 49.9588 -11.4389 0
      vertex 50.1781 -13.1145 1.7
      vertex 49.9575 -11.4389 0
    endloop
  endfacet
  facet normal 0.0462931 -0.708444 -0.704247
    outer loop
      vertex 50.1781 -13.1145 1.7
      vertex 49.9588 -11.4389 0
      vertex 50.4 -13.1 1.7
    endloop
  endfacet
  facet normal 0.228237 0.672261 -0.704253
    outer loop
      vertex 49.5226 -18.0745 0
      vertex 49.7494 -16.3706 1.7
      vertex 49.96 -16.4421 1.7
    endloop
  endfacet
  facet normal 0.22815 0.672282 -0.704262
    outer loop
      vertex 49.7494 -16.3706 1.7
      vertex 49.5226 -18.0745 0
      vertex 49.1027 -17.932 0
    endloop
  endfacet
  facet normal 0.53369 -0.468183 -0.704258
    outer loop
      vertex 48.0029 -12.4029 0
      vertex 49.1979 -13.5979 1.7
      vertex 47.7113 -12.7353 0
    endloop
  endfacet
  facet normal -0.159517 -0.691242 -0.704797
    outer loop
      vertex 50.84 -13.1579 1.7
      vertex 51.2761 -11.5252 0
      vertex 51.2774 -11.5255 0
    endloop
  endfacet
  facet normal -0.138555 -0.696286 -0.704265
    outer loop
      vertex 51.2761 -11.5252 0
      vertex 50.84 -13.1579 1.7
      vertex 50.6219 -13.1145 1.7
    endloop
  endfacet
  facet normal 0.314155 0.636611 -0.704297
    outer loop
      vertex 48.7061 -17.7365 0
      vertex 49.55 -16.2722 1.7
      vertex 49.7494 -16.3706 1.7
    endloop
  endfacet
  facet normal 0.339636 0.622667 -0.704935
    outer loop
      vertex 49.55 -16.2722 1.7
      vertex 48.7061 -17.7365 0
      vertex 48.705 -17.7359 0
    endloop
  endfacet
  facet normal 0.394318 -0.59036 -0.704264
    outer loop
      vertex 49.3651 -13.4513 1.7
      vertex 48.3373 -12.1098 0
      vertex 49.55 -13.3278 1.7
    endloop
  endfacet
  facet normal 0.406884 -0.581263 -0.704683
    outer loop
      vertex 48.3373 -12.1098 0
      vertex 49.3651 -13.4513 1.7
      vertex 48.3363 -12.1105 0
    endloop
  endfacet
  facet normal 0.138583 0.696288 -0.704257
    outer loop
      vertex 49.96 -16.4421 1.7
      vertex 49.9562 -18.1608 0
      vertex 49.5226 -18.0745 0
    endloop
  endfacet
  facet normal -0.228162 -0.672284 -0.704256
    outer loop
      vertex 51.2774 -11.5255 0
      vertex 51.6961 -11.6676 0
      vertex 50.84 -13.1579 1.7
    endloop
  endfacet
  facet normal -0.468183 0.53369 -0.704258
    outer loop
      vertex 52.7971 -17.1971 0
      vertex 52.4647 -17.4887 0
      vertex 51.6021 -16.0021 1.7
    endloop
  endfacet
  facet normal 0.636774 -0.313891 -0.704266
    outer loop
      vertex 47.4635 -13.1061 0
      vertex 48.8294 -14.1494 1.7
      vertex 47.268 -13.5027 0
    endloop
  endfacet
  facet normal 0.672278 -0.22816 -0.704262
    outer loop
      vertex 47.268 -13.5027 0
      vertex 48.8294 -14.1494 1.7
      vertex 47.1259 -13.9214 0
    endloop
  endfacet
  facet normal 0.046563 -0.7084 -0.704274
    outer loop
      vertex 50.4 -11.4099 0
      vertex 50.4 -13.1 1.7
      vertex 49.9588 -11.4389 0
    endloop
  endfacet
  facet normal 0.708408 -0.0462908 -0.704283
    outer loop
      vertex 47.0099 -14.8 0
      vertex 48.7145 -14.5781 1.7
      vertex 48.7 -14.8 1.7
    endloop
  endfacet
  facet normal 0.708413 -0.0464271 -0.70427
    outer loop
      vertex 48.7145 -14.5781 1.7
      vertex 47.0099 -14.8 0
      vertex 47.0389 -14.3575 0
    endloop
  endfacet
  facet normal -0.046291 0.708412 -0.70428
    outer loop
      vertex 50.4013 -18.19 0
      vertex 50.4 -16.5 1.7
      vertex 50.6219 -16.4855 1.7
    endloop
  endfacet
  facet normal -0.0544705 0.708116 -0.703992
    outer loop
      vertex 50.4 -16.5 1.7
      vertex 50.4013 -18.19 0
      vertex 50.4 -18.1901 0
    endloop
  endfacet
  facet normal -0.0464034 0.708415 -0.704269
    outer loop
      vertex 50.6219 -16.4855 1.7
      vertex 50.8425 -18.1611 0
      vertex 50.4013 -18.19 0
    endloop
  endfacet
  facet normal 0.394425 0.590273 -0.704277
    outer loop
      vertex 49.55 -16.2722 1.7
      vertex 48.705 -17.7359 0
      vertex 48.3373 -17.4902 0
    endloop
  endfacet
  facet normal 0.138583 -0.696288 -0.704257
    outer loop
      vertex 49.9562 -11.4392 0
      vertex 49.96 -13.1579 1.7
      vertex 49.5226 -11.5255 0
    endloop
  endfacet
  facet normal 0.590365 0.394322 -0.704258
    outer loop
      vertex 47.7105 -16.8637 0
      vertex 48.9278 -15.65 1.7
      vertex 49.0513 -15.8349 1.7
    endloop
  endfacet
  facet normal 0.590251 0.394461 -0.704276
    outer loop
      vertex 48.9278 -15.65 1.7
      vertex 47.7105 -16.8637 0
      vertex 47.4641 -16.495 0
    endloop
  endfacet
  facet normal -0.394425 -0.590273 -0.704277
    outer loop
      vertex 52.095 -11.8641 0
      vertex 52.4627 -12.1098 0
      vertex 51.25 -13.3278 1.7
    endloop
  endfacet
  facet normal 0.696278 -0.138581 -0.704267
    outer loop
      vertex 47.1252 -13.9239 0
      vertex 48.7145 -14.5781 1.7
      vertex 47.0389 -14.3575 0
    endloop
  endfacet
  facet normal 0.44307 0.553837 -0.70495
    outer loop
      vertex 48.3353 -17.4887 0
      vertex 49.3651 -16.1487 1.7
      vertex 48.3363 -17.4895 0
    endloop
  endfacet
  facet normal 0.468032 0.533799 -0.704276
    outer loop
      vertex 49.3651 -16.1487 1.7
      vertex 48.3353 -17.4887 0
      vertex 49.1979 -16.0021 1.7
    endloop
  endfacet
  facet normal -0.44307 0.553837 -0.70495
    outer loop
      vertex 51.4349 -16.1487 1.7
      vertex 52.4647 -17.4887 0
      vertex 52.4637 -17.4895 0
    endloop
  endfacet
  facet normal -0.468032 0.533799 -0.704276
    outer loop
      vertex 52.4647 -17.4887 0
      vertex 51.4349 -16.1487 1.7
      vertex 51.6021 -16.0021 1.7
    endloop
  endfacet
  facet normal 0.691242 0.159517 -0.704797
    outer loop
      vertex 47.1252 -15.6761 0
      vertex 48.7579 -15.24 1.7
      vertex 47.1255 -15.6774 0
    endloop
  endfacet
  facet normal 0.696286 0.138555 -0.704265
    outer loop
      vertex 48.7579 -15.24 1.7
      vertex 47.1252 -15.6761 0
      vertex 48.7145 -15.0219 1.7
    endloop
  endfacet
  facet normal 0.0544705 0.708116 -0.703992
    outer loop
      vertex 50.3987 -18.19 0
      vertex 50.4 -16.5 1.7
      vertex 50.4 -18.1901 0
    endloop
  endfacet
  facet normal 0.046291 0.708412 -0.70428
    outer loop
      vertex 50.4 -16.5 1.7
      vertex 50.3987 -18.19 0
      vertex 50.1781 -16.4855 1.7
    endloop
  endfacet
  facet normal 0.590365 -0.394322 -0.704258
    outer loop
      vertex 48.9278 -13.95 1.7
      vertex 47.7105 -12.7363 0
      vertex 49.0513 -13.7651 1.7
    endloop
  endfacet
  facet normal 0.590251 -0.394461 -0.704276
    outer loop
      vertex 47.7105 -12.7363 0
      vertex 48.9278 -13.95 1.7
      vertex 47.4641 -13.105 0
    endloop
  endfacet
  facet normal 0.31395 -0.636732 -0.704278
    outer loop
      vertex 49.1015 -11.6686 0
      vertex 49.55 -13.3278 1.7
      vertex 48.705 -11.8641 0
    endloop
  endfacet
  facet normal -0.406884 -0.581263 -0.704683
    outer loop
      vertex 51.4349 -13.4513 1.7
      vertex 52.4627 -12.1098 0
      vertex 52.4637 -12.1105 0
    endloop
  endfacet
  facet normal -0.394318 -0.59036 -0.704264
    outer loop
      vertex 52.4627 -12.1098 0
      vertex 51.4349 -13.4513 1.7
      vertex 51.25 -13.3278 1.7
    endloop
  endfacet
  facet normal 0.15983 0.692596 -0.703395
    outer loop
      vertex 49.9562 -18.1608 0
      vertex 50.1781 -16.4855 1.7
      vertex 49.9575 -18.1611 0
    endloop
  endfacet
  facet normal 0.138556 0.696291 -0.70426
    outer loop
      vertex 50.1781 -16.4855 1.7
      vertex 49.9562 -18.1608 0
      vertex 49.96 -16.4421 1.7
    endloop
  endfacet
  facet normal 0.67226 -0.228236 -0.704255
    outer loop
      vertex 48.7579 -14.36 1.7
      vertex 47.1259 -13.9214 0
      vertex 48.8294 -14.1494 1.7
    endloop
  endfacet
  facet normal 0.6734 -0.224467 -0.704377
    outer loop
      vertex 47.1259 -13.9214 0
      vertex 48.7579 -14.36 1.7
      vertex 47.1255 -13.9226 0
    endloop
  endfacet
  facet normal -0.406884 0.581263 -0.704683
    outer loop
      vertex 52.4627 -17.4902 0
      vertex 51.4349 -16.1487 1.7
      vertex 52.4637 -17.4895 0
    endloop
  endfacet
  facet normal -0.394318 0.59036 -0.704264
    outer loop
      vertex 51.4349 -16.1487 1.7
      vertex 52.4627 -17.4902 0
      vertex 51.25 -16.2722 1.7
    endloop
  endfacet
  facet normal -0.98077 0.195165 0
    outer loop
      vertex 52.0421 -93.24 1.7
      vertex 52.0855 -93.0219 5.1
      vertex 52.0855 -93.0219 1.7
    endloop
  endfacet
  facet normal -0.98077 0.195165 0
    outer loop
      vertex 52.0855 -93.0219 5.1
      vertex 52.0421 -93.24 1.7
      vertex 52.0421 -93.24 5.1
    endloop
  endfacet
  facet normal -0.997872 0.0652057 0
    outer loop
      vertex 52.0855 -93.0219 1.7
      vertex 52.1 -92.8 5.1
      vertex 52.1 -92.8 1.7
    endloop
  endfacet
  facet normal -0.997872 0.0652057 0
    outer loop
      vertex 52.1 -92.8 5.1
      vertex 52.0855 -93.0219 1.7
      vertex 52.0855 -93.0219 5.1
    endloop
  endfacet
  facet normal 0.195165 -0.98077 0
    outer loop
      vertex 49.96 -91.1579 1.7
      vertex 50.1781 -91.1145 5.1
      vertex 49.96 -91.1579 5.1
    endloop
  endfacet
  facet normal 0.195165 -0.98077 0
    outer loop
      vertex 50.1781 -91.1145 5.1
      vertex 49.96 -91.1579 1.7
      vertex 50.1781 -91.1145 1.7
    endloop
  endfacet
  facet normal -0.751908 0.659268 0
    outer loop
      vertex 51.6021 -94.0021 1.7
      vertex 51.7487 -93.8349 5.1
      vertex 51.7487 -93.8349 1.7
    endloop
  endfacet
  facet normal -0.751908 0.659268 0
    outer loop
      vertex 51.7487 -93.8349 5.1
      vertex 51.6021 -94.0021 1.7
      vertex 51.6021 -94.0021 5.1
    endloop
  endfacet
  facet normal 0.0652057 -0.997872 0
    outer loop
      vertex 50.1781 -91.1145 1.7
      vertex 50.4 -91.1 5.1
      vertex 50.1781 -91.1145 5.1
    endloop
  endfacet
  facet normal 0.0652057 -0.997872 0
    outer loop
      vertex 50.4 -91.1 5.1
      vertex 50.1781 -91.1145 1.7
      vertex 50.4 -91.1 1.7
    endloop
  endfacet
  facet normal -0.659268 0.751908 0
    outer loop
      vertex 51.6021 -94.0021 1.7
      vertex 51.4349 -94.1487 5.1
      vertex 51.6021 -94.0021 5.1
    endloop
  endfacet
  facet normal -0.659268 0.751908 0
    outer loop
      vertex 51.4349 -94.1487 5.1
      vertex 51.6021 -94.0021 1.7
      vertex 51.4349 -94.1487 1.7
    endloop
  endfacet
  facet normal -0.555426 -0.831566 0
    outer loop
      vertex 51.25 -91.3278 1.7
      vertex 51.4349 -91.4513 5.1
      vertex 51.25 -91.3278 5.1
    endloop
  endfacet
  facet normal -0.555426 -0.831566 -0
    outer loop
      vertex 51.4349 -91.4513 5.1
      vertex 51.25 -91.3278 1.7
      vertex 51.4349 -91.4513 1.7
    endloop
  endfacet
  facet normal -0.195165 -0.98077 0
    outer loop
      vertex 50.6219 -91.1145 1.7
      vertex 50.84 -91.1579 5.1
      vertex 50.6219 -91.1145 5.1
    endloop
  endfacet
  facet normal -0.195165 -0.98077 -0
    outer loop
      vertex 50.84 -91.1579 5.1
      vertex 50.6219 -91.1145 1.7
      vertex 50.84 -91.1579 1.7
    endloop
  endfacet
  facet normal 0.195165 0.98077 -0
    outer loop
      vertex 50.1781 -94.4855 1.7
      vertex 49.96 -94.4421 5.1
      vertex 50.1781 -94.4855 5.1
    endloop
  endfacet
  facet normal 0.195165 0.98077 0
    outer loop
      vertex 49.96 -94.4421 5.1
      vertex 50.1781 -94.4855 1.7
      vertex 49.96 -94.4421 1.7
    endloop
  endfacet
  facet normal 0.896754 0.44253 0
    outer loop
      vertex 48.9278 -93.65 5.1
      vertex 48.8294 -93.4506 1.7
      vertex 48.8294 -93.4506 5.1
    endloop
  endfacet
  facet normal 0.896754 0.44253 0
    outer loop
      vertex 48.8294 -93.4506 1.7
      vertex 48.9278 -93.65 5.1
      vertex 48.9278 -93.65 1.7
    endloop
  endfacet
  facet normal -0.44253 -0.896754 0
    outer loop
      vertex 51.0506 -91.2294 1.7
      vertex 51.25 -91.3278 5.1
      vertex 51.0506 -91.2294 5.1
    endloop
  endfacet
  facet normal -0.44253 -0.896754 -0
    outer loop
      vertex 51.25 -91.3278 5.1
      vertex 51.0506 -91.2294 1.7
      vertex 51.25 -91.3278 1.7
    endloop
  endfacet
  facet normal -0.997872 -0.0652057 0
    outer loop
      vertex 52.1 -92.8 1.7
      vertex 52.0855 -92.5781 5.1
      vertex 52.0855 -92.5781 1.7
    endloop
  endfacet
  facet normal -0.997872 -0.0652057 0
    outer loop
      vertex 52.0855 -92.5781 5.1
      vertex 52.1 -92.8 1.7
      vertex 52.1 -92.8 5.1
    endloop
  endfacet
  facet normal 0.997872 0.0652057 0
    outer loop
      vertex 48.7145 -93.0219 5.1
      vertex 48.7 -92.8 1.7
      vertex 48.7 -92.8 5.1
    endloop
  endfacet
  facet normal 0.997872 0.0652057 0
    outer loop
      vertex 48.7 -92.8 1.7
      vertex 48.7145 -93.0219 5.1
      vertex 48.7145 -93.0219 1.7
    endloop
  endfacet
  facet normal 0.659268 -0.751908 0
    outer loop
      vertex 49.1979 -91.5979 1.7
      vertex 49.3651 -91.4513 5.1
      vertex 49.1979 -91.5979 5.1
    endloop
  endfacet
  facet normal 0.659268 -0.751908 0
    outer loop
      vertex 49.3651 -91.4513 5.1
      vertex 49.1979 -91.5979 1.7
      vertex 49.3651 -91.4513 1.7
    endloop
  endfacet
  facet normal -0.896754 0.44253 0
    outer loop
      vertex 51.8722 -93.65 1.7
      vertex 51.9706 -93.4506 5.1
      vertex 51.9706 -93.4506 1.7
    endloop
  endfacet
  facet normal -0.896754 0.44253 0
    outer loop
      vertex 51.9706 -93.4506 5.1
      vertex 51.8722 -93.65 1.7
      vertex 51.8722 -93.65 5.1
    endloop
  endfacet
  facet normal 0.831566 -0.555426 0
    outer loop
      vertex 48.9278 -91.95 5.1
      vertex 49.0513 -91.7651 1.7
      vertex 49.0513 -91.7651 5.1
    endloop
  endfacet
  facet normal 0.831566 -0.555426 0
    outer loop
      vertex 49.0513 -91.7651 1.7
      vertex 48.9278 -91.95 5.1
      vertex 48.9278 -91.95 1.7
    endloop
  endfacet
  facet normal -0.659268 -0.751908 0
    outer loop
      vertex 51.4349 -91.4513 1.7
      vertex 51.6021 -91.5979 5.1
      vertex 51.4349 -91.4513 5.1
    endloop
  endfacet
  facet normal -0.659268 -0.751908 -0
    outer loop
      vertex 51.6021 -91.5979 5.1
      vertex 51.4349 -91.4513 1.7
      vertex 51.6021 -91.5979 1.7
    endloop
  endfacet
  facet normal -0.44253 0.896754 0
    outer loop
      vertex 51.25 -94.2722 1.7
      vertex 51.0506 -94.3706 5.1
      vertex 51.25 -94.2722 5.1
    endloop
  endfacet
  facet normal -0.44253 0.896754 0
    outer loop
      vertex 51.0506 -94.3706 5.1
      vertex 51.25 -94.2722 1.7
      vertex 51.0506 -94.3706 1.7
    endloop
  endfacet
  facet normal 0.831566 0.555426 0
    outer loop
      vertex 49.0513 -93.8349 5.1
      vertex 48.9278 -93.65 1.7
      vertex 48.9278 -93.65 5.1
    endloop
  endfacet
  facet normal 0.831566 0.555426 0
    outer loop
      vertex 48.9278 -93.65 1.7
      vertex 49.0513 -93.8349 5.1
      vertex 49.0513 -93.8349 1.7
    endloop
  endfacet
  facet normal -0.751908 -0.659268 0
    outer loop
      vertex 51.7487 -91.7651 1.7
      vertex 51.6021 -91.5979 5.1
      vertex 51.6021 -91.5979 1.7
    endloop
  endfacet
  facet normal -0.751908 -0.659268 0
    outer loop
      vertex 51.6021 -91.5979 5.1
      vertex 51.7487 -91.7651 1.7
      vertex 51.7487 -91.7651 5.1
    endloop
  endfacet
  facet normal 0.896754 -0.44253 0
    outer loop
      vertex 48.8294 -92.1494 5.1
      vertex 48.9278 -91.95 1.7
      vertex 48.9278 -91.95 5.1
    endloop
  endfacet
  facet normal 0.896754 -0.44253 0
    outer loop
      vertex 48.9278 -91.95 1.7
      vertex 48.8294 -92.1494 5.1
      vertex 48.8294 -92.1494 1.7
    endloop
  endfacet
  facet normal 0.659268 0.751908 -0
    outer loop
      vertex 49.3651 -94.1487 1.7
      vertex 49.1979 -94.0021 5.1
      vertex 49.3651 -94.1487 5.1
    endloop
  endfacet
  facet normal 0.659268 0.751908 0
    outer loop
      vertex 49.1979 -94.0021 5.1
      vertex 49.3651 -94.1487 1.7
      vertex 49.1979 -94.0021 1.7
    endloop
  endfacet
  facet normal -0.555426 0.831566 0
    outer loop
      vertex 51.4349 -94.1487 1.7
      vertex 51.25 -94.2722 5.1
      vertex 51.4349 -94.1487 5.1
    endloop
  endfacet
  facet normal -0.555426 0.831566 0
    outer loop
      vertex 51.25 -94.2722 5.1
      vertex 51.4349 -94.1487 1.7
      vertex 51.25 -94.2722 1.7
    endloop
  endfacet
  facet normal -0.831566 0.555426 0
    outer loop
      vertex 51.7487 -93.8349 1.7
      vertex 51.8722 -93.65 5.1
      vertex 51.8722 -93.65 1.7
    endloop
  endfacet
  facet normal -0.831566 0.555426 0
    outer loop
      vertex 51.8722 -93.65 5.1
      vertex 51.7487 -93.8349 1.7
      vertex 51.7487 -93.8349 5.1
    endloop
  endfacet
  facet normal 0.98077 0.195165 0
    outer loop
      vertex 48.7579 -93.24 5.1
      vertex 48.7145 -93.0219 1.7
      vertex 48.7145 -93.0219 5.1
    endloop
  endfacet
  facet normal 0.98077 0.195165 0
    outer loop
      vertex 48.7145 -93.0219 1.7
      vertex 48.7579 -93.24 5.1
      vertex 48.7579 -93.24 1.7
    endloop
  endfacet
  facet normal -0.321484 -0.946915 0
    outer loop
      vertex 50.84 -91.1579 1.7
      vertex 51.0506 -91.2294 5.1
      vertex 50.84 -91.1579 5.1
    endloop
  endfacet
  facet normal -0.321484 -0.946915 -0
    outer loop
      vertex 51.0506 -91.2294 5.1
      vertex 50.84 -91.1579 1.7
      vertex 51.0506 -91.2294 1.7
    endloop
  endfacet
  facet normal 0.751908 -0.659268 0
    outer loop
      vertex 49.0513 -91.7651 5.1
      vertex 49.1979 -91.5979 1.7
      vertex 49.1979 -91.5979 5.1
    endloop
  endfacet
  facet normal 0.751908 -0.659268 0
    outer loop
      vertex 49.1979 -91.5979 1.7
      vertex 49.0513 -91.7651 5.1
      vertex 49.0513 -91.7651 1.7
    endloop
  endfacet
  facet normal -0.0652057 0.997872 0
    outer loop
      vertex 50.6219 -94.4855 1.7
      vertex 50.4 -94.5 5.1
      vertex 50.6219 -94.4855 5.1
    endloop
  endfacet
  facet normal -0.0652057 0.997872 0
    outer loop
      vertex 50.4 -94.5 5.1
      vertex 50.6219 -94.4855 1.7
      vertex 50.4 -94.5 1.7
    endloop
  endfacet
  facet normal 0.751908 0.659268 0
    outer loop
      vertex 49.1979 -94.0021 5.1
      vertex 49.0513 -93.8349 1.7
      vertex 49.0513 -93.8349 5.1
    endloop
  endfacet
  facet normal 0.751908 0.659268 0
    outer loop
      vertex 49.0513 -93.8349 1.7
      vertex 49.1979 -94.0021 5.1
      vertex 49.1979 -94.0021 1.7
    endloop
  endfacet
  facet normal 0.321484 0.946915 -0
    outer loop
      vertex 49.96 -94.4421 1.7
      vertex 49.7494 -94.3706 5.1
      vertex 49.96 -94.4421 5.1
    endloop
  endfacet
  facet normal 0.321484 0.946915 0
    outer loop
      vertex 49.7494 -94.3706 5.1
      vertex 49.96 -94.4421 1.7
      vertex 49.7494 -94.3706 1.7
    endloop
  endfacet
  facet normal -0.98077 -0.195165 0
    outer loop
      vertex 52.0855 -92.5781 1.7
      vertex 52.0421 -92.36 5.1
      vertex 52.0421 -92.36 1.7
    endloop
  endfacet
  facet normal -0.98077 -0.195165 0
    outer loop
      vertex 52.0421 -92.36 5.1
      vertex 52.0855 -92.5781 1.7
      vertex 52.0855 -92.5781 5.1
    endloop
  endfacet
  facet normal -0.831566 -0.555426 0
    outer loop
      vertex 51.8722 -91.95 1.7
      vertex 51.7487 -91.7651 5.1
      vertex 51.7487 -91.7651 1.7
    endloop
  endfacet
  facet normal -0.831566 -0.555426 0
    outer loop
      vertex 51.7487 -91.7651 5.1
      vertex 51.8722 -91.95 1.7
      vertex 51.8722 -91.95 5.1
    endloop
  endfacet
  facet normal 0.44253 0.896754 -0
    outer loop
      vertex 49.7494 -94.3706 1.7
      vertex 49.55 -94.2722 5.1
      vertex 49.7494 -94.3706 5.1
    endloop
  endfacet
  facet normal 0.44253 0.896754 0
    outer loop
      vertex 49.55 -94.2722 5.1
      vertex 49.7494 -94.3706 1.7
      vertex 49.55 -94.2722 1.7
    endloop
  endfacet
  facet normal -0.946915 -0.321484 0
    outer loop
      vertex 52.0421 -92.36 1.7
      vertex 51.9706 -92.1494 5.1
      vertex 51.9706 -92.1494 1.7
    endloop
  endfacet
  facet normal -0.946915 -0.321484 0
    outer loop
      vertex 51.9706 -92.1494 5.1
      vertex 52.0421 -92.36 1.7
      vertex 52.0421 -92.36 5.1
    endloop
  endfacet
  facet normal -0.321484 0.946915 0
    outer loop
      vertex 51.0506 -94.3706 1.7
      vertex 50.84 -94.4421 5.1
      vertex 51.0506 -94.3706 5.1
    endloop
  endfacet
  facet normal -0.321484 0.946915 0
    outer loop
      vertex 50.84 -94.4421 5.1
      vertex 51.0506 -94.3706 1.7
      vertex 50.84 -94.4421 1.7
    endloop
  endfacet
  facet normal 0.997872 -0.0652057 0
    outer loop
      vertex 48.7 -92.8 5.1
      vertex 48.7145 -92.5781 1.7
      vertex 48.7145 -92.5781 5.1
    endloop
  endfacet
  facet normal 0.997872 -0.0652057 0
    outer loop
      vertex 48.7145 -92.5781 1.7
      vertex 48.7 -92.8 5.1
      vertex 48.7 -92.8 1.7
    endloop
  endfacet
  facet normal -0.946915 0.321484 0
    outer loop
      vertex 51.9706 -93.4506 1.7
      vertex 52.0421 -93.24 5.1
      vertex 52.0421 -93.24 1.7
    endloop
  endfacet
  facet normal -0.946915 0.321484 0
    outer loop
      vertex 52.0421 -93.24 5.1
      vertex 51.9706 -93.4506 1.7
      vertex 51.9706 -93.4506 5.1
    endloop
  endfacet
  facet normal 0.555426 0.831566 -0
    outer loop
      vertex 49.55 -94.2722 1.7
      vertex 49.3651 -94.1487 5.1
      vertex 49.55 -94.2722 5.1
    endloop
  endfacet
  facet normal 0.555426 0.831566 0
    outer loop
      vertex 49.3651 -94.1487 5.1
      vertex 49.55 -94.2722 1.7
      vertex 49.3651 -94.1487 1.7
    endloop
  endfacet
  facet normal 0.0652057 0.997872 -0
    outer loop
      vertex 50.4 -94.5 1.7
      vertex 50.1781 -94.4855 5.1
      vertex 50.4 -94.5 5.1
    endloop
  endfacet
  facet normal 0.0652057 0.997872 0
    outer loop
      vertex 50.1781 -94.4855 5.1
      vertex 50.4 -94.5 1.7
      vertex 50.1781 -94.4855 1.7
    endloop
  endfacet
  facet normal -0.195165 0.98077 0
    outer loop
      vertex 50.84 -94.4421 1.7
      vertex 50.6219 -94.4855 5.1
      vertex 50.84 -94.4421 5.1
    endloop
  endfacet
  facet normal -0.195165 0.98077 0
    outer loop
      vertex 50.6219 -94.4855 5.1
      vertex 50.84 -94.4421 1.7
      vertex 50.6219 -94.4855 1.7
    endloop
  endfacet
  facet normal 0.98077 -0.195165 0
    outer loop
      vertex 48.7145 -92.5781 5.1
      vertex 48.7579 -92.36 1.7
      vertex 48.7579 -92.36 5.1
    endloop
  endfacet
  facet normal 0.98077 -0.195165 0
    outer loop
      vertex 48.7579 -92.36 1.7
      vertex 48.7145 -92.5781 5.1
      vertex 48.7145 -92.5781 1.7
    endloop
  endfacet
  facet normal 0.946915 -0.321484 0
    outer loop
      vertex 48.7579 -92.36 5.1
      vertex 48.8294 -92.1494 1.7
      vertex 48.8294 -92.1494 5.1
    endloop
  endfacet
  facet normal 0.946915 -0.321484 0
    outer loop
      vertex 48.8294 -92.1494 1.7
      vertex 48.7579 -92.36 5.1
      vertex 48.7579 -92.36 1.7
    endloop
  endfacet
  facet normal -0.0652057 -0.997872 0
    outer loop
      vertex 50.4 -91.1 1.7
      vertex 50.6219 -91.1145 5.1
      vertex 50.4 -91.1 5.1
    endloop
  endfacet
  facet normal -0.0652057 -0.997872 -0
    outer loop
      vertex 50.6219 -91.1145 5.1
      vertex 50.4 -91.1 1.7
      vertex 50.6219 -91.1145 1.7
    endloop
  endfacet
  facet normal 0.946915 0.321484 0
    outer loop
      vertex 48.8294 -93.4506 5.1
      vertex 48.7579 -93.24 1.7
      vertex 48.7579 -93.24 5.1
    endloop
  endfacet
  facet normal 0.946915 0.321484 0
    outer loop
      vertex 48.7579 -93.24 1.7
      vertex 48.8294 -93.4506 5.1
      vertex 48.8294 -93.4506 1.7
    endloop
  endfacet
  facet normal 0.321484 -0.946915 0
    outer loop
      vertex 49.7494 -91.2294 1.7
      vertex 49.96 -91.1579 5.1
      vertex 49.7494 -91.2294 5.1
    endloop
  endfacet
  facet normal 0.321484 -0.946915 0
    outer loop
      vertex 49.96 -91.1579 5.1
      vertex 49.7494 -91.2294 1.7
      vertex 49.96 -91.1579 1.7
    endloop
  endfacet
  facet normal -0.896754 -0.44253 0
    outer loop
      vertex 51.9706 -92.1494 1.7
      vertex 51.8722 -91.95 5.1
      vertex 51.8722 -91.95 1.7
    endloop
  endfacet
  facet normal -0.896754 -0.44253 0
    outer loop
      vertex 51.8722 -91.95 5.1
      vertex 51.9706 -92.1494 1.7
      vertex 51.9706 -92.1494 5.1
    endloop
  endfacet
  facet normal 0.44253 -0.896754 0
    outer loop
      vertex 49.55 -91.3278 1.7
      vertex 49.7494 -91.2294 5.1
      vertex 49.55 -91.3278 5.1
    endloop
  endfacet
  facet normal 0.44253 -0.896754 0
    outer loop
      vertex 49.7494 -91.2294 5.1
      vertex 49.55 -91.3278 1.7
      vertex 49.7494 -91.2294 1.7
    endloop
  endfacet
  facet normal 0.555426 -0.831566 0
    outer loop
      vertex 49.3651 -91.4513 1.7
      vertex 49.55 -91.3278 5.1
      vertex 49.3651 -91.4513 5.1
    endloop
  endfacet
  facet normal 0.555426 -0.831566 0
    outer loop
      vertex 49.55 -91.3278 5.1
      vertex 49.3651 -91.4513 1.7
      vertex 49.55 -91.3278 1.7
    endloop
  endfacet
  facet normal -0.708116 0.0544705 -0.703992
    outer loop
      vertex 53.79 -92.8013 0
      vertex 52.1 -92.8 1.7
      vertex 53.7901 -92.8 0
    endloop
  endfacet
  facet normal -0.708412 0.046291 -0.70428
    outer loop
      vertex 52.1 -92.8 1.7
      vertex 53.79 -92.8013 0
      vertex 52.0855 -93.0219 1.7
    endloop
  endfacet
  facet normal 0.228237 0.672261 -0.704253
    outer loop
      vertex 49.5226 -96.0745 0
      vertex 49.7494 -94.3706 1.7
      vertex 49.96 -94.4421 1.7
    endloop
  endfacet
  facet normal 0.22815 0.672282 -0.704262
    outer loop
      vertex 49.7494 -94.3706 1.7
      vertex 49.5226 -96.0745 0
      vertex 49.1027 -95.932 0
    endloop
  endfacet
  facet normal -0.501475 0.501475 -0.705015
    outer loop
      vertex 51.6021 -94.0021 1.7
      vertex 52.798 -95.1962 0
      vertex 52.7971 -95.1971 0
    endloop
  endfacet
  facet normal -0.533804 0.468036 -0.704269
    outer loop
      vertex 52.798 -95.1962 0
      vertex 51.6021 -94.0021 1.7
      vertex 51.7487 -93.8349 1.7
    endloop
  endfacet
  facet normal -0.590251 -0.394461 -0.704276
    outer loop
      vertex 51.8722 -91.95 1.7
      vertex 53.0895 -90.7363 0
      vertex 53.3359 -91.105 0
    endloop
  endfacet
  facet normal -0.590365 -0.394322 -0.704258
    outer loop
      vertex 53.0895 -90.7363 0
      vertex 51.8722 -91.95 1.7
      vertex 51.7487 -91.7651 1.7
    endloop
  endfacet
  facet normal -0.672284 0.228162 -0.704256
    outer loop
      vertex 53.6745 -93.6774 0
      vertex 53.5324 -94.0961 0
      vertex 52.0421 -93.24 1.7
    endloop
  endfacet
  facet normal -0.15983 0.692596 -0.703395
    outer loop
      vertex 50.6219 -94.4855 1.7
      vertex 50.8438 -96.1608 0
      vertex 50.8425 -96.1611 0
    endloop
  endfacet
  facet normal -0.138556 0.696291 -0.70426
    outer loop
      vertex 50.8438 -96.1608 0
      vertex 50.6219 -94.4855 1.7
      vertex 50.84 -94.4421 1.7
    endloop
  endfacet
  facet normal 0.672278 0.22816 -0.704262
    outer loop
      vertex 48.8294 -93.4506 1.7
      vertex 47.268 -94.0973 0
      vertex 47.1259 -93.6786 0
    endloop
  endfacet
  facet normal -0.468183 -0.53369 -0.704258
    outer loop
      vertex 52.4647 -90.1113 0
      vertex 52.7971 -90.4029 0
      vertex 51.6021 -91.5979 1.7
    endloop
  endfacet
  facet normal 0.672278 -0.22816 -0.704262
    outer loop
      vertex 47.268 -91.5027 0
      vertex 48.8294 -92.1494 1.7
      vertex 47.1259 -91.9214 0
    endloop
  endfacet
  facet normal 0 0.712199 -0.701977
    outer loop
      vertex 50.8412 -96.1611 0
      vertex 50.6219 -94.4855 1.7
      vertex 50.8425 -96.1611 0
    endloop
  endfacet
  facet normal -0.0462931 0.708444 -0.704247
    outer loop
      vertex 50.6219 -94.4855 1.7
      vertex 50.8412 -96.1611 0
      vertex 50.4 -94.5 1.7
    endloop
  endfacet
  facet normal -0.394425 -0.590273 -0.704277
    outer loop
      vertex 52.095 -89.8641 0
      vertex 52.4627 -90.1098 0
      vertex 51.25 -91.3278 1.7
    endloop
  endfacet
  facet normal -0.708413 -0.0464271 -0.70427
    outer loop
      vertex 53.7901 -92.8 0
      vertex 52.0855 -92.5781 1.7
      vertex 53.7611 -92.3575 0
    endloop
  endfacet
  facet normal -0.708408 -0.0462908 -0.704283
    outer loop
      vertex 52.0855 -92.5781 1.7
      vertex 53.7901 -92.8 0
      vertex 52.1 -92.8 1.7
    endloop
  endfacet
  facet normal 0.314155 0.636611 -0.704297
    outer loop
      vertex 48.7061 -95.7365 0
      vertex 49.55 -94.2722 1.7
      vertex 49.7494 -94.3706 1.7
    endloop
  endfacet
  facet normal 0.339636 0.622667 -0.704935
    outer loop
      vertex 49.55 -94.2722 1.7
      vertex 48.7061 -95.7365 0
      vertex 48.705 -95.7359 0
    endloop
  endfacet
  facet normal 0.468183 0.53369 -0.704258
    outer loop
      vertex 49.1979 -94.0021 1.7
      vertex 48.3353 -95.4887 0
      vertex 48.0029 -95.1971 0
    endloop
  endfacet
  facet normal -0.696286 -0.138555 -0.704265
    outer loop
      vertex 52.0421 -92.36 1.7
      vertex 53.6748 -91.9239 0
      vertex 52.0855 -92.5781 1.7
    endloop
  endfacet
  facet normal -0.691242 -0.159517 -0.704797
    outer loop
      vertex 53.6748 -91.9239 0
      vertex 52.0421 -92.36 1.7
      vertex 53.6745 -91.9226 0
    endloop
  endfacet
  facet normal 0.708415 0.0464034 -0.704269
    outer loop
      vertex 48.7145 -93.0219 1.7
      vertex 47.0389 -93.2425 0
      vertex 47.01 -92.8013 0
    endloop
  endfacet
  facet normal -0.635108 -0.317554 -0.704129
    outer loop
      vertex 51.9706 -92.1494 1.7
      vertex 53.5314 -91.5015 0
      vertex 53.532 -91.5027 0
    endloop
  endfacet
  facet normal -0.636648 -0.314173 -0.704255
    outer loop
      vertex 53.5314 -91.5015 0
      vertex 51.9706 -92.1494 1.7
      vertex 51.8722 -91.95 1.7
    endloop
  endfacet
  facet normal 0.67226 0.228236 -0.704255
    outer loop
      vertex 47.1259 -93.6786 0
      vertex 48.7579 -93.24 1.7
      vertex 48.8294 -93.4506 1.7
    endloop
  endfacet
  facet normal 0.6734 0.224467 -0.704377
    outer loop
      vertex 48.7579 -93.24 1.7
      vertex 47.1259 -93.6786 0
      vertex 47.1255 -93.6774 0
    endloop
  endfacet
  facet normal 0.533799 -0.468032 -0.704276
    outer loop
      vertex 49.0513 -91.7651 1.7
      vertex 47.7113 -90.7353 0
      vertex 49.1979 -91.5979 1.7
    endloop
  endfacet
  facet normal 0.553837 -0.44307 -0.70495
    outer loop
      vertex 47.7113 -90.7353 0
      vertex 49.0513 -91.7651 1.7
      vertex 47.7105 -90.7363 0
    endloop
  endfacet
  facet normal -0.636732 -0.31395 -0.704278
    outer loop
      vertex 53.3359 -91.105 0
      vertex 53.5314 -91.5015 0
      vertex 51.8722 -91.95 1.7
    endloop
  endfacet
  facet normal 0.138583 -0.696288 -0.704257
    outer loop
      vertex 49.9562 -89.4392 0
      vertex 49.96 -91.1579 1.7
      vertex 49.5226 -89.5255 0
    endloop
  endfacet
  facet normal -0.468183 0.53369 -0.704258
    outer loop
      vertex 52.7971 -95.1971 0
      vertex 52.4647 -95.4887 0
      vertex 51.6021 -94.0021 1.7
    endloop
  endfacet
  facet normal 0.44307 0.553837 -0.70495
    outer loop
      vertex 48.3353 -95.4887 0
      vertex 49.3651 -94.1487 1.7
      vertex 48.3363 -95.4895 0
    endloop
  endfacet
  facet normal 0.468032 0.533799 -0.704276
    outer loop
      vertex 49.3651 -94.1487 1.7
      vertex 48.3353 -95.4887 0
      vertex 49.1979 -94.0021 1.7
    endloop
  endfacet
  facet normal -0.708415 0.0464034 -0.704269
    outer loop
      vertex 53.79 -92.8013 0
      vertex 53.7611 -93.2425 0
      vertex 52.0855 -93.0219 1.7
    endloop
  endfacet
  facet normal -0.339636 0.622667 -0.704935
    outer loop
      vertex 52.0939 -95.7365 0
      vertex 51.25 -94.2722 1.7
      vertex 52.095 -95.7359 0
    endloop
  endfacet
  facet normal -0.314155 0.636611 -0.704297
    outer loop
      vertex 51.25 -94.2722 1.7
      vertex 52.0939 -95.7365 0
      vertex 51.0506 -94.3706 1.7
    endloop
  endfacet
  facet normal -0.138583 0.696288 -0.704257
    outer loop
      vertex 51.2774 -96.0745 0
      vertex 50.8438 -96.1608 0
      vertex 50.84 -94.4421 1.7
    endloop
  endfacet
  facet normal 0.696278 0.138581 -0.704267
    outer loop
      vertex 48.7145 -93.0219 1.7
      vertex 47.1252 -93.6761 0
      vertex 47.0389 -93.2425 0
    endloop
  endfacet
  facet normal 0.590233 0.394506 -0.704266
    outer loop
      vertex 49.0513 -93.8349 1.7
      vertex 47.7105 -94.8637 0
      vertex 47.4648 -94.4961 0
    endloop
  endfacet
  facet normal -0.468032 -0.533799 -0.704276
    outer loop
      vertex 51.4349 -91.4513 1.7
      vertex 52.4647 -90.1113 0
      vertex 51.6021 -91.5979 1.7
    endloop
  endfacet
  facet normal -0.44307 -0.553837 -0.70495
    outer loop
      vertex 52.4647 -90.1113 0
      vertex 51.4349 -91.4513 1.7
      vertex 52.4637 -90.1105 0
    endloop
  endfacet
  facet normal 0.138556 -0.696291 -0.70426
    outer loop
      vertex 49.9562 -89.4392 0
      vertex 50.1781 -91.1145 1.7
      vertex 49.96 -91.1579 1.7
    endloop
  endfacet
  facet normal 0.15983 -0.692596 -0.703395
    outer loop
      vertex 50.1781 -91.1145 1.7
      vertex 49.9562 -89.4392 0
      vertex 49.9575 -89.4389 0
    endloop
  endfacet
  facet normal 0.313891 0.636774 -0.704266
    outer loop
      vertex 49.7494 -94.3706 1.7
      vertex 49.1027 -95.932 0
      vertex 48.7061 -95.7365 0
    endloop
  endfacet
  facet normal -0.53369 -0.468183 -0.704258
    outer loop
      vertex 52.7971 -90.4029 0
      vertex 53.0887 -90.7353 0
      vertex 51.6021 -91.5979 1.7
    endloop
  endfacet
  facet normal 0.636774 -0.313891 -0.704266
    outer loop
      vertex 47.4635 -91.1061 0
      vertex 48.8294 -92.1494 1.7
      vertex 47.268 -91.5027 0
    endloop
  endfacet
  facet normal -0.553837 -0.44307 -0.70495
    outer loop
      vertex 51.7487 -91.7651 1.7
      vertex 53.0887 -90.7353 0
      vertex 53.0895 -90.7363 0
    endloop
  endfacet
  facet normal -0.533799 -0.468032 -0.704276
    outer loop
      vertex 53.0887 -90.7353 0
      vertex 51.7487 -91.7651 1.7
      vertex 51.6021 -91.5979 1.7
    endloop
  endfacet
  facet normal 0.314173 -0.636648 -0.704255
    outer loop
      vertex 49.1015 -89.6686 0
      vertex 49.7494 -91.2294 1.7
      vertex 49.55 -91.3278 1.7
    endloop
  endfacet
  facet normal 0.317554 -0.635108 -0.704129
    outer loop
      vertex 49.7494 -91.2294 1.7
      vertex 49.1015 -89.6686 0
      vertex 49.1027 -89.668 0
    endloop
  endfacet
  facet normal -0.31395 -0.636732 -0.704278
    outer loop
      vertex 51.6985 -89.6686 0
      vertex 52.095 -89.8641 0
      vertex 51.25 -91.3278 1.7
    endloop
  endfacet
  facet normal -0.22815 0.672282 -0.704262
    outer loop
      vertex 51.2774 -96.0745 0
      vertex 51.0506 -94.3706 1.7
      vertex 51.6973 -95.932 0
    endloop
  endfacet
  facet normal -0.228237 0.672261 -0.704253
    outer loop
      vertex 51.0506 -94.3706 1.7
      vertex 51.2774 -96.0745 0
      vertex 50.84 -94.4421 1.7
    endloop
  endfacet
  facet normal -0.046563 0.7084 -0.704274
    outer loop
      vertex 50.8412 -96.1611 0
      vertex 50.4 -96.1901 0
      vertex 50.4 -94.5 1.7
    endloop
  endfacet
  facet normal -0 -0.712199 -0.701977
    outer loop
      vertex 49.9588 -89.4389 0
      vertex 50.1781 -91.1145 1.7
      vertex 49.9575 -89.4389 0
    endloop
  endfacet
  facet normal 0.0462931 -0.708444 -0.704247
    outer loop
      vertex 50.1781 -91.1145 1.7
      vertex 49.9588 -89.4389 0
      vertex 50.4 -91.1 1.7
    endloop
  endfacet
  facet normal -0.672284 -0.228162 -0.704256
    outer loop
      vertex 53.5324 -91.5039 0
      vertex 53.6745 -91.9226 0
      vertex 52.0421 -92.36 1.7
    endloop
  endfacet
  facet normal 0.31395 -0.636732 -0.704278
    outer loop
      vertex 49.1015 -89.6686 0
      vertex 49.55 -91.3278 1.7
      vertex 48.705 -89.8641 0
    endloop
  endfacet
  facet normal 0.636774 0.313891 -0.704266
    outer loop
      vertex 48.8294 -93.4506 1.7
      vertex 47.4635 -94.4939 0
      vertex 47.268 -94.0973 0
    endloop
  endfacet
  facet normal 0.53369 -0.468183 -0.704258
    outer loop
      vertex 48.0029 -90.4029 0
      vertex 49.1979 -91.5979 1.7
      vertex 47.7113 -90.7353 0
    endloop
  endfacet
  facet normal 0.501475 0.501475 -0.705015
    outer loop
      vertex 48.002 -95.1962 0
      vertex 49.1979 -94.0021 1.7
      vertex 48.0029 -95.1971 0
    endloop
  endfacet
  facet normal 0.533804 0.468036 -0.704269
    outer loop
      vertex 49.1979 -94.0021 1.7
      vertex 48.002 -95.1962 0
      vertex 49.0513 -93.8349 1.7
    endloop
  endfacet
  facet normal -0.314173 -0.636648 -0.704255
    outer loop
      vertex 51.0506 -91.2294 1.7
      vertex 51.6985 -89.6686 0
      vertex 51.25 -91.3278 1.7
    endloop
  endfacet
  facet normal -0.317554 -0.635108 -0.704129
    outer loop
      vertex 51.6985 -89.6686 0
      vertex 51.0506 -91.2294 1.7
      vertex 51.6973 -89.668 0
    endloop
  endfacet
  facet normal 0.696286 -0.138555 -0.704265
    outer loop
      vertex 47.1252 -91.9239 0
      vertex 48.7579 -92.36 1.7
      vertex 48.7145 -92.5781 1.7
    endloop
  endfacet
  facet normal 0.691242 -0.159517 -0.704797
    outer loop
      vertex 48.7579 -92.36 1.7
      vertex 47.1252 -91.9239 0
      vertex 47.1255 -91.9226 0
    endloop
  endfacet
  facet normal 0.468032 -0.533799 -0.704276
    outer loop
      vertex 48.3353 -90.1113 0
      vertex 49.3651 -91.4513 1.7
      vertex 49.1979 -91.5979 1.7
    endloop
  endfacet
  facet normal 0.44307 -0.553837 -0.70495
    outer loop
      vertex 49.3651 -91.4513 1.7
      vertex 48.3353 -90.1113 0
      vertex 48.3363 -90.1105 0
    endloop
  endfacet
  facet normal -0.313891 0.636774 -0.704266
    outer loop
      vertex 52.0939 -95.7365 0
      vertex 51.6973 -95.932 0
      vertex 51.0506 -94.3706 1.7
    endloop
  endfacet
  facet normal 0.708116 0.0544705 -0.703992
    outer loop
      vertex 48.7 -92.8 1.7
      vertex 47.01 -92.8013 0
      vertex 47.0099 -92.8 0
    endloop
  endfacet
  facet normal 0.708412 0.046291 -0.70428
    outer loop
      vertex 47.01 -92.8013 0
      vertex 48.7 -92.8 1.7
      vertex 48.7145 -93.0219 1.7
    endloop
  endfacet
  facet normal -0.636732 0.31395 -0.704278
    outer loop
      vertex 53.5314 -94.0985 0
      vertex 53.3359 -94.495 0
      vertex 51.8722 -93.65 1.7
    endloop
  endfacet
  facet normal -0.138581 -0.696278 -0.704267
    outer loop
      vertex 50.8425 -89.4389 0
      vertex 51.2761 -89.5252 0
      vertex 50.6219 -91.1145 1.7
    endloop
  endfacet
  facet normal -0.696278 -0.138581 -0.704267
    outer loop
      vertex 53.6748 -91.9239 0
      vertex 53.7611 -92.3575 0
      vertex 52.0855 -92.5781 1.7
    endloop
  endfacet
  facet normal 0.533834 0.468008 -0.704265
    outer loop
      vertex 49.0513 -93.8349 1.7
      vertex 48.002 -95.1962 0
      vertex 47.7105 -94.8637 0
    endloop
  endfacet
  facet normal -0.0462908 -0.708408 -0.704283
    outer loop
      vertex 50.4 -89.4099 0
      vertex 50.6219 -91.1145 1.7
      vertex 50.4 -91.1 1.7
    endloop
  endfacet
  facet normal -0.0464271 -0.708413 -0.70427
    outer loop
      vertex 50.6219 -91.1145 1.7
      vertex 50.4 -89.4099 0
      vertex 50.8425 -89.4389 0
    endloop
  endfacet
  facet normal 0.622667 0.339636 -0.704935
    outer loop
      vertex 47.4635 -94.4939 0
      vertex 48.9278 -93.65 1.7
      vertex 47.4641 -94.495 0
    endloop
  endfacet
  facet normal 0.636611 0.314155 -0.704297
    outer loop
      vertex 48.9278 -93.65 1.7
      vertex 47.4635 -94.4939 0
      vertex 48.8294 -93.4506 1.7
    endloop
  endfacet
  facet normal -0.394425 0.590273 -0.704277
    outer loop
      vertex 52.4627 -95.4902 0
      vertex 52.095 -95.7359 0
      vertex 51.25 -94.2722 1.7
    endloop
  endfacet
  facet normal -0.228162 -0.672284 -0.704256
    outer loop
      vertex 51.2774 -89.5255 0
      vertex 51.6961 -89.6676 0
      vertex 50.84 -91.1579 1.7
    endloop
  endfacet
  facet normal -0.44307 0.553837 -0.70495
    outer loop
      vertex 51.4349 -94.1487 1.7
      vertex 52.4647 -95.4887 0
      vertex 52.4637 -95.4895 0
    endloop
  endfacet
  facet normal -0.468032 0.533799 -0.704276
    outer loop
      vertex 52.4647 -95.4887 0
      vertex 51.4349 -94.1487 1.7
      vertex 51.6021 -94.0021 1.7
    endloop
  endfacet
  facet normal 0.468183 -0.53369 -0.704258
    outer loop
      vertex 48.3353 -90.1113 0
      vertex 49.1979 -91.5979 1.7
      vertex 48.0029 -90.4029 0
    endloop
  endfacet
  facet normal 0.636611 -0.314155 -0.704297
    outer loop
      vertex 47.4635 -91.1061 0
      vertex 48.9278 -91.95 1.7
      vertex 48.8294 -92.1494 1.7
    endloop
  endfacet
  facet normal 0.622667 -0.339636 -0.704935
    outer loop
      vertex 48.9278 -91.95 1.7
      vertex 47.4635 -91.1061 0
      vertex 47.4641 -91.105 0
    endloop
  endfacet
  facet normal 0.228162 -0.672284 -0.704256
    outer loop
      vertex 49.5226 -89.5255 0
      vertex 49.96 -91.1579 1.7
      vertex 49.1039 -89.6676 0
    endloop
  endfacet
  facet normal -0.406884 -0.581263 -0.704683
    outer loop
      vertex 51.4349 -91.4513 1.7
      vertex 52.4627 -90.1098 0
      vertex 52.4637 -90.1105 0
    endloop
  endfacet
  facet normal -0.394318 -0.59036 -0.704264
    outer loop
      vertex 52.4627 -90.1098 0
      vertex 51.4349 -91.4513 1.7
      vertex 51.25 -91.3278 1.7
    endloop
  endfacet
  facet normal 0.708408 -0.0462908 -0.704283
    outer loop
      vertex 47.0099 -92.8 0
      vertex 48.7145 -92.5781 1.7
      vertex 48.7 -92.8 1.7
    endloop
  endfacet
  facet normal 0.708413 -0.0464271 -0.70427
    outer loop
      vertex 48.7145 -92.5781 1.7
      vertex 47.0099 -92.8 0
      vertex 47.0389 -92.3575 0
    endloop
  endfacet
  facet normal 0.046563 -0.7084 -0.704274
    outer loop
      vertex 50.4 -89.4099 0
      vertex 50.4 -91.1 1.7
      vertex 49.9588 -89.4389 0
    endloop
  endfacet
  facet normal 0.228234 -0.672252 -0.704263
    outer loop
      vertex 49.7494 -91.2294 1.7
      vertex 49.1039 -89.6676 0
      vertex 49.96 -91.1579 1.7
    endloop
  endfacet
  facet normal 0.224544 -0.673632 -0.70413
    outer loop
      vertex 49.1039 -89.6676 0
      vertex 49.7494 -91.2294 1.7
      vertex 49.1027 -89.668 0
    endloop
  endfacet
  facet normal -0.635108 0.317554 -0.704129
    outer loop
      vertex 53.5314 -94.0985 0
      vertex 51.9706 -93.4506 1.7
      vertex 53.532 -94.0973 0
    endloop
  endfacet
  facet normal -0.636648 0.314173 -0.704255
    outer loop
      vertex 51.9706 -93.4506 1.7
      vertex 53.5314 -94.0985 0
      vertex 51.8722 -93.65 1.7
    endloop
  endfacet
  facet normal -0.533834 0.468008 -0.704265
    outer loop
      vertex 53.0895 -94.8637 0
      vertex 52.798 -95.1962 0
      vertex 51.7487 -93.8349 1.7
    endloop
  endfacet
  facet normal -0.672252 -0.228234 -0.704263
    outer loop
      vertex 51.9706 -92.1494 1.7
      vertex 53.5324 -91.5039 0
      vertex 52.0421 -92.36 1.7
    endloop
  endfacet
  facet normal -0.673632 -0.224544 -0.70413
    outer loop
      vertex 53.5324 -91.5039 0
      vertex 51.9706 -92.1494 1.7
      vertex 53.532 -91.5027 0
    endloop
  endfacet
  facet normal -0.696267 0.138645 -0.704265
    outer loop
      vertex 53.6745 -93.6774 0
      vertex 52.0855 -93.0219 1.7
      vertex 53.7611 -93.2425 0
    endloop
  endfacet
  facet normal -0.696294 0.138556 -0.704256
    outer loop
      vertex 52.0855 -93.0219 1.7
      vertex 53.6745 -93.6774 0
      vertex 52.0421 -93.24 1.7
    endloop
  endfacet
  facet normal 0.590365 -0.394322 -0.704258
    outer loop
      vertex 48.9278 -91.95 1.7
      vertex 47.7105 -90.7363 0
      vertex 49.0513 -91.7651 1.7
    endloop
  endfacet
  facet normal 0.590251 -0.394461 -0.704276
    outer loop
      vertex 47.7105 -90.7363 0
      vertex 48.9278 -91.95 1.7
      vertex 47.4641 -91.105 0
    endloop
  endfacet
  facet normal -0.159517 -0.691242 -0.704797
    outer loop
      vertex 50.84 -91.1579 1.7
      vertex 51.2761 -89.5252 0
      vertex 51.2774 -89.5255 0
    endloop
  endfacet
  facet normal -0.138555 -0.696286 -0.704265
    outer loop
      vertex 51.2761 -89.5252 0
      vertex 50.84 -91.1579 1.7
      vertex 50.6219 -91.1145 1.7
    endloop
  endfacet
  facet normal 0.696278 -0.138581 -0.704267
    outer loop
      vertex 47.1252 -91.9239 0
      vertex 48.7145 -92.5781 1.7
      vertex 47.0389 -92.3575 0
    endloop
  endfacet
  facet normal 0.394425 -0.590273 -0.704277
    outer loop
      vertex 48.705 -89.8641 0
      vertex 49.55 -91.3278 1.7
      vertex 48.3373 -90.1098 0
    endloop
  endfacet
  facet normal 0.59034 0.394305 -0.704288
    outer loop
      vertex 47.4648 -94.4961 0
      vertex 48.9278 -93.65 1.7
      vertex 49.0513 -93.8349 1.7
    endloop
  endfacet
  facet normal 0.598575 0.380911 -0.704709
    outer loop
      vertex 48.9278 -93.65 1.7
      vertex 47.4648 -94.4961 0
      vertex 47.4641 -94.495 0
    endloop
  endfacet
  facet normal 0.138583 0.696288 -0.704257
    outer loop
      vertex 49.96 -94.4421 1.7
      vertex 49.9562 -96.1608 0
      vertex 49.5226 -96.0745 0
    endloop
  endfacet
  facet normal 0.046563 0.7084 -0.704274
    outer loop
      vertex 50.4 -94.5 1.7
      vertex 50.4 -96.1901 0
      vertex 49.9588 -96.1611 0
    endloop
  endfacet
  facet normal -0.590233 0.394506 -0.704266
    outer loop
      vertex 53.3352 -94.4961 0
      vertex 53.0895 -94.8637 0
      vertex 51.7487 -93.8349 1.7
    endloop
  endfacet
  facet normal 0.691242 0.159517 -0.704797
    outer loop
      vertex 47.1252 -93.6761 0
      vertex 48.7579 -93.24 1.7
      vertex 47.1255 -93.6774 0
    endloop
  endfacet
  facet normal 0.696286 0.138555 -0.704265
    outer loop
      vertex 48.7579 -93.24 1.7
      vertex 47.1252 -93.6761 0
      vertex 48.7145 -93.0219 1.7
    endloop
  endfacet
  facet normal 0.394425 0.590273 -0.704277
    outer loop
      vertex 49.55 -94.2722 1.7
      vertex 48.705 -95.7359 0
      vertex 48.3373 -95.4902 0
    endloop
  endfacet
  facet normal 0.394318 0.59036 -0.704264
    outer loop
      vertex 48.3373 -95.4902 0
      vertex 49.3651 -94.1487 1.7
      vertex 49.55 -94.2722 1.7
    endloop
  endfacet
  facet normal 0.406884 0.581263 -0.704683
    outer loop
      vertex 49.3651 -94.1487 1.7
      vertex 48.3373 -95.4902 0
      vertex 48.3363 -95.4895 0
    endloop
  endfacet
  facet normal -0.598575 0.380911 -0.704709
    outer loop
      vertex 53.3352 -94.4961 0
      vertex 51.8722 -93.65 1.7
      vertex 53.3359 -94.495 0
    endloop
  endfacet
  facet normal -0.59034 0.394305 -0.704288
    outer loop
      vertex 51.8722 -93.65 1.7
      vertex 53.3352 -94.4961 0
      vertex 51.7487 -93.8349 1.7
    endloop
  endfacet
  facet normal -0.406884 0.581263 -0.704683
    outer loop
      vertex 52.4627 -95.4902 0
      vertex 51.4349 -94.1487 1.7
      vertex 52.4637 -95.4895 0
    endloop
  endfacet
  facet normal -0.394318 0.59036 -0.704264
    outer loop
      vertex 51.4349 -94.1487 1.7
      vertex 52.4627 -95.4902 0
      vertex 51.25 -94.2722 1.7
    endloop
  endfacet
  facet normal 0.394318 -0.59036 -0.704264
    outer loop
      vertex 49.3651 -91.4513 1.7
      vertex 48.3373 -90.1098 0
      vertex 49.55 -91.3278 1.7
    endloop
  endfacet
  facet normal 0.406884 -0.581263 -0.704683
    outer loop
      vertex 48.3373 -90.1098 0
      vertex 49.3651 -91.4513 1.7
      vertex 48.3363 -90.1105 0
    endloop
  endfacet
  facet normal -0.224544 -0.673632 -0.70413
    outer loop
      vertex 51.0506 -91.2294 1.7
      vertex 51.6961 -89.6676 0
      vertex 51.6973 -89.668 0
    endloop
  endfacet
  facet normal -0.228234 -0.672252 -0.704263
    outer loop
      vertex 51.6961 -89.6676 0
      vertex 51.0506 -91.2294 1.7
      vertex 50.84 -91.1579 1.7
    endloop
  endfacet
  facet normal 0.0462931 0.708444 -0.704247
    outer loop
      vertex 49.9588 -96.1611 0
      vertex 50.1781 -94.4855 1.7
      vertex 50.4 -94.5 1.7
    endloop
  endfacet
  facet normal 0 0.712199 -0.701977
    outer loop
      vertex 50.1781 -94.4855 1.7
      vertex 49.9588 -96.1611 0
      vertex 49.9575 -96.1611 0
    endloop
  endfacet
  facet normal -0.673632 0.224544 -0.70413
    outer loop
      vertex 51.9706 -93.4506 1.7
      vertex 53.5324 -94.0961 0
      vertex 53.532 -94.0973 0
    endloop
  endfacet
  facet normal -0.672252 0.228234 -0.704263
    outer loop
      vertex 53.5324 -94.0961 0
      vertex 51.9706 -93.4506 1.7
      vertex 52.0421 -93.24 1.7
    endloop
  endfacet
  facet normal 0.67226 -0.228236 -0.704255
    outer loop
      vertex 48.7579 -92.36 1.7
      vertex 47.1259 -91.9214 0
      vertex 48.8294 -92.1494 1.7
    endloop
  endfacet
  facet normal 0.6734 -0.224467 -0.704377
    outer loop
      vertex 47.1259 -91.9214 0
      vertex 48.7579 -92.36 1.7
      vertex 47.1255 -91.9226 0
    endloop
  endfacet
  facet normal 0.15983 0.692596 -0.703395
    outer loop
      vertex 49.9562 -96.1608 0
      vertex 50.1781 -94.4855 1.7
      vertex 49.9575 -96.1611 0
    endloop
  endfacet
  facet normal 0.138556 0.696291 -0.70426
    outer loop
      vertex 50.1781 -94.4855 1.7
      vertex 49.9562 -96.1608 0
      vertex 49.96 -94.4421 1.7
    endloop
  endfacet
  facet normal -0.98077 0.195165 0
    outer loop
      vertex 78.6421 -7.43999 1.7
      vertex 78.6855 -7.22189 4
      vertex 78.6855 -7.22189 1.7
    endloop
  endfacet
  facet normal -0.98077 0.195165 0
    outer loop
      vertex 78.6855 -7.22189 4
      vertex 78.6421 -7.43999 1.7
      vertex 78.6421 -7.43999 4
    endloop
  endfacet
  facet normal -0.997872 0.0652086 0
    outer loop
      vertex 78.6855 -7.22189 1.7
      vertex 78.7 -7 4
      vertex 78.7 -7 1.7
    endloop
  endfacet
  facet normal -0.997872 0.0652086 0
    outer loop
      vertex 78.7 -7 4
      vertex 78.6855 -7.22189 1.7
      vertex 78.6855 -7.22189 4
    endloop
  endfacet
  facet normal 0.442349 0.896843 -0
    outer loop
      vertex 76.3494 -8.57059 1.7
      vertex 76.15 -8.47224 4
      vertex 76.3494 -8.57059 4
    endloop
  endfacet
  facet normal 0.442349 0.896843 0
    outer loop
      vertex 76.15 -8.47224 4
      vertex 76.3494 -8.57059 1.7
      vertex 76.15 -8.47224 1.7
    endloop
  endfacet
  facet normal -0.555551 0.831483 0
    outer loop
      vertex 78.0349 -8.3487 1.7
      vertex 77.85 -8.47224 4
      vertex 78.0349 -8.3487 4
    endloop
  endfacet
  facet normal -0.555551 0.831483 0
    outer loop
      vertex 77.85 -8.47224 4
      vertex 78.0349 -8.3487 1.7
      vertex 77.85 -8.47224 1.7
    endloop
  endfacet
  facet normal 0.659319 0.751863 -0
    outer loop
      vertex 75.9651 -8.3487 1.7
      vertex 75.7979 -8.20208 4
      vertex 75.9651 -8.3487 4
    endloop
  endfacet
  facet normal 0.659319 0.751863 0
    outer loop
      vertex 75.7979 -8.20208 4
      vertex 75.9651 -8.3487 1.7
      vertex 75.7979 -8.20208 1.7
    endloop
  endfacet
  facet normal -0.321363 -0.946956 0
    outer loop
      vertex 77.44 -5.35793 1.7
      vertex 77.6506 -5.4294 4
      vertex 77.44 -5.35793 4
    endloop
  endfacet
  facet normal -0.321363 -0.946956 -0
    outer loop
      vertex 77.6506 -5.4294 4
      vertex 77.44 -5.35793 1.7
      vertex 77.6506 -5.4294 1.7
    endloop
  endfacet
  facet normal -0.831552 -0.555447 0
    outer loop
      vertex 78.4722 -6.15 1.7
      vertex 78.3487 -5.96511 4
      vertex 78.3487 -5.96511 1.7
    endloop
  endfacet
  facet normal -0.831552 -0.555447 0
    outer loop
      vertex 78.3487 -5.96511 4
      vertex 78.4722 -6.15 1.7
      vertex 78.4722 -6.15 4
    endloop
  endfacet
  facet normal -0.946901 -0.321525 0
    outer loop
      vertex 78.6421 -6.56001 1.7
      vertex 78.5706 -6.34944 4
      vertex 78.5706 -6.34944 1.7
    endloop
  endfacet
  facet normal -0.946901 -0.321525 0
    outer loop
      vertex 78.5706 -6.34944 4
      vertex 78.6421 -6.56001 1.7
      vertex 78.6421 -6.56001 4
    endloop
  endfacet
  facet normal -0.321403 0.946943 0
    outer loop
      vertex 77.6506 -8.57059 1.7
      vertex 77.44 -8.64207 4
      vertex 77.6506 -8.57059 4
    endloop
  endfacet
  facet normal -0.321403 0.946943 0
    outer loop
      vertex 77.44 -8.64207 4
      vertex 77.6506 -8.57059 1.7
      vertex 77.44 -8.64207 1.7
    endloop
  endfacet
  facet normal -0.195122 0.980779 0
    outer loop
      vertex 77.44 -8.64207 1.7
      vertex 77.2219 -8.68546 4
      vertex 77.44 -8.64207 4
    endloop
  endfacet
  facet normal -0.195122 0.980779 0
    outer loop
      vertex 77.2219 -8.68546 4
      vertex 77.44 -8.64207 1.7
      vertex 77.2219 -8.68546 1.7
    endloop
  endfacet
  facet normal 0.555551 0.831483 -0
    outer loop
      vertex 76.15 -8.47224 1.7
      vertex 75.9651 -8.3487 4
      vertex 76.15 -8.47224 4
    endloop
  endfacet
  facet normal 0.555551 0.831483 0
    outer loop
      vertex 75.9651 -8.3487 4
      vertex 76.15 -8.47224 1.7
      vertex 75.9651 -8.3487 1.7
    endloop
  endfacet
  facet normal -0.896789 -0.442459 0
    outer loop
      vertex 78.5706 -6.34944 1.7
      vertex 78.4722 -6.15 4
      vertex 78.4722 -6.15 1.7
    endloop
  endfacet
  facet normal -0.896789 -0.442459 0
    outer loop
      vertex 78.4722 -6.15 4
      vertex 78.5706 -6.34944 1.7
      vertex 78.5706 -6.34944 4
    endloop
  endfacet
  facet normal -0.659319 0.751863 0
    outer loop
      vertex 78.2021 -8.20208 1.7
      vertex 78.0349 -8.3487 4
      vertex 78.2021 -8.20208 4
    endloop
  endfacet
  facet normal -0.659319 0.751863 0
    outer loop
      vertex 78.0349 -8.3487 4
      vertex 78.2021 -8.20208 1.7
      vertex 78.0349 -8.3487 1.7
    endloop
  endfacet
  facet normal -0.555551 -0.831483 0
    outer loop
      vertex 77.85 -5.52776 1.7
      vertex 78.0349 -5.6513 4
      vertex 77.85 -5.52776 4
    endloop
  endfacet
  facet normal -0.555551 -0.831483 -0
    outer loop
      vertex 78.0349 -5.6513 4
      vertex 77.85 -5.52776 1.7
      vertex 78.0349 -5.6513 1.7
    endloop
  endfacet
  facet normal -0.442349 0.896843 0
    outer loop
      vertex 77.85 -8.47224 1.7
      vertex 77.6506 -8.57059 4
      vertex 77.85 -8.47224 4
    endloop
  endfacet
  facet normal -0.442349 0.896843 0
    outer loop
      vertex 77.6506 -8.57059 4
      vertex 77.85 -8.47224 1.7
      vertex 77.6506 -8.57059 1.7
    endloop
  endfacet
  facet normal 0.659319 -0.751863 0
    outer loop
      vertex 75.7979 -5.79792 1.7
      vertex 75.9651 -5.6513 4
      vertex 75.7979 -5.79792 4
    endloop
  endfacet
  facet normal 0.659319 -0.751863 0
    outer loop
      vertex 75.9651 -5.6513 4
      vertex 75.7979 -5.79792 1.7
      vertex 75.9651 -5.6513 1.7
    endloop
  endfacet
  facet normal 0.751888 -0.659291 0
    outer loop
      vertex 75.6513 -5.96511 4
      vertex 75.7979 -5.79792 1.7
      vertex 75.7979 -5.79792 4
    endloop
  endfacet
  facet normal 0.751888 -0.659291 0
    outer loop
      vertex 75.7979 -5.79792 1.7
      vertex 75.6513 -5.96511 4
      vertex 75.6513 -5.96511 1.7
    endloop
  endfacet
  facet normal 0.831552 -0.555447 0
    outer loop
      vertex 75.5278 -6.15 4
      vertex 75.6513 -5.96511 1.7
      vertex 75.6513 -5.96511 4
    endloop
  endfacet
  facet normal 0.831552 -0.555447 0
    outer loop
      vertex 75.6513 -5.96511 1.7
      vertex 75.5278 -6.15 4
      vertex 75.5278 -6.15 1.7
    endloop
  endfacet
  facet normal -0.831552 0.555447 0
    outer loop
      vertex 78.3487 -8.03489 1.7
      vertex 78.4722 -7.85 4
      vertex 78.4722 -7.85 1.7
    endloop
  endfacet
  facet normal -0.831552 0.555447 0
    outer loop
      vertex 78.4722 -7.85 4
      vertex 78.3487 -8.03489 1.7
      vertex 78.3487 -8.03489 4
    endloop
  endfacet
  facet normal -0.195122 -0.980779 0
    outer loop
      vertex 77.2219 -5.31454 1.7
      vertex 77.44 -5.35793 4
      vertex 77.2219 -5.31454 4
    endloop
  endfacet
  facet normal -0.195122 -0.980779 -0
    outer loop
      vertex 77.44 -5.35793 4
      vertex 77.2219 -5.31454 1.7
      vertex 77.44 -5.35793 1.7
    endloop
  endfacet
  facet normal -0.980769 -0.195173 0
    outer loop
      vertex 78.6855 -6.7781 1.7
      vertex 78.6421 -6.56001 4
      vertex 78.6421 -6.56001 1.7
    endloop
  endfacet
  facet normal -0.980769 -0.195173 0
    outer loop
      vertex 78.6421 -6.56001 4
      vertex 78.6855 -6.7781 1.7
      vertex 78.6855 -6.7781 4
    endloop
  endfacet
  facet normal 0.946901 -0.321525 0
    outer loop
      vertex 75.3579 -6.56001 4
      vertex 75.4294 -6.34944 1.7
      vertex 75.4294 -6.34944 4
    endloop
  endfacet
  facet normal 0.946901 -0.321525 0
    outer loop
      vertex 75.4294 -6.34944 1.7
      vertex 75.3579 -6.56001 4
      vertex 75.3579 -6.56001 1.7
    endloop
  endfacet
  facet normal -0.442386 -0.896825 0
    outer loop
      vertex 77.6506 -5.4294 1.7
      vertex 77.85 -5.52776 4
      vertex 77.6506 -5.4294 4
    endloop
  endfacet
  facet normal -0.442386 -0.896825 -0
    outer loop
      vertex 77.85 -5.52776 4
      vertex 77.6506 -5.4294 1.7
      vertex 77.85 -5.52776 1.7
    endloop
  endfacet
  facet normal -0.0653848 0.99786 0
    outer loop
      vertex 77.2219 -8.68546 1.7
      vertex 77 -8.7 4
      vertex 77.2219 -8.68546 4
    endloop
  endfacet
  facet normal -0.0653848 0.99786 0
    outer loop
      vertex 77 -8.7 4
      vertex 77.2219 -8.68546 1.7
      vertex 77 -8.7 1.7
    endloop
  endfacet
  facet normal 0.321403 0.946943 -0
    outer loop
      vertex 76.56 -8.64207 1.7
      vertex 76.3494 -8.57059 4
      vertex 76.56 -8.64207 4
    endloop
  endfacet
  facet normal 0.321403 0.946943 0
    outer loop
      vertex 76.3494 -8.57059 4
      vertex 76.56 -8.64207 1.7
      vertex 76.3494 -8.57059 1.7
    endloop
  endfacet
  facet normal 0.195122 0.980779 -0
    outer loop
      vertex 76.7781 -8.68546 1.7
      vertex 76.56 -8.64207 4
      vertex 76.7781 -8.68546 4
    endloop
  endfacet
  facet normal 0.195122 0.980779 0
    outer loop
      vertex 76.56 -8.64207 4
      vertex 76.7781 -8.68546 1.7
      vertex 76.56 -8.64207 1.7
    endloop
  endfacet
  facet normal -0.896789 0.442459 0
    outer loop
      vertex 78.4722 -7.85 1.7
      vertex 78.5706 -7.65056 4
      vertex 78.5706 -7.65056 1.7
    endloop
  endfacet
  facet normal -0.896789 0.442459 0
    outer loop
      vertex 78.5706 -7.65056 4
      vertex 78.4722 -7.85 1.7
      vertex 78.4722 -7.85 4
    endloop
  endfacet
  facet normal -0.997872 -0.0652057 0
    outer loop
      vertex 78.7 -7 1.7
      vertex 78.6855 -6.7781 4
      vertex 78.6855 -6.7781 1.7
    endloop
  endfacet
  facet normal -0.997872 -0.0652057 0
    outer loop
      vertex 78.6855 -6.7781 4
      vertex 78.7 -7 1.7
      vertex 78.7 -7 4
    endloop
  endfacet
  facet normal -0.0653848 -0.99786 0
    outer loop
      vertex 77 -5.3 1.7
      vertex 77.2219 -5.31454 4
      vertex 77 -5.3 4
    endloop
  endfacet
  facet normal -0.0653848 -0.99786 -0
    outer loop
      vertex 77.2219 -5.31454 4
      vertex 77 -5.3 1.7
      vertex 77.2219 -5.31454 1.7
    endloop
  endfacet
  facet normal -0.751888 0.659291 0
    outer loop
      vertex 78.2021 -8.20208 1.7
      vertex 78.3487 -8.03489 4
      vertex 78.3487 -8.03489 1.7
    endloop
  endfacet
  facet normal -0.751888 0.659291 0
    outer loop
      vertex 78.3487 -8.03489 4
      vertex 78.2021 -8.20208 1.7
      vertex 78.2021 -8.20208 4
    endloop
  endfacet
  facet normal 0.997872 -0.0652057 0
    outer loop
      vertex 75.3 -7 4
      vertex 75.3145 -6.7781 1.7
      vertex 75.3145 -6.7781 4
    endloop
  endfacet
  facet normal 0.997872 -0.0652057 0
    outer loop
      vertex 75.3145 -6.7781 1.7
      vertex 75.3 -7 4
      vertex 75.3 -7 1.7
    endloop
  endfacet
  facet normal -0.751888 -0.659291 0
    outer loop
      vertex 78.3487 -5.96511 1.7
      vertex 78.2021 -5.79792 4
      vertex 78.2021 -5.79792 1.7
    endloop
  endfacet
  facet normal -0.751888 -0.659291 0
    outer loop
      vertex 78.2021 -5.79792 4
      vertex 78.3487 -5.96511 1.7
      vertex 78.3487 -5.96511 4
    endloop
  endfacet
  facet normal 0.751888 0.659291 0
    outer loop
      vertex 75.7979 -8.20208 4
      vertex 75.6513 -8.03489 1.7
      vertex 75.6513 -8.03489 4
    endloop
  endfacet
  facet normal 0.751888 0.659291 0
    outer loop
      vertex 75.6513 -8.03489 1.7
      vertex 75.7979 -8.20208 4
      vertex 75.7979 -8.20208 1.7
    endloop
  endfacet
  facet normal 0.831552 0.555447 0
    outer loop
      vertex 75.6513 -8.03489 4
      vertex 75.5278 -7.85 1.7
      vertex 75.5278 -7.85 4
    endloop
  endfacet
  facet normal 0.831552 0.555447 0
    outer loop
      vertex 75.5278 -7.85 1.7
      vertex 75.6513 -8.03489 4
      vertex 75.6513 -8.03489 1.7
    endloop
  endfacet
  facet normal 0.0653848 0.99786 -0
    outer loop
      vertex 77 -8.7 1.7
      vertex 76.7781 -8.68546 4
      vertex 77 -8.7 4
    endloop
  endfacet
  facet normal 0.0653848 0.99786 0
    outer loop
      vertex 76.7781 -8.68546 4
      vertex 77 -8.7 1.7
      vertex 76.7781 -8.68546 1.7
    endloop
  endfacet
  facet normal 0.980769 -0.195173 0
    outer loop
      vertex 75.3145 -6.7781 4
      vertex 75.3579 -6.56001 1.7
      vertex 75.3579 -6.56001 4
    endloop
  endfacet
  facet normal 0.980769 -0.195173 0
    outer loop
      vertex 75.3579 -6.56001 1.7
      vertex 75.3145 -6.7781 4
      vertex 75.3145 -6.7781 1.7
    endloop
  endfacet
  facet normal 0.321363 -0.946956 0
    outer loop
      vertex 76.3494 -5.4294 1.7
      vertex 76.56 -5.35793 4
      vertex 76.3494 -5.4294 4
    endloop
  endfacet
  facet normal 0.321363 -0.946956 0
    outer loop
      vertex 76.56 -5.35793 4
      vertex 76.3494 -5.4294 1.7
      vertex 76.56 -5.35793 1.7
    endloop
  endfacet
  facet normal -0.946901 0.321525 0
    outer loop
      vertex 78.5706 -7.65056 1.7
      vertex 78.6421 -7.43999 4
      vertex 78.6421 -7.43999 1.7
    endloop
  endfacet
  facet normal -0.946901 0.321525 0
    outer loop
      vertex 78.6421 -7.43999 4
      vertex 78.5706 -7.65056 1.7
      vertex 78.5706 -7.65056 4
    endloop
  endfacet
  facet normal 0.442386 -0.896825 0
    outer loop
      vertex 76.15 -5.52776 1.7
      vertex 76.3494 -5.4294 4
      vertex 76.15 -5.52776 4
    endloop
  endfacet
  facet normal 0.442386 -0.896825 0
    outer loop
      vertex 76.3494 -5.4294 4
      vertex 76.15 -5.52776 1.7
      vertex 76.3494 -5.4294 1.7
    endloop
  endfacet
  facet normal 0.555551 -0.831483 0
    outer loop
      vertex 75.9651 -5.6513 1.7
      vertex 76.15 -5.52776 4
      vertex 75.9651 -5.6513 4
    endloop
  endfacet
  facet normal 0.555551 -0.831483 0
    outer loop
      vertex 76.15 -5.52776 4
      vertex 75.9651 -5.6513 1.7
      vertex 76.15 -5.52776 1.7
    endloop
  endfacet
  facet normal 0.0653848 -0.99786 0
    outer loop
      vertex 76.7781 -5.31454 1.7
      vertex 77 -5.3 4
      vertex 76.7781 -5.31454 4
    endloop
  endfacet
  facet normal 0.0653848 -0.99786 0
    outer loop
      vertex 77 -5.3 4
      vertex 76.7781 -5.31454 1.7
      vertex 77 -5.3 1.7
    endloop
  endfacet
  facet normal 0.195122 -0.980779 0
    outer loop
      vertex 76.56 -5.35793 1.7
      vertex 76.7781 -5.31454 4
      vertex 76.56 -5.35793 4
    endloop
  endfacet
  facet normal 0.195122 -0.980779 0
    outer loop
      vertex 76.7781 -5.31454 4
      vertex 76.56 -5.35793 1.7
      vertex 76.7781 -5.31454 1.7
    endloop
  endfacet
  facet normal 0.896789 0.442459 0
    outer loop
      vertex 75.5278 -7.85 4
      vertex 75.4294 -7.65056 1.7
      vertex 75.4294 -7.65056 4
    endloop
  endfacet
  facet normal 0.896789 0.442459 0
    outer loop
      vertex 75.4294 -7.65056 1.7
      vertex 75.5278 -7.85 4
      vertex 75.5278 -7.85 1.7
    endloop
  endfacet
  facet normal 0.896789 -0.442459 0
    outer loop
      vertex 75.4294 -6.34944 4
      vertex 75.5278 -6.15 1.7
      vertex 75.5278 -6.15 4
    endloop
  endfacet
  facet normal 0.896789 -0.442459 0
    outer loop
      vertex 75.5278 -6.15 1.7
      vertex 75.4294 -6.34944 4
      vertex 75.4294 -6.34944 1.7
    endloop
  endfacet
  facet normal 0.997872 0.0652086 0
    outer loop
      vertex 75.3145 -7.22189 4
      vertex 75.3 -7 1.7
      vertex 75.3 -7 4
    endloop
  endfacet
  facet normal 0.997872 0.0652086 0
    outer loop
      vertex 75.3 -7 1.7
      vertex 75.3145 -7.22189 4
      vertex 75.3145 -7.22189 1.7
    endloop
  endfacet
  facet normal 0.98077 0.195165 0
    outer loop
      vertex 75.3579 -7.43999 4
      vertex 75.3145 -7.22189 1.7
      vertex 75.3145 -7.22189 4
    endloop
  endfacet
  facet normal 0.98077 0.195165 0
    outer loop
      vertex 75.3145 -7.22189 1.7
      vertex 75.3579 -7.43999 4
      vertex 75.3579 -7.43999 1.7
    endloop
  endfacet
  facet normal 0.946901 0.321525 0
    outer loop
      vertex 75.4294 -7.65056 4
      vertex 75.3579 -7.43999 1.7
      vertex 75.3579 -7.43999 4
    endloop
  endfacet
  facet normal 0.946901 0.321525 0
    outer loop
      vertex 75.3579 -7.43999 1.7
      vertex 75.4294 -7.65056 4
      vertex 75.4294 -7.65056 1.7
    endloop
  endfacet
  facet normal -0.659319 -0.751863 0
    outer loop
      vertex 78.0349 -5.6513 1.7
      vertex 78.2021 -5.79792 4
      vertex 78.0349 -5.6513 4
    endloop
  endfacet
  facet normal -0.659319 -0.751863 -0
    outer loop
      vertex 78.2021 -5.79792 4
      vertex 78.0349 -5.6513 1.7
      vertex 78.2021 -5.79792 1.7
    endloop
  endfacet
  facet normal 0.69629 0.138571 -0.704257
    outer loop
      vertex 75.3579 -7.43999 1.7
      vertex 73.7255 -7.87741 0
      vertex 73.6392 -7.44377 0
    endloop
  endfacet
  facet normal -0.705145 0.0462658 -0.707552
    outer loop
      vertex 80.3806 -7.08658 0.00380634
      vertex 80.3901 -7 0
      vertex 80.385 -7.07773 0
    endloop
  endfacet
  facet normal -0.708393 0.0467666 -0.704267
    outer loop
      vertex 80.3901 -7 0
      vertex 80.3806 -7.08658 0.00380634
      vertex 78.7 -7 1.7
    endloop
  endfacet
  facet normal -0.708416 0.0463662 -0.70427
    outer loop
      vertex 78.7 -7 1.7
      vertex 80.3806 -7.08658 0.00380634
      vertex 80.2686 -7.41661 0.0947379
    endloop
  endfacet
  facet normal -0.708428 0.0462941 -0.704263
    outer loop
      vertex 80.2686 -7.41661 0.0947379
      vertex 78.6855 -7.22189 1.7
      vertex 78.7 -7 1.7
    endloop
  endfacet
  facet normal -0.708189 0.0488166 -0.704333
    outer loop
      vertex 78.6855 -7.22189 1.7
      vertex 80.2686 -7.41661 0.0947379
      vertex 80.2641 -7.42973 0.0983532
    endloop
  endfacet
  facet normal -0.0464189 -0.708415 -0.704268
    outer loop
      vertex 77.4412 -3.63886 0
      vertex 77.2219 -5.31454 1.7
      vertex 77 -5.3 1.7
    endloop
  endfacet
  facet normal -0.0436115 -0.708687 -0.704174
    outer loop
      vertex 77.2219 -5.31454 1.7
      vertex 77.4412 -3.63886 0
      vertex 77.4425 -3.63894 0
    endloop
  endfacet
  facet normal -0.636752 -0.313928 -0.70427
    outer loop
      vertex 79.9365 -5.30614 0
      vertex 80.132 -5.70268 0
      vertex 78.5706 -6.34944 1.7
    endloop
  endfacet
  facet normal 0.46807 -0.53377 -0.704273
    outer loop
      vertex 75.7979 -5.79792 1.7
      vertex 74.6038 -4.60201 0
      vertex 75.9651 -5.6513 1.7
    endloop
  endfacet
  facet normal 0.490009 -0.5128 -0.704931
    outer loop
      vertex 74.6038 -4.60201 0
      vertex 75.7979 -5.79792 1.7
      vertex 74.6029 -4.60287 0
    endloop
  endfacet
  facet normal 0.046563 0.7084 -0.704274
    outer loop
      vertex 77 -8.7 1.7
      vertex 77 -10.3901 0
      vertex 76.5588 -10.3611 0
    endloop
  endfacet
  facet normal 0.468034 -0.533809 -0.704267
    outer loop
      vertex 74.9363 -4.31048 0
      vertex 75.9651 -5.6513 1.7
      vertex 74.6038 -4.60201 0
    endloop
  endfacet
  facet normal -0.672239 -0.228262 -0.704266
    outer loop
      vertex 78.5706 -6.34944 1.7
      vertex 80.1324 -5.70391 0
      vertex 78.6421 -6.56001 1.7
    endloop
  endfacet
  facet normal -0.675441 -0.219656 -0.70394
    outer loop
      vertex 80.1324 -5.70391 0
      vertex 78.5706 -6.34944 1.7
      vertex 80.132 -5.70268 0
    endloop
  endfacet
  facet normal 0.520058 0.482528 -0.704774
    outer loop
      vertex 74.602 -9.39616 0
      vertex 75.7979 -8.20208 1.7
      vertex 74.6029 -9.39713 0
    endloop
  endfacet
  facet normal 0.533792 0.468053 -0.704267
    outer loop
      vertex 75.7979 -8.20208 1.7
      vertex 74.602 -9.39616 0
      vertex 75.6513 -8.03489 1.7
    endloop
  endfacet
  facet normal 0.468026 0.533818 -0.704266
    outer loop
      vertex 75.9651 -8.3487 1.7
      vertex 74.9363 -9.68951 0
      vertex 74.6038 -9.39799 0
    endloop
  endfacet
  facet normal 0.0464194 0.708423 -0.70426
    outer loop
      vertex 76.5588 -10.3611 0
      vertex 76.7781 -8.68546 1.7
      vertex 77 -8.7 1.7
    endloop
  endfacet
  facet normal 0 0.712191 -0.701986
    outer loop
      vertex 76.7781 -8.68546 1.7
      vertex 76.5588 -10.3611 0
      vertex 76.5575 -10.3611 0
    endloop
  endfacet
  facet normal -0.67228 -0.228172 -0.704257
    outer loop
      vertex 80.1324 -5.70391 0
      vertex 80.2745 -6.12259 0
      vertex 78.6421 -6.56001 1.7
    endloop
  endfacet
  facet normal 0.314061 -0.63668 -0.704276
    outer loop
      vertex 76.15 -5.52776 1.7
      vertex 75.3061 -4.06355 0
      vertex 76.3494 -5.4294 1.7
    endloop
  endfacet
  facet normal 0.326448 -0.629988 -0.704661
    outer loop
      vertex 75.3061 -4.06355 0
      vertex 76.15 -5.52776 1.7
      vertex 75.305 -4.06412 0
    endloop
  endfacet
  facet normal -0.590244 -0.394481 -0.704271
    outer loop
      vertex 79.6895 -4.93626 0
      vertex 79.9352 -5.30389 0
      vertex 78.3487 -5.96511 1.7
    endloop
  endfacet
  facet normal 0.636641 -0.314107 -0.704291
    outer loop
      vertex 74.0635 -5.30614 0
      vertex 75.5278 -6.15 1.7
      vertex 75.4294 -6.34944 1.7
    endloop
  endfacet
  facet normal 0.631416 -0.323803 -0.704604
    outer loop
      vertex 75.5278 -6.15 1.7
      vertex 74.0635 -5.30614 0
      vertex 74.0641 -5.30497 0
    endloop
  endfacet
  facet normal 0.138523 -0.696288 -0.704269
    outer loop
      vertex 76.5562 -3.6392 0
      vertex 76.7781 -5.31454 1.7
      vertex 76.56 -5.35793 1.7
    endloop
  endfacet
  facet normal 0.139234 -0.69617 -0.704245
    outer loop
      vertex 76.7781 -5.31454 1.7
      vertex 76.5562 -3.6392 0
      vertex 76.5575 -3.63894 0
    endloop
  endfacet
  facet normal -0.712199 0 -0.701977
    outer loop
      vertex 80.3611 -6.55881 0
      vertex 78.6855 -6.7781 1.7
      vertex 80.3611 -6.55751 0
    endloop
  endfacet
  facet normal -0.708444 -0.0462931 -0.704247
    outer loop
      vertex 78.6855 -6.7781 1.7
      vertex 80.3611 -6.55881 0
      vertex 78.7 -7 1.7
    endloop
  endfacet
  facet normal 0.590244 -0.394481 -0.704271
    outer loop
      vertex 74.3105 -4.93626 0
      vertex 75.6513 -5.96511 1.7
      vertex 74.0648 -5.30389 0
    endloop
  endfacet
  facet normal -0.468026 0.533818 -0.704266
    outer loop
      vertex 79.3962 -9.39799 0
      vertex 79.0637 -9.68951 0
      vertex 78.0349 -8.3487 1.7
    endloop
  endfacet
  facet normal 0.313969 -0.636737 -0.704265
    outer loop
      vertex 75.7027 -3.86799 0
      vertex 76.3494 -5.4294 1.7
      vertex 75.3061 -4.06355 0
    endloop
  endfacet
  facet normal 0.696291 -0.138562 -0.704258
    outer loop
      vertex 75.3145 -6.7781 1.7
      vertex 73.6392 -6.55623 0
      vertex 75.3579 -6.56001 1.7
    endloop
  endfacet
  facet normal 0.69216 -0.162225 -0.703276
    outer loop
      vertex 73.6392 -6.55623 0
      vertex 75.3145 -6.7781 1.7
      vertex 73.6389 -6.55751 0
    endloop
  endfacet
  facet normal 0.59033 -0.39432 -0.704289
    outer loop
      vertex 75.5278 -6.15 1.7
      vertex 74.0648 -5.30389 0
      vertex 75.6513 -5.96511 1.7
    endloop
  endfacet
  facet normal 0.59549 -0.385966 -0.704572
    outer loop
      vertex 74.0648 -5.30389 0
      vertex 75.5278 -6.15 1.7
      vertex 74.0641 -5.30497 0
    endloop
  endfacet
  facet normal -0.490009 -0.5128 -0.704931
    outer loop
      vertex 78.2021 -5.79792 1.7
      vertex 79.3962 -4.60201 0
      vertex 79.3971 -4.60287 0
    endloop
  endfacet
  facet normal -0.46807 -0.53377 -0.704273
    outer loop
      vertex 79.3962 -4.60201 0
      vertex 78.2021 -5.79792 1.7
      vertex 78.0349 -5.6513 1.7
    endloop
  endfacet
  facet normal 0.138503 -0.69629 -0.704271
    outer loop
      vertex 76.5562 -3.6392 0
      vertex 76.56 -5.35793 1.7
      vertex 76.1226 -3.72545 0
    endloop
  endfacet
  facet normal 0.636752 0.313928 -0.70427
    outer loop
      vertex 75.4294 -7.65056 1.7
      vertex 74.0635 -8.69386 0
      vertex 73.868 -8.29732 0
    endloop
  endfacet
  facet normal 0.313956 0.636743 -0.704266
    outer loop
      vertex 76.3494 -8.57059 1.7
      vertex 75.7027 -10.132 0
      vertex 75.3061 -9.93645 0
    endloop
  endfacet
  facet normal -0.394439 -0.590277 -0.704267
    outer loop
      vertex 78.6961 -4.06484 0
      vertex 79.0637 -4.31048 0
      vertex 78.0349 -5.6513 1.7
    endloop
  endfacet
  facet normal -0.228201 -0.672256 -0.70427
    outer loop
      vertex 77.8774 -3.72545 0
      vertex 78.2961 -3.86758 0
      vertex 77.44 -5.35793 1.7
    endloop
  endfacet
  facet normal -0.229519 -0.671764 -0.704311
    outer loop
      vertex 77.6506 -5.4294 1.7
      vertex 78.2961 -3.86758 0
      vertex 78.2973 -3.86799 0
    endloop
  endfacet
  facet normal -0.228147 -0.67228 -0.704264
    outer loop
      vertex 78.2961 -3.86758 0
      vertex 77.6506 -5.4294 1.7
      vertex 77.44 -5.35793 1.7
    endloop
  endfacet
  facet normal 0.394439 -0.590277 -0.704267
    outer loop
      vertex 75.3039 -4.06484 0
      vertex 75.9651 -5.6513 1.7
      vertex 74.9363 -4.31048 0
    endloop
  endfacet
  facet normal -0.59549 0.385966 -0.704572
    outer loop
      vertex 79.9352 -8.69611 0
      vertex 78.4722 -7.85 1.7
      vertex 79.9359 -8.69503 0
    endloop
  endfacet
  facet normal -0.59033 0.39432 -0.704289
    outer loop
      vertex 78.4722 -7.85 1.7
      vertex 79.9352 -8.69611 0
      vertex 78.3487 -8.03489 1.7
    endloop
  endfacet
  facet normal -0.69629 -0.138571 -0.704257
    outer loop
      vertex 80.2745 -6.12259 0
      vertex 80.3608 -6.55623 0
      vertex 78.6421 -6.56001 1.7
    endloop
  endfacet
  facet normal 0.69629 -0.138571 -0.704257
    outer loop
      vertex 73.7255 -6.12259 0
      vertex 75.3579 -6.56001 1.7
      vertex 73.6392 -6.55623 0
    endloop
  endfacet
  facet normal 0.228147 -0.67228 -0.704264
    outer loop
      vertex 76.3494 -5.4294 1.7
      vertex 75.7039 -3.86758 0
      vertex 76.56 -5.35793 1.7
    endloop
  endfacet
  facet normal 0.229519 -0.671764 -0.704311
    outer loop
      vertex 75.7039 -3.86758 0
      vertex 76.3494 -5.4294 1.7
      vertex 75.7027 -3.86799 0
    endloop
  endfacet
  facet normal 0.590244 0.394481 -0.704271
    outer loop
      vertex 75.6513 -8.03489 1.7
      vertex 74.3105 -9.06374 0
      vertex 74.0648 -8.69611 0
    endloop
  endfacet
  facet normal 0.712199 0 -0.701977
    outer loop
      vertex 75.3145 -6.7781 1.7
      vertex 73.6389 -6.55881 0
      vertex 73.6389 -6.55751 0
    endloop
  endfacet
  facet normal 0.708444 -0.0462931 -0.704247
    outer loop
      vertex 73.6389 -6.55881 0
      vertex 75.3145 -6.7781 1.7
      vertex 75.3 -7 1.7
    endloop
  endfacet
  facet normal 0.67228 -0.228172 -0.704257
    outer loop
      vertex 73.8676 -5.70391 0
      vertex 75.3579 -6.56001 1.7
      vertex 73.7255 -6.12259 0
    endloop
  endfacet
  facet normal 0.631416 0.323803 -0.704604
    outer loop
      vertex 74.0635 -8.69386 0
      vertex 75.5278 -7.85 1.7
      vertex 74.0641 -8.69503 0
    endloop
  endfacet
  facet normal 0.636641 0.314107 -0.704291
    outer loop
      vertex 75.5278 -7.85 1.7
      vertex 74.0635 -8.69386 0
      vertex 75.4294 -7.65056 1.7
    endloop
  endfacet
  facet normal -0.533775 -0.468069 -0.70427
    outer loop
      vertex 79.398 -4.60384 0
      vertex 79.6895 -4.93626 0
      vertex 78.3487 -5.96511 1.7
    endloop
  endfacet
  facet normal 0.228176 0.672271 -0.704263
    outer loop
      vertex 75.7039 -10.1324 0
      vertex 76.3494 -8.57059 1.7
      vertex 76.56 -8.64207 1.7
    endloop
  endfacet
  facet normal 0.224543 0.67363 -0.704132
    outer loop
      vertex 76.3494 -8.57059 1.7
      vertex 75.7039 -10.1324 0
      vertex 75.7027 -10.132 0
    endloop
  endfacet
  facet normal 0.159828 0.692588 -0.703404
    outer loop
      vertex 76.5562 -10.3608 0
      vertex 76.7781 -8.68546 1.7
      vertex 76.5575 -10.3611 0
    endloop
  endfacet
  facet normal 0.138523 0.696288 -0.704269
    outer loop
      vertex 76.7781 -8.68546 1.7
      vertex 76.5562 -10.3608 0
      vertex 76.56 -8.64207 1.7
    endloop
  endfacet
  facet normal -0.22816 0.672278 -0.704262
    outer loop
      vertex 78.2961 -10.1324 0
      vertex 77.8774 -10.2745 0
      vertex 77.44 -8.64207 1.7
    endloop
  endfacet
  facet normal -0.672287 0.228155 -0.704256
    outer loop
      vertex 80.1432 -7.84223 0.136729
      vertex 80.0611 -8.25513 0.0813367
      vertex 78.6421 -7.43999 1.7
    endloop
  endfacet
  facet normal -0.313969 -0.636737 -0.704265
    outer loop
      vertex 78.2973 -3.86799 0
      vertex 78.6939 -4.06355 0
      vertex 77.6506 -5.4294 1.7
    endloop
  endfacet
  facet normal 0.675441 0.219656 -0.70394
    outer loop
      vertex 73.8676 -8.29609 0
      vertex 75.4294 -7.65056 1.7
      vertex 73.868 -8.29732 0
    endloop
  endfacet
  facet normal 0.672239 0.228262 -0.704266
    outer loop
      vertex 75.4294 -7.65056 1.7
      vertex 73.8676 -8.29609 0
      vertex 75.3579 -7.43999 1.7
    endloop
  endfacet
  facet normal -0.0464354 -0.708412 -0.70427
    outer loop
      vertex 77.4412 -3.63886 0
      vertex 77 -5.3 1.7
      vertex 77 -3.60994 0
    endloop
  endfacet
  facet normal -0.394439 0.590278 -0.704265
    outer loop
      vertex 79.0637 -9.68951 0
      vertex 78.6961 -9.93515 0
      vertex 78.0349 -8.3487 1.7
    endloop
  endfacet
  facet normal -0.67338 0.225182 -0.704168
    outer loop
      vertex 78.5706 -7.65056 1.7
      vertex 80.0611 -8.25513 0.0813367
      vertex 80.0588 -8.26698 0.0797467
    endloop
  endfacet
  facet normal -0.672238 0.228262 -0.704267
    outer loop
      vertex 80.0611 -8.25513 0.0813367
      vertex 78.5706 -7.65056 1.7
      vertex 78.6421 -7.43999 1.7
    endloop
  endfacet
  facet normal -0.138503 -0.69629 -0.704271
    outer loop
      vertex 77.4438 -3.6392 0
      vertex 77.8774 -3.72545 0
      vertex 77.44 -5.35793 1.7
    endloop
  endfacet
  facet normal -0.138523 -0.696288 -0.704269
    outer loop
      vertex 77.2219 -5.31454 1.7
      vertex 77.4438 -3.6392 0
      vertex 77.44 -5.35793 1.7
    endloop
  endfacet
  facet normal -0.139234 -0.69617 -0.704245
    outer loop
      vertex 77.4438 -3.6392 0
      vertex 77.2219 -5.31454 1.7
      vertex 77.4425 -3.63894 0
    endloop
  endfacet
  facet normal 0.394439 0.590278 -0.704265
    outer loop
      vertex 75.9651 -8.3487 1.7
      vertex 75.3039 -9.93515 0
      vertex 74.9363 -9.68951 0
    endloop
  endfacet
  facet normal 0.533775 -0.468069 -0.70427
    outer loop
      vertex 74.602 -4.60384 0
      vertex 75.6513 -5.96511 1.7
      vertex 74.3105 -4.93626 0
    endloop
  endfacet
  facet normal -0.313956 0.636743 -0.704266
    outer loop
      vertex 78.6939 -9.93645 0
      vertex 78.2973 -10.132 0
      vertex 77.6506 -8.57059 1.7
    endloop
  endfacet
  facet normal 0.0464354 -0.708412 -0.70427
    outer loop
      vertex 77 -3.60994 0
      vertex 77 -5.3 1.7
      vertex 76.5588 -3.63886 0
    endloop
  endfacet
  facet normal 0.0436115 -0.708687 -0.704174
    outer loop
      vertex 76.5588 -3.63886 0
      vertex 76.7781 -5.31454 1.7
      vertex 76.5575 -3.63894 0
    endloop
  endfacet
  facet normal 0.0464189 -0.708415 -0.704268
    outer loop
      vertex 76.7781 -5.31454 1.7
      vertex 76.5588 -3.63886 0
      vertex 77 -5.3 1.7
    endloop
  endfacet
  facet normal 0.138582 0.696282 -0.704263
    outer loop
      vertex 76.56 -8.64207 1.7
      vertex 76.5562 -10.3608 0
      vertex 76.1226 -10.2745 0
    endloop
  endfacet
  facet normal -0.39252 0.591468 -0.704339
    outer loop
      vertex 77.85 -8.47224 1.7
      vertex 78.6961 -9.93515 0
      vertex 78.695 -9.93588 0
    endloop
  endfacet
  facet normal -0.394404 0.590297 -0.704269
    outer loop
      vertex 78.6961 -9.93515 0
      vertex 77.85 -8.47224 1.7
      vertex 78.0349 -8.3487 1.7
    endloop
  endfacet
  facet normal -0.046563 0.7084 -0.704274
    outer loop
      vertex 77.4412 -10.3611 0
      vertex 77 -10.3901 0
      vertex 77 -8.7 1.7
    endloop
  endfacet
  facet normal -0.533792 -0.468053 -0.704267
    outer loop
      vertex 78.2021 -5.79792 1.7
      vertex 79.398 -4.60384 0
      vertex 78.3487 -5.96511 1.7
    endloop
  endfacet
  facet normal -0.520058 -0.482528 -0.704774
    outer loop
      vertex 79.398 -4.60384 0
      vertex 78.2021 -5.79792 1.7
      vertex 79.3971 -4.60287 0
    endloop
  endfacet
  facet normal 0.708399 -0.046564 -0.704274
    outer loop
      vertex 73.6389 -6.55881 0
      vertex 75.3 -7 1.7
      vertex 73.6099 -7 0
    endloop
  endfacet
  facet normal -0.636875 0.313991 -0.70413
    outer loop
      vertex 79.9365 -8.69386 0
      vertex 80.0428 -8.34737 0.0583629
      vertex 80.0329 -8.49833 0
    endloop
  endfacet
  facet normal -0.636725 0.31397 -0.704275
    outer loop
      vertex 78.5706 -7.65056 1.7
      vertex 80.0428 -8.34737 0.0583629
      vertex 79.9365 -8.69386 0
    endloop
  endfacet
  facet normal -0.636684 0.314056 -0.704275
    outer loop
      vertex 80.0428 -8.34737 0.0583629
      vertex 78.5706 -7.65056 1.7
      vertex 80.0588 -8.26698 0.0797467
    endloop
  endfacet
  facet normal -0.590244 0.394481 -0.704271
    outer loop
      vertex 79.9352 -8.69611 0
      vertex 79.6895 -9.06374 0
      vertex 78.3487 -8.03489 1.7
    endloop
  endfacet
  facet normal -0.159828 0.692588 -0.703404
    outer loop
      vertex 77.2219 -8.68546 1.7
      vertex 77.4438 -10.3608 0
      vertex 77.4425 -10.3611 0
    endloop
  endfacet
  facet normal -0.138523 0.696288 -0.704269
    outer loop
      vertex 77.4438 -10.3608 0
      vertex 77.2219 -8.68546 1.7
      vertex 77.44 -8.64207 1.7
    endloop
  endfacet
  facet normal -0.138582 0.696282 -0.704263
    outer loop
      vertex 77.8774 -10.2745 0
      vertex 77.4438 -10.3608 0
      vertex 77.44 -8.64207 1.7
    endloop
  endfacet
  facet normal -0.533775 0.468069 -0.70427
    outer loop
      vertex 79.6895 -9.06374 0
      vertex 79.398 -9.39616 0
      vertex 78.3487 -8.03489 1.7
    endloop
  endfacet
  facet normal -0.468034 -0.533809 -0.704267
    outer loop
      vertex 79.0637 -4.31048 0
      vertex 79.3962 -4.60201 0
      vertex 78.0349 -5.6513 1.7
    endloop
  endfacet
  facet normal -0.224543 0.67363 -0.704132
    outer loop
      vertex 78.2961 -10.1324 0
      vertex 77.6506 -8.57059 1.7
      vertex 78.2973 -10.132 0
    endloop
  endfacet
  facet normal -0.228176 0.672271 -0.704263
    outer loop
      vertex 77.6506 -8.57059 1.7
      vertex 78.2961 -10.1324 0
      vertex 77.44 -8.64207 1.7
    endloop
  endfacet
  facet normal 0.533792 -0.468053 -0.704267
    outer loop
      vertex 74.602 -4.60384 0
      vertex 75.7979 -5.79792 1.7
      vertex 75.6513 -5.96511 1.7
    endloop
  endfacet
  facet normal 0.520058 -0.482528 -0.704774
    outer loop
      vertex 75.7979 -5.79792 1.7
      vertex 74.602 -4.60384 0
      vertex 74.6029 -4.60287 0
    endloop
  endfacet
  facet normal 0.228201 -0.672256 -0.70427
    outer loop
      vertex 76.1226 -3.72545 0
      vertex 76.56 -5.35793 1.7
      vertex 75.7039 -3.86758 0
    endloop
  endfacet
  facet normal 0.533775 0.468069 -0.70427
    outer loop
      vertex 75.6513 -8.03489 1.7
      vertex 74.602 -9.39616 0
      vertex 74.3105 -9.06374 0
    endloop
  endfacet
  facet normal -0.708399 -0.046564 -0.704274
    outer loop
      vertex 80.3611 -6.55881 0
      vertex 80.3901 -7 0
      vertex 78.7 -7 1.7
    endloop
  endfacet
  facet normal 0.636752 -0.313928 -0.70427
    outer loop
      vertex 74.0635 -5.30614 0
      vertex 75.4294 -6.34944 1.7
      vertex 73.868 -5.70268 0
    endloop
  endfacet
  facet normal 0.394403 -0.590296 -0.704271
    outer loop
      vertex 75.3039 -4.06484 0
      vertex 76.15 -5.52776 1.7
      vertex 75.9651 -5.6513 1.7
    endloop
  endfacet
  facet normal 0.388691 -0.593834 -0.704472
    outer loop
      vertex 76.15 -5.52776 1.7
      vertex 75.3039 -4.06484 0
      vertex 75.305 -4.06412 0
    endloop
  endfacet
  facet normal 0.672239 -0.228262 -0.704266
    outer loop
      vertex 73.8676 -5.70391 0
      vertex 75.4294 -6.34944 1.7
      vertex 75.3579 -6.56001 1.7
    endloop
  endfacet
  facet normal 0.675441 -0.219656 -0.70394
    outer loop
      vertex 75.4294 -6.34944 1.7
      vertex 73.8676 -5.70391 0
      vertex 73.868 -5.70268 0
    endloop
  endfacet
  facet normal -0.326448 0.629988 -0.704661
    outer loop
      vertex 78.6939 -9.93645 0
      vertex 77.85 -8.47224 1.7
      vertex 78.695 -9.93588 0
    endloop
  endfacet
  facet normal -0.314036 0.636693 -0.704275
    outer loop
      vertex 77.85 -8.47224 1.7
      vertex 78.6939 -9.93645 0
      vertex 77.6506 -8.57059 1.7
    endloop
  endfacet
  facet normal -0.490009 0.5128 -0.704931
    outer loop
      vertex 79.3962 -9.39799 0
      vertex 78.2021 -8.20208 1.7
      vertex 79.3971 -9.39713 0
    endloop
  endfacet
  facet normal -0.46807 0.53377 -0.704273
    outer loop
      vertex 78.2021 -8.20208 1.7
      vertex 79.3962 -9.39799 0
      vertex 78.0349 -8.3487 1.7
    endloop
  endfacet
  facet normal 0.59033 0.39432 -0.704289
    outer loop
      vertex 74.0648 -8.69611 0
      vertex 75.5278 -7.85 1.7
      vertex 75.6513 -8.03489 1.7
    endloop
  endfacet
  facet normal 0.59549 0.385966 -0.704572
    outer loop
      vertex 75.5278 -7.85 1.7
      vertex 74.0648 -8.69611 0
      vertex 74.0641 -8.69503 0
    endloop
  endfacet
  facet normal 0.708444 0.0462952 -0.704247
    outer loop
      vertex 75.3145 -7.22189 1.7
      vertex 73.6389 -7.44119 0
      vertex 75.3 -7 1.7
    endloop
  endfacet
  facet normal 0.712199 0 -0.701977
    outer loop
      vertex 73.6389 -7.44119 0
      vertex 75.3145 -7.22189 1.7
      vertex 73.6389 -7.44249 0
    endloop
  endfacet
  facet normal 0.22816 0.672278 -0.704262
    outer loop
      vertex 76.56 -8.64207 1.7
      vertex 76.1226 -10.2745 0
      vertex 75.7039 -10.1324 0
    endloop
  endfacet
  facet normal -0.69216 -0.162225 -0.703276
    outer loop
      vertex 78.6855 -6.7781 1.7
      vertex 80.3608 -6.55623 0
      vertex 80.3611 -6.55751 0
    endloop
  endfacet
  facet normal -0.696291 -0.138562 -0.704258
    outer loop
      vertex 80.3608 -6.55623 0
      vertex 78.6855 -6.7781 1.7
      vertex 78.6421 -6.56001 1.7
    endloop
  endfacet
  facet normal -0.636641 -0.314107 -0.704291
    outer loop
      vertex 78.4722 -6.15 1.7
      vertex 79.9365 -5.30614 0
      vertex 78.5706 -6.34944 1.7
    endloop
  endfacet
  facet normal -0.631416 -0.323803 -0.704604
    outer loop
      vertex 79.9365 -5.30614 0
      vertex 78.4722 -6.15 1.7
      vertex 79.9359 -5.30497 0
    endloop
  endfacet
  facet normal 0.67228 0.228172 -0.704257
    outer loop
      vertex 75.3579 -7.43999 1.7
      vertex 73.8676 -8.29609 0
      vertex 73.7255 -7.87741 0
    endloop
  endfacet
  facet normal -0.631416 0.323803 -0.704604
    outer loop
      vertex 78.4722 -7.85 1.7
      vertex 79.9365 -8.69386 0
      vertex 79.9359 -8.69503 0
    endloop
  endfacet
  facet normal -0.636641 0.314107 -0.704291
    outer loop
      vertex 79.9365 -8.69386 0
      vertex 78.4722 -7.85 1.7
      vertex 78.5706 -7.65056 1.7
    endloop
  endfacet
  facet normal -0.696318 0.138349 -0.704274
    outer loop
      vertex 80.1704 -7.7059 0.136729
      vertex 78.6421 -7.43999 1.7
      vertex 80.2594 -7.44354 0.100273
    endloop
  endfacet
  facet normal -0.696214 0.138906 -0.704267
    outer loop
      vertex 78.6421 -7.43999 1.7
      vertex 80.1704 -7.7059 0.136729
      vertex 80.1432 -7.84223 0.136729
    endloop
  endfacet
  facet normal -0.696214 0.139045 -0.704239
    outer loop
      vertex 80.2594 -7.44354 0.100273
      vertex 78.6855 -7.22189 1.7
      vertex 80.2641 -7.42973 0.0983532
    endloop
  endfacet
  facet normal -0.696297 0.138557 -0.704253
    outer loop
      vertex 78.6855 -7.22189 1.7
      vertex 80.2594 -7.44354 0.100273
      vertex 78.6421 -7.43999 1.7
    endloop
  endfacet
  facet normal -0.59549 -0.385966 -0.704572
    outer loop
      vertex 78.4722 -6.15 1.7
      vertex 79.9352 -5.30389 0
      vertex 79.9359 -5.30497 0
    endloop
  endfacet
  facet normal -0.59033 -0.39432 -0.704289
    outer loop
      vertex 79.9352 -5.30389 0
      vertex 78.4722 -6.15 1.7
      vertex 78.3487 -5.96511 1.7
    endloop
  endfacet
  facet normal 0 0.712191 -0.701986
    outer loop
      vertex 77.4412 -10.3611 0
      vertex 77.2219 -8.68546 1.7
      vertex 77.4425 -10.3611 0
    endloop
  endfacet
  facet normal -0.0464194 0.708423 -0.70426
    outer loop
      vertex 77.2219 -8.68546 1.7
      vertex 77.4412 -10.3611 0
      vertex 77 -8.7 1.7
    endloop
  endfacet
  facet normal -0.520058 0.482528 -0.704774
    outer loop
      vertex 78.2021 -8.20208 1.7
      vertex 79.398 -9.39616 0
      vertex 79.3971 -9.39713 0
    endloop
  endfacet
  facet normal -0.533792 0.468053 -0.704267
    outer loop
      vertex 79.398 -9.39616 0
      vertex 78.2021 -8.20208 1.7
      vertex 78.3487 -8.03489 1.7
    endloop
  endfacet
  facet normal 0.708399 0.046564 -0.704274
    outer loop
      vertex 75.3 -7 1.7
      vertex 73.6389 -7.44119 0
      vertex 73.6099 -7 0
    endloop
  endfacet
  facet normal 0.696291 0.138556 -0.704259
    outer loop
      vertex 73.6392 -7.44377 0
      vertex 75.3145 -7.22189 1.7
      vertex 75.3579 -7.43999 1.7
    endloop
  endfacet
  facet normal 0.69216 0.162225 -0.703276
    outer loop
      vertex 75.3145 -7.22189 1.7
      vertex 73.6392 -7.44377 0
      vertex 73.6389 -7.44249 0
    endloop
  endfacet
  facet normal -0.394403 -0.590296 -0.704271
    outer loop
      vertex 77.85 -5.52776 1.7
      vertex 78.6961 -4.06484 0
      vertex 78.0349 -5.6513 1.7
    endloop
  endfacet
  facet normal -0.388691 -0.593834 -0.704472
    outer loop
      vertex 78.6961 -4.06484 0
      vertex 77.85 -5.52776 1.7
      vertex 78.695 -4.06412 0
    endloop
  endfacet
  facet normal -0.326448 -0.629988 -0.704661
    outer loop
      vertex 77.85 -5.52776 1.7
      vertex 78.6939 -4.06355 0
      vertex 78.695 -4.06412 0
    endloop
  endfacet
  facet normal -0.314061 -0.63668 -0.704276
    outer loop
      vertex 78.6939 -4.06355 0
      vertex 77.85 -5.52776 1.7
      vertex 77.6506 -5.4294 1.7
    endloop
  endfacet
  facet normal 0.46807 0.53377 -0.704273
    outer loop
      vertex 74.6038 -9.39799 0
      vertex 75.7979 -8.20208 1.7
      vertex 75.9651 -8.3487 1.7
    endloop
  endfacet
  facet normal 0.490009 0.5128 -0.704931
    outer loop
      vertex 75.7979 -8.20208 1.7
      vertex 74.6038 -9.39799 0
      vertex 74.6029 -9.39713 0
    endloop
  endfacet
  facet normal 0.39252 0.591468 -0.704339
    outer loop
      vertex 75.3039 -9.93515 0
      vertex 76.15 -8.47224 1.7
      vertex 75.305 -9.93588 0
    endloop
  endfacet
  facet normal 0.394404 0.590297 -0.704269
    outer loop
      vertex 76.15 -8.47224 1.7
      vertex 75.3039 -9.93515 0
      vertex 75.9651 -8.3487 1.7
    endloop
  endfacet
  facet normal 0.314036 0.636693 -0.704275
    outer loop
      vertex 75.3061 -9.93645 0
      vertex 76.15 -8.47224 1.7
      vertex 76.3494 -8.57059 1.7
    endloop
  endfacet
  facet normal 0.326448 0.629988 -0.704661
    outer loop
      vertex 76.15 -8.47224 1.7
      vertex 75.3061 -9.93645 0
      vertex 75.305 -9.93588 0
    endloop
  endfacet
  facet normal -0.98077 0.195165 0
    outer loop
      vertex 78.6421 -93.44 1.7
      vertex 78.6855 -93.2219 4
      vertex 78.6855 -93.2219 1.7
    endloop
  endfacet
  facet normal -0.98077 0.195165 0
    outer loop
      vertex 78.6855 -93.2219 4
      vertex 78.6421 -93.44 1.7
      vertex 78.6421 -93.44 4
    endloop
  endfacet
  facet normal -0.997872 0.0652057 0
    outer loop
      vertex 78.6855 -93.2219 1.7
      vertex 78.7 -93 4
      vertex 78.7 -93 1.7
    endloop
  endfacet
  facet normal -0.997872 0.0652057 0
    outer loop
      vertex 78.7 -93 4
      vertex 78.6855 -93.2219 1.7
      vertex 78.6855 -93.2219 4
    endloop
  endfacet
  facet normal 0.44253 0.896754 -0
    outer loop
      vertex 76.3494 -94.5706 1.7
      vertex 76.15 -94.4722 4
      vertex 76.3494 -94.5706 4
    endloop
  endfacet
  facet normal 0.44253 0.896754 0
    outer loop
      vertex 76.15 -94.4722 4
      vertex 76.3494 -94.5706 1.7
      vertex 76.15 -94.4722 1.7
    endloop
  endfacet
  facet normal -0.555426 0.831566 0
    outer loop
      vertex 78.0349 -94.3487 1.7
      vertex 77.85 -94.4722 4
      vertex 78.0349 -94.3487 4
    endloop
  endfacet
  facet normal -0.555426 0.831566 0
    outer loop
      vertex 77.85 -94.4722 4
      vertex 78.0349 -94.3487 1.7
      vertex 77.85 -94.4722 1.7
    endloop
  endfacet
  facet normal 0.659268 0.751908 -0
    outer loop
      vertex 75.9651 -94.3487 1.7
      vertex 75.7979 -94.2021 4
      vertex 75.9651 -94.3487 4
    endloop
  endfacet
  facet normal 0.659268 0.751908 0
    outer loop
      vertex 75.7979 -94.2021 4
      vertex 75.9651 -94.3487 1.7
      vertex 75.7979 -94.2021 1.7
    endloop
  endfacet
  facet normal -0.321484 -0.946915 0
    outer loop
      vertex 77.44 -91.3579 1.7
      vertex 77.6506 -91.4294 4
      vertex 77.44 -91.3579 4
    endloop
  endfacet
  facet normal -0.321484 -0.946915 -0
    outer loop
      vertex 77.6506 -91.4294 4
      vertex 77.44 -91.3579 1.7
      vertex 77.6506 -91.4294 1.7
    endloop
  endfacet
  facet normal -0.831566 -0.555426 0
    outer loop
      vertex 78.4722 -92.15 1.7
      vertex 78.3487 -91.9651 4
      vertex 78.3487 -91.9651 1.7
    endloop
  endfacet
  facet normal -0.831566 -0.555426 0
    outer loop
      vertex 78.3487 -91.9651 4
      vertex 78.4722 -92.15 1.7
      vertex 78.4722 -92.15 4
    endloop
  endfacet
  facet normal -0.946915 -0.321484 0
    outer loop
      vertex 78.6421 -92.56 1.7
      vertex 78.5706 -92.3494 4
      vertex 78.5706 -92.3494 1.7
    endloop
  endfacet
  facet normal -0.946915 -0.321484 0
    outer loop
      vertex 78.5706 -92.3494 4
      vertex 78.6421 -92.56 1.7
      vertex 78.6421 -92.56 4
    endloop
  endfacet
  facet normal -0.321484 0.946915 0
    outer loop
      vertex 77.6506 -94.5706 1.7
      vertex 77.44 -94.6421 4
      vertex 77.6506 -94.5706 4
    endloop
  endfacet
  facet normal -0.321484 0.946915 0
    outer loop
      vertex 77.44 -94.6421 4
      vertex 77.6506 -94.5706 1.7
      vertex 77.44 -94.6421 1.7
    endloop
  endfacet
  facet normal -0.195165 0.98077 0
    outer loop
      vertex 77.44 -94.6421 1.7
      vertex 77.2219 -94.6855 4
      vertex 77.44 -94.6421 4
    endloop
  endfacet
  facet normal -0.195165 0.98077 0
    outer loop
      vertex 77.2219 -94.6855 4
      vertex 77.44 -94.6421 1.7
      vertex 77.2219 -94.6855 1.7
    endloop
  endfacet
  facet normal 0.555426 0.831566 -0
    outer loop
      vertex 76.15 -94.4722 1.7
      vertex 75.9651 -94.3487 4
      vertex 76.15 -94.4722 4
    endloop
  endfacet
  facet normal 0.555426 0.831566 0
    outer loop
      vertex 75.9651 -94.3487 4
      vertex 76.15 -94.4722 1.7
      vertex 75.9651 -94.3487 1.7
    endloop
  endfacet
  facet normal -0.896754 -0.44253 0
    outer loop
      vertex 78.5706 -92.3494 1.7
      vertex 78.4722 -92.15 4
      vertex 78.4722 -92.15 1.7
    endloop
  endfacet
  facet normal -0.896754 -0.44253 0
    outer loop
      vertex 78.4722 -92.15 4
      vertex 78.5706 -92.3494 1.7
      vertex 78.5706 -92.3494 4
    endloop
  endfacet
  facet normal -0.659268 0.751908 0
    outer loop
      vertex 78.2021 -94.2021 1.7
      vertex 78.0349 -94.3487 4
      vertex 78.2021 -94.2021 4
    endloop
  endfacet
  facet normal -0.659268 0.751908 0
    outer loop
      vertex 78.0349 -94.3487 4
      vertex 78.2021 -94.2021 1.7
      vertex 78.0349 -94.3487 1.7
    endloop
  endfacet
  facet normal -0.555426 -0.831566 0
    outer loop
      vertex 77.85 -91.5278 1.7
      vertex 78.0349 -91.6513 4
      vertex 77.85 -91.5278 4
    endloop
  endfacet
  facet normal -0.555426 -0.831566 -0
    outer loop
      vertex 78.0349 -91.6513 4
      vertex 77.85 -91.5278 1.7
      vertex 78.0349 -91.6513 1.7
    endloop
  endfacet
  facet normal -0.44253 0.896754 0
    outer loop
      vertex 77.85 -94.4722 1.7
      vertex 77.6506 -94.5706 4
      vertex 77.85 -94.4722 4
    endloop
  endfacet
  facet normal -0.44253 0.896754 0
    outer loop
      vertex 77.6506 -94.5706 4
      vertex 77.85 -94.4722 1.7
      vertex 77.6506 -94.5706 1.7
    endloop
  endfacet
  facet normal 0.659268 -0.751908 0
    outer loop
      vertex 75.7979 -91.7979 1.7
      vertex 75.9651 -91.6513 4
      vertex 75.7979 -91.7979 4
    endloop
  endfacet
  facet normal 0.659268 -0.751908 0
    outer loop
      vertex 75.9651 -91.6513 4
      vertex 75.7979 -91.7979 1.7
      vertex 75.9651 -91.6513 1.7
    endloop
  endfacet
  facet normal 0.751908 -0.659268 0
    outer loop
      vertex 75.6513 -91.9651 4
      vertex 75.7979 -91.7979 1.7
      vertex 75.7979 -91.7979 4
    endloop
  endfacet
  facet normal 0.751908 -0.659268 0
    outer loop
      vertex 75.7979 -91.7979 1.7
      vertex 75.6513 -91.9651 4
      vertex 75.6513 -91.9651 1.7
    endloop
  endfacet
  facet normal 0.831566 -0.555426 0
    outer loop
      vertex 75.5278 -92.15 4
      vertex 75.6513 -91.9651 1.7
      vertex 75.6513 -91.9651 4
    endloop
  endfacet
  facet normal 0.831566 -0.555426 0
    outer loop
      vertex 75.6513 -91.9651 1.7
      vertex 75.5278 -92.15 4
      vertex 75.5278 -92.15 1.7
    endloop
  endfacet
  facet normal -0.831566 0.555426 0
    outer loop
      vertex 78.3487 -94.0349 1.7
      vertex 78.4722 -93.85 4
      vertex 78.4722 -93.85 1.7
    endloop
  endfacet
  facet normal -0.831566 0.555426 0
    outer loop
      vertex 78.4722 -93.85 4
      vertex 78.3487 -94.0349 1.7
      vertex 78.3487 -94.0349 4
    endloop
  endfacet
  facet normal -0.195165 -0.98077 0
    outer loop
      vertex 77.2219 -91.3145 1.7
      vertex 77.44 -91.3579 4
      vertex 77.2219 -91.3145 4
    endloop
  endfacet
  facet normal -0.195165 -0.98077 -0
    outer loop
      vertex 77.44 -91.3579 4
      vertex 77.2219 -91.3145 1.7
      vertex 77.44 -91.3579 1.7
    endloop
  endfacet
  facet normal -0.98077 -0.195165 0
    outer loop
      vertex 78.6855 -92.7781 1.7
      vertex 78.6421 -92.56 4
      vertex 78.6421 -92.56 1.7
    endloop
  endfacet
  facet normal -0.98077 -0.195165 0
    outer loop
      vertex 78.6421 -92.56 4
      vertex 78.6855 -92.7781 1.7
      vertex 78.6855 -92.7781 4
    endloop
  endfacet
  facet normal 0.946915 -0.321484 0
    outer loop
      vertex 75.3579 -92.56 4
      vertex 75.4294 -92.3494 1.7
      vertex 75.4294 -92.3494 4
    endloop
  endfacet
  facet normal 0.946915 -0.321484 0
    outer loop
      vertex 75.4294 -92.3494 1.7
      vertex 75.3579 -92.56 4
      vertex 75.3579 -92.56 1.7
    endloop
  endfacet
  facet normal -0.44253 -0.896754 0
    outer loop
      vertex 77.6506 -91.4294 1.7
      vertex 77.85 -91.5278 4
      vertex 77.6506 -91.4294 4
    endloop
  endfacet
  facet normal -0.44253 -0.896754 -0
    outer loop
      vertex 77.85 -91.5278 4
      vertex 77.6506 -91.4294 1.7
      vertex 77.85 -91.5278 1.7
    endloop
  endfacet
  facet normal -0.0652057 0.997872 0
    outer loop
      vertex 77.2219 -94.6855 1.7
      vertex 77 -94.7 4
      vertex 77.2219 -94.6855 4
    endloop
  endfacet
  facet normal -0.0652057 0.997872 0
    outer loop
      vertex 77 -94.7 4
      vertex 77.2219 -94.6855 1.7
      vertex 77 -94.7 1.7
    endloop
  endfacet
  facet normal 0.321484 0.946915 -0
    outer loop
      vertex 76.56 -94.6421 1.7
      vertex 76.3494 -94.5706 4
      vertex 76.56 -94.6421 4
    endloop
  endfacet
  facet normal 0.321484 0.946915 0
    outer loop
      vertex 76.3494 -94.5706 4
      vertex 76.56 -94.6421 1.7
      vertex 76.3494 -94.5706 1.7
    endloop
  endfacet
  facet normal 0.195165 0.98077 -0
    outer loop
      vertex 76.7781 -94.6855 1.7
      vertex 76.56 -94.6421 4
      vertex 76.7781 -94.6855 4
    endloop
  endfacet
  facet normal 0.195165 0.98077 0
    outer loop
      vertex 76.56 -94.6421 4
      vertex 76.7781 -94.6855 1.7
      vertex 76.56 -94.6421 1.7
    endloop
  endfacet
  facet normal -0.896754 0.44253 0
    outer loop
      vertex 78.4722 -93.85 1.7
      vertex 78.5706 -93.6506 4
      vertex 78.5706 -93.6506 1.7
    endloop
  endfacet
  facet normal -0.896754 0.44253 0
    outer loop
      vertex 78.5706 -93.6506 4
      vertex 78.4722 -93.85 1.7
      vertex 78.4722 -93.85 4
    endloop
  endfacet
  facet normal -0.997872 -0.0652057 0
    outer loop
      vertex 78.7 -93 1.7
      vertex 78.6855 -92.7781 4
      vertex 78.6855 -92.7781 1.7
    endloop
  endfacet
  facet normal -0.997872 -0.0652057 0
    outer loop
      vertex 78.6855 -92.7781 4
      vertex 78.7 -93 1.7
      vertex 78.7 -93 4
    endloop
  endfacet
  facet normal -0.0652057 -0.997872 0
    outer loop
      vertex 77 -91.3 1.7
      vertex 77.2219 -91.3145 4
      vertex 77 -91.3 4
    endloop
  endfacet
  facet normal -0.0652057 -0.997872 -0
    outer loop
      vertex 77.2219 -91.3145 4
      vertex 77 -91.3 1.7
      vertex 77.2219 -91.3145 1.7
    endloop
  endfacet
  facet normal -0.751908 0.659268 0
    outer loop
      vertex 78.2021 -94.2021 1.7
      vertex 78.3487 -94.0349 4
      vertex 78.3487 -94.0349 1.7
    endloop
  endfacet
  facet normal -0.751908 0.659268 0
    outer loop
      vertex 78.3487 -94.0349 4
      vertex 78.2021 -94.2021 1.7
      vertex 78.2021 -94.2021 4
    endloop
  endfacet
  facet normal 0.997872 -0.0652057 0
    outer loop
      vertex 75.3 -93 4
      vertex 75.3145 -92.7781 1.7
      vertex 75.3145 -92.7781 4
    endloop
  endfacet
  facet normal 0.997872 -0.0652057 0
    outer loop
      vertex 75.3145 -92.7781 1.7
      vertex 75.3 -93 4
      vertex 75.3 -93 1.7
    endloop
  endfacet
  facet normal -0.751908 -0.659268 0
    outer loop
      vertex 78.3487 -91.9651 1.7
      vertex 78.2021 -91.7979 4
      vertex 78.2021 -91.7979 1.7
    endloop
  endfacet
  facet normal -0.751908 -0.659268 0
    outer loop
      vertex 78.2021 -91.7979 4
      vertex 78.3487 -91.9651 1.7
      vertex 78.3487 -91.9651 4
    endloop
  endfacet
  facet normal 0.751908 0.659268 0
    outer loop
      vertex 75.7979 -94.2021 4
      vertex 75.6513 -94.0349 1.7
      vertex 75.6513 -94.0349 4
    endloop
  endfacet
  facet normal 0.751908 0.659268 0
    outer loop
      vertex 75.6513 -94.0349 1.7
      vertex 75.7979 -94.2021 4
      vertex 75.7979 -94.2021 1.7
    endloop
  endfacet
  facet normal 0.831566 0.555426 0
    outer loop
      vertex 75.6513 -94.0349 4
      vertex 75.5278 -93.85 1.7
      vertex 75.5278 -93.85 4
    endloop
  endfacet
  facet normal 0.831566 0.555426 0
    outer loop
      vertex 75.5278 -93.85 1.7
      vertex 75.6513 -94.0349 4
      vertex 75.6513 -94.0349 1.7
    endloop
  endfacet
  facet normal 0.0652057 0.997872 -0
    outer loop
      vertex 77 -94.7 1.7
      vertex 76.7781 -94.6855 4
      vertex 77 -94.7 4
    endloop
  endfacet
  facet normal 0.0652057 0.997872 0
    outer loop
      vertex 76.7781 -94.6855 4
      vertex 77 -94.7 1.7
      vertex 76.7781 -94.6855 1.7
    endloop
  endfacet
  facet normal 0.98077 -0.195165 0
    outer loop
      vertex 75.3145 -92.7781 4
      vertex 75.3579 -92.56 1.7
      vertex 75.3579 -92.56 4
    endloop
  endfacet
  facet normal 0.98077 -0.195165 0
    outer loop
      vertex 75.3579 -92.56 1.7
      vertex 75.3145 -92.7781 4
      vertex 75.3145 -92.7781 1.7
    endloop
  endfacet
  facet normal 0.321484 -0.946915 0
    outer loop
      vertex 76.3494 -91.4294 1.7
      vertex 76.56 -91.3579 4
      vertex 76.3494 -91.4294 4
    endloop
  endfacet
  facet normal 0.321484 -0.946915 0
    outer loop
      vertex 76.56 -91.3579 4
      vertex 76.3494 -91.4294 1.7
      vertex 76.56 -91.3579 1.7
    endloop
  endfacet
  facet normal -0.946915 0.321484 0
    outer loop
      vertex 78.5706 -93.6506 1.7
      vertex 78.6421 -93.44 4
      vertex 78.6421 -93.44 1.7
    endloop
  endfacet
  facet normal -0.946915 0.321484 0
    outer loop
      vertex 78.6421 -93.44 4
      vertex 78.5706 -93.6506 1.7
      vertex 78.5706 -93.6506 4
    endloop
  endfacet
  facet normal 0.44253 -0.896754 0
    outer loop
      vertex 76.15 -91.5278 1.7
      vertex 76.3494 -91.4294 4
      vertex 76.15 -91.5278 4
    endloop
  endfacet
  facet normal 0.44253 -0.896754 0
    outer loop
      vertex 76.3494 -91.4294 4
      vertex 76.15 -91.5278 1.7
      vertex 76.3494 -91.4294 1.7
    endloop
  endfacet
  facet normal 0.555426 -0.831566 0
    outer loop
      vertex 75.9651 -91.6513 1.7
      vertex 76.15 -91.5278 4
      vertex 75.9651 -91.6513 4
    endloop
  endfacet
  facet normal 0.555426 -0.831566 0
    outer loop
      vertex 76.15 -91.5278 4
      vertex 75.9651 -91.6513 1.7
      vertex 76.15 -91.5278 1.7
    endloop
  endfacet
  facet normal 0.195165 -0.98077 0
    outer loop
      vertex 76.56 -91.3579 1.7
      vertex 76.7781 -91.3145 4
      vertex 76.56 -91.3579 4
    endloop
  endfacet
  facet normal 0.195165 -0.98077 0
    outer loop
      vertex 76.7781 -91.3145 4
      vertex 76.56 -91.3579 1.7
      vertex 76.7781 -91.3145 1.7
    endloop
  endfacet
  facet normal 0.896754 0.44253 0
    outer loop
      vertex 75.5278 -93.85 4
      vertex 75.4294 -93.6506 1.7
      vertex 75.4294 -93.6506 4
    endloop
  endfacet
  facet normal 0.896754 0.44253 0
    outer loop
      vertex 75.4294 -93.6506 1.7
      vertex 75.5278 -93.85 4
      vertex 75.5278 -93.85 1.7
    endloop
  endfacet
  facet normal 0.0652057 -0.997872 0
    outer loop
      vertex 76.7781 -91.3145 1.7
      vertex 77 -91.3 4
      vertex 76.7781 -91.3145 4
    endloop
  endfacet
  facet normal 0.0652057 -0.997872 0
    outer loop
      vertex 77 -91.3 4
      vertex 76.7781 -91.3145 1.7
      vertex 77 -91.3 1.7
    endloop
  endfacet
  facet normal 0.896754 -0.44253 0
    outer loop
      vertex 75.4294 -92.3494 4
      vertex 75.5278 -92.15 1.7
      vertex 75.5278 -92.15 4
    endloop
  endfacet
  facet normal 0.896754 -0.44253 0
    outer loop
      vertex 75.5278 -92.15 1.7
      vertex 75.4294 -92.3494 4
      vertex 75.4294 -92.3494 1.7
    endloop
  endfacet
  facet normal 0.997872 0.0652057 0
    outer loop
      vertex 75.3145 -93.2219 4
      vertex 75.3 -93 1.7
      vertex 75.3 -93 4
    endloop
  endfacet
  facet normal 0.997872 0.0652057 0
    outer loop
      vertex 75.3 -93 1.7
      vertex 75.3145 -93.2219 4
      vertex 75.3145 -93.2219 1.7
    endloop
  endfacet
  facet normal 0.98077 0.195165 0
    outer loop
      vertex 75.3579 -93.44 4
      vertex 75.3145 -93.2219 1.7
      vertex 75.3145 -93.2219 4
    endloop
  endfacet
  facet normal 0.98077 0.195165 0
    outer loop
      vertex 75.3145 -93.2219 1.7
      vertex 75.3579 -93.44 4
      vertex 75.3579 -93.44 1.7
    endloop
  endfacet
  facet normal 0.946915 0.321484 0
    outer loop
      vertex 75.4294 -93.6506 4
      vertex 75.3579 -93.44 1.7
      vertex 75.3579 -93.44 4
    endloop
  endfacet
  facet normal 0.946915 0.321484 0
    outer loop
      vertex 75.3579 -93.44 1.7
      vertex 75.4294 -93.6506 4
      vertex 75.4294 -93.6506 1.7
    endloop
  endfacet
  facet normal -0.659268 -0.751908 0
    outer loop
      vertex 78.0349 -91.6513 1.7
      vertex 78.2021 -91.7979 4
      vertex 78.0349 -91.6513 4
    endloop
  endfacet
  facet normal -0.659268 -0.751908 -0
    outer loop
      vertex 78.2021 -91.7979 4
      vertex 78.0349 -91.6513 1.7
      vertex 78.2021 -91.7979 1.7
    endloop
  endfacet
  facet normal 0.696288 0.138583 -0.704257
    outer loop
      vertex 75.3579 -93.44 1.7
      vertex 73.7255 -93.8774 0
      vertex 73.6392 -93.4438 0
    endloop
  endfacet
  facet normal -0.7084 0.046563 -0.704274
    outer loop
      vertex 80.3901 -93 0
      vertex 80.3611 -93.4412 0
      vertex 78.7 -93 1.7
    endloop
  endfacet
  facet normal -0.708444 0.0462931 -0.704247
    outer loop
      vertex 80.3611 -93.4412 0
      vertex 78.6855 -93.2219 1.7
      vertex 78.7 -93 1.7
    endloop
  endfacet
  facet normal -0.712199 0 -0.701977
    outer loop
      vertex 78.6855 -93.2219 1.7
      vertex 80.3611 -93.4412 0
      vertex 80.3611 -93.4425 0
    endloop
  endfacet
  facet normal -0.0462931 -0.708444 -0.704247
    outer loop
      vertex 77.4412 -89.6389 0
      vertex 77.2219 -91.3145 1.7
      vertex 77 -91.3 1.7
    endloop
  endfacet
  facet normal 0 -0.712199 -0.701977
    outer loop
      vertex 77.2219 -91.3145 1.7
      vertex 77.4412 -89.6389 0
      vertex 77.4425 -89.6389 0
    endloop
  endfacet
  facet normal -0.637175 -0.314027 -0.703843
    outer loop
      vertex 80.0428 -91.6526 0.0583633
      vertex 79.9365 -91.3061 0
      vertex 80.0329 -91.5017 0
    endloop
  endfacet
  facet normal -0.636702 -0.314019 -0.704274
    outer loop
      vertex 78.5706 -92.3494 1.7
      vertex 80.0428 -91.6526 0.0583633
      vertex 80.0588 -91.733 0.0797469
    endloop
  endfacet
  facet normal -0.63673 -0.313963 -0.704274
    outer loop
      vertex 80.0428 -91.6526 0.0583633
      vertex 78.5706 -92.3494 1.7
      vertex 79.9365 -91.3061 0
    endloop
  endfacet
  facet normal 0.468036 -0.533804 -0.704269
    outer loop
      vertex 75.7979 -91.7979 1.7
      vertex 74.6038 -90.602 0
      vertex 75.9651 -91.6513 1.7
    endloop
  endfacet
  facet normal 0.501475 -0.501475 -0.705015
    outer loop
      vertex 74.6038 -90.602 0
      vertex 75.7979 -91.7979 1.7
      vertex 74.6029 -90.6029 0
    endloop
  endfacet
  facet normal 0.046563 0.7084 -0.704274
    outer loop
      vertex 77 -94.7 1.7
      vertex 77 -96.3901 0
      vertex 76.5588 -96.3611 0
    endloop
  endfacet
  facet normal 0.468008 -0.533834 -0.704265
    outer loop
      vertex 74.9363 -90.3105 0
      vertex 75.9651 -91.6513 1.7
      vertex 74.6038 -90.602 0
    endloop
  endfacet
  facet normal -0.672254 -0.228234 -0.704261
    outer loop
      vertex 78.5706 -92.3494 1.7
      vertex 80.0611 -91.7449 0.0813369
      vertex 78.6421 -92.56 1.7
    endloop
  endfacet
  facet normal -0.673712 -0.224295 -0.704133
    outer loop
      vertex 80.0611 -91.7449 0.0813369
      vertex 78.5706 -92.3494 1.7
      vertex 80.0588 -91.733 0.0797469
    endloop
  endfacet
  facet normal 0.501475 0.501475 -0.705015
    outer loop
      vertex 74.602 -95.3962 0
      vertex 75.7979 -94.2021 1.7
      vertex 74.6029 -95.3971 0
    endloop
  endfacet
  facet normal 0.533804 0.468036 -0.704269
    outer loop
      vertex 75.7979 -94.2021 1.7
      vertex 74.602 -95.3962 0
      vertex 75.6513 -94.0349 1.7
    endloop
  endfacet
  facet normal 0.468008 0.533834 -0.704265
    outer loop
      vertex 75.9651 -94.3487 1.7
      vertex 74.9363 -95.6895 0
      vertex 74.6038 -95.398 0
    endloop
  endfacet
  facet normal 0.0462931 0.708444 -0.704247
    outer loop
      vertex 76.5588 -96.3611 0
      vertex 76.7781 -94.6855 1.7
      vertex 77 -94.7 1.7
    endloop
  endfacet
  facet normal 0 0.712199 -0.701977
    outer loop
      vertex 76.7781 -94.6855 1.7
      vertex 76.5588 -96.3611 0
      vertex 76.5575 -96.3611 0
    endloop
  endfacet
  facet normal -0.67229 -0.228155 -0.704253
    outer loop
      vertex 80.0611 -91.7449 0.0813369
      vertex 80.1432 -92.1578 0.136729
      vertex 78.6421 -92.56 1.7
    endloop
  endfacet
  facet normal 0.314155 -0.636611 -0.704297
    outer loop
      vertex 76.15 -91.5278 1.7
      vertex 75.3061 -90.0635 0
      vertex 76.3494 -91.4294 1.7
    endloop
  endfacet
  facet normal 0.339636 -0.622667 -0.704935
    outer loop
      vertex 75.3061 -90.0635 0
      vertex 76.15 -91.5278 1.7
      vertex 75.305 -90.0641 0
    endloop
  endfacet
  facet normal -0.590233 -0.394506 -0.704266
    outer loop
      vertex 79.6895 -90.9363 0
      vertex 79.9352 -91.3039 0
      vertex 78.3487 -91.9651 1.7
    endloop
  endfacet
  facet normal 0.636611 -0.314155 -0.704297
    outer loop
      vertex 74.0635 -91.3061 0
      vertex 75.5278 -92.15 1.7
      vertex 75.4294 -92.3494 1.7
    endloop
  endfacet
  facet normal 0.622667 -0.339636 -0.704935
    outer loop
      vertex 75.5278 -92.15 1.7
      vertex 74.0635 -91.3061 0
      vertex 74.0641 -91.305 0
    endloop
  endfacet
  facet normal 0.138556 -0.696291 -0.70426
    outer loop
      vertex 76.5562 -89.6392 0
      vertex 76.7781 -91.3145 1.7
      vertex 76.56 -91.3579 1.7
    endloop
  endfacet
  facet normal 0.15983 -0.692596 -0.703395
    outer loop
      vertex 76.7781 -91.3145 1.7
      vertex 76.5562 -89.6392 0
      vertex 76.5575 -89.6389 0
    endloop
  endfacet
  facet normal -0.708183 -0.0488833 -0.704335
    outer loop
      vertex 80.2686 -92.5834 0.0947381
      vertex 78.6855 -92.7781 1.7
      vertex 80.2641 -92.5703 0.0983535
    endloop
  endfacet
  facet normal -0.708429 -0.0462921 -0.704263
    outer loop
      vertex 78.6855 -92.7781 1.7
      vertex 80.2686 -92.5834 0.0947381
      vertex 78.7 -93 1.7
    endloop
  endfacet
  facet normal 0.590233 -0.394506 -0.704266
    outer loop
      vertex 74.3105 -90.9363 0
      vertex 75.6513 -91.9651 1.7
      vertex 74.0648 -91.3039 0
    endloop
  endfacet
  facet normal -0.468008 0.533834 -0.704265
    outer loop
      vertex 79.3962 -95.398 0
      vertex 79.0637 -95.6895 0
      vertex 78.0349 -94.3487 1.7
    endloop
  endfacet
  facet normal 0.313891 -0.636774 -0.704266
    outer loop
      vertex 75.7027 -89.868 0
      vertex 76.3494 -91.4294 1.7
      vertex 75.3061 -90.0635 0
    endloop
  endfacet
  facet normal 0.696291 -0.138556 -0.70426
    outer loop
      vertex 75.3145 -92.7781 1.7
      vertex 73.6392 -92.5562 0
      vertex 75.3579 -92.56 1.7
    endloop
  endfacet
  facet normal 0.692596 -0.15983 -0.703395
    outer loop
      vertex 73.6392 -92.5562 0
      vertex 75.3145 -92.7781 1.7
      vertex 73.6389 -92.5575 0
    endloop
  endfacet
  facet normal 0.59034 -0.394305 -0.704288
    outer loop
      vertex 75.5278 -92.15 1.7
      vertex 74.0648 -91.3039 0
      vertex 75.6513 -91.9651 1.7
    endloop
  endfacet
  facet normal 0.598575 -0.380911 -0.704709
    outer loop
      vertex 74.0648 -91.3039 0
      vertex 75.5278 -92.15 1.7
      vertex 74.0641 -91.305 0
    endloop
  endfacet
  facet normal -0.501475 -0.501475 -0.705015
    outer loop
      vertex 78.2021 -91.7979 1.7
      vertex 79.3962 -90.602 0
      vertex 79.3971 -90.6029 0
    endloop
  endfacet
  facet normal -0.468036 -0.533804 -0.704269
    outer loop
      vertex 79.3962 -90.602 0
      vertex 78.2021 -91.7979 1.7
      vertex 78.0349 -91.6513 1.7
    endloop
  endfacet
  facet normal 0.138583 -0.696288 -0.704257
    outer loop
      vertex 76.5562 -89.6392 0
      vertex 76.56 -91.3579 1.7
      vertex 76.1226 -89.7255 0
    endloop
  endfacet
  facet normal 0.636774 0.313891 -0.704266
    outer loop
      vertex 75.4294 -93.6506 1.7
      vertex 74.0635 -94.6939 0
      vertex 73.868 -94.2973 0
    endloop
  endfacet
  facet normal 0.313891 0.636774 -0.704266
    outer loop
      vertex 76.3494 -94.5706 1.7
      vertex 75.7027 -96.132 0
      vertex 75.3061 -95.9365 0
    endloop
  endfacet
  facet normal -0.394506 -0.590233 -0.704266
    outer loop
      vertex 78.6961 -90.0648 0
      vertex 79.0637 -90.3105 0
      vertex 78.0349 -91.6513 1.7
    endloop
  endfacet
  facet normal -0.228162 -0.672284 -0.704256
    outer loop
      vertex 77.8774 -89.7255 0
      vertex 78.2961 -89.8676 0
      vertex 77.44 -91.3579 1.7
    endloop
  endfacet
  facet normal -0.224544 -0.673632 -0.70413
    outer loop
      vertex 77.6506 -91.4294 1.7
      vertex 78.2961 -89.8676 0
      vertex 78.2973 -89.868 0
    endloop
  endfacet
  facet normal -0.228234 -0.672252 -0.704263
    outer loop
      vertex 78.2961 -89.8676 0
      vertex 77.6506 -91.4294 1.7
      vertex 77.44 -91.3579 1.7
    endloop
  endfacet
  facet normal 0.394506 -0.590233 -0.704266
    outer loop
      vertex 75.3039 -90.0648 0
      vertex 75.9651 -91.6513 1.7
      vertex 74.9363 -90.3105 0
    endloop
  endfacet
  facet normal -0.598575 0.380911 -0.704709
    outer loop
      vertex 79.9352 -94.6961 0
      vertex 78.4722 -93.85 1.7
      vertex 79.9359 -94.695 0
    endloop
  endfacet
  facet normal -0.59034 0.394305 -0.704288
    outer loop
      vertex 78.4722 -93.85 1.7
      vertex 79.9352 -94.6961 0
      vertex 78.3487 -94.0349 1.7
    endloop
  endfacet
  facet normal -0.696209 -0.138935 -0.704266
    outer loop
      vertex 80.1704 -92.2941 0.136729
      vertex 78.6421 -92.56 1.7
      vertex 80.1432 -92.1578 0.136729
    endloop
  endfacet
  facet normal -0.696322 -0.138329 -0.704273
    outer loop
      vertex 78.6421 -92.56 1.7
      vertex 80.1704 -92.2941 0.136729
      vertex 80.2594 -92.5565 0.100273
    endloop
  endfacet
  facet normal 0.696288 -0.138583 -0.704257
    outer loop
      vertex 73.7255 -92.1226 0
      vertex 75.3579 -92.56 1.7
      vertex 73.6392 -92.5562 0
    endloop
  endfacet
  facet normal 0.228234 -0.672252 -0.704263
    outer loop
      vertex 76.3494 -91.4294 1.7
      vertex 75.7039 -89.8676 0
      vertex 76.56 -91.3579 1.7
    endloop
  endfacet
  facet normal 0.224544 -0.673632 -0.70413
    outer loop
      vertex 75.7039 -89.8676 0
      vertex 76.3494 -91.4294 1.7
      vertex 75.7027 -89.868 0
    endloop
  endfacet
  facet normal 0.590233 0.394506 -0.704266
    outer loop
      vertex 75.6513 -94.0349 1.7
      vertex 74.3105 -95.0637 0
      vertex 74.0648 -94.6961 0
    endloop
  endfacet
  facet normal 0.712199 0 -0.701977
    outer loop
      vertex 75.3145 -92.7781 1.7
      vertex 73.6389 -92.5588 0
      vertex 73.6389 -92.5575 0
    endloop
  endfacet
  facet normal 0.708444 -0.0462931 -0.704247
    outer loop
      vertex 73.6389 -92.5588 0
      vertex 75.3145 -92.7781 1.7
      vertex 75.3 -93 1.7
    endloop
  endfacet
  facet normal 0.672284 -0.228162 -0.704256
    outer loop
      vertex 73.8676 -91.7039 0
      vertex 75.3579 -92.56 1.7
      vertex 73.7255 -92.1226 0
    endloop
  endfacet
  facet normal 0.622667 0.339636 -0.704935
    outer loop
      vertex 74.0635 -94.6939 0
      vertex 75.5278 -93.85 1.7
      vertex 74.0641 -94.695 0
    endloop
  endfacet
  facet normal 0.636611 0.314155 -0.704297
    outer loop
      vertex 75.5278 -93.85 1.7
      vertex 74.0635 -94.6939 0
      vertex 75.4294 -93.6506 1.7
    endloop
  endfacet
  facet normal -0.533834 -0.468008 -0.704265
    outer loop
      vertex 79.398 -90.6038 0
      vertex 79.6895 -90.9363 0
      vertex 78.3487 -91.9651 1.7
    endloop
  endfacet
  facet normal 0.228234 0.672252 -0.704263
    outer loop
      vertex 75.7039 -96.1324 0
      vertex 76.3494 -94.5706 1.7
      vertex 76.56 -94.6421 1.7
    endloop
  endfacet
  facet normal 0.224544 0.673632 -0.70413
    outer loop
      vertex 76.3494 -94.5706 1.7
      vertex 75.7039 -96.1324 0
      vertex 75.7027 -96.132 0
    endloop
  endfacet
  facet normal 0.15983 0.692596 -0.703395
    outer loop
      vertex 76.5562 -96.3608 0
      vertex 76.7781 -94.6855 1.7
      vertex 76.5575 -96.3611 0
    endloop
  endfacet
  facet normal 0.138556 0.696291 -0.70426
    outer loop
      vertex 76.7781 -94.6855 1.7
      vertex 76.5562 -96.3608 0
      vertex 76.56 -94.6421 1.7
    endloop
  endfacet
  facet normal -0.228162 0.672284 -0.704256
    outer loop
      vertex 78.2961 -96.1324 0
      vertex 77.8774 -96.2745 0
      vertex 77.44 -94.6421 1.7
    endloop
  endfacet
  facet normal -0.672284 0.228162 -0.704256
    outer loop
      vertex 80.2745 -93.8774 0
      vertex 80.1324 -94.2961 0
      vertex 78.6421 -93.44 1.7
    endloop
  endfacet
  facet normal -0.313891 -0.636774 -0.704266
    outer loop
      vertex 78.2973 -89.868 0
      vertex 78.6939 -90.0635 0
      vertex 77.6506 -91.4294 1.7
    endloop
  endfacet
  facet normal 0.673632 0.224544 -0.70413
    outer loop
      vertex 73.8676 -94.2961 0
      vertex 75.4294 -93.6506 1.7
      vertex 73.868 -94.2973 0
    endloop
  endfacet
  facet normal 0.672252 0.228234 -0.704263
    outer loop
      vertex 75.4294 -93.6506 1.7
      vertex 73.8676 -94.2961 0
      vertex 75.3579 -93.44 1.7
    endloop
  endfacet
  facet normal -0.046563 -0.7084 -0.704274
    outer loop
      vertex 77.4412 -89.6389 0
      vertex 77 -91.3 1.7
      vertex 77 -89.6099 0
    endloop
  endfacet
  facet normal -0.394506 0.590233 -0.704266
    outer loop
      vertex 79.0637 -95.6895 0
      vertex 78.6961 -95.9352 0
      vertex 78.0349 -94.3487 1.7
    endloop
  endfacet
  facet normal -0.673632 0.224544 -0.70413
    outer loop
      vertex 78.5706 -93.6506 1.7
      vertex 80.1324 -94.2961 0
      vertex 80.132 -94.2973 0
    endloop
  endfacet
  facet normal -0.672252 0.228234 -0.704263
    outer loop
      vertex 80.1324 -94.2961 0
      vertex 78.5706 -93.6506 1.7
      vertex 78.6421 -93.44 1.7
    endloop
  endfacet
  facet normal -0.138583 -0.696288 -0.704257
    outer loop
      vertex 77.4438 -89.6392 0
      vertex 77.8774 -89.7255 0
      vertex 77.44 -91.3579 1.7
    endloop
  endfacet
  facet normal -0.138556 -0.696291 -0.70426
    outer loop
      vertex 77.2219 -91.3145 1.7
      vertex 77.4438 -89.6392 0
      vertex 77.44 -91.3579 1.7
    endloop
  endfacet
  facet normal -0.15983 -0.692596 -0.703395
    outer loop
      vertex 77.4438 -89.6392 0
      vertex 77.2219 -91.3145 1.7
      vertex 77.4425 -89.6389 0
    endloop
  endfacet
  facet normal 0.394506 0.590233 -0.704266
    outer loop
      vertex 75.9651 -94.3487 1.7
      vertex 75.3039 -95.9352 0
      vertex 74.9363 -95.6895 0
    endloop
  endfacet
  facet normal 0.533834 -0.468008 -0.704265
    outer loop
      vertex 74.602 -90.6038 0
      vertex 75.6513 -91.9651 1.7
      vertex 74.3105 -90.9363 0
    endloop
  endfacet
  facet normal -0.313891 0.636774 -0.704266
    outer loop
      vertex 78.6939 -95.9365 0
      vertex 78.2973 -96.132 0
      vertex 77.6506 -94.5706 1.7
    endloop
  endfacet
  facet normal 0.046563 -0.7084 -0.704274
    outer loop
      vertex 77 -89.6099 0
      vertex 77 -91.3 1.7
      vertex 76.5588 -89.6389 0
    endloop
  endfacet
  facet normal -0 -0.712199 -0.701977
    outer loop
      vertex 76.5588 -89.6389 0
      vertex 76.7781 -91.3145 1.7
      vertex 76.5575 -89.6389 0
    endloop
  endfacet
  facet normal 0.0462931 -0.708444 -0.704247
    outer loop
      vertex 76.7781 -91.3145 1.7
      vertex 76.5588 -89.6389 0
      vertex 77 -91.3 1.7
    endloop
  endfacet
  facet normal 0.138583 0.696288 -0.704257
    outer loop
      vertex 76.56 -94.6421 1.7
      vertex 76.5562 -96.3608 0
      vertex 76.1226 -96.2745 0
    endloop
  endfacet
  facet normal -0.380911 0.598575 -0.704709
    outer loop
      vertex 77.85 -94.4722 1.7
      vertex 78.6961 -95.9352 0
      vertex 78.695 -95.9359 0
    endloop
  endfacet
  facet normal -0.394305 0.59034 -0.704288
    outer loop
      vertex 78.6961 -95.9352 0
      vertex 77.85 -94.4722 1.7
      vertex 78.0349 -94.3487 1.7
    endloop
  endfacet
  facet normal -0.046563 0.7084 -0.704274
    outer loop
      vertex 77.4412 -96.3611 0
      vertex 77 -96.3901 0
      vertex 77 -94.7 1.7
    endloop
  endfacet
  facet normal -0.533804 -0.468036 -0.704269
    outer loop
      vertex 78.2021 -91.7979 1.7
      vertex 79.398 -90.6038 0
      vertex 78.3487 -91.9651 1.7
    endloop
  endfacet
  facet normal -0.501475 -0.501475 -0.705015
    outer loop
      vertex 79.398 -90.6038 0
      vertex 78.2021 -91.7979 1.7
      vertex 79.3971 -90.6029 0
    endloop
  endfacet
  facet normal 0.7084 -0.046563 -0.704274
    outer loop
      vertex 73.6389 -92.5588 0
      vertex 75.3 -93 1.7
      vertex 73.6099 -93 0
    endloop
  endfacet
  facet normal -0.636774 0.313891 -0.704266
    outer loop
      vertex 80.132 -94.2973 0
      vertex 79.9365 -94.6939 0
      vertex 78.5706 -93.6506 1.7
    endloop
  endfacet
  facet normal -0.590233 0.394506 -0.704266
    outer loop
      vertex 79.9352 -94.6961 0
      vertex 79.6895 -95.0637 0
      vertex 78.3487 -94.0349 1.7
    endloop
  endfacet
  facet normal -0.15983 0.692596 -0.703395
    outer loop
      vertex 77.2219 -94.6855 1.7
      vertex 77.4438 -96.3608 0
      vertex 77.4425 -96.3611 0
    endloop
  endfacet
  facet normal -0.138556 0.696291 -0.70426
    outer loop
      vertex 77.4438 -96.3608 0
      vertex 77.2219 -94.6855 1.7
      vertex 77.44 -94.6421 1.7
    endloop
  endfacet
  facet normal -0.138583 0.696288 -0.704257
    outer loop
      vertex 77.8774 -96.2745 0
      vertex 77.4438 -96.3608 0
      vertex 77.44 -94.6421 1.7
    endloop
  endfacet
  facet normal -0.533834 0.468008 -0.704265
    outer loop
      vertex 79.6895 -95.0637 0
      vertex 79.398 -95.3962 0
      vertex 78.3487 -94.0349 1.7
    endloop
  endfacet
  facet normal -0.468008 -0.533834 -0.704265
    outer loop
      vertex 79.0637 -90.3105 0
      vertex 79.3962 -90.602 0
      vertex 78.0349 -91.6513 1.7
    endloop
  endfacet
  facet normal -0.224544 0.673632 -0.70413
    outer loop
      vertex 78.2961 -96.1324 0
      vertex 77.6506 -94.5706 1.7
      vertex 78.2973 -96.132 0
    endloop
  endfacet
  facet normal -0.228234 0.672252 -0.704263
    outer loop
      vertex 77.6506 -94.5706 1.7
      vertex 78.2961 -96.1324 0
      vertex 77.44 -94.6421 1.7
    endloop
  endfacet
  facet normal 0.533804 -0.468036 -0.704269
    outer loop
      vertex 74.602 -90.6038 0
      vertex 75.7979 -91.7979 1.7
      vertex 75.6513 -91.9651 1.7
    endloop
  endfacet
  facet normal 0.501475 -0.501475 -0.705015
    outer loop
      vertex 75.7979 -91.7979 1.7
      vertex 74.602 -90.6038 0
      vertex 74.6029 -90.6029 0
    endloop
  endfacet
  facet normal 0.228162 -0.672284 -0.704256
    outer loop
      vertex 76.1226 -89.7255 0
      vertex 76.56 -91.3579 1.7
      vertex 75.7039 -89.8676 0
    endloop
  endfacet
  facet normal 0.533834 0.468008 -0.704265
    outer loop
      vertex 75.6513 -94.0349 1.7
      vertex 74.602 -95.3962 0
      vertex 74.3105 -95.0637 0
    endloop
  endfacet
  facet normal -0.70547 -0.046305 -0.707225
    outer loop
      vertex 80.3901 -93 0
      vertex 80.3806 -92.9134 0.00380636
      vertex 80.385 -92.9223 0
    endloop
  endfacet
  facet normal -0.708393 -0.0467556 -0.704268
    outer loop
      vertex 78.7 -93 1.7
      vertex 80.3806 -92.9134 0.00380636
      vertex 80.3901 -93 0
    endloop
  endfacet
  facet normal -0.708416 -0.0463698 -0.704271
    outer loop
      vertex 80.3806 -92.9134 0.00380636
      vertex 78.7 -93 1.7
      vertex 80.2686 -92.5834 0.0947381
    endloop
  endfacet
  facet normal 0.636774 -0.313891 -0.704266
    outer loop
      vertex 74.0635 -91.3061 0
      vertex 75.4294 -92.3494 1.7
      vertex 73.868 -91.7027 0
    endloop
  endfacet
  facet normal 0.394305 -0.59034 -0.704288
    outer loop
      vertex 75.3039 -90.0648 0
      vertex 76.15 -91.5278 1.7
      vertex 75.9651 -91.6513 1.7
    endloop
  endfacet
  facet normal 0.380911 -0.598575 -0.704709
    outer loop
      vertex 76.15 -91.5278 1.7
      vertex 75.3039 -90.0648 0
      vertex 75.305 -90.0641 0
    endloop
  endfacet
  facet normal 0.672252 -0.228234 -0.704263
    outer loop
      vertex 73.8676 -91.7039 0
      vertex 75.4294 -92.3494 1.7
      vertex 75.3579 -92.56 1.7
    endloop
  endfacet
  facet normal 0.673632 -0.224544 -0.70413
    outer loop
      vertex 75.4294 -92.3494 1.7
      vertex 73.8676 -91.7039 0
      vertex 73.868 -91.7027 0
    endloop
  endfacet
  facet normal -0.339636 0.622667 -0.704935
    outer loop
      vertex 78.6939 -95.9365 0
      vertex 77.85 -94.4722 1.7
      vertex 78.695 -95.9359 0
    endloop
  endfacet
  facet normal -0.314155 0.636611 -0.704297
    outer loop
      vertex 77.85 -94.4722 1.7
      vertex 78.6939 -95.9365 0
      vertex 77.6506 -94.5706 1.7
    endloop
  endfacet
  facet normal -0.501475 0.501475 -0.705015
    outer loop
      vertex 79.3962 -95.398 0
      vertex 78.2021 -94.2021 1.7
      vertex 79.3971 -95.3971 0
    endloop
  endfacet
  facet normal -0.468036 0.533804 -0.704269
    outer loop
      vertex 78.2021 -94.2021 1.7
      vertex 79.3962 -95.398 0
      vertex 78.0349 -94.3487 1.7
    endloop
  endfacet
  facet normal 0.59034 0.394305 -0.704288
    outer loop
      vertex 74.0648 -94.6961 0
      vertex 75.5278 -93.85 1.7
      vertex 75.6513 -94.0349 1.7
    endloop
  endfacet
  facet normal 0.598575 0.380911 -0.704709
    outer loop
      vertex 75.5278 -93.85 1.7
      vertex 74.0648 -94.6961 0
      vertex 74.0641 -94.695 0
    endloop
  endfacet
  facet normal 0.708444 0.0462931 -0.704247
    outer loop
      vertex 75.3145 -93.2219 1.7
      vertex 73.6389 -93.4412 0
      vertex 75.3 -93 1.7
    endloop
  endfacet
  facet normal 0.712199 0 -0.701977
    outer loop
      vertex 73.6389 -93.4412 0
      vertex 75.3145 -93.2219 1.7
      vertex 73.6389 -93.4425 0
    endloop
  endfacet
  facet normal 0.228162 0.672284 -0.704256
    outer loop
      vertex 76.56 -94.6421 1.7
      vertex 76.1226 -96.2745 0
      vertex 75.7039 -96.1324 0
    endloop
  endfacet
  facet normal -0.696197 -0.139156 -0.704234
    outer loop
      vertex 78.6855 -92.7781 1.7
      vertex 80.2594 -92.5565 0.100273
      vertex 80.2641 -92.5703 0.0983535
    endloop
  endfacet
  facet normal -0.696299 -0.138557 -0.704251
    outer loop
      vertex 80.2594 -92.5565 0.100273
      vertex 78.6855 -92.7781 1.7
      vertex 78.6421 -92.56 1.7
    endloop
  endfacet
  facet normal -0.636611 -0.314155 -0.704297
    outer loop
      vertex 78.4722 -92.15 1.7
      vertex 79.9365 -91.3061 0
      vertex 78.5706 -92.3494 1.7
    endloop
  endfacet
  facet normal -0.622667 -0.339636 -0.704935
    outer loop
      vertex 79.9365 -91.3061 0
      vertex 78.4722 -92.15 1.7
      vertex 79.9359 -91.305 0
    endloop
  endfacet
  facet normal 0.672284 0.228162 -0.704256
    outer loop
      vertex 75.3579 -93.44 1.7
      vertex 73.8676 -94.2961 0
      vertex 73.7255 -93.8774 0
    endloop
  endfacet
  facet normal -0.622667 0.339636 -0.704935
    outer loop
      vertex 78.4722 -93.85 1.7
      vertex 79.9365 -94.6939 0
      vertex 79.9359 -94.695 0
    endloop
  endfacet
  facet normal -0.636611 0.314155 -0.704297
    outer loop
      vertex 79.9365 -94.6939 0
      vertex 78.4722 -93.85 1.7
      vertex 78.5706 -93.6506 1.7
    endloop
  endfacet
  facet normal -0.696288 0.138583 -0.704257
    outer loop
      vertex 80.3608 -93.4438 0
      vertex 80.2745 -93.8774 0
      vertex 78.6421 -93.44 1.7
    endloop
  endfacet
  facet normal -0.692596 0.15983 -0.703395
    outer loop
      vertex 80.3608 -93.4438 0
      vertex 78.6855 -93.2219 1.7
      vertex 80.3611 -93.4425 0
    endloop
  endfacet
  facet normal -0.696291 0.138556 -0.70426
    outer loop
      vertex 78.6855 -93.2219 1.7
      vertex 80.3608 -93.4438 0
      vertex 78.6421 -93.44 1.7
    endloop
  endfacet
  facet normal -0.598575 -0.380911 -0.704709
    outer loop
      vertex 78.4722 -92.15 1.7
      vertex 79.9352 -91.3039 0
      vertex 79.9359 -91.305 0
    endloop
  endfacet
  facet normal -0.59034 -0.394305 -0.704288
    outer loop
      vertex 79.9352 -91.3039 0
      vertex 78.4722 -92.15 1.7
      vertex 78.3487 -91.9651 1.7
    endloop
  endfacet
  facet normal 0 0.712199 -0.701977
    outer loop
      vertex 77.4412 -96.3611 0
      vertex 77.2219 -94.6855 1.7
      vertex 77.4425 -96.3611 0
    endloop
  endfacet
  facet normal -0.0462931 0.708444 -0.704247
    outer loop
      vertex 77.2219 -94.6855 1.7
      vertex 77.4412 -96.3611 0
      vertex 77 -94.7 1.7
    endloop
  endfacet
  facet normal -0.501475 0.501475 -0.705015
    outer loop
      vertex 78.2021 -94.2021 1.7
      vertex 79.398 -95.3962 0
      vertex 79.3971 -95.3971 0
    endloop
  endfacet
  facet normal -0.533804 0.468036 -0.704269
    outer loop
      vertex 79.398 -95.3962 0
      vertex 78.2021 -94.2021 1.7
      vertex 78.3487 -94.0349 1.7
    endloop
  endfacet
  facet normal 0.7084 0.046563 -0.704274
    outer loop
      vertex 75.3 -93 1.7
      vertex 73.6389 -93.4412 0
      vertex 73.6099 -93 0
    endloop
  endfacet
  facet normal 0.696291 0.138556 -0.70426
    outer loop
      vertex 73.6392 -93.4438 0
      vertex 75.3145 -93.2219 1.7
      vertex 75.3579 -93.44 1.7
    endloop
  endfacet
  facet normal 0.692596 0.15983 -0.703395
    outer loop
      vertex 75.3145 -93.2219 1.7
      vertex 73.6392 -93.4438 0
      vertex 73.6389 -93.4425 0
    endloop
  endfacet
  facet normal -0.394305 -0.59034 -0.704288
    outer loop
      vertex 77.85 -91.5278 1.7
      vertex 78.6961 -90.0648 0
      vertex 78.0349 -91.6513 1.7
    endloop
  endfacet
  facet normal -0.380911 -0.598575 -0.704709
    outer loop
      vertex 78.6961 -90.0648 0
      vertex 77.85 -91.5278 1.7
      vertex 78.695 -90.0641 0
    endloop
  endfacet
  facet normal -0.339636 -0.622667 -0.704935
    outer loop
      vertex 77.85 -91.5278 1.7
      vertex 78.6939 -90.0635 0
      vertex 78.695 -90.0641 0
    endloop
  endfacet
  facet normal -0.314155 -0.636611 -0.704297
    outer loop
      vertex 78.6939 -90.0635 0
      vertex 77.85 -91.5278 1.7
      vertex 77.6506 -91.4294 1.7
    endloop
  endfacet
  facet normal 0.468036 0.533804 -0.704269
    outer loop
      vertex 74.6038 -95.398 0
      vertex 75.7979 -94.2021 1.7
      vertex 75.9651 -94.3487 1.7
    endloop
  endfacet
  facet normal 0.501475 0.501475 -0.705015
    outer loop
      vertex 75.7979 -94.2021 1.7
      vertex 74.6038 -95.398 0
      vertex 74.6029 -95.3971 0
    endloop
  endfacet
  facet normal 0.380911 0.598575 -0.704709
    outer loop
      vertex 75.3039 -95.9352 0
      vertex 76.15 -94.4722 1.7
      vertex 75.305 -95.9359 0
    endloop
  endfacet
  facet normal 0.394305 0.59034 -0.704288
    outer loop
      vertex 76.15 -94.4722 1.7
      vertex 75.3039 -95.9352 0
      vertex 75.9651 -94.3487 1.7
    endloop
  endfacet
  facet normal 0.314155 0.636611 -0.704297
    outer loop
      vertex 75.3061 -95.9365 0
      vertex 76.15 -94.4722 1.7
      vertex 76.3494 -94.5706 1.7
    endloop
  endfacet
  facet normal 0.339636 0.622667 -0.704935
    outer loop
      vertex 76.15 -94.4722 1.7
      vertex 75.3061 -95.9365 0
      vertex 75.305 -95.9359 0
    endloop
  endfacet
  facet normal -0.981113 0.193434 0
    outer loop
      vertex 177.142 -20.44 1.7
      vertex 177.185 -20.2219 4
      vertex 177.185 -20.2219 1.7
    endloop
  endfacet
  facet normal -0.981113 0.193434 0
    outer loop
      vertex 177.185 -20.2219 4
      vertex 177.142 -20.44 1.7
      vertex 177.142 -20.44 4
    endloop
  endfacet
  facet normal -0.997723 0.0674441 0
    outer loop
      vertex 177.185 -20.2219 1.7
      vertex 177.2 -20 4
      vertex 177.2 -20 1.7
    endloop
  endfacet
  facet normal -0.997723 0.0674441 0
    outer loop
      vertex 177.2 -20 4
      vertex 177.185 -20.2219 1.7
      vertex 177.185 -20.2219 4
    endloop
  endfacet
  facet normal 0.443245 0.8964 -0
    outer loop
      vertex 174.849 -21.5706 1.7
      vertex 174.65 -21.4722 4
      vertex 174.849 -21.5706 4
    endloop
  endfacet
  facet normal 0.443245 0.8964 0
    outer loop
      vertex 174.65 -21.4722 4
      vertex 174.849 -21.5706 1.7
      vertex 174.65 -21.4722 1.7
    endloop
  endfacet
  facet normal -0.555219 0.831704 0
    outer loop
      vertex 176.535 -21.3487 1.7
      vertex 176.35 -21.4722 4
      vertex 176.535 -21.3487 4
    endloop
  endfacet
  facet normal -0.555219 0.831704 0
    outer loop
      vertex 176.35 -21.4722 4
      vertex 176.535 -21.3487 1.7
      vertex 176.35 -21.4722 1.7
    endloop
  endfacet
  facet normal 0.659714 0.751516 -0
    outer loop
      vertex 174.465 -21.3487 1.7
      vertex 174.298 -21.2021 4
      vertex 174.465 -21.3487 4
    endloop
  endfacet
  facet normal 0.659714 0.751516 0
    outer loop
      vertex 174.298 -21.2021 4
      vertex 174.465 -21.3487 1.7
      vertex 174.298 -21.2021 1.7
    endloop
  endfacet
  facet normal -0.320937 -0.947101 0
    outer loop
      vertex 175.94 -18.3579 1.7
      vertex 176.151 -18.4294 4
      vertex 175.94 -18.3579 4
    endloop
  endfacet
  facet normal -0.320937 -0.947101 -0
    outer loop
      vertex 176.151 -18.4294 4
      vertex 175.94 -18.3579 1.7
      vertex 176.151 -18.4294 1.7
    endloop
  endfacet
  facet normal -0.832604 -0.553869 0
    outer loop
      vertex 176.972 -19.15 1.7
      vertex 176.849 -18.9651 4
      vertex 176.849 -18.9651 1.7
    endloop
  endfacet
  facet normal -0.832604 -0.553869 0
    outer loop
      vertex 176.849 -18.9651 4
      vertex 176.972 -19.15 1.7
      vertex 176.972 -19.15 4
    endloop
  endfacet
  facet normal -0.947598 -0.319466 0
    outer loop
      vertex 177.142 -19.56 1.7
      vertex 177.071 -19.3494 4
      vertex 177.071 -19.3494 1.7
    endloop
  endfacet
  facet normal -0.947598 -0.319466 0
    outer loop
      vertex 177.071 -19.3494 4
      vertex 177.142 -19.56 1.7
      vertex 177.142 -19.56 4
    endloop
  endfacet
  facet normal -0.320937 0.947101 0
    outer loop
      vertex 176.151 -21.5706 1.7
      vertex 175.94 -21.6421 4
      vertex 176.151 -21.5706 4
    endloop
  endfacet
  facet normal -0.320937 0.947101 0
    outer loop
      vertex 175.94 -21.6421 4
      vertex 176.151 -21.5706 1.7
      vertex 175.94 -21.6421 1.7
    endloop
  endfacet
  facet normal -0.195251 0.980753 0
    outer loop
      vertex 175.94 -21.6421 1.7
      vertex 175.722 -21.6855 4
      vertex 175.94 -21.6421 4
    endloop
  endfacet
  facet normal -0.195251 0.980753 0
    outer loop
      vertex 175.722 -21.6855 4
      vertex 175.94 -21.6421 1.7
      vertex 175.722 -21.6855 1.7
    endloop
  endfacet
  facet normal 0.555219 0.831704 -0
    outer loop
      vertex 174.65 -21.4722 1.7
      vertex 174.465 -21.3487 4
      vertex 174.65 -21.4722 4
    endloop
  endfacet
  facet normal 0.555219 0.831704 0
    outer loop
      vertex 174.465 -21.3487 4
      vertex 174.65 -21.4722 1.7
      vertex 174.465 -21.3487 1.7
    endloop
  endfacet
  facet normal -0.895681 -0.444696 0
    outer loop
      vertex 177.071 -19.3494 1.7
      vertex 176.972 -19.15 4
      vertex 176.972 -19.15 1.7
    endloop
  endfacet
  facet normal -0.895681 -0.444696 0
    outer loop
      vertex 176.972 -19.15 4
      vertex 177.071 -19.3494 1.7
      vertex 177.071 -19.3494 4
    endloop
  endfacet
  facet normal -0.659714 0.751516 0
    outer loop
      vertex 176.702 -21.2021 1.7
      vertex 176.535 -21.3487 4
      vertex 176.702 -21.2021 4
    endloop
  endfacet
  facet normal -0.659714 0.751516 0
    outer loop
      vertex 176.535 -21.3487 4
      vertex 176.702 -21.2021 1.7
      vertex 176.535 -21.3487 1.7
    endloop
  endfacet
  facet normal -0.555219 -0.831704 0
    outer loop
      vertex 176.35 -18.5278 1.7
      vertex 176.535 -18.6513 4
      vertex 176.35 -18.5278 4
    endloop
  endfacet
  facet normal -0.555219 -0.831704 -0
    outer loop
      vertex 176.535 -18.6513 4
      vertex 176.35 -18.5278 1.7
      vertex 176.535 -18.6513 1.7
    endloop
  endfacet
  facet normal -0.443245 0.8964 0
    outer loop
      vertex 176.35 -21.4722 1.7
      vertex 176.151 -21.5706 4
      vertex 176.35 -21.4722 4
    endloop
  endfacet
  facet normal -0.443245 0.8964 0
    outer loop
      vertex 176.151 -21.5706 4
      vertex 176.35 -21.4722 1.7
      vertex 176.151 -21.5706 1.7
    endloop
  endfacet
  facet normal 0.997723 0.0674441 0
    outer loop
      vertex 173.815 -20.2219 4
      vertex 173.8 -20 1.7
      vertex 173.8 -20 4
    endloop
  endfacet
  facet normal 0.997723 0.0674441 0
    outer loop
      vertex 173.8 -20 1.7
      vertex 173.815 -20.2219 4
      vertex 173.815 -20.2219 1.7
    endloop
  endfacet
  facet normal 0.659714 -0.751516 0
    outer loop
      vertex 174.298 -18.7979 1.7
      vertex 174.465 -18.6513 4
      vertex 174.298 -18.7979 4
    endloop
  endfacet
  facet normal 0.659714 -0.751516 0
    outer loop
      vertex 174.465 -18.6513 4
      vertex 174.298 -18.7979 1.7
      vertex 174.465 -18.6513 1.7
    endloop
  endfacet
  facet normal 0.751016 -0.660284 0
    outer loop
      vertex 174.151 -18.9651 4
      vertex 174.298 -18.7979 1.7
      vertex 174.298 -18.7979 4
    endloop
  endfacet
  facet normal 0.751016 -0.660284 0
    outer loop
      vertex 174.298 -18.7979 1.7
      vertex 174.151 -18.9651 4
      vertex 174.151 -18.9651 1.7
    endloop
  endfacet
  facet normal 0.832604 -0.553869 0
    outer loop
      vertex 174.028 -19.15 4
      vertex 174.151 -18.9651 1.7
      vertex 174.151 -18.9651 4
    endloop
  endfacet
  facet normal 0.832604 -0.553869 0
    outer loop
      vertex 174.151 -18.9651 1.7
      vertex 174.028 -19.15 4
      vertex 174.028 -19.15 1.7
    endloop
  endfacet
  facet normal -0.832604 0.553869 0
    outer loop
      vertex 176.849 -21.0349 1.7
      vertex 176.972 -20.85 4
      vertex 176.972 -20.85 1.7
    endloop
  endfacet
  facet normal -0.832604 0.553869 0
    outer loop
      vertex 176.972 -20.85 4
      vertex 176.849 -21.0349 1.7
      vertex 176.849 -21.0349 4
    endloop
  endfacet
  facet normal -0.195251 -0.980753 0
    outer loop
      vertex 175.722 -18.3145 1.7
      vertex 175.94 -18.3579 4
      vertex 175.722 -18.3145 4
    endloop
  endfacet
  facet normal -0.195251 -0.980753 -0
    outer loop
      vertex 175.94 -18.3579 4
      vertex 175.722 -18.3145 1.7
      vertex 175.94 -18.3579 1.7
    endloop
  endfacet
  facet normal -0.981113 -0.193434 0
    outer loop
      vertex 177.185 -19.7781 1.7
      vertex 177.142 -19.56 4
      vertex 177.142 -19.56 1.7
    endloop
  endfacet
  facet normal -0.981113 -0.193434 0
    outer loop
      vertex 177.142 -19.56 4
      vertex 177.185 -19.7781 1.7
      vertex 177.185 -19.7781 4
    endloop
  endfacet
  facet normal 0.947598 -0.319466 0
    outer loop
      vertex 173.858 -19.56 4
      vertex 173.929 -19.3494 1.7
      vertex 173.929 -19.3494 4
    endloop
  endfacet
  facet normal 0.947598 -0.319466 0
    outer loop
      vertex 173.929 -19.3494 1.7
      vertex 173.858 -19.56 4
      vertex 173.858 -19.56 1.7
    endloop
  endfacet
  facet normal -0.443245 -0.8964 0
    outer loop
      vertex 176.151 -18.4294 1.7
      vertex 176.35 -18.5278 4
      vertex 176.151 -18.4294 4
    endloop
  endfacet
  facet normal -0.443245 -0.8964 -0
    outer loop
      vertex 176.35 -18.5278 4
      vertex 176.151 -18.4294 1.7
      vertex 176.35 -18.5278 1.7
    endloop
  endfacet
  facet normal -0.0651764 0.997874 0
    outer loop
      vertex 175.722 -21.6855 1.7
      vertex 175.5 -21.7 4
      vertex 175.722 -21.6855 4
    endloop
  endfacet
  facet normal -0.0651764 0.997874 0
    outer loop
      vertex 175.5 -21.7 4
      vertex 175.722 -21.6855 1.7
      vertex 175.5 -21.7 1.7
    endloop
  endfacet
  facet normal 0.320937 0.947101 -0
    outer loop
      vertex 175.06 -21.6421 1.7
      vertex 174.849 -21.5706 4
      vertex 175.06 -21.6421 4
    endloop
  endfacet
  facet normal 0.320937 0.947101 0
    outer loop
      vertex 174.849 -21.5706 4
      vertex 175.06 -21.6421 1.7
      vertex 174.849 -21.5706 1.7
    endloop
  endfacet
  facet normal 0.195251 0.980753 -0
    outer loop
      vertex 175.278 -21.6855 1.7
      vertex 175.06 -21.6421 4
      vertex 175.278 -21.6855 4
    endloop
  endfacet
  facet normal 0.195251 0.980753 0
    outer loop
      vertex 175.06 -21.6421 4
      vertex 175.278 -21.6855 1.7
      vertex 175.06 -21.6421 1.7
    endloop
  endfacet
  facet normal -0.895681 0.444696 0
    outer loop
      vertex 176.972 -20.85 1.7
      vertex 177.071 -20.6506 4
      vertex 177.071 -20.6506 1.7
    endloop
  endfacet
  facet normal -0.895681 0.444696 0
    outer loop
      vertex 177.071 -20.6506 4
      vertex 176.972 -20.85 1.7
      vertex 176.972 -20.85 4
    endloop
  endfacet
  facet normal -0.997723 -0.0674441 0
    outer loop
      vertex 177.2 -20 1.7
      vertex 177.185 -19.7781 4
      vertex 177.185 -19.7781 1.7
    endloop
  endfacet
  facet normal -0.997723 -0.0674441 0
    outer loop
      vertex 177.185 -19.7781 4
      vertex 177.2 -20 1.7
      vertex 177.2 -20 4
    endloop
  endfacet
  facet normal -0.0651764 -0.997874 0
    outer loop
      vertex 175.5 -18.3 1.7
      vertex 175.722 -18.3145 4
      vertex 175.5 -18.3 4
    endloop
  endfacet
  facet normal -0.0651764 -0.997874 -0
    outer loop
      vertex 175.722 -18.3145 4
      vertex 175.5 -18.3 1.7
      vertex 175.722 -18.3145 1.7
    endloop
  endfacet
  facet normal -0.751016 0.660284 0
    outer loop
      vertex 176.702 -21.2021 1.7
      vertex 176.849 -21.0349 4
      vertex 176.849 -21.0349 1.7
    endloop
  endfacet
  facet normal -0.751016 0.660284 0
    outer loop
      vertex 176.849 -21.0349 4
      vertex 176.702 -21.2021 1.7
      vertex 176.702 -21.2021 4
    endloop
  endfacet
  facet normal 0.997723 -0.0674441 0
    outer loop
      vertex 173.8 -20 4
      vertex 173.815 -19.7781 1.7
      vertex 173.815 -19.7781 4
    endloop
  endfacet
  facet normal 0.997723 -0.0674441 0
    outer loop
      vertex 173.815 -19.7781 1.7
      vertex 173.8 -20 4
      vertex 173.8 -20 1.7
    endloop
  endfacet
  facet normal -0.751016 -0.660284 0
    outer loop
      vertex 176.849 -18.9651 1.7
      vertex 176.702 -18.7979 4
      vertex 176.702 -18.7979 1.7
    endloop
  endfacet
  facet normal -0.751016 -0.660284 0
    outer loop
      vertex 176.702 -18.7979 4
      vertex 176.849 -18.9651 1.7
      vertex 176.849 -18.9651 4
    endloop
  endfacet
  facet normal 0.751016 0.660284 0
    outer loop
      vertex 174.298 -21.2021 4
      vertex 174.151 -21.0349 1.7
      vertex 174.151 -21.0349 4
    endloop
  endfacet
  facet normal 0.751016 0.660284 0
    outer loop
      vertex 174.151 -21.0349 1.7
      vertex 174.298 -21.2021 4
      vertex 174.298 -21.2021 1.7
    endloop
  endfacet
  facet normal 0.832604 0.553869 0
    outer loop
      vertex 174.151 -21.0349 4
      vertex 174.028 -20.85 1.7
      vertex 174.028 -20.85 4
    endloop
  endfacet
  facet normal 0.832604 0.553869 0
    outer loop
      vertex 174.028 -20.85 1.7
      vertex 174.151 -21.0349 4
      vertex 174.151 -21.0349 1.7
    endloop
  endfacet
  facet normal 0.0651764 0.997874 -0
    outer loop
      vertex 175.5 -21.7 1.7
      vertex 175.278 -21.6855 4
      vertex 175.5 -21.7 4
    endloop
  endfacet
  facet normal 0.0651764 0.997874 0
    outer loop
      vertex 175.278 -21.6855 4
      vertex 175.5 -21.7 1.7
      vertex 175.278 -21.6855 1.7
    endloop
  endfacet
  facet normal 0.981113 -0.193434 0
    outer loop
      vertex 173.815 -19.7781 4
      vertex 173.858 -19.56 1.7
      vertex 173.858 -19.56 4
    endloop
  endfacet
  facet normal 0.981113 -0.193434 0
    outer loop
      vertex 173.858 -19.56 1.7
      vertex 173.815 -19.7781 4
      vertex 173.815 -19.7781 1.7
    endloop
  endfacet
  facet normal 0.320937 -0.947101 0
    outer loop
      vertex 174.849 -18.4294 1.7
      vertex 175.06 -18.3579 4
      vertex 174.849 -18.4294 4
    endloop
  endfacet
  facet normal 0.320937 -0.947101 0
    outer loop
      vertex 175.06 -18.3579 4
      vertex 174.849 -18.4294 1.7
      vertex 175.06 -18.3579 1.7
    endloop
  endfacet
  facet normal -0.947598 0.319466 0
    outer loop
      vertex 177.071 -20.6506 1.7
      vertex 177.142 -20.44 4
      vertex 177.142 -20.44 1.7
    endloop
  endfacet
  facet normal -0.947598 0.319466 0
    outer loop
      vertex 177.142 -20.44 4
      vertex 177.071 -20.6506 1.7
      vertex 177.071 -20.6506 4
    endloop
  endfacet
  facet normal 0.443245 -0.8964 0
    outer loop
      vertex 174.65 -18.5278 1.7
      vertex 174.849 -18.4294 4
      vertex 174.65 -18.5278 4
    endloop
  endfacet
  facet normal 0.443245 -0.8964 0
    outer loop
      vertex 174.849 -18.4294 4
      vertex 174.65 -18.5278 1.7
      vertex 174.849 -18.4294 1.7
    endloop
  endfacet
  facet normal 0.555219 -0.831704 0
    outer loop
      vertex 174.465 -18.6513 1.7
      vertex 174.65 -18.5278 4
      vertex 174.465 -18.6513 4
    endloop
  endfacet
  facet normal 0.555219 -0.831704 0
    outer loop
      vertex 174.65 -18.5278 4
      vertex 174.465 -18.6513 1.7
      vertex 174.65 -18.5278 1.7
    endloop
  endfacet
  facet normal 0.0651764 -0.997874 0
    outer loop
      vertex 175.278 -18.3145 1.7
      vertex 175.5 -18.3 4
      vertex 175.278 -18.3145 4
    endloop
  endfacet
  facet normal 0.0651764 -0.997874 0
    outer loop
      vertex 175.5 -18.3 4
      vertex 175.278 -18.3145 1.7
      vertex 175.5 -18.3 1.7
    endloop
  endfacet
  facet normal 0.195251 -0.980753 0
    outer loop
      vertex 175.06 -18.3579 1.7
      vertex 175.278 -18.3145 4
      vertex 175.06 -18.3579 4
    endloop
  endfacet
  facet normal 0.195251 -0.980753 0
    outer loop
      vertex 175.278 -18.3145 4
      vertex 175.06 -18.3579 1.7
      vertex 175.278 -18.3145 1.7
    endloop
  endfacet
  facet normal 0.895681 0.444696 0
    outer loop
      vertex 174.028 -20.85 4
      vertex 173.929 -20.6506 1.7
      vertex 173.929 -20.6506 4
    endloop
  endfacet
  facet normal 0.895681 0.444696 0
    outer loop
      vertex 173.929 -20.6506 1.7
      vertex 174.028 -20.85 4
      vertex 174.028 -20.85 1.7
    endloop
  endfacet
  facet normal 0.895681 -0.444696 0
    outer loop
      vertex 173.929 -19.3494 4
      vertex 174.028 -19.15 1.7
      vertex 174.028 -19.15 4
    endloop
  endfacet
  facet normal 0.895681 -0.444696 0
    outer loop
      vertex 174.028 -19.15 1.7
      vertex 173.929 -19.3494 4
      vertex 173.929 -19.3494 1.7
    endloop
  endfacet
  facet normal 0.981113 0.193434 0
    outer loop
      vertex 173.858 -20.44 4
      vertex 173.815 -20.2219 1.7
      vertex 173.815 -20.2219 4
    endloop
  endfacet
  facet normal 0.981113 0.193434 0
    outer loop
      vertex 173.815 -20.2219 1.7
      vertex 173.858 -20.44 4
      vertex 173.858 -20.44 1.7
    endloop
  endfacet
  facet normal 0.947598 0.319466 0
    outer loop
      vertex 173.929 -20.6506 4
      vertex 173.858 -20.44 1.7
      vertex 173.858 -20.44 4
    endloop
  endfacet
  facet normal 0.947598 0.319466 0
    outer loop
      vertex 173.858 -20.44 1.7
      vertex 173.929 -20.6506 4
      vertex 173.929 -20.6506 1.7
    endloop
  endfacet
  facet normal -0.659714 -0.751516 0
    outer loop
      vertex 176.535 -18.6513 1.7
      vertex 176.702 -18.7979 4
      vertex 176.535 -18.6513 4
    endloop
  endfacet
  facet normal -0.659714 -0.751516 -0
    outer loop
      vertex 176.702 -18.7979 4
      vertex 176.535 -18.6513 1.7
      vertex 176.702 -18.7979 1.7
    endloop
  endfacet
  facet normal 0.696275 0.138099 -0.704365
    outer loop
      vertex 173.858 -20.44 1.7
      vertex 172.225 -20.8774 0
      vertex 172.139 -20.4438 0
    endloop
  endfacet
  facet normal -0.70846 0.0460416 -0.704247
    outer loop
      vertex 178.845 -20 0.04516
      vertex 178.831 -20.4332 0.0309224
      vertex 177.2 -20 1.7
    endloop
  endfacet
  facet normal -0.708159 0.0478702 -0.704428
    outer loop
      vertex 178.831 -20.4332 0.0309224
      vertex 177.185 -20.2219 1.7
      vertex 177.2 -20 1.7
    endloop
  endfacet
  facet normal -0.710345 0.0232676 -0.703469
    outer loop
      vertex 177.185 -20.2219 1.7
      vertex 178.831 -20.4332 0.0309224
      vertex 178.831 -20.4385 0.0307471
    endloop
  endfacet
  facet normal -0.0462726 -0.70845 -0.704243
    outer loop
      vertex 175.941 -16.6389 0
      vertex 175.722 -18.3145 1.7
      vertex 175.5 -18.3 1.7
    endloop
  endfacet
  facet normal 0 -0.712199 -0.701977
    outer loop
      vertex 175.722 -18.3145 1.7
      vertex 175.941 -16.6389 0
      vertex 175.942 -16.6389 0
    endloop
  endfacet
  facet normal -0.636544 -0.31458 -0.704167
    outer loop
      vertex 178.436 -18.3061 0
      vertex 178.632 -18.7027 0
      vertex 177.071 -19.3494 1.7
    endloop
  endfacet
  facet normal 0.468353 -0.533526 -0.704269
    outer loop
      vertex 174.298 -18.7979 1.7
      vertex 173.104 -17.602 0
      vertex 174.465 -18.6513 1.7
    endloop
  endfacet
  facet normal 0.474751 -0.527501 -0.704524
    outer loop
      vertex 173.104 -17.602 0
      vertex 174.298 -18.7979 1.7
      vertex 173.103 -17.6029 0
    endloop
  endfacet
  facet normal 0.046584 0.708399 -0.704273
    outer loop
      vertex 175.5 -21.7 1.7
      vertex 175.5 -23.3901 0
      vertex 175.059 -23.3611 0
    endloop
  endfacet
  facet normal 0.468399 -0.533477 -0.704276
    outer loop
      vertex 173.436 -17.3105 0
      vertex 174.465 -18.6513 1.7
      vertex 173.104 -17.602 0
    endloop
  endfacet
  facet normal -0.672933 -0.226867 -0.704054
    outer loop
      vertex 177.071 -19.3494 1.7
      vertex 178.632 -18.7039 0
      vertex 177.142 -19.56 1.7
    endloop
  endfacet
  facet normal -0.736578 0 -0.676352
    outer loop
      vertex 178.632 -18.7039 0
      vertex 177.071 -19.3494 1.7
      vertex 178.632 -18.7027 0
    endloop
  endfacet
  facet normal 0.474751 0.527501 -0.704524
    outer loop
      vertex 173.102 -22.3962 0
      vertex 174.298 -21.2021 1.7
      vertex 173.103 -22.3971 0
    endloop
  endfacet
  facet normal 0.533136 0.468726 -0.704316
    outer loop
      vertex 174.298 -21.2021 1.7
      vertex 173.102 -22.3962 0
      vertex 174.151 -21.0349 1.7
    endloop
  endfacet
  facet normal 0.468399 0.533477 -0.704276
    outer loop
      vertex 174.465 -21.3487 1.7
      vertex 173.436 -22.6895 0
      vertex 173.104 -22.398 0
    endloop
  endfacet
  facet normal 0.0462726 0.70845 -0.704243
    outer loop
      vertex 175.059 -23.3611 0
      vertex 175.278 -21.6855 1.7
      vertex 175.5 -21.7 1.7
    endloop
  endfacet
  facet normal 0 0.712199 -0.701977
    outer loop
      vertex 175.278 -21.6855 1.7
      vertex 175.059 -23.3611 0
      vertex 175.058 -23.3611 0
    endloop
  endfacet
  facet normal -0.671774 -0.229433 -0.70433
    outer loop
      vertex 178.632 -18.7039 0
      vertex 178.775 -19.1226 0
      vertex 177.142 -19.56 1.7
    endloop
  endfacet
  facet normal 0.31465 -0.636335 -0.704324
    outer loop
      vertex 174.65 -18.5278 1.7
      vertex 173.806 -17.0635 0
      vertex 174.849 -18.4294 1.7
    endloop
  endfacet
  facet normal 0.36489 -0.60815 -0.704989
    outer loop
      vertex 173.806 -17.0635 0
      vertex 174.65 -18.5278 1.7
      vertex 173.805 -17.0641 0
    endloop
  endfacet
  facet normal -0.590749 -0.393725 -0.70427
    outer loop
      vertex 178.19 -17.9363 0
      vertex 178.435 -18.3039 0
      vertex 176.849 -18.9651 1.7
    endloop
  endfacet
  facet normal 0.635851 -0.315694 -0.704294
    outer loop
      vertex 172.564 -18.3061 0
      vertex 174.028 -19.15 1.7
      vertex 173.929 -19.3494 1.7
    endloop
  endfacet
  facet normal 0.757744 0 -0.652552
    outer loop
      vertex 174.028 -19.15 1.7
      vertex 172.564 -18.3061 0
      vertex 172.564 -18.305 0
    endloop
  endfacet
  facet normal 0.138617 -0.696276 -0.704262
    outer loop
      vertex 175.056 -16.6392 0
      vertex 175.278 -18.3145 1.7
      vertex 175.06 -18.3579 1.7
    endloop
  endfacet
  facet normal 0.105211 -0.701406 -0.704954
    outer loop
      vertex 175.278 -18.3145 1.7
      vertex 175.056 -16.6392 0
      vertex 175.058 -16.6389 0
    endloop
  endfacet
  facet normal -0.710345 -0.0232676 -0.703469
    outer loop
      vertex 178.831 -19.5668 0.0309224
      vertex 177.185 -19.7781 1.7
      vertex 178.831 -19.5615 0.0307471
    endloop
  endfacet
  facet normal -0.708159 -0.0478702 -0.704428
    outer loop
      vertex 177.185 -19.7781 1.7
      vertex 178.831 -19.5668 0.0309224
      vertex 177.2 -20 1.7
    endloop
  endfacet
  facet normal 0.590749 -0.393725 -0.70427
    outer loop
      vertex 172.81 -17.9363 0
      vertex 174.151 -18.9651 1.7
      vertex 172.565 -18.3039 0
    endloop
  endfacet
  facet normal -0.468399 0.533477 -0.704276
    outer loop
      vertex 177.896 -22.398 0
      vertex 177.564 -22.6895 0
      vertex 176.535 -21.3487 1.7
    endloop
  endfacet
  facet normal 0.313661 -0.636949 -0.70421
    outer loop
      vertex 174.203 -16.868 0
      vertex 174.849 -18.4294 1.7
      vertex 173.806 -17.0635 0
    endloop
  endfacet
  facet normal 0.696354 -0.137291 -0.704444
    outer loop
      vertex 173.815 -19.7781 1.7
      vertex 172.139 -19.5562 0
      vertex 173.858 -19.56 1.7
    endloop
  endfacet
  facet normal 0.712116 0 -0.702062
    outer loop
      vertex 172.139 -19.5562 0
      vertex 173.815 -19.7781 1.7
      vertex 172.139 -19.5575 0
    endloop
  endfacet
  facet normal 0.591043 -0.393176 -0.70433
    outer loop
      vertex 174.028 -19.15 1.7
      vertex 172.565 -18.3039 0
      vertex 174.151 -18.9651 1.7
    endloop
  endfacet
  facet normal 0.530704 -0.482459 -0.69684
    outer loop
      vertex 172.565 -18.3039 0
      vertex 174.028 -19.15 1.7
      vertex 172.564 -18.305 0
    endloop
  endfacet
  facet normal -0.474751 -0.527501 -0.704524
    outer loop
      vertex 176.702 -18.7979 1.7
      vertex 177.896 -17.602 0
      vertex 177.897 -17.6029 0
    endloop
  endfacet
  facet normal -0.468353 -0.533526 -0.704269
    outer loop
      vertex 177.896 -17.602 0
      vertex 176.702 -18.7979 1.7
      vertex 176.535 -18.6513 1.7
    endloop
  endfacet
  facet normal 0.13877 -0.696261 -0.704247
    outer loop
      vertex 175.056 -16.6392 0
      vertex 175.06 -18.3579 1.7
      vertex 174.623 -16.7255 0
    endloop
  endfacet
  facet normal 0.636544 0.31458 -0.704167
    outer loop
      vertex 173.929 -20.6506 1.7
      vertex 172.564 -21.6939 0
      vertex 172.368 -21.2973 0
    endloop
  endfacet
  facet normal 0.313661 0.636949 -0.70421
    outer loop
      vertex 174.849 -21.5706 1.7
      vertex 174.203 -23.132 0
      vertex 173.806 -22.9365 0
    endloop
  endfacet
  facet normal -0.394203 -0.590422 -0.704277
    outer loop
      vertex 177.196 -17.0648 0
      vertex 177.564 -17.3105 0
      vertex 176.535 -18.6513 1.7
    endloop
  endfacet
  facet normal -0.228023 -0.672354 -0.704234
    outer loop
      vertex 176.377 -16.7255 0
      vertex 176.796 -16.8676 0
      vertex 175.94 -18.3579 1.7
    endloop
  endfacet
  facet normal -0.263414 -0.658535 -0.704943
    outer loop
      vertex 176.151 -18.4294 1.7
      vertex 176.796 -16.8676 0
      vertex 176.797 -16.868 0
    endloop
  endfacet
  facet normal -0.227861 -0.672428 -0.704216
    outer loop
      vertex 176.796 -16.8676 0
      vertex 176.151 -18.4294 1.7
      vertex 175.94 -18.3579 1.7
    endloop
  endfacet
  facet normal 0.394203 -0.590422 -0.704277
    outer loop
      vertex 173.804 -17.0648 0
      vertex 174.465 -18.6513 1.7
      vertex 173.436 -17.3105 0
    endloop
  endfacet
  facet normal -0.530704 0.482459 -0.69684
    outer loop
      vertex 178.435 -21.6961 0
      vertex 176.972 -20.85 1.7
      vertex 178.436 -21.695 0
    endloop
  endfacet
  facet normal -0.591043 0.393176 -0.70433
    outer loop
      vertex 176.972 -20.85 1.7
      vertex 178.435 -21.6961 0
      vertex 176.849 -21.0349 1.7
    endloop
  endfacet
  facet normal -0.696376 -0.137992 -0.704286
    outer loop
      vertex 177.142 -19.56 1.7
      vertex 178.8 -19.2506 0
      vertex 178.83 -19.5563 0.0302331
    endloop
  endfacet
  facet normal -0.696742 -0.136082 -0.704295
    outer loop
      vertex 178.8 -19.2506 0
      vertex 177.142 -19.56 1.7
      vertex 178.775 -19.1226 0
    endloop
  endfacet
  facet normal 0.696275 -0.138099 -0.704365
    outer loop
      vertex 172.225 -19.1226 0
      vertex 173.858 -19.56 1.7
      vertex 172.139 -19.5562 0
    endloop
  endfacet
  facet normal 0.227861 -0.672428 -0.704216
    outer loop
      vertex 174.849 -18.4294 1.7
      vertex 174.204 -16.8676 0
      vertex 175.06 -18.3579 1.7
    endloop
  endfacet
  facet normal 0.263414 -0.658535 -0.704943
    outer loop
      vertex 174.204 -16.8676 0
      vertex 174.849 -18.4294 1.7
      vertex 174.203 -16.868 0
    endloop
  endfacet
  facet normal 0.590749 0.393725 -0.70427
    outer loop
      vertex 174.151 -21.0349 1.7
      vertex 172.81 -22.0637 0
      vertex 172.565 -21.6961 0
    endloop
  endfacet
  facet normal 0.712116 0 -0.702062
    outer loop
      vertex 173.815 -19.7781 1.7
      vertex 172.139 -19.5588 0
      vertex 172.139 -19.5575 0
    endloop
  endfacet
  facet normal 0.708205 -0.0478732 -0.704382
    outer loop
      vertex 172.139 -19.5588 0
      vertex 173.815 -19.7781 1.7
      vertex 173.8 -20 1.7
    endloop
  endfacet
  facet normal 0.671774 -0.229433 -0.70433
    outer loop
      vertex 172.368 -18.7039 0
      vertex 173.858 -19.56 1.7
      vertex 172.225 -19.1226 0
    endloop
  endfacet
  facet normal 0.757744 0 -0.652552
    outer loop
      vertex 172.564 -21.6939 0
      vertex 174.028 -20.85 1.7
      vertex 172.564 -21.695 0
    endloop
  endfacet
  facet normal 0.635851 0.315694 -0.704294
    outer loop
      vertex 174.028 -20.85 1.7
      vertex 172.564 -21.6939 0
      vertex 173.929 -20.6506 1.7
    endloop
  endfacet
  facet normal -0.533427 -0.468454 -0.704277
    outer loop
      vertex 177.898 -17.6038 0
      vertex 178.19 -17.9363 0
      vertex 176.849 -18.9651 1.7
    endloop
  endfacet
  facet normal 0.227861 0.672428 -0.704216
    outer loop
      vertex 174.204 -23.1324 0
      vertex 174.849 -21.5706 1.7
      vertex 175.06 -21.6421 1.7
    endloop
  endfacet
  facet normal 0.263414 0.658535 -0.704943
    outer loop
      vertex 174.849 -21.5706 1.7
      vertex 174.204 -23.1324 0
      vertex 174.203 -23.132 0
    endloop
  endfacet
  facet normal 0.105211 0.701406 -0.704954
    outer loop
      vertex 175.056 -23.3608 0
      vertex 175.278 -21.6855 1.7
      vertex 175.058 -23.3611 0
    endloop
  endfacet
  facet normal 0.138617 0.696276 -0.704262
    outer loop
      vertex 175.278 -21.6855 1.7
      vertex 175.056 -23.3608 0
      vertex 175.06 -21.6421 1.7
    endloop
  endfacet
  facet normal -0.228023 0.672354 -0.704234
    outer loop
      vertex 176.796 -23.1324 0
      vertex 176.377 -23.2745 0
      vertex 175.94 -21.6421 1.7
    endloop
  endfacet
  facet normal -0.671774 0.229433 -0.70433
    outer loop
      vertex 178.775 -20.8774 0
      vertex 178.632 -21.2961 0
      vertex 177.142 -20.44 1.7
    endloop
  endfacet
  facet normal -0.313661 -0.636949 -0.70421
    outer loop
      vertex 176.797 -16.868 0
      vertex 177.194 -17.0635 0
      vertex 176.151 -18.4294 1.7
    endloop
  endfacet
  facet normal 0.736578 0 -0.676352
    outer loop
      vertex 172.368 -21.2961 0
      vertex 173.929 -20.6506 1.7
      vertex 172.368 -21.2973 0
    endloop
  endfacet
  facet normal 0.672933 0.226867 -0.704054
    outer loop
      vertex 173.929 -20.6506 1.7
      vertex 172.368 -21.2961 0
      vertex 173.858 -20.44 1.7
    endloop
  endfacet
  facet normal -0.046584 -0.708399 -0.704273
    outer loop
      vertex 175.941 -16.6389 0
      vertex 175.5 -18.3 1.7
      vertex 175.5 -16.6099 0
    endloop
  endfacet
  facet normal -0.394203 0.590422 -0.704277
    outer loop
      vertex 177.564 -22.6895 0
      vertex 177.196 -22.9352 0
      vertex 176.535 -21.3487 1.7
    endloop
  endfacet
  facet normal -0.736578 0 -0.676352
    outer loop
      vertex 177.071 -20.6506 1.7
      vertex 178.632 -21.2961 0
      vertex 178.632 -21.2973 0
    endloop
  endfacet
  facet normal -0.672933 0.226867 -0.704054
    outer loop
      vertex 178.632 -21.2961 0
      vertex 177.071 -20.6506 1.7
      vertex 177.142 -20.44 1.7
    endloop
  endfacet
  facet normal -0.13877 -0.696261 -0.704247
    outer loop
      vertex 175.944 -16.6392 0
      vertex 176.377 -16.7255 0
      vertex 175.94 -18.3579 1.7
    endloop
  endfacet
  facet normal -0.138617 -0.696276 -0.704262
    outer loop
      vertex 175.722 -18.3145 1.7
      vertex 175.944 -16.6392 0
      vertex 175.94 -18.3579 1.7
    endloop
  endfacet
  facet normal -0.105211 -0.701406 -0.704954
    outer loop
      vertex 175.944 -16.6392 0
      vertex 175.722 -18.3145 1.7
      vertex 175.942 -16.6389 0
    endloop
  endfacet
  facet normal 0.394203 0.590422 -0.704277
    outer loop
      vertex 174.465 -21.3487 1.7
      vertex 173.804 -22.9352 0
      vertex 173.436 -22.6895 0
    endloop
  endfacet
  facet normal 0.533427 -0.468454 -0.704277
    outer loop
      vertex 173.102 -17.6038 0
      vertex 174.151 -18.9651 1.7
      vertex 172.81 -17.9363 0
    endloop
  endfacet
  facet normal -0.313661 0.636949 -0.70421
    outer loop
      vertex 177.194 -22.9365 0
      vertex 176.797 -23.132 0
      vertex 176.151 -21.5706 1.7
    endloop
  endfacet
  facet normal 0.046584 -0.708399 -0.704273
    outer loop
      vertex 175.5 -16.6099 0
      vertex 175.5 -18.3 1.7
      vertex 175.059 -16.6389 0
    endloop
  endfacet
  facet normal -0 -0.712199 -0.701977
    outer loop
      vertex 175.059 -16.6389 0
      vertex 175.278 -18.3145 1.7
      vertex 175.058 -16.6389 0
    endloop
  endfacet
  facet normal 0.0462726 -0.70845 -0.704243
    outer loop
      vertex 175.278 -18.3145 1.7
      vertex 175.059 -16.6389 0
      vertex 175.5 -18.3 1.7
    endloop
  endfacet
  facet normal 0.13877 0.696261 -0.704247
    outer loop
      vertex 175.06 -21.6421 1.7
      vertex 175.056 -23.3608 0
      vertex 174.623 -23.2745 0
    endloop
  endfacet
  facet normal -0.40745 0.582071 -0.703689
    outer loop
      vertex 176.35 -21.4722 1.7
      vertex 177.196 -22.9352 0
      vertex 177.195 -22.9359 0
    endloop
  endfacet
  facet normal -0.394161 0.590444 -0.704282
    outer loop
      vertex 177.196 -22.9352 0
      vertex 176.35 -21.4722 1.7
      vertex 176.535 -21.3487 1.7
    endloop
  endfacet
  facet normal -0.046584 0.708399 -0.704273
    outer loop
      vertex 175.941 -23.3611 0
      vertex 175.5 -23.3901 0
      vertex 175.5 -21.7 1.7
    endloop
  endfacet
  facet normal -0.533136 -0.468726 -0.704316
    outer loop
      vertex 176.702 -18.7979 1.7
      vertex 177.898 -17.6038 0
      vertex 176.849 -18.9651 1.7
    endloop
  endfacet
  facet normal -0.474751 -0.527501 -0.704524
    outer loop
      vertex 177.898 -17.6038 0
      vertex 176.702 -18.7979 1.7
      vertex 177.897 -17.6029 0
    endloop
  endfacet
  facet normal 0.70842 -0.0465643 -0.704253
    outer loop
      vertex 172.139 -19.5588 0
      vertex 173.8 -20 1.7
      vertex 172.11 -20 0
    endloop
  endfacet
  facet normal -0.636544 0.31458 -0.704167
    outer loop
      vertex 178.632 -21.2973 0
      vertex 178.436 -21.6939 0
      vertex 177.071 -20.6506 1.7
    endloop
  endfacet
  facet normal -0.590749 0.393725 -0.70427
    outer loop
      vertex 178.435 -21.6961 0
      vertex 178.19 -22.0637 0
      vertex 176.849 -21.0349 1.7
    endloop
  endfacet
  facet normal -0.105211 0.701406 -0.704954
    outer loop
      vertex 175.722 -21.6855 1.7
      vertex 175.944 -23.3608 0
      vertex 175.942 -23.3611 0
    endloop
  endfacet
  facet normal -0.138617 0.696276 -0.704262
    outer loop
      vertex 175.944 -23.3608 0
      vertex 175.722 -21.6855 1.7
      vertex 175.94 -21.6421 1.7
    endloop
  endfacet
  facet normal -0.13877 0.696261 -0.704247
    outer loop
      vertex 176.377 -23.2745 0
      vertex 175.944 -23.3608 0
      vertex 175.94 -21.6421 1.7
    endloop
  endfacet
  facet normal -0.533427 0.468454 -0.704277
    outer loop
      vertex 178.19 -22.0637 0
      vertex 177.898 -22.3962 0
      vertex 176.849 -21.0349 1.7
    endloop
  endfacet
  facet normal -0.468399 -0.533477 -0.704276
    outer loop
      vertex 177.564 -17.3105 0
      vertex 177.896 -17.602 0
      vertex 176.535 -18.6513 1.7
    endloop
  endfacet
  facet normal -0.263414 0.658535 -0.704943
    outer loop
      vertex 176.796 -23.1324 0
      vertex 176.151 -21.5706 1.7
      vertex 176.797 -23.132 0
    endloop
  endfacet
  facet normal -0.227861 0.672428 -0.704216
    outer loop
      vertex 176.151 -21.5706 1.7
      vertex 176.796 -23.1324 0
      vertex 175.94 -21.6421 1.7
    endloop
  endfacet
  facet normal 0.533136 -0.468726 -0.704316
    outer loop
      vertex 173.102 -17.6038 0
      vertex 174.298 -18.7979 1.7
      vertex 174.151 -18.9651 1.7
    endloop
  endfacet
  facet normal 0.474751 -0.527501 -0.704524
    outer loop
      vertex 174.298 -18.7979 1.7
      vertex 173.102 -17.6038 0
      vertex 173.103 -17.6029 0
    endloop
  endfacet
  facet normal 0.228023 -0.672354 -0.704234
    outer loop
      vertex 174.623 -16.7255 0
      vertex 175.06 -18.3579 1.7
      vertex 174.204 -16.8676 0
    endloop
  endfacet
  facet normal 0.533427 0.468454 -0.704277
    outer loop
      vertex 174.151 -21.0349 1.7
      vertex 173.102 -22.3962 0
      vertex 172.81 -22.0637 0
    endloop
  endfacet
  facet normal -0.70846 -0.0460416 -0.704247
    outer loop
      vertex 178.831 -19.5668 0.0309224
      vertex 178.845 -20 0.04516
      vertex 177.2 -20 1.7
    endloop
  endfacet
  facet normal 0.636544 -0.31458 -0.704167
    outer loop
      vertex 172.564 -18.3061 0
      vertex 173.929 -19.3494 1.7
      vertex 172.368 -18.7027 0
    endloop
  endfacet
  facet normal 0.394161 -0.590444 -0.704282
    outer loop
      vertex 173.804 -17.0648 0
      vertex 174.65 -18.5278 1.7
      vertex 174.465 -18.6513 1.7
    endloop
  endfacet
  facet normal 0.40745 -0.582071 -0.703689
    outer loop
      vertex 174.65 -18.5278 1.7
      vertex 173.804 -17.0648 0
      vertex 173.805 -17.0641 0
    endloop
  endfacet
  facet normal 0.672933 -0.226867 -0.704054
    outer loop
      vertex 172.368 -18.7039 0
      vertex 173.929 -19.3494 1.7
      vertex 173.858 -19.56 1.7
    endloop
  endfacet
  facet normal 0.736578 0 -0.676352
    outer loop
      vertex 173.929 -19.3494 1.7
      vertex 172.368 -18.7039 0
      vertex 172.368 -18.7027 0
    endloop
  endfacet
  facet normal -0.36489 0.60815 -0.704989
    outer loop
      vertex 177.194 -22.9365 0
      vertex 176.35 -21.4722 1.7
      vertex 177.195 -22.9359 0
    endloop
  endfacet
  facet normal -0.31465 0.636335 -0.704324
    outer loop
      vertex 176.35 -21.4722 1.7
      vertex 177.194 -22.9365 0
      vertex 176.151 -21.5706 1.7
    endloop
  endfacet
  facet normal -0.474751 0.527501 -0.704524
    outer loop
      vertex 177.896 -22.398 0
      vertex 176.702 -21.2021 1.7
      vertex 177.897 -22.3971 0
    endloop
  endfacet
  facet normal -0.468353 0.533526 -0.704269
    outer loop
      vertex 176.702 -21.2021 1.7
      vertex 177.896 -22.398 0
      vertex 176.535 -21.3487 1.7
    endloop
  endfacet
  facet normal 0.591043 0.393176 -0.70433
    outer loop
      vertex 172.565 -21.6961 0
      vertex 174.028 -20.85 1.7
      vertex 174.151 -21.0349 1.7
    endloop
  endfacet
  facet normal 0.530704 0.482459 -0.69684
    outer loop
      vertex 174.028 -20.85 1.7
      vertex 172.565 -21.6961 0
      vertex 172.564 -21.695 0
    endloop
  endfacet
  facet normal 0.708205 0.0478732 -0.704382
    outer loop
      vertex 173.815 -20.2219 1.7
      vertex 172.139 -20.4412 0
      vertex 173.8 -20 1.7
    endloop
  endfacet
  facet normal 0.712116 0 -0.702062
    outer loop
      vertex 172.139 -20.4412 0
      vertex 173.815 -20.2219 1.7
      vertex 172.139 -20.4425 0
    endloop
  endfacet
  facet normal 0.228023 0.672354 -0.704234
    outer loop
      vertex 175.06 -21.6421 1.7
      vertex 174.623 -23.2745 0
      vertex 174.204 -23.1324 0
    endloop
  endfacet
  facet normal -0.684375 -0.200893 -0.700909
    outer loop
      vertex 177.185 -19.7781 1.7
      vertex 178.83 -19.5563 0.0302331
      vertex 178.831 -19.5615 0.0307471
    endloop
  endfacet
  facet normal -0.696444 -0.137309 -0.704353
    outer loop
      vertex 178.83 -19.5563 0.0302331
      vertex 177.185 -19.7781 1.7
      vertex 177.142 -19.56 1.7
    endloop
  endfacet
  facet normal -0.635851 -0.315694 -0.704294
    outer loop
      vertex 176.972 -19.15 1.7
      vertex 178.436 -18.3061 0
      vertex 177.071 -19.3494 1.7
    endloop
  endfacet
  facet normal -0.757744 0 -0.652552
    outer loop
      vertex 178.436 -18.3061 0
      vertex 176.972 -19.15 1.7
      vertex 178.436 -18.305 0
    endloop
  endfacet
  facet normal 0.671774 0.229433 -0.70433
    outer loop
      vertex 173.858 -20.44 1.7
      vertex 172.368 -21.2961 0
      vertex 172.225 -20.8774 0
    endloop
  endfacet
  facet normal -0.757744 0 -0.652552
    outer loop
      vertex 176.972 -20.85 1.7
      vertex 178.436 -21.6939 0
      vertex 178.436 -21.695 0
    endloop
  endfacet
  facet normal -0.635851 0.315694 -0.704294
    outer loop
      vertex 178.436 -21.6939 0
      vertex 176.972 -20.85 1.7
      vertex 177.071 -20.6506 1.7
    endloop
  endfacet
  facet normal -0.696742 0.136082 -0.704295
    outer loop
      vertex 177.142 -20.44 1.7
      vertex 178.8 -20.7494 0
      vertex 178.775 -20.8774 0
    endloop
  endfacet
  facet normal -0.696376 0.137992 -0.704286
    outer loop
      vertex 178.8 -20.7494 0
      vertex 177.142 -20.44 1.7
      vertex 178.83 -20.4437 0.0302331
    endloop
  endfacet
  facet normal -0.684375 0.200893 -0.700909
    outer loop
      vertex 178.83 -20.4437 0.0302331
      vertex 177.185 -20.2219 1.7
      vertex 178.831 -20.4385 0.0307471
    endloop
  endfacet
  facet normal -0.696444 0.137309 -0.704353
    outer loop
      vertex 177.185 -20.2219 1.7
      vertex 178.83 -20.4437 0.0302331
      vertex 177.142 -20.44 1.7
    endloop
  endfacet
  facet normal -0.530704 -0.482459 -0.69684
    outer loop
      vertex 176.972 -19.15 1.7
      vertex 178.435 -18.3039 0
      vertex 178.436 -18.305 0
    endloop
  endfacet
  facet normal -0.591043 -0.393176 -0.70433
    outer loop
      vertex 178.435 -18.3039 0
      vertex 176.972 -19.15 1.7
      vertex 176.849 -18.9651 1.7
    endloop
  endfacet
  facet normal 0 0.712199 -0.701977
    outer loop
      vertex 175.941 -23.3611 0
      vertex 175.722 -21.6855 1.7
      vertex 175.942 -23.3611 0
    endloop
  endfacet
  facet normal -0.0462726 0.70845 -0.704243
    outer loop
      vertex 175.722 -21.6855 1.7
      vertex 175.941 -23.3611 0
      vertex 175.5 -21.7 1.7
    endloop
  endfacet
  facet normal -0.474751 0.527501 -0.704524
    outer loop
      vertex 176.702 -21.2021 1.7
      vertex 177.898 -22.3962 0
      vertex 177.897 -22.3971 0
    endloop
  endfacet
  facet normal -0.533136 0.468726 -0.704316
    outer loop
      vertex 177.898 -22.3962 0
      vertex 176.702 -21.2021 1.7
      vertex 176.849 -21.0349 1.7
    endloop
  endfacet
  facet normal 0.70842 0.0465643 -0.704253
    outer loop
      vertex 173.8 -20 1.7
      vertex 172.139 -20.4412 0
      vertex 172.11 -20 0
    endloop
  endfacet
  facet normal 0.696354 0.137291 -0.704444
    outer loop
      vertex 172.139 -20.4438 0
      vertex 173.815 -20.2219 1.7
      vertex 173.858 -20.44 1.7
    endloop
  endfacet
  facet normal 0.712116 0 -0.702062
    outer loop
      vertex 173.815 -20.2219 1.7
      vertex 172.139 -20.4438 0
      vertex 172.139 -20.4425 0
    endloop
  endfacet
  facet normal -0.394161 -0.590444 -0.704282
    outer loop
      vertex 176.35 -18.5278 1.7
      vertex 177.196 -17.0648 0
      vertex 176.535 -18.6513 1.7
    endloop
  endfacet
  facet normal -0.40745 -0.582071 -0.703689
    outer loop
      vertex 177.196 -17.0648 0
      vertex 176.35 -18.5278 1.7
      vertex 177.195 -17.0641 0
    endloop
  endfacet
  facet normal -0.36489 -0.60815 -0.704989
    outer loop
      vertex 176.35 -18.5278 1.7
      vertex 177.194 -17.0635 0
      vertex 177.195 -17.0641 0
    endloop
  endfacet
  facet normal -0.31465 -0.636335 -0.704324
    outer loop
      vertex 177.194 -17.0635 0
      vertex 176.35 -18.5278 1.7
      vertex 176.151 -18.4294 1.7
    endloop
  endfacet
  facet normal 0.468353 0.533526 -0.704269
    outer loop
      vertex 173.104 -22.398 0
      vertex 174.298 -21.2021 1.7
      vertex 174.465 -21.3487 1.7
    endloop
  endfacet
  facet normal 0.474751 0.527501 -0.704524
    outer loop
      vertex 174.298 -21.2021 1.7
      vertex 173.104 -22.398 0
      vertex 173.103 -22.3971 0
    endloop
  endfacet
  facet normal 0.40745 0.582071 -0.703689
    outer loop
      vertex 173.804 -22.9352 0
      vertex 174.65 -21.4722 1.7
      vertex 173.805 -22.9359 0
    endloop
  endfacet
  facet normal 0.394161 0.590444 -0.704282
    outer loop
      vertex 174.65 -21.4722 1.7
      vertex 173.804 -22.9352 0
      vertex 174.465 -21.3487 1.7
    endloop
  endfacet
  facet normal 0.31465 0.636335 -0.704324
    outer loop
      vertex 173.806 -22.9365 0
      vertex 174.65 -21.4722 1.7
      vertex 174.849 -21.5706 1.7
    endloop
  endfacet
  facet normal 0.36489 0.60815 -0.704989
    outer loop
      vertex 174.65 -21.4722 1.7
      vertex 173.806 -22.9365 0
      vertex 173.805 -22.9359 0
    endloop
  endfacet
  facet normal -0.981113 0.193434 0
    outer loop
      vertex 177.142 -80.44 1.7
      vertex 177.185 -80.2219 4
      vertex 177.185 -80.2219 1.7
    endloop
  endfacet
  facet normal -0.981113 0.193434 0
    outer loop
      vertex 177.185 -80.2219 4
      vertex 177.142 -80.44 1.7
      vertex 177.142 -80.44 4
    endloop
  endfacet
  facet normal -0.997723 0.0674441 0
    outer loop
      vertex 177.185 -80.2219 1.7
      vertex 177.2 -80 4
      vertex 177.2 -80 1.7
    endloop
  endfacet
  facet normal -0.997723 0.0674441 0
    outer loop
      vertex 177.2 -80 4
      vertex 177.185 -80.2219 1.7
      vertex 177.185 -80.2219 4
    endloop
  endfacet
  facet normal 0.443245 0.8964 -0
    outer loop
      vertex 174.849 -81.5706 1.7
      vertex 174.65 -81.4722 4
      vertex 174.849 -81.5706 4
    endloop
  endfacet
  facet normal 0.443245 0.8964 0
    outer loop
      vertex 174.65 -81.4722 4
      vertex 174.849 -81.5706 1.7
      vertex 174.65 -81.4722 1.7
    endloop
  endfacet
  facet normal -0.555219 0.831704 0
    outer loop
      vertex 176.535 -81.3487 1.7
      vertex 176.35 -81.4722 4
      vertex 176.535 -81.3487 4
    endloop
  endfacet
  facet normal -0.555219 0.831704 0
    outer loop
      vertex 176.35 -81.4722 4
      vertex 176.535 -81.3487 1.7
      vertex 176.35 -81.4722 1.7
    endloop
  endfacet
  facet normal 0.659714 0.751516 -0
    outer loop
      vertex 174.465 -81.3487 1.7
      vertex 174.298 -81.2021 4
      vertex 174.465 -81.3487 4
    endloop
  endfacet
  facet normal 0.659714 0.751516 0
    outer loop
      vertex 174.298 -81.2021 4
      vertex 174.465 -81.3487 1.7
      vertex 174.298 -81.2021 1.7
    endloop
  endfacet
  facet normal -0.320937 -0.947101 0
    outer loop
      vertex 175.94 -78.3579 1.7
      vertex 176.151 -78.4294 4
      vertex 175.94 -78.3579 4
    endloop
  endfacet
  facet normal -0.320937 -0.947101 -0
    outer loop
      vertex 176.151 -78.4294 4
      vertex 175.94 -78.3579 1.7
      vertex 176.151 -78.4294 1.7
    endloop
  endfacet
  facet normal -0.832604 -0.553869 0
    outer loop
      vertex 176.972 -79.15 1.7
      vertex 176.849 -78.9651 4
      vertex 176.849 -78.9651 1.7
    endloop
  endfacet
  facet normal -0.832604 -0.553869 0
    outer loop
      vertex 176.849 -78.9651 4
      vertex 176.972 -79.15 1.7
      vertex 176.972 -79.15 4
    endloop
  endfacet
  facet normal -0.947598 -0.319466 0
    outer loop
      vertex 177.142 -79.56 1.7
      vertex 177.071 -79.3494 4
      vertex 177.071 -79.3494 1.7
    endloop
  endfacet
  facet normal -0.947598 -0.319466 0
    outer loop
      vertex 177.071 -79.3494 4
      vertex 177.142 -79.56 1.7
      vertex 177.142 -79.56 4
    endloop
  endfacet
  facet normal -0.320937 0.947101 0
    outer loop
      vertex 176.151 -81.5706 1.7
      vertex 175.94 -81.6421 4
      vertex 176.151 -81.5706 4
    endloop
  endfacet
  facet normal -0.320937 0.947101 0
    outer loop
      vertex 175.94 -81.6421 4
      vertex 176.151 -81.5706 1.7
      vertex 175.94 -81.6421 1.7
    endloop
  endfacet
  facet normal -0.195251 0.980753 0
    outer loop
      vertex 175.94 -81.6421 1.7
      vertex 175.722 -81.6855 4
      vertex 175.94 -81.6421 4
    endloop
  endfacet
  facet normal -0.195251 0.980753 0
    outer loop
      vertex 175.722 -81.6855 4
      vertex 175.94 -81.6421 1.7
      vertex 175.722 -81.6855 1.7
    endloop
  endfacet
  facet normal 0.555219 0.831704 -0
    outer loop
      vertex 174.65 -81.4722 1.7
      vertex 174.465 -81.3487 4
      vertex 174.65 -81.4722 4
    endloop
  endfacet
  facet normal 0.555219 0.831704 0
    outer loop
      vertex 174.465 -81.3487 4
      vertex 174.65 -81.4722 1.7
      vertex 174.465 -81.3487 1.7
    endloop
  endfacet
  facet normal -0.895681 -0.444696 0
    outer loop
      vertex 177.071 -79.3494 1.7
      vertex 176.972 -79.15 4
      vertex 176.972 -79.15 1.7
    endloop
  endfacet
  facet normal -0.895681 -0.444696 0
    outer loop
      vertex 176.972 -79.15 4
      vertex 177.071 -79.3494 1.7
      vertex 177.071 -79.3494 4
    endloop
  endfacet
  facet normal -0.659714 0.751516 0
    outer loop
      vertex 176.702 -81.2021 1.7
      vertex 176.535 -81.3487 4
      vertex 176.702 -81.2021 4
    endloop
  endfacet
  facet normal -0.659714 0.751516 0
    outer loop
      vertex 176.535 -81.3487 4
      vertex 176.702 -81.2021 1.7
      vertex 176.535 -81.3487 1.7
    endloop
  endfacet
  facet normal -0.555219 -0.831704 0
    outer loop
      vertex 176.35 -78.5278 1.7
      vertex 176.535 -78.6513 4
      vertex 176.35 -78.5278 4
    endloop
  endfacet
  facet normal -0.555219 -0.831704 -0
    outer loop
      vertex 176.535 -78.6513 4
      vertex 176.35 -78.5278 1.7
      vertex 176.535 -78.6513 1.7
    endloop
  endfacet
  facet normal -0.443245 0.8964 0
    outer loop
      vertex 176.35 -81.4722 1.7
      vertex 176.151 -81.5706 4
      vertex 176.35 -81.4722 4
    endloop
  endfacet
  facet normal -0.443245 0.8964 0
    outer loop
      vertex 176.151 -81.5706 4
      vertex 176.35 -81.4722 1.7
      vertex 176.151 -81.5706 1.7
    endloop
  endfacet
  facet normal 0.659714 -0.751516 0
    outer loop
      vertex 174.298 -78.7979 1.7
      vertex 174.465 -78.6513 4
      vertex 174.298 -78.7979 4
    endloop
  endfacet
  facet normal 0.659714 -0.751516 0
    outer loop
      vertex 174.465 -78.6513 4
      vertex 174.298 -78.7979 1.7
      vertex 174.465 -78.6513 1.7
    endloop
  endfacet
  facet normal 0.751016 -0.660284 0
    outer loop
      vertex 174.151 -78.9651 4
      vertex 174.298 -78.7979 1.7
      vertex 174.298 -78.7979 4
    endloop
  endfacet
  facet normal 0.751016 -0.660284 0
    outer loop
      vertex 174.298 -78.7979 1.7
      vertex 174.151 -78.9651 4
      vertex 174.151 -78.9651 1.7
    endloop
  endfacet
  facet normal 0.832604 -0.553869 0
    outer loop
      vertex 174.028 -79.15 4
      vertex 174.151 -78.9651 1.7
      vertex 174.151 -78.9651 4
    endloop
  endfacet
  facet normal 0.832604 -0.553869 0
    outer loop
      vertex 174.151 -78.9651 1.7
      vertex 174.028 -79.15 4
      vertex 174.028 -79.15 1.7
    endloop
  endfacet
  facet normal -0.832604 0.553869 0
    outer loop
      vertex 176.849 -81.0349 1.7
      vertex 176.972 -80.85 4
      vertex 176.972 -80.85 1.7
    endloop
  endfacet
  facet normal -0.832604 0.553869 0
    outer loop
      vertex 176.972 -80.85 4
      vertex 176.849 -81.0349 1.7
      vertex 176.849 -81.0349 4
    endloop
  endfacet
  facet normal -0.195251 -0.980753 0
    outer loop
      vertex 175.722 -78.3145 1.7
      vertex 175.94 -78.3579 4
      vertex 175.722 -78.3145 4
    endloop
  endfacet
  facet normal -0.195251 -0.980753 -0
    outer loop
      vertex 175.94 -78.3579 4
      vertex 175.722 -78.3145 1.7
      vertex 175.94 -78.3579 1.7
    endloop
  endfacet
  facet normal -0.981113 -0.193434 0
    outer loop
      vertex 177.185 -79.7781 1.7
      vertex 177.142 -79.56 4
      vertex 177.142 -79.56 1.7
    endloop
  endfacet
  facet normal -0.981113 -0.193434 0
    outer loop
      vertex 177.142 -79.56 4
      vertex 177.185 -79.7781 1.7
      vertex 177.185 -79.7781 4
    endloop
  endfacet
  facet normal 0.947598 -0.319466 0
    outer loop
      vertex 173.858 -79.56 4
      vertex 173.929 -79.3494 1.7
      vertex 173.929 -79.3494 4
    endloop
  endfacet
  facet normal 0.947598 -0.319466 0
    outer loop
      vertex 173.929 -79.3494 1.7
      vertex 173.858 -79.56 4
      vertex 173.858 -79.56 1.7
    endloop
  endfacet
  facet normal -0.443245 -0.8964 0
    outer loop
      vertex 176.151 -78.4294 1.7
      vertex 176.35 -78.5278 4
      vertex 176.151 -78.4294 4
    endloop
  endfacet
  facet normal -0.443245 -0.8964 -0
    outer loop
      vertex 176.35 -78.5278 4
      vertex 176.151 -78.4294 1.7
      vertex 176.35 -78.5278 1.7
    endloop
  endfacet
  facet normal -0.0651764 0.997874 0
    outer loop
      vertex 175.722 -81.6855 1.7
      vertex 175.5 -81.7 4
      vertex 175.722 -81.6855 4
    endloop
  endfacet
  facet normal -0.0651764 0.997874 0
    outer loop
      vertex 175.5 -81.7 4
      vertex 175.722 -81.6855 1.7
      vertex 175.5 -81.7 1.7
    endloop
  endfacet
  facet normal 0.320937 0.947101 -0
    outer loop
      vertex 175.06 -81.6421 1.7
      vertex 174.849 -81.5706 4
      vertex 175.06 -81.6421 4
    endloop
  endfacet
  facet normal 0.320937 0.947101 0
    outer loop
      vertex 174.849 -81.5706 4
      vertex 175.06 -81.6421 1.7
      vertex 174.849 -81.5706 1.7
    endloop
  endfacet
  facet normal 0.195251 0.980753 -0
    outer loop
      vertex 175.278 -81.6855 1.7
      vertex 175.06 -81.6421 4
      vertex 175.278 -81.6855 4
    endloop
  endfacet
  facet normal 0.195251 0.980753 0
    outer loop
      vertex 175.06 -81.6421 4
      vertex 175.278 -81.6855 1.7
      vertex 175.06 -81.6421 1.7
    endloop
  endfacet
  facet normal -0.895681 0.444696 0
    outer loop
      vertex 176.972 -80.85 1.7
      vertex 177.071 -80.6506 4
      vertex 177.071 -80.6506 1.7
    endloop
  endfacet
  facet normal -0.895681 0.444696 0
    outer loop
      vertex 177.071 -80.6506 4
      vertex 176.972 -80.85 1.7
      vertex 176.972 -80.85 4
    endloop
  endfacet
  facet normal -0.997723 -0.0674441 0
    outer loop
      vertex 177.2 -80 1.7
      vertex 177.185 -79.7781 4
      vertex 177.185 -79.7781 1.7
    endloop
  endfacet
  facet normal -0.997723 -0.0674441 0
    outer loop
      vertex 177.185 -79.7781 4
      vertex 177.2 -80 1.7
      vertex 177.2 -80 4
    endloop
  endfacet
  facet normal -0.0651764 -0.997874 0
    outer loop
      vertex 175.5 -78.3 1.7
      vertex 175.722 -78.3145 4
      vertex 175.5 -78.3 4
    endloop
  endfacet
  facet normal -0.0651764 -0.997874 -0
    outer loop
      vertex 175.722 -78.3145 4
      vertex 175.5 -78.3 1.7
      vertex 175.722 -78.3145 1.7
    endloop
  endfacet
  facet normal -0.751016 0.660284 0
    outer loop
      vertex 176.702 -81.2021 1.7
      vertex 176.849 -81.0349 4
      vertex 176.849 -81.0349 1.7
    endloop
  endfacet
  facet normal -0.751016 0.660284 0
    outer loop
      vertex 176.849 -81.0349 4
      vertex 176.702 -81.2021 1.7
      vertex 176.702 -81.2021 4
    endloop
  endfacet
  facet normal 0.997723 -0.0674441 0
    outer loop
      vertex 173.8 -80 4
      vertex 173.815 -79.7781 1.7
      vertex 173.815 -79.7781 4
    endloop
  endfacet
  facet normal 0.997723 -0.0674441 0
    outer loop
      vertex 173.815 -79.7781 1.7
      vertex 173.8 -80 4
      vertex 173.8 -80 1.7
    endloop
  endfacet
  facet normal -0.751016 -0.660284 0
    outer loop
      vertex 176.849 -78.9651 1.7
      vertex 176.702 -78.7979 4
      vertex 176.702 -78.7979 1.7
    endloop
  endfacet
  facet normal -0.751016 -0.660284 0
    outer loop
      vertex 176.702 -78.7979 4
      vertex 176.849 -78.9651 1.7
      vertex 176.849 -78.9651 4
    endloop
  endfacet
  facet normal 0.751016 0.660284 0
    outer loop
      vertex 174.298 -81.2021 4
      vertex 174.151 -81.0349 1.7
      vertex 174.151 -81.0349 4
    endloop
  endfacet
  facet normal 0.751016 0.660284 0
    outer loop
      vertex 174.151 -81.0349 1.7
      vertex 174.298 -81.2021 4
      vertex 174.298 -81.2021 1.7
    endloop
  endfacet
  facet normal 0.832604 0.553869 0
    outer loop
      vertex 174.151 -81.0349 4
      vertex 174.028 -80.85 1.7
      vertex 174.028 -80.85 4
    endloop
  endfacet
  facet normal 0.832604 0.553869 0
    outer loop
      vertex 174.028 -80.85 1.7
      vertex 174.151 -81.0349 4
      vertex 174.151 -81.0349 1.7
    endloop
  endfacet
  facet normal 0.0651764 0.997874 -0
    outer loop
      vertex 175.5 -81.7 1.7
      vertex 175.278 -81.6855 4
      vertex 175.5 -81.7 4
    endloop
  endfacet
  facet normal 0.0651764 0.997874 0
    outer loop
      vertex 175.278 -81.6855 4
      vertex 175.5 -81.7 1.7
      vertex 175.278 -81.6855 1.7
    endloop
  endfacet
  facet normal 0.981113 -0.193434 0
    outer loop
      vertex 173.815 -79.7781 4
      vertex 173.858 -79.56 1.7
      vertex 173.858 -79.56 4
    endloop
  endfacet
  facet normal 0.981113 -0.193434 0
    outer loop
      vertex 173.858 -79.56 1.7
      vertex 173.815 -79.7781 4
      vertex 173.815 -79.7781 1.7
    endloop
  endfacet
  facet normal 0.320937 -0.947101 0
    outer loop
      vertex 174.849 -78.4294 1.7
      vertex 175.06 -78.3579 4
      vertex 174.849 -78.4294 4
    endloop
  endfacet
  facet normal 0.320937 -0.947101 0
    outer loop
      vertex 175.06 -78.3579 4
      vertex 174.849 -78.4294 1.7
      vertex 175.06 -78.3579 1.7
    endloop
  endfacet
  facet normal -0.947598 0.319466 0
    outer loop
      vertex 177.071 -80.6506 1.7
      vertex 177.142 -80.44 4
      vertex 177.142 -80.44 1.7
    endloop
  endfacet
  facet normal -0.947598 0.319466 0
    outer loop
      vertex 177.142 -80.44 4
      vertex 177.071 -80.6506 1.7
      vertex 177.071 -80.6506 4
    endloop
  endfacet
  facet normal 0.443245 -0.8964 0
    outer loop
      vertex 174.65 -78.5278 1.7
      vertex 174.849 -78.4294 4
      vertex 174.65 -78.5278 4
    endloop
  endfacet
  facet normal 0.443245 -0.8964 0
    outer loop
      vertex 174.849 -78.4294 4
      vertex 174.65 -78.5278 1.7
      vertex 174.849 -78.4294 1.7
    endloop
  endfacet
  facet normal 0.555219 -0.831704 0
    outer loop
      vertex 174.465 -78.6513 1.7
      vertex 174.65 -78.5278 4
      vertex 174.465 -78.6513 4
    endloop
  endfacet
  facet normal 0.555219 -0.831704 0
    outer loop
      vertex 174.65 -78.5278 4
      vertex 174.465 -78.6513 1.7
      vertex 174.65 -78.5278 1.7
    endloop
  endfacet
  facet normal 0.195251 -0.980753 0
    outer loop
      vertex 175.06 -78.3579 1.7
      vertex 175.278 -78.3145 4
      vertex 175.06 -78.3579 4
    endloop
  endfacet
  facet normal 0.195251 -0.980753 0
    outer loop
      vertex 175.278 -78.3145 4
      vertex 175.06 -78.3579 1.7
      vertex 175.278 -78.3145 1.7
    endloop
  endfacet
  facet normal 0.895681 0.444696 0
    outer loop
      vertex 174.028 -80.85 4
      vertex 173.929 -80.6506 1.7
      vertex 173.929 -80.6506 4
    endloop
  endfacet
  facet normal 0.895681 0.444696 0
    outer loop
      vertex 173.929 -80.6506 1.7
      vertex 174.028 -80.85 4
      vertex 174.028 -80.85 1.7
    endloop
  endfacet
  facet normal 0.0651764 -0.997874 0
    outer loop
      vertex 175.278 -78.3145 1.7
      vertex 175.5 -78.3 4
      vertex 175.278 -78.3145 4
    endloop
  endfacet
  facet normal 0.0651764 -0.997874 0
    outer loop
      vertex 175.5 -78.3 4
      vertex 175.278 -78.3145 1.7
      vertex 175.5 -78.3 1.7
    endloop
  endfacet
  facet normal 0.895681 -0.444696 0
    outer loop
      vertex 173.929 -79.3494 4
      vertex 174.028 -79.15 1.7
      vertex 174.028 -79.15 4
    endloop
  endfacet
  facet normal 0.895681 -0.444696 0
    outer loop
      vertex 174.028 -79.15 1.7
      vertex 173.929 -79.3494 4
      vertex 173.929 -79.3494 1.7
    endloop
  endfacet
  facet normal 0.997723 0.0674441 0
    outer loop
      vertex 173.815 -80.2219 4
      vertex 173.8 -80 1.7
      vertex 173.8 -80 4
    endloop
  endfacet
  facet normal 0.997723 0.0674441 0
    outer loop
      vertex 173.8 -80 1.7
      vertex 173.815 -80.2219 4
      vertex 173.815 -80.2219 1.7
    endloop
  endfacet
  facet normal 0.981113 0.193434 0
    outer loop
      vertex 173.858 -80.44 4
      vertex 173.815 -80.2219 1.7
      vertex 173.815 -80.2219 4
    endloop
  endfacet
  facet normal 0.981113 0.193434 0
    outer loop
      vertex 173.815 -80.2219 1.7
      vertex 173.858 -80.44 4
      vertex 173.858 -80.44 1.7
    endloop
  endfacet
  facet normal 0.947598 0.319466 0
    outer loop
      vertex 173.929 -80.6506 4
      vertex 173.858 -80.44 1.7
      vertex 173.858 -80.44 4
    endloop
  endfacet
  facet normal 0.947598 0.319466 0
    outer loop
      vertex 173.858 -80.44 1.7
      vertex 173.929 -80.6506 4
      vertex 173.929 -80.6506 1.7
    endloop
  endfacet
  facet normal -0.659714 -0.751516 0
    outer loop
      vertex 176.535 -78.6513 1.7
      vertex 176.702 -78.7979 4
      vertex 176.535 -78.6513 4
    endloop
  endfacet
  facet normal -0.659714 -0.751516 -0
    outer loop
      vertex 176.702 -78.7979 4
      vertex 176.535 -78.6513 1.7
      vertex 176.702 -78.7979 1.7
    endloop
  endfacet
  facet normal 0.696275 0.138099 -0.704365
    outer loop
      vertex 173.858 -80.44 1.7
      vertex 172.225 -80.8774 0
      vertex 172.139 -80.4438 0
    endloop
  endfacet
  facet normal -0.70846 0.0460416 -0.704247
    outer loop
      vertex 178.845 -80 0.04516
      vertex 178.831 -80.4332 0.0309224
      vertex 177.2 -80 1.7
    endloop
  endfacet
  facet normal -0.708159 0.0478702 -0.704428
    outer loop
      vertex 178.831 -80.4332 0.0309224
      vertex 177.185 -80.2219 1.7
      vertex 177.2 -80 1.7
    endloop
  endfacet
  facet normal -0.710345 0.0232676 -0.703469
    outer loop
      vertex 177.185 -80.2219 1.7
      vertex 178.831 -80.4332 0.0309224
      vertex 178.831 -80.4385 0.0307471
    endloop
  endfacet
  facet normal -0.0462726 -0.70845 -0.704243
    outer loop
      vertex 175.941 -76.6389 0
      vertex 175.722 -78.3145 1.7
      vertex 175.5 -78.3 1.7
    endloop
  endfacet
  facet normal 0 -0.712199 -0.701977
    outer loop
      vertex 175.722 -78.3145 1.7
      vertex 175.941 -76.6389 0
      vertex 175.942 -76.6389 0
    endloop
  endfacet
  facet normal -0.636544 -0.31458 -0.704167
    outer loop
      vertex 178.436 -78.3061 0
      vertex 178.632 -78.7027 0
      vertex 177.071 -79.3494 1.7
    endloop
  endfacet
  facet normal 0.468353 -0.533526 -0.704269
    outer loop
      vertex 174.298 -78.7979 1.7
      vertex 173.104 -77.602 0
      vertex 174.465 -78.6513 1.7
    endloop
  endfacet
  facet normal 0.474751 -0.527501 -0.704524
    outer loop
      vertex 173.104 -77.602 0
      vertex 174.298 -78.7979 1.7
      vertex 173.103 -77.6029 0
    endloop
  endfacet
  facet normal 0.046584 0.708399 -0.704273
    outer loop
      vertex 175.5 -81.7 1.7
      vertex 175.5 -83.3901 0
      vertex 175.059 -83.3611 0
    endloop
  endfacet
  facet normal 0.468399 -0.533477 -0.704276
    outer loop
      vertex 173.436 -77.3105 0
      vertex 174.465 -78.6513 1.7
      vertex 173.104 -77.602 0
    endloop
  endfacet
  facet normal -0.672933 -0.226867 -0.704054
    outer loop
      vertex 177.071 -79.3494 1.7
      vertex 178.632 -78.7039 0
      vertex 177.142 -79.56 1.7
    endloop
  endfacet
  facet normal -0.736578 0 -0.676352
    outer loop
      vertex 178.632 -78.7039 0
      vertex 177.071 -79.3494 1.7
      vertex 178.632 -78.7027 0
    endloop
  endfacet
  facet normal 0.474751 0.527501 -0.704524
    outer loop
      vertex 173.102 -82.3962 0
      vertex 174.298 -81.2021 1.7
      vertex 173.103 -82.3971 0
    endloop
  endfacet
  facet normal 0.533136 0.468726 -0.704316
    outer loop
      vertex 174.298 -81.2021 1.7
      vertex 173.102 -82.3962 0
      vertex 174.151 -81.0349 1.7
    endloop
  endfacet
  facet normal 0.468399 0.533477 -0.704276
    outer loop
      vertex 174.465 -81.3487 1.7
      vertex 173.436 -82.6895 0
      vertex 173.104 -82.398 0
    endloop
  endfacet
  facet normal 0.0462726 0.70845 -0.704243
    outer loop
      vertex 175.059 -83.3611 0
      vertex 175.278 -81.6855 1.7
      vertex 175.5 -81.7 1.7
    endloop
  endfacet
  facet normal 0 0.712199 -0.701977
    outer loop
      vertex 175.278 -81.6855 1.7
      vertex 175.059 -83.3611 0
      vertex 175.058 -83.3611 0
    endloop
  endfacet
  facet normal -0.671774 -0.229433 -0.70433
    outer loop
      vertex 178.632 -78.7039 0
      vertex 178.775 -79.1226 0
      vertex 177.142 -79.56 1.7
    endloop
  endfacet
  facet normal 0.31465 -0.636335 -0.704324
    outer loop
      vertex 174.65 -78.5278 1.7
      vertex 173.806 -77.0635 0
      vertex 174.849 -78.4294 1.7
    endloop
  endfacet
  facet normal 0.36489 -0.60815 -0.704989
    outer loop
      vertex 173.806 -77.0635 0
      vertex 174.65 -78.5278 1.7
      vertex 173.805 -77.0641 0
    endloop
  endfacet
  facet normal -0.590749 -0.393725 -0.70427
    outer loop
      vertex 178.19 -77.9363 0
      vertex 178.435 -78.3039 0
      vertex 176.849 -78.9651 1.7
    endloop
  endfacet
  facet normal 0.635851 -0.315694 -0.704294
    outer loop
      vertex 172.564 -78.3061 0
      vertex 174.028 -79.15 1.7
      vertex 173.929 -79.3494 1.7
    endloop
  endfacet
  facet normal 0.757744 0 -0.652552
    outer loop
      vertex 174.028 -79.15 1.7
      vertex 172.564 -78.3061 0
      vertex 172.564 -78.305 0
    endloop
  endfacet
  facet normal 0.138617 -0.696276 -0.704262
    outer loop
      vertex 175.056 -76.6392 0
      vertex 175.278 -78.3145 1.7
      vertex 175.06 -78.3579 1.7
    endloop
  endfacet
  facet normal 0.105211 -0.701406 -0.704954
    outer loop
      vertex 175.278 -78.3145 1.7
      vertex 175.056 -76.6392 0
      vertex 175.058 -76.6389 0
    endloop
  endfacet
  facet normal -0.710345 -0.0232676 -0.703469
    outer loop
      vertex 178.831 -79.5668 0.0309224
      vertex 177.185 -79.7781 1.7
      vertex 178.831 -79.5615 0.0307471
    endloop
  endfacet
  facet normal -0.708159 -0.0478702 -0.704428
    outer loop
      vertex 177.185 -79.7781 1.7
      vertex 178.831 -79.5668 0.0309224
      vertex 177.2 -80 1.7
    endloop
  endfacet
  facet normal 0.590749 -0.393725 -0.70427
    outer loop
      vertex 172.81 -77.9363 0
      vertex 174.151 -78.9651 1.7
      vertex 172.565 -78.3039 0
    endloop
  endfacet
  facet normal -0.468399 0.533477 -0.704276
    outer loop
      vertex 177.896 -82.398 0
      vertex 177.564 -82.6895 0
      vertex 176.535 -81.3487 1.7
    endloop
  endfacet
  facet normal 0.313661 -0.636949 -0.70421
    outer loop
      vertex 174.203 -76.868 0
      vertex 174.849 -78.4294 1.7
      vertex 173.806 -77.0635 0
    endloop
  endfacet
  facet normal 0.696354 -0.137291 -0.704444
    outer loop
      vertex 173.815 -79.7781 1.7
      vertex 172.139 -79.5562 0
      vertex 173.858 -79.56 1.7
    endloop
  endfacet
  facet normal 0.712116 0 -0.702062
    outer loop
      vertex 172.139 -79.5562 0
      vertex 173.815 -79.7781 1.7
      vertex 172.139 -79.5575 0
    endloop
  endfacet
  facet normal 0.591043 -0.393176 -0.70433
    outer loop
      vertex 174.028 -79.15 1.7
      vertex 172.565 -78.3039 0
      vertex 174.151 -78.9651 1.7
    endloop
  endfacet
  facet normal 0.530704 -0.482459 -0.69684
    outer loop
      vertex 172.565 -78.3039 0
      vertex 174.028 -79.15 1.7
      vertex 172.564 -78.305 0
    endloop
  endfacet
  facet normal -0.474751 -0.527501 -0.704524
    outer loop
      vertex 176.702 -78.7979 1.7
      vertex 177.896 -77.602 0
      vertex 177.897 -77.6029 0
    endloop
  endfacet
  facet normal -0.468353 -0.533526 -0.704269
    outer loop
      vertex 177.896 -77.602 0
      vertex 176.702 -78.7979 1.7
      vertex 176.535 -78.6513 1.7
    endloop
  endfacet
  facet normal 0.13877 -0.696261 -0.704247
    outer loop
      vertex 175.056 -76.6392 0
      vertex 175.06 -78.3579 1.7
      vertex 174.623 -76.7255 0
    endloop
  endfacet
  facet normal 0.636544 0.31458 -0.704167
    outer loop
      vertex 173.929 -80.6506 1.7
      vertex 172.564 -81.6939 0
      vertex 172.368 -81.2973 0
    endloop
  endfacet
  facet normal 0.313661 0.636949 -0.70421
    outer loop
      vertex 174.849 -81.5706 1.7
      vertex 174.203 -83.132 0
      vertex 173.806 -82.9365 0
    endloop
  endfacet
  facet normal -0.394203 -0.590422 -0.704277
    outer loop
      vertex 177.196 -77.0648 0
      vertex 177.564 -77.3105 0
      vertex 176.535 -78.6513 1.7
    endloop
  endfacet
  facet normal -0.228023 -0.672354 -0.704234
    outer loop
      vertex 176.377 -76.7255 0
      vertex 176.796 -76.8676 0
      vertex 175.94 -78.3579 1.7
    endloop
  endfacet
  facet normal -0.263414 -0.658535 -0.704943
    outer loop
      vertex 176.151 -78.4294 1.7
      vertex 176.796 -76.8676 0
      vertex 176.797 -76.868 0
    endloop
  endfacet
  facet normal -0.227861 -0.672428 -0.704216
    outer loop
      vertex 176.796 -76.8676 0
      vertex 176.151 -78.4294 1.7
      vertex 175.94 -78.3579 1.7
    endloop
  endfacet
  facet normal 0.394203 -0.590422 -0.704277
    outer loop
      vertex 173.804 -77.0648 0
      vertex 174.465 -78.6513 1.7
      vertex 173.436 -77.3105 0
    endloop
  endfacet
  facet normal -0.530704 0.482459 -0.69684
    outer loop
      vertex 178.435 -81.6961 0
      vertex 176.972 -80.85 1.7
      vertex 178.436 -81.695 0
    endloop
  endfacet
  facet normal -0.591043 0.393176 -0.70433
    outer loop
      vertex 176.972 -80.85 1.7
      vertex 178.435 -81.6961 0
      vertex 176.849 -81.0349 1.7
    endloop
  endfacet
  facet normal -0.696376 -0.137992 -0.704286
    outer loop
      vertex 177.142 -79.56 1.7
      vertex 178.8 -79.2506 0
      vertex 178.83 -79.5563 0.0302331
    endloop
  endfacet
  facet normal -0.696742 -0.136082 -0.704295
    outer loop
      vertex 178.8 -79.2506 0
      vertex 177.142 -79.56 1.7
      vertex 178.775 -79.1226 0
    endloop
  endfacet
  facet normal 0.696275 -0.138099 -0.704365
    outer loop
      vertex 172.225 -79.1226 0
      vertex 173.858 -79.56 1.7
      vertex 172.139 -79.5562 0
    endloop
  endfacet
  facet normal 0.227861 -0.672428 -0.704216
    outer loop
      vertex 174.849 -78.4294 1.7
      vertex 174.204 -76.8676 0
      vertex 175.06 -78.3579 1.7
    endloop
  endfacet
  facet normal 0.263414 -0.658535 -0.704943
    outer loop
      vertex 174.204 -76.8676 0
      vertex 174.849 -78.4294 1.7
      vertex 174.203 -76.868 0
    endloop
  endfacet
  facet normal 0.590749 0.393725 -0.70427
    outer loop
      vertex 174.151 -81.0349 1.7
      vertex 172.81 -82.0637 0
      vertex 172.565 -81.6961 0
    endloop
  endfacet
  facet normal 0.712116 0 -0.702062
    outer loop
      vertex 173.815 -79.7781 1.7
      vertex 172.139 -79.5588 0
      vertex 172.139 -79.5575 0
    endloop
  endfacet
  facet normal 0.708205 -0.0478732 -0.704382
    outer loop
      vertex 172.139 -79.5588 0
      vertex 173.815 -79.7781 1.7
      vertex 173.8 -80 1.7
    endloop
  endfacet
  facet normal 0.671774 -0.229433 -0.70433
    outer loop
      vertex 172.368 -78.7039 0
      vertex 173.858 -79.56 1.7
      vertex 172.225 -79.1226 0
    endloop
  endfacet
  facet normal 0.757744 0 -0.652552
    outer loop
      vertex 172.564 -81.6939 0
      vertex 174.028 -80.85 1.7
      vertex 172.564 -81.695 0
    endloop
  endfacet
  facet normal 0.635851 0.315694 -0.704294
    outer loop
      vertex 174.028 -80.85 1.7
      vertex 172.564 -81.6939 0
      vertex 173.929 -80.6506 1.7
    endloop
  endfacet
  facet normal -0.533427 -0.468454 -0.704277
    outer loop
      vertex 177.898 -77.6038 0
      vertex 178.19 -77.9363 0
      vertex 176.849 -78.9651 1.7
    endloop
  endfacet
  facet normal 0.227861 0.672428 -0.704216
    outer loop
      vertex 174.204 -83.1324 0
      vertex 174.849 -81.5706 1.7
      vertex 175.06 -81.6421 1.7
    endloop
  endfacet
  facet normal 0.263414 0.658535 -0.704943
    outer loop
      vertex 174.849 -81.5706 1.7
      vertex 174.204 -83.1324 0
      vertex 174.203 -83.132 0
    endloop
  endfacet
  facet normal 0.105211 0.701406 -0.704954
    outer loop
      vertex 175.056 -83.3608 0
      vertex 175.278 -81.6855 1.7
      vertex 175.058 -83.3611 0
    endloop
  endfacet
  facet normal 0.138617 0.696276 -0.704262
    outer loop
      vertex 175.278 -81.6855 1.7
      vertex 175.056 -83.3608 0
      vertex 175.06 -81.6421 1.7
    endloop
  endfacet
  facet normal -0.228023 0.672354 -0.704234
    outer loop
      vertex 176.796 -83.1324 0
      vertex 176.377 -83.2745 0
      vertex 175.94 -81.6421 1.7
    endloop
  endfacet
  facet normal -0.671774 0.229433 -0.70433
    outer loop
      vertex 178.775 -80.8774 0
      vertex 178.632 -81.2961 0
      vertex 177.142 -80.44 1.7
    endloop
  endfacet
  facet normal -0.313661 -0.636949 -0.70421
    outer loop
      vertex 176.797 -76.868 0
      vertex 177.194 -77.0635 0
      vertex 176.151 -78.4294 1.7
    endloop
  endfacet
  facet normal 0.736578 0 -0.676352
    outer loop
      vertex 172.368 -81.2961 0
      vertex 173.929 -80.6506 1.7
      vertex 172.368 -81.2973 0
    endloop
  endfacet
  facet normal 0.672933 0.226867 -0.704054
    outer loop
      vertex 173.929 -80.6506 1.7
      vertex 172.368 -81.2961 0
      vertex 173.858 -80.44 1.7
    endloop
  endfacet
  facet normal -0.046584 -0.708399 -0.704273
    outer loop
      vertex 175.941 -76.6389 0
      vertex 175.5 -78.3 1.7
      vertex 175.5 -76.6099 0
    endloop
  endfacet
  facet normal -0.394203 0.590422 -0.704277
    outer loop
      vertex 177.564 -82.6895 0
      vertex 177.196 -82.9352 0
      vertex 176.535 -81.3487 1.7
    endloop
  endfacet
  facet normal -0.736578 0 -0.676352
    outer loop
      vertex 177.071 -80.6506 1.7
      vertex 178.632 -81.2961 0
      vertex 178.632 -81.2973 0
    endloop
  endfacet
  facet normal -0.672933 0.226867 -0.704054
    outer loop
      vertex 178.632 -81.2961 0
      vertex 177.071 -80.6506 1.7
      vertex 177.142 -80.44 1.7
    endloop
  endfacet
  facet normal -0.13877 -0.696261 -0.704247
    outer loop
      vertex 175.944 -76.6392 0
      vertex 176.377 -76.7255 0
      vertex 175.94 -78.3579 1.7
    endloop
  endfacet
  facet normal -0.138617 -0.696276 -0.704262
    outer loop
      vertex 175.722 -78.3145 1.7
      vertex 175.944 -76.6392 0
      vertex 175.94 -78.3579 1.7
    endloop
  endfacet
  facet normal -0.105211 -0.701406 -0.704954
    outer loop
      vertex 175.944 -76.6392 0
      vertex 175.722 -78.3145 1.7
      vertex 175.942 -76.6389 0
    endloop
  endfacet
  facet normal 0.394203 0.590422 -0.704277
    outer loop
      vertex 174.465 -81.3487 1.7
      vertex 173.804 -82.9352 0
      vertex 173.436 -82.6895 0
    endloop
  endfacet
  facet normal 0.533427 -0.468454 -0.704277
    outer loop
      vertex 173.102 -77.6038 0
      vertex 174.151 -78.9651 1.7
      vertex 172.81 -77.9363 0
    endloop
  endfacet
  facet normal -0.313661 0.636949 -0.70421
    outer loop
      vertex 177.194 -82.9365 0
      vertex 176.797 -83.132 0
      vertex 176.151 -81.5706 1.7
    endloop
  endfacet
  facet normal 0.046584 -0.708399 -0.704273
    outer loop
      vertex 175.5 -76.6099 0
      vertex 175.5 -78.3 1.7
      vertex 175.059 -76.6389 0
    endloop
  endfacet
  facet normal -0 -0.712199 -0.701977
    outer loop
      vertex 175.059 -76.6389 0
      vertex 175.278 -78.3145 1.7
      vertex 175.058 -76.6389 0
    endloop
  endfacet
  facet normal 0.0462726 -0.70845 -0.704243
    outer loop
      vertex 175.278 -78.3145 1.7
      vertex 175.059 -76.6389 0
      vertex 175.5 -78.3 1.7
    endloop
  endfacet
  facet normal 0.13877 0.696261 -0.704247
    outer loop
      vertex 175.06 -81.6421 1.7
      vertex 175.056 -83.3608 0
      vertex 174.623 -83.2745 0
    endloop
  endfacet
  facet normal -0.40745 0.582071 -0.703689
    outer loop
      vertex 176.35 -81.4722 1.7
      vertex 177.196 -82.9352 0
      vertex 177.195 -82.9359 0
    endloop
  endfacet
  facet normal -0.394161 0.590444 -0.704282
    outer loop
      vertex 177.196 -82.9352 0
      vertex 176.35 -81.4722 1.7
      vertex 176.535 -81.3487 1.7
    endloop
  endfacet
  facet normal -0.046584 0.708399 -0.704273
    outer loop
      vertex 175.941 -83.3611 0
      vertex 175.5 -83.3901 0
      vertex 175.5 -81.7 1.7
    endloop
  endfacet
  facet normal -0.533136 -0.468726 -0.704316
    outer loop
      vertex 176.702 -78.7979 1.7
      vertex 177.898 -77.6038 0
      vertex 176.849 -78.9651 1.7
    endloop
  endfacet
  facet normal -0.474751 -0.527501 -0.704524
    outer loop
      vertex 177.898 -77.6038 0
      vertex 176.702 -78.7979 1.7
      vertex 177.897 -77.6029 0
    endloop
  endfacet
  facet normal 0.70842 -0.0465643 -0.704253
    outer loop
      vertex 172.139 -79.5588 0
      vertex 173.8 -80 1.7
      vertex 172.11 -80 0
    endloop
  endfacet
  facet normal -0.636544 0.31458 -0.704167
    outer loop
      vertex 178.632 -81.2973 0
      vertex 178.436 -81.6939 0
      vertex 177.071 -80.6506 1.7
    endloop
  endfacet
  facet normal -0.590749 0.393725 -0.70427
    outer loop
      vertex 178.435 -81.6961 0
      vertex 178.19 -82.0637 0
      vertex 176.849 -81.0349 1.7
    endloop
  endfacet
  facet normal -0.105211 0.701406 -0.704954
    outer loop
      vertex 175.722 -81.6855 1.7
      vertex 175.944 -83.3608 0
      vertex 175.942 -83.3611 0
    endloop
  endfacet
  facet normal -0.138617 0.696276 -0.704262
    outer loop
      vertex 175.944 -83.3608 0
      vertex 175.722 -81.6855 1.7
      vertex 175.94 -81.6421 1.7
    endloop
  endfacet
  facet normal -0.13877 0.696261 -0.704247
    outer loop
      vertex 176.377 -83.2745 0
      vertex 175.944 -83.3608 0
      vertex 175.94 -81.6421 1.7
    endloop
  endfacet
  facet normal -0.533427 0.468454 -0.704277
    outer loop
      vertex 178.19 -82.0637 0
      vertex 177.898 -82.3962 0
      vertex 176.849 -81.0349 1.7
    endloop
  endfacet
  facet normal -0.468399 -0.533477 -0.704276
    outer loop
      vertex 177.564 -77.3105 0
      vertex 177.896 -77.602 0
      vertex 176.535 -78.6513 1.7
    endloop
  endfacet
  facet normal -0.263414 0.658535 -0.704943
    outer loop
      vertex 176.796 -83.1324 0
      vertex 176.151 -81.5706 1.7
      vertex 176.797 -83.132 0
    endloop
  endfacet
  facet normal -0.227861 0.672428 -0.704216
    outer loop
      vertex 176.151 -81.5706 1.7
      vertex 176.796 -83.1324 0
      vertex 175.94 -81.6421 1.7
    endloop
  endfacet
  facet normal 0.533136 -0.468726 -0.704316
    outer loop
      vertex 173.102 -77.6038 0
      vertex 174.298 -78.7979 1.7
      vertex 174.151 -78.9651 1.7
    endloop
  endfacet
  facet normal 0.474751 -0.527501 -0.704524
    outer loop
      vertex 174.298 -78.7979 1.7
      vertex 173.102 -77.6038 0
      vertex 173.103 -77.6029 0
    endloop
  endfacet
  facet normal 0.228023 -0.672354 -0.704234
    outer loop
      vertex 174.623 -76.7255 0
      vertex 175.06 -78.3579 1.7
      vertex 174.204 -76.8676 0
    endloop
  endfacet
  facet normal 0.533427 0.468454 -0.704277
    outer loop
      vertex 174.151 -81.0349 1.7
      vertex 173.102 -82.3962 0
      vertex 172.81 -82.0637 0
    endloop
  endfacet
  facet normal -0.70846 -0.0460416 -0.704247
    outer loop
      vertex 178.831 -79.5668 0.0309224
      vertex 178.845 -80 0.04516
      vertex 177.2 -80 1.7
    endloop
  endfacet
  facet normal 0.636544 -0.31458 -0.704167
    outer loop
      vertex 172.564 -78.3061 0
      vertex 173.929 -79.3494 1.7
      vertex 172.368 -78.7027 0
    endloop
  endfacet
  facet normal 0.394161 -0.590444 -0.704282
    outer loop
      vertex 173.804 -77.0648 0
      vertex 174.65 -78.5278 1.7
      vertex 174.465 -78.6513 1.7
    endloop
  endfacet
  facet normal 0.40745 -0.582071 -0.703689
    outer loop
      vertex 174.65 -78.5278 1.7
      vertex 173.804 -77.0648 0
      vertex 173.805 -77.0641 0
    endloop
  endfacet
  facet normal 0.672933 -0.226867 -0.704054
    outer loop
      vertex 172.368 -78.7039 0
      vertex 173.929 -79.3494 1.7
      vertex 173.858 -79.56 1.7
    endloop
  endfacet
  facet normal 0.736578 0 -0.676352
    outer loop
      vertex 173.929 -79.3494 1.7
      vertex 172.368 -78.7039 0
      vertex 172.368 -78.7027 0
    endloop
  endfacet
  facet normal -0.36489 0.60815 -0.704989
    outer loop
      vertex 177.194 -82.9365 0
      vertex 176.35 -81.4722 1.7
      vertex 177.195 -82.9359 0
    endloop
  endfacet
  facet normal -0.31465 0.636335 -0.704324
    outer loop
      vertex 176.35 -81.4722 1.7
      vertex 177.194 -82.9365 0
      vertex 176.151 -81.5706 1.7
    endloop
  endfacet
  facet normal -0.474751 0.527501 -0.704524
    outer loop
      vertex 177.896 -82.398 0
      vertex 176.702 -81.2021 1.7
      vertex 177.897 -82.3971 0
    endloop
  endfacet
  facet normal -0.468353 0.533526 -0.704269
    outer loop
      vertex 176.702 -81.2021 1.7
      vertex 177.896 -82.398 0
      vertex 176.535 -81.3487 1.7
    endloop
  endfacet
  facet normal 0.591043 0.393176 -0.70433
    outer loop
      vertex 172.565 -81.6961 0
      vertex 174.028 -80.85 1.7
      vertex 174.151 -81.0349 1.7
    endloop
  endfacet
  facet normal 0.530704 0.482459 -0.69684
    outer loop
      vertex 174.028 -80.85 1.7
      vertex 172.565 -81.6961 0
      vertex 172.564 -81.695 0
    endloop
  endfacet
  facet normal 0.708205 0.0478732 -0.704382
    outer loop
      vertex 173.815 -80.2219 1.7
      vertex 172.139 -80.4412 0
      vertex 173.8 -80 1.7
    endloop
  endfacet
  facet normal 0.712116 0 -0.702062
    outer loop
      vertex 172.139 -80.4412 0
      vertex 173.815 -80.2219 1.7
      vertex 172.139 -80.4425 0
    endloop
  endfacet
  facet normal 0.228023 0.672354 -0.704234
    outer loop
      vertex 175.06 -81.6421 1.7
      vertex 174.623 -83.2745 0
      vertex 174.204 -83.1324 0
    endloop
  endfacet
  facet normal -0.684375 -0.200893 -0.700909
    outer loop
      vertex 177.185 -79.7781 1.7
      vertex 178.83 -79.5563 0.0302331
      vertex 178.831 -79.5615 0.0307471
    endloop
  endfacet
  facet normal -0.696444 -0.137309 -0.704353
    outer loop
      vertex 178.83 -79.5563 0.0302331
      vertex 177.185 -79.7781 1.7
      vertex 177.142 -79.56 1.7
    endloop
  endfacet
  facet normal -0.635851 -0.315694 -0.704294
    outer loop
      vertex 176.972 -79.15 1.7
      vertex 178.436 -78.3061 0
      vertex 177.071 -79.3494 1.7
    endloop
  endfacet
  facet normal -0.757744 0 -0.652552
    outer loop
      vertex 178.436 -78.3061 0
      vertex 176.972 -79.15 1.7
      vertex 178.436 -78.305 0
    endloop
  endfacet
  facet normal 0.671774 0.229433 -0.70433
    outer loop
      vertex 173.858 -80.44 1.7
      vertex 172.368 -81.2961 0
      vertex 172.225 -80.8774 0
    endloop
  endfacet
  facet normal -0.757744 0 -0.652552
    outer loop
      vertex 176.972 -80.85 1.7
      vertex 178.436 -81.6939 0
      vertex 178.436 -81.695 0
    endloop
  endfacet
  facet normal -0.635851 0.315694 -0.704294
    outer loop
      vertex 178.436 -81.6939 0
      vertex 176.972 -80.85 1.7
      vertex 177.071 -80.6506 1.7
    endloop
  endfacet
  facet normal -0.696742 0.136082 -0.704295
    outer loop
      vertex 177.142 -80.44 1.7
      vertex 178.8 -80.7494 0
      vertex 178.775 -80.8774 0
    endloop
  endfacet
  facet normal -0.696376 0.137992 -0.704286
    outer loop
      vertex 178.8 -80.7494 0
      vertex 177.142 -80.44 1.7
      vertex 178.83 -80.4437 0.0302331
    endloop
  endfacet
  facet normal -0.684375 0.200893 -0.700909
    outer loop
      vertex 178.83 -80.4437 0.0302331
      vertex 177.185 -80.2219 1.7
      vertex 178.831 -80.4385 0.0307471
    endloop
  endfacet
  facet normal -0.696444 0.137309 -0.704353
    outer loop
      vertex 177.185 -80.2219 1.7
      vertex 178.83 -80.4437 0.0302331
      vertex 177.142 -80.44 1.7
    endloop
  endfacet
  facet normal -0.530704 -0.482459 -0.69684
    outer loop
      vertex 176.972 -79.15 1.7
      vertex 178.435 -78.3039 0
      vertex 178.436 -78.305 0
    endloop
  endfacet
  facet normal -0.591043 -0.393176 -0.70433
    outer loop
      vertex 178.435 -78.3039 0
      vertex 176.972 -79.15 1.7
      vertex 176.849 -78.9651 1.7
    endloop
  endfacet
  facet normal 0 0.712199 -0.701977
    outer loop
      vertex 175.941 -83.3611 0
      vertex 175.722 -81.6855 1.7
      vertex 175.942 -83.3611 0
    endloop
  endfacet
  facet normal -0.0462726 0.70845 -0.704243
    outer loop
      vertex 175.722 -81.6855 1.7
      vertex 175.941 -83.3611 0
      vertex 175.5 -81.7 1.7
    endloop
  endfacet
  facet normal -0.474751 0.527501 -0.704524
    outer loop
      vertex 176.702 -81.2021 1.7
      vertex 177.898 -82.3962 0
      vertex 177.897 -82.3971 0
    endloop
  endfacet
  facet normal -0.533136 0.468726 -0.704316
    outer loop
      vertex 177.898 -82.3962 0
      vertex 176.702 -81.2021 1.7
      vertex 176.849 -81.0349 1.7
    endloop
  endfacet
  facet normal 0.70842 0.0465643 -0.704253
    outer loop
      vertex 173.8 -80 1.7
      vertex 172.139 -80.4412 0
      vertex 172.11 -80 0
    endloop
  endfacet
  facet normal 0.696354 0.137291 -0.704444
    outer loop
      vertex 172.139 -80.4438 0
      vertex 173.815 -80.2219 1.7
      vertex 173.858 -80.44 1.7
    endloop
  endfacet
  facet normal 0.712116 0 -0.702062
    outer loop
      vertex 173.815 -80.2219 1.7
      vertex 172.139 -80.4438 0
      vertex 172.139 -80.4425 0
    endloop
  endfacet
  facet normal -0.394161 -0.590444 -0.704282
    outer loop
      vertex 176.35 -78.5278 1.7
      vertex 177.196 -77.0648 0
      vertex 176.535 -78.6513 1.7
    endloop
  endfacet
  facet normal -0.40745 -0.582071 -0.703689
    outer loop
      vertex 177.196 -77.0648 0
      vertex 176.35 -78.5278 1.7
      vertex 177.195 -77.0641 0
    endloop
  endfacet
  facet normal -0.36489 -0.60815 -0.704989
    outer loop
      vertex 176.35 -78.5278 1.7
      vertex 177.194 -77.0635 0
      vertex 177.195 -77.0641 0
    endloop
  endfacet
  facet normal -0.31465 -0.636335 -0.704324
    outer loop
      vertex 177.194 -77.0635 0
      vertex 176.35 -78.5278 1.7
      vertex 176.151 -78.4294 1.7
    endloop
  endfacet
  facet normal 0.468353 0.533526 -0.704269
    outer loop
      vertex 173.104 -82.398 0
      vertex 174.298 -81.2021 1.7
      vertex 174.465 -81.3487 1.7
    endloop
  endfacet
  facet normal 0.474751 0.527501 -0.704524
    outer loop
      vertex 174.298 -81.2021 1.7
      vertex 173.104 -82.398 0
      vertex 173.103 -82.3971 0
    endloop
  endfacet
  facet normal 0.40745 0.582071 -0.703689
    outer loop
      vertex 173.804 -82.9352 0
      vertex 174.65 -81.4722 1.7
      vertex 173.805 -82.9359 0
    endloop
  endfacet
  facet normal 0.394161 0.590444 -0.704282
    outer loop
      vertex 174.65 -81.4722 1.7
      vertex 173.804 -82.9352 0
      vertex 174.465 -81.3487 1.7
    endloop
  endfacet
  facet normal 0.31465 0.636335 -0.704324
    outer loop
      vertex 173.806 -82.9365 0
      vertex 174.65 -81.4722 1.7
      vertex 174.849 -81.5706 1.7
    endloop
  endfacet
  facet normal 0.36489 0.60815 -0.704989
    outer loop
      vertex 174.65 -81.4722 1.7
      vertex 173.806 -82.9365 0
      vertex 173.805 -82.9359 0
    endloop
  endfacet
  facet normal 0 0.966019 -0.258471
    outer loop
      vertex 53.3 -81.4 0.0100002
      vertex 5.81839 -81.0816 1.2
      vertex 52.9816 -81.0816 1.2
    endloop
  endfacet
  facet normal 0 0.966019 -0.258471
    outer loop
      vertex 5.81839 -81.0816 1.2
      vertex 53.3 -81.4 0.0100002
      vertex 5.5 -81.4 0.0100002
    endloop
  endfacet
  facet normal 0.966021 0 -0.258463
    outer loop
      vertex 5.81839 -81.0816 1.2
      vertex 5.5 -19.2 0.0100002
      vertex 5.81839 -19.5184 1.2
    endloop
  endfacet
  facet normal 0.966021 0 -0.258463
    outer loop
      vertex 5.5 -19.2 0.0100002
      vertex 5.81839 -81.0816 1.2
      vertex 5.5 -81.4 0.0100002
    endloop
  endfacet
  facet normal 0 -1 0
    outer loop
      vertex 5.5 -19.2 0
      vertex 53.3 -19.2 0.0100002
      vertex 5.5 -19.2 0.0100002
    endloop
  endfacet
  facet normal 0 -1 -0
    outer loop
      vertex 53.3 -19.2 0.0100002
      vertex 5.5 -19.2 0
      vertex 53.3 -19.2 0
    endloop
  endfacet
  facet normal -1 0 0
    outer loop
      vertex 53.3 -81.4 0
      vertex 53.3 -19.2 0.0100002
      vertex 53.3 -19.2 0
    endloop
  endfacet
  facet normal -1 -0 0
    outer loop
      vertex 53.3 -19.2 0.0100002
      vertex 53.3 -81.4 0
      vertex 53.3 -81.4 0.0100002
    endloop
  endfacet
  facet normal 1 -0 0
    outer loop
      vertex 5.5 -81.4 0.0100002
      vertex 5.5 -19.2 0
      vertex 5.5 -19.2 0.0100002
    endloop
  endfacet
  facet normal 1 0 0
    outer loop
      vertex 5.5 -19.2 0
      vertex 5.5 -81.4 0.0100002
      vertex 5.5 -81.4 0
    endloop
  endfacet
  facet normal 0 1 -0
    outer loop
      vertex 53.3 -81.4 0
      vertex 5.5 -81.4 0.0100002
      vertex 53.3 -81.4 0.0100002
    endloop
  endfacet
  facet normal 0 1 0
    outer loop
      vertex 5.5 -81.4 0.0100002
      vertex 53.3 -81.4 0
      vertex 5.5 -81.4 0
    endloop
  endfacet
  facet normal -0.966019 0 -0.258471
    outer loop
      vertex 53.3 -19.2 0.0100002
      vertex 52.9816 -81.0816 1.2
      vertex 52.9816 -19.5184 1.2
    endloop
  endfacet
  facet normal -0.966019 0 -0.258471
    outer loop
      vertex 52.9816 -81.0816 1.2
      vertex 53.3 -19.2 0.0100002
      vertex 53.3 -81.4 0.0100002
    endloop
  endfacet
  facet normal 0 -0.966019 -0.258471
    outer loop
      vertex 5.5 -19.2 0.0100002
      vertex 52.9816 -19.5184 1.2
      vertex 5.81839 -19.5184 1.2
    endloop
  endfacet
  facet normal 0 -0.966019 -0.258471
    outer loop
      vertex 52.9816 -19.5184 1.2
      vertex 5.5 -19.2 0.0100002
      vertex 53.3 -19.2 0.0100002
    endloop
  endfacet
  facet normal -1 0 0
    outer loop
      vertex 54.9 -89.1 1.2
      vertex 54.9 -17.1 2
      vertex 54.9 -17.1 1.2
    endloop
  endfacet
  facet normal -1 -0 0
    outer loop
      vertex 54.9 -17.1 2
      vertex 54.9 -89.1 1.2
      vertex 54.9 -89.1 2
    endloop
  endfacet
  facet normal 0 0 1
    outer loop
      vertex 52.9816 -81.0816 1.2
      vertex 54.9 -17.1 1.2
      vertex 52.9816 -19.5184 1.2
    endloop
  endfacet
  facet normal 0 0 1
    outer loop
      vertex 54.9 -17.1 1.2
      vertex 5.81839 -19.5184 1.2
      vertex 52.9816 -19.5184 1.2
    endloop
  endfacet
  facet normal 0 0 1
    outer loop
      vertex 5.81839 -19.5184 1.2
      vertex 3.9 -17.1 1.2
      vertex 5.81839 -81.0816 1.2
    endloop
  endfacet
  facet normal -0 0 1
    outer loop
      vertex 3.9 -17.1 1.2
      vertex 5.81839 -19.5184 1.2
      vertex 54.9 -17.1 1.2
    endloop
  endfacet
  facet normal 0 0 1
    outer loop
      vertex 54.9 -17.1 1.2
      vertex 52.9816 -81.0816 1.2
      vertex 54.9 -89.1 1.2
    endloop
  endfacet
  facet normal -0 0 1
    outer loop
      vertex 5.81839 -81.0816 1.2
      vertex 54.9 -89.1 1.2
      vertex 52.9816 -81.0816 1.2
    endloop
  endfacet
  facet normal 0 0 1
    outer loop
      vertex 5.81839 -81.0816 1.2
      vertex 3.9 -89.1 1.2
      vertex 54.9 -89.1 1.2
    endloop
  endfacet
  facet normal 0 0 1
    outer loop
      vertex 3.9 -89.1 1.2
      vertex 5.81839 -81.0816 1.2
      vertex 3.9 -17.1 1.2
    endloop
  endfacet
  facet normal 0 0 -1
    outer loop
      vertex 9.45238 -17.3407 3
      vertex 9.89708 -17.1 3
      vertex 9.775 -17.1816 3
    endloop
  endfacet
  facet normal 0 0 -1
    outer loop
      vertex 9.11175 -17.4563 3
      vertex 9.89708 -17.1 3
      vertex 9.45238 -17.3407 3
    endloop
  endfacet
  facet normal 0 0 -1
    outer loop
      vertex 8.75895 -17.5265 3
      vertex 9.89708 -17.1 3
      vertex 9.11175 -17.4563 3
    endloop
  endfacet
  facet normal 0 0 -1
    outer loop
      vertex 8.4 -17.55 3
      vertex 9.89708 -17.1 3
      vertex 8.75895 -17.5265 3
    endloop
  endfacet
  facet normal 0 0 -1
    outer loop
      vertex 8.04105 -17.5265 3
      vertex 9.89708 -17.1 3
      vertex 8.4 -17.55 3
    endloop
  endfacet
  facet normal 0 0 -1
    outer loop
      vertex 7.68825 -17.4563 3
      vertex 9.89708 -17.1 3
      vertex 8.04105 -17.5265 3
    endloop
  endfacet
  facet normal 0 0 -1
    outer loop
      vertex 7.34762 -17.3407 3
      vertex 9.89708 -17.1 3
      vertex 7.68825 -17.4563 3
    endloop
  endfacet
  facet normal 0 0 -1
    outer loop
      vertex 6.90292 -17.1 3
      vertex 7.34762 -17.3407 3
      vertex 7.025 -17.1816 3
    endloop
  endfacet
  facet normal 0 0 -1
    outer loop
      vertex 7.34762 -17.3407 3
      vertex 6.90292 -17.1 3
      vertex 9.89708 -17.1 3
    endloop
  endfacet
  facet normal 0 0 -1
    outer loop
      vertex 51.4524 -17.3407 3
      vertex 51.8971 -17.1 3
      vertex 51.775 -17.1816 3
    endloop
  endfacet
  facet normal 0 0 -1
    outer loop
      vertex 51.1118 -17.4563 3
      vertex 51.8971 -17.1 3
      vertex 51.4524 -17.3407 3
    endloop
  endfacet
  facet normal 0 0 -1
    outer loop
      vertex 50.7589 -17.5265 3
      vertex 51.8971 -17.1 3
      vertex 51.1118 -17.4563 3
    endloop
  endfacet
  facet normal 0 0 -1
    outer loop
      vertex 50.4 -17.55 3
      vertex 51.8971 -17.1 3
      vertex 50.7589 -17.5265 3
    endloop
  endfacet
  facet normal 0 0 -1
    outer loop
      vertex 50.0411 -17.5265 3
      vertex 51.8971 -17.1 3
      vertex 50.4 -17.55 3
    endloop
  endfacet
  facet normal 0 0 -1
    outer loop
      vertex 49.6882 -17.4563 3
      vertex 51.8971 -17.1 3
      vertex 50.0411 -17.5265 3
    endloop
  endfacet
  facet normal 0 0 -1
    outer loop
      vertex 49.3476 -17.3407 3
      vertex 51.8971 -17.1 3
      vertex 49.6882 -17.4563 3
    endloop
  endfacet
  facet normal 0 0 -1
    outer loop
      vertex 48.9029 -17.1 3
      vertex 49.3476 -17.3407 3
      vertex 49.025 -17.1816 3
    endloop
  endfacet
  facet normal 0 0 -1
    outer loop
      vertex 49.3476 -17.3407 3
      vertex 48.9029 -17.1 3
      vertex 51.8971 -17.1 3
    endloop
  endfacet
  facet normal 1 -0 0
    outer loop
      vertex 3.9 -89.1 2
      vertex 3.9 -17.1 1.2
      vertex 3.9 -17.1 2
    endloop
  endfacet
  facet normal 1 0 0
    outer loop
      vertex 3.9 -17.1 1.2
      vertex 3.9 -89.1 2
      vertex 3.9 -89.1 1.2
    endloop
  endfacet
  facet normal 0 1 -0
    outer loop
      vertex 54.9 -89.1 1.2
      vertex 3.9 -89.1 2
      vertex 54.9 -89.1 2
    endloop
  endfacet
  facet normal 0 1 0
    outer loop
      vertex 3.9 -89.1 2
      vertex 54.9 -89.1 1.2
      vertex 3.9 -89.1 1.2
    endloop
  endfacet
  facet normal 0 -1 0
    outer loop
      vertex 3.9 -17.1 1.2
      vertex 6.90292 -17.1 2
      vertex 3.9 -17.1 2
    endloop
  endfacet
  facet normal 0 -1 -0
    outer loop
      vertex 6.90292 -17.1 2
      vertex 3.9 -17.1 1.2
      vertex 9.89708 -17.1 2
    endloop
  endfacet
  facet normal 0 -1 -0
    outer loop
      vertex 9.89708 -17.1 2
      vertex 3.9 -17.1 1.2
      vertex 48.9029 -17.1 2
    endloop
  endfacet
  facet normal 0 -1 0
    outer loop
      vertex 54.9 -17.1 1.2
      vertex 48.9029 -17.1 2
      vertex 3.9 -17.1 1.2
    endloop
  endfacet
  facet normal 0 -1 0
    outer loop
      vertex 48.9029 -17.1 2
      vertex 54.9 -17.1 1.2
      vertex 51.8971 -17.1 2
    endloop
  endfacet
  facet normal 0 -1 0
    outer loop
      vertex 51.8971 -17.1 2
      vertex 54.9 -17.1 1.2
      vertex 54.9 -17.1 2
    endloop
  endfacet
  facet normal 0 -1 0
    outer loop
      vertex 6.90292 -17.1 2
      vertex 9.89708 -17.1 3
      vertex 6.90292 -17.1 3
    endloop
  endfacet
  facet normal 0 -1 -0
    outer loop
      vertex 9.89708 -17.1 3
      vertex 6.90292 -17.1 2
      vertex 9.89708 -17.1 2
    endloop
  endfacet
  facet normal 0 -1 0
    outer loop
      vertex 48.9029 -17.1 2
      vertex 51.8971 -17.1 3
      vertex 48.9029 -17.1 3
    endloop
  endfacet
  facet normal 0 -1 -0
    outer loop
      vertex 51.8971 -17.1 3
      vertex 48.9029 -17.1 2
      vertex 51.8971 -17.1 2
    endloop
  endfacet
  facet normal -0.321601 -0.946875 0
    outer loop
      vertex 168.294 -4.17036 0
      vertex 168.913 -4.3806 2
      vertex 168.294 -4.17036 2
    endloop
  endfacet
  facet normal -0.321601 -0.946875 -0
    outer loop
      vertex 168.913 -4.3806 2
      vertex 168.294 -4.17036 0
      vertex 168.913 -4.3806 0
    endloop
  endfacet
  facet normal 0 -1 0
    outer loop
      vertex 85 -4 0
      vertex 167 -4 2
      vertex 85 -4 2
    endloop
  endfacet
  facet normal 0 -1 -0
    outer loop
      vertex 167 -4 2
      vertex 85 -4 0
      vertex 167 -4 0
    endloop
  endfacet
  facet normal -0.195219 -0.98076 0
    outer loop
      vertex 167.653 -4.04277 0
      vertex 168.294 -4.17036 2
      vertex 167.653 -4.04277 2
    endloop
  endfacet
  facet normal -0.195219 -0.98076 -0
    outer loop
      vertex 168.294 -4.17036 2
      vertex 167.653 -4.04277 0
      vertex 168.294 -4.17036 0
    endloop
  endfacet
  facet normal 0.980768 0.195178 0
    outer loop
      vertex 80.0428 -91.6526 2
      vertex 80.0588 -91.733 0.0797469
      vertex 80.0428 -91.6526 0.0583633
    endloop
  endfacet
  facet normal 0.981824 0.189796 0.000234145
    outer loop
      vertex 80.0428 -91.6526 2
      vertex 80.0611 -91.7449 0.0813369
      vertex 80.0588 -91.733 0.0797469
    endloop
  endfacet
  facet normal 0.9808 0.195016 -2.67671e-05
    outer loop
      vertex 80.0428 -91.6526 2
      vertex 80.1432 -92.1578 0.136729
      vertex 80.0611 -91.7449 0.0813369
    endloop
  endfacet
  facet normal 0.980786 0.195087 -4.67053e-05
    outer loop
      vertex 80.1704 -92.2941 2
      vertex 80.1432 -92.1578 0.136729
      vertex 80.0428 -91.6526 2
    endloop
  endfacet
  facet normal 0.980664 0.195701 0
    outer loop
      vertex 80.1432 -92.1578 0.136729
      vertex 80.1704 -92.2941 2
      vertex 80.1704 -92.2941 0.136729
    endloop
  endfacet
  facet normal -0.0653577 -0.997862 0
    outer loop
      vertex 167 -4 0
      vertex 167.653 -4.04277 2
      vertex 167 -4 2
    endloop
  endfacet
  facet normal -0.0653577 -0.997862 -0
    outer loop
      vertex 167.653 -4.04277 2
      vertex 167 -4 0
      vertex 167.653 -4.04277 0
    endloop
  endfacet
  facet normal -0.831721 0.555194 0
    outer loop
      vertex 170.967 -94.0438 0
      vertex 171.33 -93.5 2
      vertex 171.33 -93.5 0
    endloop
  endfacet
  facet normal -0.831721 0.555194 0
    outer loop
      vertex 171.33 -93.5 2
      vertex 170.967 -94.0438 0
      vertex 170.967 -94.0438 2
    endloop
  endfacet
  facet normal 0.44229 -0.896872 0
    outer loop
      vertex 82.5 -4.66988 0
      vertex 83.0866 -4.3806 2
      vertex 82.5 -4.66988 2
    endloop
  endfacet
  facet normal 0.44229 -0.896872 0
    outer loop
      vertex 83.0866 -4.3806 2
      vertex 82.5 -4.66988 0
      vertex 83.0866 -4.3806 0
    endloop
  endfacet
  facet normal -0.946572 -0.322493 0
    outer loop
      vertex 171.83 -7.7059 0
      vertex 171.619 -7.08658 2
      vertex 171.619 -7.08658 0
    endloop
  endfacet
  facet normal -0.946572 -0.322493 0
    outer loop
      vertex 171.619 -7.08658 2
      vertex 171.83 -7.7059 0
      vertex 171.83 -7.7059 2
    endloop
  endfacet
  facet normal 0.555512 0.831509 -0
    outer loop
      vertex 82.5 -95.3301 0
      vertex 81.9562 -94.9668 2
      vertex 82.5 -95.3301 2
    endloop
  endfacet
  facet normal 0.555512 0.831509 0
    outer loop
      vertex 81.9562 -94.9668 2
      vertex 82.5 -95.3301 0
      vertex 81.9562 -94.9668 0
    endloop
  endfacet
  facet normal 0.0654432 0.997856 -0
    outer loop
      vertex 85 -96 0
      vertex 84.3474 -95.9572 2
      vertex 85 -96 2
    endloop
  endfacet
  facet normal 0.0654432 0.997856 0
    outer loop
      vertex 84.3474 -95.9572 2
      vertex 85 -96 0
      vertex 84.3474 -95.9572 0
    endloop
  endfacet
  facet normal -0.897042 0.441945 0
    outer loop
      vertex 171.33 -93.5 0
      vertex 171.619 -92.9134 2
      vertex 171.619 -92.9134 0
    endloop
  endfacet
  facet normal -0.897042 0.441945 0
    outer loop
      vertex 171.619 -92.9134 2
      vertex 171.33 -93.5 0
      vertex 171.33 -93.5 2
    endloop
  endfacet
  facet normal 0.195072 -0.980789 0
    outer loop
      vertex 83.7059 -4.17036 0
      vertex 84.3474 -4.04277 2
      vertex 83.7059 -4.17036 2
    endloop
  endfacet
  facet normal 0.195072 -0.980789 0
    outer loop
      vertex 84.3474 -4.04277 2
      vertex 83.7059 -4.17036 0
      vertex 84.3474 -4.04277 0
    endloop
  endfacet
  facet normal -1 0 0
    outer loop
      vertex 172 -91 0
      vertex 172 -9 2
      vertex 172 -9 0
    endloop
  endfacet
  facet normal -1 -0 0
    outer loop
      vertex 172 -9 2
      vertex 172 -91 0
      vertex 172 -91 2
    endloop
  endfacet
  facet normal 1 -0 0
    outer loop
      vertex 80 -42 2
      vertex 80 -9 0
      vertex 80 -9 2
    endloop
  endfacet
  facet normal 1 0 0
    outer loop
      vertex 80 -9 0
      vertex 80 -42 2
      vertex 80 -42 0
    endloop
  endfacet
  facet normal 1 -0 0
    outer loop
      vertex 80 -91 2
      vertex 80 -58 0
      vertex 80 -58 2
    endloop
  endfacet
  facet normal 1 0 0
    outer loop
      vertex 80 -58 0
      vertex 80 -91 2
      vertex 80 -91 0
    endloop
  endfacet
  facet normal -0.321546 0.946894 0
    outer loop
      vertex 168.913 -95.6194 0
      vertex 168.294 -95.8296 2
      vertex 168.913 -95.6194 2
    endloop
  endfacet
  facet normal -0.321546 0.946894 0
    outer loop
      vertex 168.294 -95.8296 2
      vertex 168.913 -95.6194 0
      vertex 168.294 -95.8296 0
    endloop
  endfacet
  facet normal 0.0653976 -0.997859 0
    outer loop
      vertex 84.3474 -4.04277 0
      vertex 85 -4 2
      vertex 84.3474 -4.04277 2
    endloop
  endfacet
  facet normal 0.0653976 -0.997859 0
    outer loop
      vertex 85 -4 2
      vertex 84.3474 -4.04277 0
      vertex 85 -4 0
    endloop
  endfacet
  facet normal 0.321461 -0.946923 0
    outer loop
      vertex 83.0866 -4.3806 0
      vertex 83.7059 -4.17036 2
      vertex 83.0866 -4.3806 2
    endloop
  endfacet
  facet normal 0.321461 -0.946923 0
    outer loop
      vertex 83.7059 -4.17036 2
      vertex 83.0866 -4.3806 0
      vertex 83.7059 -4.17036 0
    endloop
  endfacet
  facet normal 0.751771 0.659424 0
    outer loop
      vertex 81.4645 -94.5355 2
      vertex 81.0332 -94.0438 0
      vertex 81.0332 -94.0438 2
    endloop
  endfacet
  facet normal 0.751771 0.659424 0
    outer loop
      vertex 81.0332 -94.0438 0
      vertex 81.4645 -94.5355 2
      vertex 81.4645 -94.5355 0
    endloop
  endfacet
  facet normal 0.659364 -0.751824 0
    outer loop
      vertex 81.4645 -5.46446 0
      vertex 81.9562 -5.03323 2
      vertex 81.4645 -5.46446 2
    endloop
  endfacet
  facet normal 0.659364 -0.751824 0
    outer loop
      vertex 81.9562 -5.03323 2
      vertex 81.4645 -5.46446 0
      vertex 81.9562 -5.03323 0
    endloop
  endfacet
  facet normal 0 1 -0
    outer loop
      vertex 167 -96 0
      vertex 85 -96 2
      vertex 167 -96 2
    endloop
  endfacet
  facet normal 0 1 0
    outer loop
      vertex 85 -96 2
      vertex 167 -96 0
      vertex 85 -96 0
    endloop
  endfacet
  facet normal 0.831509 0.555512 0
    outer loop
      vertex 81.0332 -94.0438 2
      vertex 80.6699 -93.5 0
      vertex 80.6699 -93.5 2
    endloop
  endfacet
  facet normal 0.831509 0.555512 0
    outer loop
      vertex 80.6699 -93.5 0
      vertex 81.0332 -94.0438 2
      vertex 81.0332 -94.0438 0
    endloop
  endfacet
  facet normal -0.946569 0.322503 0
    outer loop
      vertex 171.619 -92.9134 0
      vertex 171.83 -92.2941 2
      vertex 171.83 -92.2941 0
    endloop
  endfacet
  facet normal -0.946569 0.322503 0
    outer loop
      vertex 171.83 -92.2941 2
      vertex 171.619 -92.9134 0
      vertex 171.619 -92.9134 2
    endloop
  endfacet
  facet normal 0.442314 0.89686 -0
    outer loop
      vertex 83.0866 -95.6194 0
      vertex 82.5 -95.3301 2
      vertex 83.0866 -95.6194 2
    endloop
  endfacet
  facet normal 0.442314 0.89686 0
    outer loop
      vertex 82.5 -95.3301 2
      vertex 83.0866 -95.6194 0
      vertex 82.5 -95.3301 0
    endloop
  endfacet
  facet normal 0.321407 0.946941 -0
    outer loop
      vertex 83.7059 -95.8296 0
      vertex 83.0866 -95.6194 2
      vertex 83.7059 -95.8296 2
    endloop
  endfacet
  facet normal 0.321407 0.946941 0
    outer loop
      vertex 83.0866 -95.6194 2
      vertex 83.7059 -95.8296 0
      vertex 83.0866 -95.6194 0
    endloop
  endfacet
  facet normal 0.659424 0.751771 -0
    outer loop
      vertex 81.9562 -94.9668 0
      vertex 81.4645 -94.5355 2
      vertex 81.9562 -94.9668 2
    endloop
  endfacet
  facet normal 0.659424 0.751771 0
    outer loop
      vertex 81.4645 -94.5355 2
      vertex 81.9562 -94.9668 0
      vertex 81.4645 -94.5355 0
    endloop
  endfacet
  facet normal -0.751998 0.659165 0
    outer loop
      vertex 170.536 -94.5355 0
      vertex 170.967 -94.0438 2
      vertex 170.967 -94.0438 0
    endloop
  endfacet
  facet normal -0.751998 0.659165 0
    outer loop
      vertex 170.967 -94.0438 2
      vertex 170.536 -94.5355 0
      vertex 170.536 -94.5355 2
    endloop
  endfacet
  facet normal -0.55537 0.831603 0
    outer loop
      vertex 170.044 -94.9668 0
      vertex 169.5 -95.3301 2
      vertex 170.044 -94.9668 2
    endloop
  endfacet
  facet normal -0.55537 0.831603 0
    outer loop
      vertex 169.5 -95.3301 2
      vertex 170.044 -94.9668 0
      vertex 169.5 -95.3301 0
    endloop
  endfacet
  facet normal -0.555423 -0.831568 0
    outer loop
      vertex 169.5 -4.66988 0
      vertex 170.044 -5.03323 2
      vertex 169.5 -4.66988 2
    endloop
  endfacet
  facet normal -0.555423 -0.831568 -0
    outer loop
      vertex 170.044 -5.03323 2
      vertex 169.5 -4.66988 0
      vertex 170.044 -5.03323 0
    endloop
  endfacet
  facet normal 0.195087 0.980786 -0
    outer loop
      vertex 84.3474 -95.9572 0
      vertex 83.7059 -95.8296 2
      vertex 84.3474 -95.9572 2
    endloop
  endfacet
  facet normal 0.195087 0.980786 0
    outer loop
      vertex 83.7059 -95.8296 2
      vertex 84.3474 -95.9572 0
      vertex 83.7059 -95.8296 0
    endloop
  endfacet
  facet normal 0.94701 0.321204 0
    outer loop
      vertex 80.1704 -92.2941 2
      vertex 80.2594 -92.5565 0.100273
      vertex 80.1704 -92.2941 0.136729
    endloop
  endfacet
  facet normal 0.946941 0.321407 -3.12132e-05
    outer loop
      vertex 80.3806 -92.9134 2
      vertex 80.2594 -92.5565 0.100273
      vertex 80.1704 -92.2941 2
    endloop
  endfacet
  facet normal 0.946613 0.322373 0.000171367
    outer loop
      vertex 80.2594 -92.5565 0.100273
      vertex 80.3806 -92.9134 2
      vertex 80.2641 -92.5703 0.0983535
    endloop
  endfacet
  facet normal 0.94581 0.324719 0.000643752
    outer loop
      vertex 80.2641 -92.5703 0.0983535
      vertex 80.3806 -92.9134 2
      vertex 80.2686 -92.5834 0.0947381
    endloop
  endfacet
  facet normal 0.946948 0.321388 0
    outer loop
      vertex 80.2686 -92.5834 0.0947381
      vertex 80.3806 -92.9134 2
      vertex 80.3806 -92.9134 0.00380636
    endloop
  endfacet
  facet normal -0.980961 0.194204 0
    outer loop
      vertex 171.83 -92.2941 0
      vertex 171.957 -91.6526 2
      vertex 171.957 -91.6526 0
    endloop
  endfacet
  facet normal -0.980961 0.194204 0
    outer loop
      vertex 171.957 -91.6526 2
      vertex 171.83 -92.2941 0
      vertex 171.83 -92.2941 2
    endloop
  endfacet
  facet normal 0.751791 -0.659401 0
    outer loop
      vertex 81.0332 -5.95619 2
      vertex 81.4645 -5.46446 0
      vertex 81.4645 -5.46446 2
    endloop
  endfacet
  facet normal 0.751791 -0.659401 0
    outer loop
      vertex 81.4645 -5.46446 0
      vertex 81.0332 -5.95619 2
      vertex 81.0332 -5.95619 0
    endloop
  endfacet
  facet normal 0.980672 -0.19566 0
    outer loop
      vertex 80.1704 -7.7059 2
      vertex 80.1432 -7.84223 0.136729
      vertex 80.1704 -7.7059 0.136729
    endloop
  endfacet
  facet normal 0.980784 -0.195096 -4.28967e-05
    outer loop
      vertex 80.0428 -8.34737 2
      vertex 80.1432 -7.84223 0.136729
      vertex 80.1704 -7.7059 2
    endloop
  endfacet
  facet normal 0.9808 -0.195017 -2.07077e-05
    outer loop
      vertex 80.1432 -7.84223 0.136729
      vertex 80.0428 -8.34737 2
      vertex 80.0611 -8.25513 0.0813367
    endloop
  endfacet
  facet normal 0.981675 -0.190563 0.000201759
    outer loop
      vertex 80.0611 -8.25513 0.0813367
      vertex 80.0428 -8.34737 2
      vertex 80.0588 -8.26698 0.0797467
    endloop
  endfacet
  facet normal 0.980763 -0.195201 0
    outer loop
      vertex 80.0588 -8.26698 0.0797467
      vertex 80.0428 -8.34737 2
      vertex 80.0428 -8.34737 0.0583629
    endloop
  endfacet
  facet normal 0.555564 -0.831474 0
    outer loop
      vertex 81.9562 -5.03323 0
      vertex 82.5 -4.66988 2
      vertex 81.9562 -5.03323 2
    endloop
  endfacet
  facet normal 0.555564 -0.831474 0
    outer loop
      vertex 82.5 -4.66988 2
      vertex 81.9562 -5.03323 0
      vertex 82.5 -4.66988 0
    endloop
  endfacet
  facet normal -0.0654033 0.997859 0
    outer loop
      vertex 167.653 -95.9572 0
      vertex 167 -96 2
      vertex 167.653 -95.9572 2
    endloop
  endfacet
  facet normal -0.0654033 0.997859 0
    outer loop
      vertex 167 -96 2
      vertex 167.653 -95.9572 0
      vertex 167 -96 0
    endloop
  endfacet
  facet normal -0.195233 0.980757 0
    outer loop
      vertex 168.294 -95.8296 0
      vertex 167.653 -95.9572 2
      vertex 168.294 -95.8296 2
    endloop
  endfacet
  facet normal -0.195233 0.980757 0
    outer loop
      vertex 167.653 -95.9572 2
      vertex 168.294 -95.8296 0
      vertex 167.653 -95.9572 0
    endloop
  endfacet
  facet normal 0.946956 -0.321362 0
    outer loop
      vertex 80.3806 -7.08658 2
      vertex 80.2686 -7.41661 0.0947379
      vertex 80.3806 -7.08658 0.00380634
    endloop
  endfacet
  facet normal 0.945956 -0.324295 0.000566883
    outer loop
      vertex 80.3806 -7.08658 2
      vertex 80.2641 -7.42973 0.0983532
      vertex 80.2686 -7.41661 0.0947379
    endloop
  endfacet
  facet normal 0.946682 -0.322168 0.000138553
    outer loop
      vertex 80.3806 -7.08658 2
      vertex 80.2594 -7.44354 0.100273
      vertex 80.2641 -7.42973 0.0983532
    endloop
  endfacet
  facet normal 0.946944 -0.321397 -2.30124e-05
    outer loop
      vertex 80.1704 -7.7059 2
      vertex 80.2594 -7.44354 0.100273
      vertex 80.3806 -7.08658 2
    endloop
  endfacet
  facet normal 0.946995 -0.321248 0
    outer loop
      vertex 80.2594 -7.44354 0.100273
      vertex 80.1704 -7.7059 2
      vertex 80.1704 -7.7059 0.136729
    endloop
  endfacet
  facet normal -0.752018 -0.659142 0
    outer loop
      vertex 170.967 -5.95619 0
      vertex 170.536 -5.46446 2
      vertex 170.536 -5.46446 0
    endloop
  endfacet
  facet normal -0.752018 -0.659142 0
    outer loop
      vertex 170.536 -5.46446 2
      vertex 170.967 -5.95619 0
      vertex 170.967 -5.95619 2
    endloop
  endfacet
  facet normal 0.89686 0.442314 0
    outer loop
      vertex 80.6699 -93.5 2
      vertex 80.3806 -92.9134 0.00380636
      vertex 80.3806 -92.9134 2
    endloop
  endfacet
  facet normal 0.89686 0.442314 -0
    outer loop
      vertex 80.6699 -93.5 0
      vertex 80.3806 -92.9134 0.00380636
      vertex 80.6699 -93.5 2
    endloop
  endfacet
  facet normal 0.896864 0.4423 0.0025573
    outer loop
      vertex 80.3806 -92.9134 0.00380636
      vertex 80.6699 -93.5 0
      vertex 80.385 -92.9223 0
    endloop
  endfacet
  facet normal -0.659197 0.75197 0
    outer loop
      vertex 170.536 -94.5355 0
      vertex 170.044 -94.9668 2
      vertex 170.536 -94.5355 2
    endloop
  endfacet
  facet normal -0.659197 0.75197 0
    outer loop
      vertex 170.044 -94.9668 2
      vertex 170.536 -94.5355 0
      vertex 170.044 -94.9668 0
    endloop
  endfacet
  facet normal -0.659136 -0.752023 0
    outer loop
      vertex 170.044 -5.03323 0
      vertex 170.536 -5.46446 2
      vertex 170.044 -5.03323 2
    endloop
  endfacet
  facet normal -0.659136 -0.752023 -0
    outer loop
      vertex 170.536 -5.46446 2
      vertex 170.044 -5.03323 0
      vertex 170.536 -5.46446 0
    endloop
  endfacet
  facet normal -0.442072 0.89698 0
    outer loop
      vertex 169.5 -95.3301 0
      vertex 168.913 -95.6194 2
      vertex 169.5 -95.3301 2
    endloop
  endfacet
  facet normal -0.442072 0.89698 0
    outer loop
      vertex 168.913 -95.6194 2
      vertex 169.5 -95.3301 0
      vertex 168.913 -95.6194 0
    endloop
  endfacet
  facet normal 0.896854 -0.442327 0
    outer loop
      vertex 80.3806 -7.08658 0.00380634
      vertex 80.6699 -6.5 0
      vertex 80.6699 -6.5 2
    endloop
  endfacet
  facet normal 0.896854 -0.442327 0
    outer loop
      vertex 80.3806 -7.08658 0.00380634
      vertex 80.6699 -6.5 2
      vertex 80.3806 -7.08658 2
    endloop
  endfacet
  facet normal 0.896844 -0.442267 0.00842057
    outer loop
      vertex 80.6699 -6.5 0
      vertex 80.3806 -7.08658 0.00380634
      vertex 80.385 -7.07773 0
    endloop
  endfacet
  facet normal -0.997836 0.0657477 0
    outer loop
      vertex 171.957 -91.6526 0
      vertex 172 -91 2
      vertex 172 -91 0
    endloop
  endfacet
  facet normal -0.997836 0.0657477 0
    outer loop
      vertex 172 -91 2
      vertex 171.957 -91.6526 0
      vertex 171.957 -91.6526 2
    endloop
  endfacet
  facet normal 0.997856 0.0654432 0
    outer loop
      vertex 80.0428 -91.6526 0.0583633
      vertex 80 -91 0
      vertex 80 -91 2
    endloop
  endfacet
  facet normal 0.997856 0.0654432 -0
    outer loop
      vertex 80.0428 -91.6526 0.0583633
      vertex 80 -91 2
      vertex 80.0428 -91.6526 2
    endloop
  endfacet
  facet normal 0.997857 0.0654365 -7.56549e-05
    outer loop
      vertex 80 -91 0
      vertex 80.0428 -91.6526 0.0583633
      vertex 80.0329 -91.5017 0
    endloop
  endfacet
  facet normal 0.831514 -0.555504 0
    outer loop
      vertex 80.6699 -6.5 2
      vertex 81.0332 -5.95619 0
      vertex 81.0332 -5.95619 2
    endloop
  endfacet
  facet normal 0.831514 -0.555504 0
    outer loop
      vertex 81.0332 -5.95619 0
      vertex 80.6699 -6.5 2
      vertex 80.6699 -6.5 0
    endloop
  endfacet
  facet normal 0.997856 -0.0654402 0
    outer loop
      vertex 80 -9 2
      vertex 80.0428 -8.34737 0.0583629
      vertex 80.0428 -8.34737 2
    endloop
  endfacet
  facet normal 0.997856 -0.0654402 0
    outer loop
      vertex 80 -9 0
      vertex 80.0428 -8.34737 0.0583629
      vertex 80 -9 2
    endloop
  endfacet
  facet normal 0.997856 -0.0654404 1.73813e-06
    outer loop
      vertex 80.0428 -8.34737 0.0583629
      vertex 80 -9 0
      vertex 80.0329 -8.49833 0
    endloop
  endfacet
  facet normal -0.980959 -0.194213 0
    outer loop
      vertex 171.957 -8.34737 0
      vertex 171.83 -7.7059 2
      vertex 171.83 -7.7059 0
    endloop
  endfacet
  facet normal -0.980959 -0.194213 0
    outer loop
      vertex 171.83 -7.7059 2
      vertex 171.957 -8.34737 0
      vertex 171.957 -8.34737 2
    endloop
  endfacet
  facet normal -0.997836 -0.0657447 0
    outer loop
      vertex 172 -9 0
      vertex 171.957 -8.34737 2
      vertex 171.957 -8.34737 0
    endloop
  endfacet
  facet normal -0.997836 -0.0657447 0
    outer loop
      vertex 171.957 -8.34737 2
      vertex 172 -9 0
      vertex 172 -9 2
    endloop
  endfacet
  facet normal -0.831725 -0.555187 0
    outer loop
      vertex 171.33 -6.5 0
      vertex 170.967 -5.95619 2
      vertex 170.967 -5.95619 0
    endloop
  endfacet
  facet normal -0.831725 -0.555187 0
    outer loop
      vertex 170.967 -5.95619 2
      vertex 171.33 -6.5 0
      vertex 171.33 -6.5 2
    endloop
  endfacet
  facet normal -0.897036 -0.441957 0
    outer loop
      vertex 171.619 -7.08658 0
      vertex 171.33 -6.5 2
      vertex 171.33 -6.5 0
    endloop
  endfacet
  facet normal -0.897036 -0.441957 0
    outer loop
      vertex 171.33 -6.5 2
      vertex 171.619 -7.08658 0
      vertex 171.619 -7.08658 2
    endloop
  endfacet
  facet normal -0.442047 -0.896992 0
    outer loop
      vertex 168.913 -4.3806 0
      vertex 169.5 -4.66988 2
      vertex 168.913 -4.3806 2
    endloop
  endfacet
  facet normal -0.442047 -0.896992 -0
    outer loop
      vertex 169.5 -4.66988 2
      vertex 168.913 -4.3806 0
      vertex 169.5 -4.66988 0
    endloop
  endfacet
  facet normal 1 -0 0
    outer loop
      vertex 77 -58 2
      vertex 77 -42 0
      vertex 77 -42 2
    endloop
  endfacet
  facet normal 1 0 0
    outer loop
      vertex 77 -42 0
      vertex 77 -58 2
      vertex 77 -58 0
    endloop
  endfacet
  facet normal 0 1 -0
    outer loop
      vertex 80 -58 0
      vertex 77 -58 2
      vertex 80 -58 2
    endloop
  endfacet
  facet normal 0 1 0
    outer loop
      vertex 77 -58 2
      vertex 80 -58 0
      vertex 77 -58 0
    endloop
  endfacet
  facet normal 0 -1 0
    outer loop
      vertex 77 -42 0
      vertex 80 -42 2
      vertex 77 -42 2
    endloop
  endfacet
  facet normal 0 -1 -0
    outer loop
      vertex 80 -42 2
      vertex 77 -42 0
      vertex 80 -42 0
    endloop
  endfacet
endsolid OpenSCAD_Model
